date,list_category,selector_version,group,ticker,Ticker,Company,Industry,Country,Market Cap,P/E,Volume,Price,Change,Earnings,Index,Forward P/E,PEG,P/S,P/FCF,EV/EBITDA,EV/Sales,ROE,ROA,ROIC,LTDebt/Eq,Debt/Eq,Dividend Gr. 5Y,EPS,EPS next Q,EPS This Y,EPS Next Y,EPS Past 3Y,EPS Past 5Y,EPS Next 5Y,Sales Past 3Y,Sales Past 5Y,Sales Q/Q,EPS Q/Q,EPS YoY TTM,Sales YoY TTM,Gross M,Oper M,Profit M,Insider Trans,Inst Trans,Perf Week,Perf Month,Perf Quart,Perf Half,Perf YTD,Perf Year,Perf 3Y,ATR,Volatility M,Beta,SMA20,SMA50,SMA200,RSI,Avg Volume,Rel Volume,Prev Close,Open,High,Low,Recom,Target Price,News Time,News Title,News URL,Daily Digest,Sector,P/C,Enterprise Value,Curr R,Quick R,Sales,Income,Inst Own,Perf 5Y,Volatility W,52W High,52W Low,Change from Open,Gap,Dividend Gr. 3Y,EPS Surprise,Revenue Surprise,grp_rank_basis,grp_category_rank,grp_sum_mid_rank,grp_rank_month,grp_rank_quarter,grp_rank_half,grp_momentum_confirmed,grp_momentum_score,grp_momentum_score_pctile,grp_momentum_accel,grp_momentum_weighted_mid,grp_rank_agreement,grp_regime_short_long,grp_rs_score,grp_rs_agreement,grp_rs_confirmed,grp_rs_accel,grp_rs_new_high,grp_rs_slope
2026-06-25,leaders,v1,Computer Hardware,SNDK,SNDK,Sandisk Corp,Computer Hardware,USA,336.47B,78.98,"9,034,579",2272.09,18.68%,Apr 30/a,"NDX, S&P 500",12.01,-,25.52,75.44,59.14,25.25,39.30%,30.01%,32.29%,0.01,0.02,-,28.77,33.64,2091.97%,188.59%,12.79%,-,-,9.93%,-,251.03%,272.72%,395.16%,82.76%,56.04%,41.58%,34.19%,-0.44%,-4.87%,15.99%,42.94%,235.19%,842.58%,857.15%,4708.66%,-,180.16,8.13%,4.86,21.42%,51.84%,247.36%,65.17,14.29M,1.01,1914.46,2238.49,2292.00,2092.08,1.64,1912.04,32 min,Sandisk Stock Spikes 15% After Citi Unleashes Massive Price Target Hike,https://finance.yahoo.com/markets/stocks/articles/sandisk-stock-spikes-15-citi-170934290.html,"Citi raises SanDisk price target to $2,500 from $2,025 on tighter NAND supply and AI demand",Technology,90.09,332.95B,4.78,3.62,13.18B,4.51B,79.18%,-,6.78%,-3.50%,5566.06%,1.50%,16.93%,-,60.09%,26.06%,sustained_strength,1,5.0,3.0,1.0,1.0,0.866497139224412,0.8787878787878788,0.9652777777777778,0.0675990675990676,0.9073426573426572,0.986013986013986,-0.3636363636363636,0.8333333333333334,1.0,0.8333333333333334,,0.0,-6.972999999999999
2026-06-25,leaders,v1,Computer Hardware,DELL,DELL,Dell Technologies Inc,Computer Hardware,USA,263.66B,32.32,"7,365,765",406.71,-6.30%,May 28/a,S&P 500,18.38,0.52,1.96,27.92,19.51,2.12,-,8.33%,37.04%,-,-,-,12.58,4.88,78.88%,20.11%,38.83%,15.51%,35.64%,3.84%,5.56%,87.49%,281.26%,99.71%,38.87%,19.09%,8.57%,6.27%,-2.69%,-2.25%,-3.01%,33.31%,121.03%,221.23%,223.09%,237.63%,699.51%,29.70,7.25%,1.29,-0.14%,34.94%,126.51%,59.45,8.77M,1.34,434.06,413.01,417.32,391.05,1.73,501.24,2 hours,What Arista Networks Stock's Balance Sheet Revealed Before the AI Boom,https://finance.yahoo.com/m/2752eb72-0daa-37a0-be71-338a9e57ae8a/what-arista-networks-stock%27s.html,GF Securities downgrade to Hold sparks 9% DELL selloff on valuation concerns,Technology,22.43,283.82B,0.95,0.74,134.19B,8.41B,40.38%,706.88%,7.94%,-13.37%,269.00%,-1.53%,-4.85%,16.74%,64.09%,22.66%,sustained_strength,1,5.0,3.0,1.0,1.0,0.866497139224412,0.8787878787878788,0.9652777777777778,0.0675990675990676,0.9073426573426572,0.986013986013986,-0.3636363636363636,0.8333333333333334,1.0,0.8333333333333334,,0.0,-6.972999999999999
2026-06-25,leaders,v1,Computer Hardware,WDC,WDC,Western Digital Corp,Computer Hardware,USA,233.53B,40.44,"7,487,509",677.52,5.23%,Apr 30/a,"NDX, S&P 500",38.07,0.50,19.83,80.39,57.50,19.70,85.87%,40.61%,65.46%,0.01,0.18,-41.82%,16.75,3.29,102.58%,78.19%,0.54%,-,76.79%,-20.28%,-10.67%,45.47%,483.37%,242.76%,-18.43%,45.40%,31.17%,54.28%,-4.00%,-0.95%,-4.86%,29.14%,128.78%,283.30%,293.29%,983.16%,2268.29%,52.56,6.87%,2.07,12.94%,33.76%,143.78%,62.37,8.08M,1.48,643.83,725.70,729.00,658.50,1.79,560.45,2 hours,Micron Sparks Fresh AI Stock Rally,https://finance.yahoo.com/markets/stocks/articles/micron-sparks-fresh-ai-stock-144211104.html,Reuters says Micron’s record-beating fiscal Q3 results and upbeat AI infrastructure forecasts from Micron and Qualcomm boost Western Digital,Technology,72.14,232.02B,1.49,1.20,11.78B,6.39B,98.82%,1167.33%,7.11%,-15.30%,990.49%,-6.64%,12.72%,-,13.57%,2.79%,sustained_strength,1,5.0,3.0,1.0,1.0,0.866497139224412,0.8787878787878788,0.9652777777777778,0.0675990675990676,0.9073426573426572,0.986013986013986,-0.3636363636363636,0.8333333333333334,1.0,0.8333333333333334,,0.0,-6.972999999999999
2026-06-25,leaders,v1,Computer Hardware,STX,STX,Seagate Technology Holdings Plc,Computer Hardware,USA,230.00B,97.37,"3,019,365",1025.76,3.27%,Apr 28/a,"NDX, S&P 500",37.39,0.51,20.89,95.36,66.37,21.17,1787.97%,28.90%,48.78%,3.45,3.82,2.08%,10.54,5.08,83.96%,84.09%,-2.76%,12.31%,73.69%,-7.94%,-2.84%,44.07%,107.51%,55.56%,28.92%,41.54%,29.46%,21.60%,-27.55%,-2.75%,-3.78%,21.28%,148.23%,262.65%,272.47%,640.40%,1600.52%,70.34,6.47%,2.03,7.98%,27.77%,133.71%,62.50,4.11M,1.18,993.25,1106.66,1111.00,1001.33,1.67,908.48,3 hours,"S&P 500, Nasdaq drop as tech megacap declines outweigh upbeat Micron forecast",https://finance.yahoo.com/markets/stocks/articles/nasdaq-futures-jump-2-micron-073003123.html,"Strong AI-related forecasts from Micron and Qualcomm revive demand expectations for memory and storage chips, impacting Seagate",Technology,200.53,233.04B,1.33,0.85,11.01B,2.38B,86.09%,1085.84%,6.80%,-10.41%,652.68%,-7.31%,11.42%,1.07%,16.65%,5.10%,sustained_strength,1,5.0,3.0,1.0,1.0,0.866497139224412,0.8787878787878788,0.9652777777777778,0.0675990675990676,0.9073426573426572,0.986013986013986,-0.3636363636363636,0.8333333333333334,1.0,0.8333333333333334,,0.0,-6.972999999999999
2026-06-25,leaders,v1,Computer Hardware,ANET,ANET,Arista Networks Inc,Computer Hardware,USA,211.38B,57.48,"3,790,499",167.87,3.79%,May 05/a,S&P 500,37.70,1.73,21.77,40.05,46.97,20.50,31.52%,20.57%,27.59%,0.00,0.00,-,2.92,0.88,21.81%,22.68%,37.09%,40.70%,21.85%,27.15%,31.19%,35.13%,26.22%,22.96%,30.57%,63.54%,42.79%,38.32%,-1.31%,1.40%,1.78%,6.24%,24.34%,28.41%,28.11%,74.30%,351.20%,8.33,4.48%,1.60,2.56%,5.00%,17.64%,55.33,9.24M,0.66,161.74,167.00,169.34,159.46,1.12,190.30,2 hours,What Arista Networks Stock's Balance Sheet Revealed Before the AI Boom,https://finance.yahoo.com/m/2752eb72-0daa-37a0-be71-338a9e57ae8a/what-arista-networks-stock%27s.html,Global AI/tech selloff drags Arista Networks (ANET) down 6.81% on June 23,Technology,17.11,199.03B,2.83,2.47,9.71B,3.72B,72.99%,641.50%,3.85%,-6.64%,77.64%,0.52%,3.25%,-,7.66%,3.43%,sustained_strength,1,5.0,3.0,1.0,1.0,0.866497139224412,0.8787878787878788,0.9652777777777778,0.0675990675990676,0.9073426573426572,0.986013986013986,-0.3636363636363636,0.8333333333333334,1.0,0.8333333333333334,,0.0,-6.972999999999999
2026-06-25,leaders,v1,Computer Hardware,P,P,Everpure Inc,Computer Hardware,USA,23.87B,109.18,"1,027,451",71.82,-1.35%,May 27/a,-,24.19,1.19,6.06,46.46,70.19,5.74,16.85%,5.29%,13.90%,0.13,0.16,-,0.66,0.57,16.97%,23.13%,34.55%,-,20.40%,9.98%,16.81%,35.25%,263.40%,75.68%,21.03%,70.23%,4.21%,5.75%,-6.31%,-2.23%,-1.18%,-18.71%,9.69%,6.68%,7.17%,30.74%,100.32%,4.32,5.85%,1.46,-3.78%,-4.65%,-5.22%,45.80,3.29M,0.50,72.80,74.10,74.57,71.69,1.91,93.74,Jun-17,Everpure Unveils Data-Primacy Architecture for the AI Era,https://finviz.com/news/362380/everpure-unveils-data-primacy-architecture-for-the-ai-era,Everpure unveils data-primacy architecture for AI era with launch of Everpure Data Intelligence,Technology,15.84,22.60B,1.54,1.50,3.94B,226.25M,83.19%,259.08%,4.21%,-28.61%,34.42%,-3.08%,1.79%,-,18.18%,5.29%,sustained_strength,1,5.0,3.0,1.0,1.0,0.866497139224412,0.8787878787878788,0.9652777777777778,0.0675990675990676,0.9073426573426572,0.986013986013986,-0.3636363636363636,0.8333333333333334,1.0,0.8333333333333334,,0.0,-6.972999999999999
2026-06-25,leaders,v1,Computer Hardware,HPQ,HPQ,HP Inc,Computer Hardware,USA,21.21B,8.56,"8,688,726",23.19,-0.41%,May 27/a,S&P 500,7.67,3.95,0.37,5.61,5.48,0.49,-,6.25%,26.88%,-,-,10.63%,2.71,0.66,-3.07%,0.04%,-3.82%,5.79%,1.94%,-3.74%,-0.43%,11.05%,14.55%,4.12%,7.20%,20.27%,7.24%,4.42%,-2.21%,3.48%,0.06%,-5.06%,19.19%,0.11%,4.11%,-5.44%,-21.66%,1.15,5.13%,1.21,-7.37%,2.21%,1.57%,45.49,19.79M,0.70,23.29,23.08,23.41,22.57,3.37,23.43,Jun-24,Micron's commentary is a mixed bag for hardware companies like Apple,https://www.marketwatch.com/livecoverage/micron-earnings-stock-results-memory-guidance/card/micron-s-commentary-is-a-mixed-bag-for-hardware-companies-like-apple-FV1uPUmTvpEGAwQqVLiR?mod=mw_FV,"HP Inc. declares a $0.30 per share cash dividend payable October 7, 2026 to shareholders of record on September 9, 2026.",Technology,5.73,28.37B,0.79,0.49,57.77B,2.55B,95.00%,-21.93%,4.06%,-21.77%,32.09%,0.50%,-0.90%,5.07%,21.01%,2.99%,sustained_strength,1,5.0,3.0,1.0,1.0,0.866497139224412,0.8787878787878788,0.9652777777777778,0.0675990675990676,0.9073426573426572,0.986013986013986,-0.3636363636363636,0.8333333333333334,1.0,0.8333333333333334,,0.0,-6.972999999999999
2026-06-25,leaders,v1,Computer Hardware,SMCI,SMCI,Super Micro Computer Inc,Computer Hardware,USA,20.61B,16.81,"29,386,309",31.86,-1.81%,May 05/a,S&P 500,10.06,0.48,0.61,-,17.84,0.84,17.88%,7.30%,8.54%,0.93,1.21,-,1.90,0.71,26.05%,22.00%,46.40%,59.92%,21.01%,61.71%,45.76%,122.68%,314.07%,1.94%,56.58%,8.39%,4.48%,3.70%,0.00%,6.94%,14.70%,-14.11%,32.49%,2.55%,8.86%,-31.64%,47.48%,3.41,9.44%,1.96,-14.84%,-4.70%,-10.01%,45.77,49.11M,0.96,32.45,33.34,33.68,31.42,2.90,35.87,Jun-24,Super Micro's AI Growth Story Gets a Major Boost From New Deal,https://finance.yahoo.com/technology/ai/articles/super-micros-ai-growth-story-174550856.html,Super Micro Computer announces an AI infrastructure partnership with Odine to deploy and operate its GPU systems and AI platforms for data centers in Turkiye.,Technology,15.79,28.46B,2.66,1.29,33.70B,1.25B,57.52%,784.86%,8.83%,-48.90%,63.57%,-4.43%,2.74%,-,36.08%,-17.31%,sustained_strength,1,5.0,3.0,1.0,1.0,0.866497139224412,0.8787878787878788,0.9652777777777778,0.0675990675990676,0.9073426573426572,0.986013986013986,-0.3636363636363636,0.8333333333333334,1.0,0.8333333333333334,,0.0,-6.972999999999999
2026-06-25,leaders,v1,Computer Hardware,IONQ,IONQ,IonQ Inc,Computer Hardware,USA,19.03B,-,"13,760,468",50.99,-4.86%,May 06/a,RUT,-,-,101.73,-,-,91.09,10.75%,8.18%,6.17%,0.00,0.01,-,-0.17,-0.54,79.52%,-397.41%,-95.06%,-69.38%,-4.61%,126.89%,-,754.72%,1570.07%,105.74%,334.58%,-28.80%,-420.29%,164.87%,-0.30%,2.15%,-6.76%,-19.84%,59.56%,-5.32%,13.65%,33.81%,444.24%,5.41,9.36%,3.25,-16.04%,-6.25%,2.90%,41.74,31.17M,0.71,53.60,54.52,55.08,50.36,1.54,71.32,Jun-23,Trump Wants to Aggressively Fast Track Quantum Computing Projects,https://finance.yahoo.com/m/e1d27ca5-e5ff-3d5b-b8d0-9d7d566fe37f/trump-wants-to-aggressively.html,Profit-taking hits IONQ after Trump quantum executive orders rally,Technology,9.36,17.05B,14.05,13.53,187.12M,308.51M,55.55%,390.81%,8.80%,-39.75%,96.97%,-6.47%,1.72%,-,548.44%,29.98%,sustained_strength,1,5.0,3.0,1.0,1.0,0.866497139224412,0.8787878787878788,0.9652777777777778,0.0675990675990676,0.9073426573426572,0.986013986013986,-0.3636363636363636,0.8333333333333334,1.0,0.8333333333333334,,0.0,-6.972999999999999
2026-06-25,leaders,v1,Computer Hardware,LOGI,LOGI,Logitech International SA,Computer Hardware,Switzerland,14.59B,21.20,"578,384",101.68,-0.68%,May 05/a,-,16.55,3.63,3.01,14.60,14.77,2.67,32.78%,19.25%,31.16%,0.03,0.04,12.21%,4.80,1.23,-2.25%,8.72%,29.16%,-3.11%,4.56%,2.17%,-1.62%,7.44%,2.09%,16.03%,6.28%,42.02%,16.49%,14.69%,0.00%,-0.27%,-4.03%,-8.70%,8.27%,-1.66%,1.45%,14.99%,82.21%,3.47,2.74%,1.17,-9.34%,-4.25%,-1.84%,37.92,1.05M,0.88,102.37,103.04,103.06,99.75,2.32,120.19,Jun-10,"Logitech Launches Mobi Fold, Its First Ultra-Portable Foldable Mouse for Life On the Go",https://www.businesswire.com/news/home/20260610307948/en/Logitech,"Logitech launches Mobi Fold foldable mouse and Spotlight 2 presenter, expanding core peripherals lineup for mobile professionals and presenters",Technology,8.38,12.94B,2.22,1.85,4.84B,711.19M,72.03%,-15.80%,2.32%,-21.58%,22.03%,-1.32%,0.65%,15.04%,2.88%,0.34%,sustained_strength,1,5.0,3.0,1.0,1.0,0.866497139224412,0.8787878787878788,0.9652777777777778,0.0675990675990676,0.9073426573426572,0.986013986013986,-0.3636363636363636,0.8333333333333334,1.0,0.8333333333333334,,0.0,-6.972999999999999
2026-06-25,leaders,v1,Computer Hardware,QBTS,QBTS,D-Wave Quantum Inc,Computer Hardware,USA,8.24B,-,"13,367,945",22.25,-3.20%,May 12/b,RUT,-,-,662.42,-,-,618.89,-55.27%,-48.25%,-31.47%,0.04,0.04,-,-1.13,-0.09,-13.49%,-26.61%,-35.05%,-8.63%,-13.27%,50.78%,-,-80.95%,-164.55%,-87.41%,-41.75%,32.92%,-1155.61%,-2957.23%,-10.19%,1.07%,-2.95%,-20.04%,37.40%,-30.89%,-14.93%,56.88%,1264.72%,2.48,10.11%,2.14,-12.78%,-4.05%,-7.42%,44.79,34.69M,0.62,22.98,23.46,23.81,21.92,1.14,38.31,Jun-23,Quantum computing stocks surge after Trump signed executive orders backing the sector,https://finance.yahoo.com/technology/ai/articles/quantum-computing-stocks-surge-trump-201501815.html,D-Wave Quantum to launch gate-model quantum computing simulator with error-aware programming on Leap cloud in September 2026,Technology,14.01,7.70B,21.41,21.31,12.44M,-368.00M,47.53%,124.92%,9.32%,-52.42%,74.47%,-5.18%,2.09%,-,63.19%,-31.86%,sustained_strength,1,5.0,3.0,1.0,1.0,0.866497139224412,0.8787878787878788,0.9652777777777778,0.0675990675990676,0.9073426573426572,0.986013986013986,-0.3636363636363636,0.8333333333333334,1.0,0.8333333333333334,,0.0,-6.972999999999999
2026-06-25,leaders,v1,Computer Hardware,RGTI,RGTI,Rigetti Computing Inc,Computer Hardware,USA,6.26B,-,"17,980,575",18.84,-3.51%,May 11/a,RUT,-,-,625.16,-,-,584.09,-57.09%,-49.08%,-38.38%,0.01,0.01,-,-0.87,-0.05,-18.77%,-4.59%,0.05%,-371.35%,-9.05%,-18.52%,-,198.91%,-148.42%,-4.39%,8.75%,-59.45%,-888.37%,-2253.59%,-13.56%,14.03%,-6.92%,-24.82%,24.47%,-29.89%,-14.92%,69.93%,1964.07%,2.25,10.77%,1.99,-14.83%,-6.80%,-20.99%,43.03,41.30M,0.70,19.53,19.99,20.41,18.58,1.58,31.00,Jun-23,Quantum Computing Stocks Rally After Trump Signs New Industry Support Measures,https://finance.yahoo.com/m/e86a8edf-4783-3d5e-9229-23f7a25b7e8c/quantum-computing-stocks.html,Rigetti Computing shares rise after a U.S.-Iran peace agreement sparks renewed investor appetite for high-growth quantum computing stocks.,Technology,14.98,5.85B,6.98,6.98,10.02M,-225.72M,52.88%,93.48%,9.62%,-67.59%,74.49%,-5.73%,2.36%,-,1.96%,7.67%,sustained_strength,1,5.0,3.0,1.0,1.0,0.866497139224412,0.8787878787878788,0.9652777777777778,0.0675990675990676,0.9073426573426572,0.986013986013986,-0.3636363636363636,0.8333333333333334,1.0,0.8333333333333334,,0.0,-6.972999999999999
2026-06-25,leaders,v1,Computer Hardware,QUBT,QUBT,Quantum Computing Inc,Computer Hardware,USA,2.11B,-,"8,349,736",9.36,-3.46%,May 11/a,RUT,-,-,487.78,-,-,261.30,-4.37%,-4.26%,-2.48%,0.00,0.00,-,-0.27,-0.03,-47.27%,-21.29%,46.29%,33.68%,-15.21%,71.17%,-,9364.10%,-116.31%,42.03%,1025.71%,-153.99%,-1461.49%,-916.15%,-0.32%,-3.63%,-4.15%,-19.82%,27.93%,-23.80%,-8.73%,-44.06%,609.45%,1.02,9.31%,3.79,-11.80%,-8.43%,-20.01%,43.45,20.59M,0.65,9.70,10.08,10.19,9.30,1.67,18.33,Jun-23,"Quantum Computing Inc. Completes Acquisition of NHanced Semiconductors, Inc.",https://finviz.com/news/363326/quantum-computing-inc-completes-acquisition-of-nhanced-semiconductors-inc,Quantum Computing Inc completes $73.1M cash-and-stock acquisition of NHanced Semiconductors to expand nanophotonics manufacturing and add a second fabrication facility,Technology,2.14,1.13B,66.67,66.40,4.33M,-39.71M,42.20%,80.09%,8.62%,-63.76%,51.53%,-7.10%,3.92%,-,57.89%,17.94%,sustained_strength,1,5.0,3.0,1.0,1.0,0.866497139224412,0.8787878787878788,0.9652777777777778,0.0675990675990676,0.9073426573426572,0.986013986013986,-0.3636363636363636,0.8333333333333334,1.0,0.8333333333333334,,0.0,-6.972999999999999
2026-06-25,leaders,v1,Semiconductor Equipment & Materials,ASML,ASML,ASML Holding NV,Semiconductor Equipment & Materials,Netherlands,709.59B,61.39,"1,425,291",1841.08,4.44%,Jul 15/b,NDX,36.69,1.39,18.16,70.75,47.50,18.00,54.12%,22.22%,42.81%,0.13,0.13,21.86%,29.99,8.03,26.07%,34.75%,23.38%,23.58%,26.33%,18.33%,18.27%,25.88%,32.42%,26.42%,18.56%,52.60%,34.79%,29.71%,0.00%,-19.23%,-1.43%,12.81%,32.08%,74.18%,72.09%,125.83%,163.81%,88.11,3.98%,1.78,3.70%,14.54%,42.85%,57.03,1.86M,1.22,1762.77,1855.66,1855.91,1777.04,1.60,1934.55,39 min,European shares hit record close with healthcare stocks leading broader rally,https://finance.yahoo.com/markets/stocks/articles/european-shares-gain-upbeat-micron-072325645.html,ASML shares rise over 4% in late trading as strong AI-focused forecasts from Micron and Qualcomm spark a broad semiconductor rally.,Technology,73.52,703.06B,1.36,0.78,39.07B,11.61B,18.69%,168.30%,3.12%,-6.02%,169.37%,-0.79%,5.27%,13.12%,9.38%,2.43%,sustained_strength,2,7.0,2.0,3.0,2.0,0.8842160170831501,0.8904428904428906,0.9861111111111112,0.0279720279720281,0.9152097902097904,0.993006993006993,-0.3018648018648018,1.0,1.0,1.0,,0.0,-5.103
2026-06-25,leaders,v1,Semiconductor Equipment & Materials,AMAT,AMAT,Applied Materials Inc,Semiconductor Equipment & Materials,USA,518.57B,61.37,"7,725,619",653.15,10.90%,May 14/a,"NDX, S&P 500",39.57,1.36,17.87,97.06,56.05,17.83,39.69%,23.02%,28.49%,0.25,0.30,15.39%,10.64,3.39,29.93%,34.85%,5.19%,17.18%,29.06%,3.37%,10.52%,11.41%,33.44%,29.52%,3.35%,48.96%,30.13%,29.31%,-4.26%,-1.68%,10.16%,43.58%,76.84%,152.17%,154.15%,256.78%,380.01%,36.39,5.49%,1.56,21.58%,40.99%,99.76%,71.22,7.74M,1.60,588.97,638.31,656.00,609.70,1.46,549.34,2 hours,Micron Sparks Fresh AI Stock Rally,https://finance.yahoo.com/markets/stocks/articles/micron-sparks-fresh-ai-stock-144211104.html,"Applied Materials launches new chipmaking systems for next-generation DRAM, advanced packaging, HBM and 3D AI architectures",Technology,62.93,517.60B,2.51,1.80,29.02B,8.51B,83.02%,379.59%,4.16%,1.87%,322.85%,2.32%,8.38%,20.39%,6.73%,2.95%,sustained_strength,2,7.0,2.0,3.0,2.0,0.8842160170831501,0.8904428904428906,0.9861111111111112,0.0279720279720281,0.9152097902097904,0.993006993006993,-0.3018648018648018,1.0,1.0,1.0,,0.0,-5.103
2026-06-25,leaders,v1,Semiconductor Equipment & Materials,LRCX,LRCX,Lam Research Corp,Semiconductor Equipment & Materials,USA,492.39B,74.32,"7,892,012",393.73,5.05%,Apr 22/a,"NDX, S&P 500",48.76,1.45,22.71,82.00,62.61,22.66,66.76%,32.92%,46.86%,0.35,0.35,14.87%,5.30,1.68,37.36%,42.00%,8.24%,22.42%,33.61%,2.38%,12.92%,23.76%,40.55%,47.73%,26.53%,49.98%,34.26%,30.94%,-5.15%,-1.41%,5.22%,22.02%,68.66%,124.65%,130.01%,310.05%,546.77%,24.11,5.56%,1.80,11.78%,27.87%,82.47%,63.30,10.18M,1.24,374.80,404.05,407.99,372.30,1.53,353.32,2 hours,Micron Sparks Fresh AI Stock Rally,https://finance.yahoo.com/markets/stocks/articles/micron-sparks-fresh-ai-stock-144211104.html,Micron’s strong results and AI-driven memory outlook lift expectations for Lam Research wafer fab equipment demand,Technology,103.64,491.37B,2.54,1.77,21.68B,6.71B,85.66%,524.53%,4.45%,-3.91%,332.98%,-2.55%,7.80%,15.31%,7.78%,1.58%,sustained_strength,2,7.0,2.0,3.0,2.0,0.8842160170831501,0.8904428904428906,0.9861111111111112,0.0279720279720281,0.9152097902097904,0.993006993006993,-0.3018648018648018,1.0,1.0,1.0,,0.0,-5.103
2026-06-25,leaders,v1,Semiconductor Equipment & Materials,KLAC,KLAC,KLA Corp,Semiconductor Equipment & Materials,USA,337.62B,73.07,"4,892,904",258.46,7.48%,Apr 29/a,"NDX, S&P 500",50.49,2.25,25.79,84.14,57.82,25.88,94.98%,29.13%,39.17%,1.05,1.05,15.56%,3.54,1.00,11.39%,38.08%,11.48%,31.57%,22.42%,9.71%,15.93%,11.52%,11.65%,28.40%,13.43%,59.91%,41.77%,35.68%,-0.23%,-,8.26%,28.50%,67.41%,104.21%,112.71%,189.28%,465.61%,15.51,6.13%,1.42,13.84%,29.28%,74.98%,63.25,10.82M,0.72,240.48,255.39,259.89,243.51,2.00,213.15,2 hours,Micron Sparks Fresh AI Stock Rally,https://finance.yahoo.com/markets/stocks/articles/micron-sparks-fresh-ai-stock-144211104.html,Micron's record Q3 earnings beat drives KLAC premarket surge on AI demand,Technology,68.10,338.80B,2.98,2.06,13.09B,4.67B,91.75%,717.23%,4.55%,-4.24%,210.56%,1.20%,6.20%,17.42%,2.51%,1.22%,sustained_strength,2,7.0,2.0,3.0,2.0,0.8842160170831501,0.8904428904428906,0.9861111111111112,0.0279720279720281,0.9152097902097904,0.993006993006993,-0.3018648018648018,1.0,1.0,1.0,,0.0,-5.103
2026-06-25,leaders,v1,Semiconductor Equipment & Materials,TER,TER,Teradyne Inc,Semiconductor Equipment & Materials,USA,72.69B,85.94,"2,269,624",464.33,8.69%,Apr 28/a,"NDX, S&P 500",46.22,0.91,19.20,131.40,62.57,19.16,28.75%,20.99%,26.62%,0.02,0.03,3.71%,5.40,2.06,88.32%,34.72%,-6.29%,-4.13%,50.81%,0.36%,0.43%,86.84%,314.51%,51.65%,30.33%,58.52%,27.21%,22.56%,-1.76%,-3.31%,13.65%,19.32%,43.60%,135.44%,139.89%,414.78%,341.55%,29.57,6.83%,1.74,15.70%,22.76%,78.69%,62.79,3.94M,0.92,427.20,455.00,466.83,427.09,1.95,403.53,Jun-23,Nebius and CoreWeave fall after Nasdaq 100 listing,https://finance.yahoo.com/m/3a07443e-3a45-3548-bd15-8d3d77f57bab/nebius-and-coreweave-fall.html,Micron's strong AI-driven earnings beat and guidance lift Teradyne 8%,Technology,295.96,72.52B,2.15,1.41,3.79B,854.06M,95.94%,258.42%,5.22%,1.12%,424.07%,2.05%,6.51%,2.94%,21.47%,6.87%,sustained_strength,2,7.0,2.0,3.0,2.0,0.8842160170831501,0.8904428904428906,0.9861111111111112,0.0279720279720281,0.9152097902097904,0.993006993006993,-0.3018648018648018,1.0,1.0,1.0,,0.0,-5.103
2026-06-25,leaders,v1,Semiconductor Equipment & Materials,Q,Q,Qnity Electronics Inc,Semiconductor Equipment & Materials,USA,35.29B,54.37,"716,793",168.57,6.20%,May 12/b,S&P 500,35.54,2.33,7.13,39.30,27.23,7.93,7.23%,4.93%,5.58%,0.62,0.63,-,3.10,1.06,22.13%,15.95%,-3.67%,-,15.28%,-0.01%,-,17.62%,-22.08%,-13.71%,10.76%,41.97%,21.43%,13.13%,0.02%,1.29%,7.56%,2.43%,40.17%,105.85%,106.45%,-,-,9.30,4.98%,-,8.54%,12.04%,47.00%,58.19,1.84M,0.63,158.73,167.00,170.00,159.40,1.33,177.50,Jun-24,Qnity Announces Third Quarter 2026 Dividend on Common Stock,https://www.businesswire.com/news/home/20260624668699/en,"Qnity Electronics declares a third-quarter 2026 dividend of $0.08 per share, payable September 15, 2026 to shareholders of record on August 31, 2026.",Technology,41.18,39.24B,2.12,1.57,4.95B,650.00M,77.00%,-,5.08%,-4.91%,139.11%,0.94%,5.21%,-,17.10%,3.48%,sustained_strength,2,7.0,2.0,3.0,2.0,0.8842160170831501,0.8904428904428906,0.9861111111111112,0.0279720279720281,0.9152097902097904,0.993006993006993,-0.3018648018648018,1.0,1.0,1.0,,0.0,-5.103
2026-06-25,leaders,v1,Semiconductor Equipment & Materials,ENTG,ENTG,Entegris Inc,Semiconductor Equipment & Materials,USA,27.26B,103.02,"1,258,545",178.75,4.25%,Apr 30/b,-,38.38,1.55,8.43,53.95,34.29,9.45,6.79%,3.13%,3.39%,0.93,0.93,4.56%,1.74,0.82,32.27%,28.02%,1.98%,-6.49%,24.82%,-0.88%,11.45%,5.01%,45.12%,-15.17%,-0.25%,39.07%,16.00%,8.18%,-28.85%,-2.86%,13.60%,25.77%,45.11%,109.99%,112.16%,117.58%,72.63%,11.85,6.93%,1.27,18.93%,22.62%,57.81%,63.69,3.04M,0.66,171.46,183.00,184.00,169.38,2.36,162.33,Jun-16,Decoding LRCX Stock's Premium Valuation,https://finance.yahoo.com/m/f3401f44-c1bc-3eb3-a376-b962806f1f1f/decoding-lrcx-stock%27s-premium.html,Broad semiconductor rout drags Entegris down 9% amid global tech selloff,Technology,61.57,30.57B,3.21,2.05,3.24B,264.70M,110.47%,51.80%,6.11%,-4.38%,162.98%,-2.32%,6.73%,0.00%,15.41%,0.39%,sustained_strength,2,7.0,2.0,3.0,2.0,0.8842160170831501,0.8904428904428906,0.9861111111111112,0.0279720279720281,0.9152097902097904,0.993006993006993,-0.3018648018648018,1.0,1.0,1.0,,0.0,-5.103
2026-06-25,leaders,v1,Semiconductor Equipment & Materials,AMKR,AMKR,AMKOR Technology Inc,Semiconductor Equipment & Materials,USA,21.45B,49.36,"3,027,910",86.52,4.55%,Apr 27/a,-,37.93,1.55,3.03,128.26,17.70,2.99,10.04%,5.73%,7.47%,0.29,0.34,52.51%,1.75,0.47,38.72%,9.64%,-21.50%,1.52%,24.39%,-1.84%,5.84%,27.48%,291.56%,37.49%,12.71%,14.43%,7.58%,6.17%,-9.73%,5.61%,0.11%,17.78%,73.29%,112.12%,119.16%,311.82%,239.17%,6.90,8.58%,2.17,10.38%,17.01%,76.34%,59.72,5.08M,0.95,82.76,88.29,88.34,80.32,2.40,83.33,Jun-16,TSMC and Amkor strike 10-year deal to build U.S. semiconductor packaging hub in Arizona,https://www.digitimes.com/news/a20260617VL202.html,Profit-taking after 2026 rally to all-time highs drives AMKR -8% premarket drop,Technology,11.60,21.16B,2.01,1.74,7.07B,436.12M,50.01%,272.06%,7.13%,-10.50%,320.22%,-2.00%,6.68%,12.79%,37.67%,3.32%,sustained_strength,2,7.0,2.0,3.0,2.0,0.8842160170831501,0.8904428904428906,0.9861111111111112,0.0279720279720281,0.9152097902097904,0.993006993006993,-0.3018648018648018,1.0,1.0,1.0,,0.0,-5.103
2026-06-25,leaders,v1,Semiconductor Equipment & Materials,ONTO,ONTO,Onto Innovation Inc,Semiconductor Equipment & Materials,USA,17.24B,160.93,"1,081,187",346.67,7.58%,May 05/a,-,35.54,1.02,16.73,72.22,62.17,16.10,5.25%,4.72%,4.99%,0.00,0.00,-,2.15,1.69,45.65%,35.59%,-14.80%,34.65%,34.74%,0.00%,12.55%,9.51%,-47.97%,-51.32%,0.54%,49.26%,18.80%,10.33%,0.00%,0.86%,8.70%,26.44%,56.84%,117.66%,119.60%,257.24%,228.75%,21.87,6.33%,1.54,16.80%,20.64%,73.28%,63.57,1.09M,1.59,322.24,342.34,353.18,326.58,1.08,360.55,Jun-05,"Tesla upgraded, Lululemon downgraded: Wall Street's top analyst calls",https://finance.yahoo.com/markets/stocks/articles/tesla-upgraded-applovin-initiated-wall-135331262.html,Semiconductor selloff on Korean chip plunge drags ONTO down 8.57%,Technology,26.36,16.59B,6.15,4.68,1.03B,106.41M,99.26%,380.68%,4.53%,-0.77%,287.77%,1.26%,6.24%,-,0.25%,-0.02%,sustained_strength,2,7.0,2.0,3.0,2.0,0.8842160170831501,0.8904428904428906,0.9861111111111112,0.0279720279720281,0.9152097902097904,0.993006993006993,-0.3018648018648018,1.0,1.0,1.0,,0.0,-5.103
2026-06-25,leaders,v1,Semiconductor Equipment & Materials,NVMI,NVMI,Nova Ltd,Semiconductor Equipment & Materials,Israel,17.11B,67.51,"155,229",538.31,3.14%,May 14/b,-,41.99,2.23,18.96,82.47,59.12,18.63,22.25%,13.59%,18.24%,0.04,0.58,-,7.97,2.41,21.47%,22.44%,17.65%,36.08%,18.84%,15.55%,26.73%,10.29%,-0.53%,19.06%,21.32%,57.46%,28.93%,29.21%,-3.51%,-1.27%,-2.91%,2.10%,11.85%,61.89%,63.92%,110.81%,377.73%,35.69,6.04%,1.73,0.90%,3.31%,30.35%,51.07,402.05K,0.62,521.93,550.60,550.60,516.12,1.50,597.62,May-18,Nova to Participate in Upcoming Investor Conferences and Events,https://finviz.com/news/355123/nova-to-participate-in-upcoming-investor-conferences-and-events,Sector-wide semiconductor selloff on Fed rate-hike fears drives NVMI -8.34% drop,Technology,15.57,16.81B,1.58,1.39,902.53M,263.66M,82.48%,427.34%,4.32%,-12.61%,131.31%,-2.23%,5.49%,-,6.20%,3.65%,sustained_strength,2,7.0,2.0,3.0,2.0,0.8842160170831501,0.8904428904428906,0.9861111111111112,0.0279720279720281,0.9152097902097904,0.993006993006993,-0.3018648018648018,1.0,1.0,1.0,,0.0,-5.103
2026-06-25,leaders,v1,Semiconductor Equipment & Materials,FORM,FORM,FormFactor Inc,Semiconductor Equipment & Materials,USA,11.65B,171.85,"976,964",149.46,5.69%,Apr 29/a,RUT,48.75,1.60,13.87,318.77,89.18,13.55,6.75%,5.67%,6.32%,0.02,0.03,-,0.87,0.61,88.71%,24.96%,2.28%,-6.93%,30.51%,1.62%,2.51%,31.97%,212.29%,25.63%,9.60%,39.70%,9.64%,8.14%,-19.25%,-1.38%,6.80%,9.51%,38.30%,158.00%,167.95%,333.85%,399.37%,11.56,7.59%,1.22,12.08%,10.57%,77.87%,57.58,1.82M,0.86,141.42,151.00,155.00,143.46,2.10,154.75,Jun-24,"FormFactor, Inc. Added to Membership of US Large-Cap Russell US 1000 Index",https://finviz.com/news/363808/formfactor-inc-added-to-membership-of-us-large-cap-russell-us-1000-index,"FormFactor announces it has been added to the US large-cap Russell 1000 Index effective June 29, 2026 as part of the 2026 Russell indexes reconstitution.",Technology,38.30,11.38B,4.55,3.69,839.78M,68.34M,97.22%,319.60%,5.61%,-6.05%,473.08%,-1.02%,6.77%,-,27.19%,0.27%,sustained_strength,2,7.0,2.0,3.0,2.0,0.8842160170831501,0.8904428904428906,0.9861111111111112,0.0279720279720281,0.9152097902097904,0.993006993006993,-0.3018648018648018,1.0,1.0,1.0,,0.0,-5.103
2026-06-25,leaders,v1,Semiconductor Equipment & Materials,CAMT,CAMT,Camtek Ltd,Semiconductor Equipment & Materials,Israel,7.88B,204.98,"334,167",171.12,2.53%,May 12/b,-,37.82,2.29,15.79,-,-,15.42,7.57%,4.31%,4.11%,0.71,0.71,-,0.83,0.76,7.46%,29.17%,-16.74%,13.57%,16.52%,15.63%,26.06%,2.55%,-11.69%,-62.92%,10.70%,50.23%,24.60%,9.63%,0.00%,-2.25%,-3.94%,-2.07%,-2.26%,61.46%,60.91%,108.45%,446.78%,13.84,6.50%,1.55,-3.95%,-5.02%,20.16%,46.90,462.95K,1.16,166.90,179.53,179.53,165.02,2.08,187.25,Jun-02,CAMTEK RECEIVES OVER $105 MILLION MULTI-SYSTEM ORDERS FROM A TIER-1 OSAT AND A LEADING HBM MANUFACTURER,https://finviz.com/news/358791/camtek-receives-over-105-million-multi-system-orders-from-a-tier-1-osat-and-a-leading-hbm-manufacturer,AI capex fears and SK Hynix production shift trigger 12% CAMT plunge in semiconductor rout,Technology,11.76,7.70B,8.35,7.46,499.09M,48.06M,59.17%,369.33%,5.76%,-20.77%,125.90%,-4.68%,7.57%,-,2.40%,1.25%,sustained_strength,2,7.0,2.0,3.0,2.0,0.8842160170831501,0.8904428904428906,0.9861111111111112,0.0279720279720281,0.9152097902097904,0.993006993006993,-0.3018648018648018,1.0,1.0,1.0,,0.0,-5.103
2026-06-25,leaders,v1,Semiconductor Equipment & Materials,ACMR,ACMR,ACM Research Inc,Semiconductor Equipment & Materials,USA,7.47B,82.13,"1,011,139",108.02,6.32%,May 07/b,RUT,37.98,0.98,7.77,-,50.63,7.31,7.19%,3.64%,5.04%,0.14,0.21,-,1.32,0.42,24.05%,42.42%,32.24%,35.88%,38.85%,32.34%,41.91%,34.18%,-18.69%,-17.14%,19.69%,44.23%,12.48%,9.48%,-3.55%,-0.46%,12.30%,24.94%,136.68%,164.69%,173.81%,314.66%,817.76%,8.98,10.06%,1.91,17.37%,48.84%,111.63%,66.26,1.51M,1.07,101.60,107.17,108.49,98.45,1.29,98.40,Jun-22,"AXT Announces Tracy Liu Appointed to AXT, Inc. Board of Directors",https://www.businesswire.com/news/home/20260622311681/en/,"ACM Research says Shanghai unit Q1 orders up 65% YoY, reaffirms 2026 revenue guidance of RMB 8.2–8.8B",Technology,5.80,7.02B,3.51,2.52,960.23M,91.00M,64.81%,212.50%,9.36%,-3.04%,369.04%,0.79%,5.48%,-,33.33%,7.22%,sustained_strength,2,7.0,2.0,3.0,2.0,0.8842160170831501,0.8904428904428906,0.9861111111111112,0.0279720279720281,0.9152097902097904,0.993006993006993,-0.3018648018648018,1.0,1.0,1.0,,0.0,-5.103
2026-06-25,leaders,v1,Semiconductor Equipment & Materials,KLIC,KLIC,Kulicke & Soffa Industries Inc,Semiconductor Equipment & Materials,USA,6.77B,124.25,"777,975",129.30,4.88%,May 06/a,RUT,29.19,0.16,8.81,1566.31,96.13,8.22,6.39%,4.72%,6.18%,0.04,0.05,11.30%,1.04,1.05,1556.55%,29.82%,-91.74%,-65.56%,179.54%,-24.23%,0.97%,49.78%,141.74%,179.18%,11.16%,47.97%,6.49%,7.16%,-10.10%,1.38%,10.97%,19.09%,87.93%,179.50%,183.79%,270.16%,131.92%,7.75,6.73%,1.61,15.47%,28.39%,100.25%,72.61,858.30K,1.45,123.28,129.70,133.41,123.97,2.40,106.25,Jun-15,"Amkor Technology Stock Is An Amplifier, Not An Alternative",https://finance.yahoo.com/m/63de8edc-ecd1-3015-adfe-49b040f865a0/amkor-technology-stock-is-an.html,Insider sales by CFO and executives trigger KLIC's 11% premarket plunge after record high,Technology,13.87,6.32B,4.21,3.32,768.22M,55.03M,91.57%,110.41%,7.17%,-0.27%,312.82%,-0.31%,5.21%,6.44%,17.91%,6.06%,sustained_strength,2,7.0,2.0,3.0,2.0,0.8842160170831501,0.8904428904428906,0.9861111111111112,0.0279720279720281,0.9152097902097904,0.993006993006993,-0.3018648018648018,1.0,1.0,1.0,,0.0,-5.103
2026-06-25,leaders,v1,Semiconductor Equipment & Materials,ACLS,ACLS,Axcelis Technologies Inc,Semiconductor Equipment & Materials,USA,5.47B,55.43,"239,098",177.93,5.34%,May 07/a,RUT,36.70,41.71,6.47,61.81,44.66,6.12,9.74%,7.43%,9.10%,0.06,0.07,-,3.21,0.89,-21.43%,26.45%,-11.40%,20.99%,0.88%,-3.02%,12.07%,3.32%,-66.35%,-41.15%,-11.75%,43.07%,11.60%,11.93%,-8.46%,0.91%,1.41%,8.31%,76.43%,113.98%,121.47%,153.60%,5.61%,12.03,6.60%,1.87,6.32%,15.17%,70.25%,56.66,676.55K,0.57,168.91,178.17,180.38,169.07,2.67,169.67,Jun-15,"Amkor Technology Stock Is An Amplifier, Not An Alternative",https://finance.yahoo.com/m/63de8edc-ecd1-3015-adfe-49b040f865a0/amkor-technology-stock-is-an.html,Golden cross breakout and memory capex momentum drive 17% ACLS surge,Technology,14.92,5.17B,4.59,2.99,845.44M,100.87M,111.62%,354.82%,4.95%,-8.18%,171.06%,-0.14%,5.48%,-,1.41%,2.01%,sustained_strength,2,7.0,2.0,3.0,2.0,0.8842160170831501,0.8904428904428906,0.9861111111111112,0.0279720279720281,0.9152097902097904,0.993006993006993,-0.3018648018648018,1.0,1.0,1.0,,0.0,-5.103
2026-06-25,leaders,v1,Semiconductor Equipment & Materials,UCTT,UCTT,Ultra Clean Hldgs Inc,Semiconductor Equipment & Materials,USA,5.32B,-,"800,748",118.57,9.36%,Apr 28/a,RUT,24.50,0.27,2.57,-,49.38,2.83,-25.88%,-10.36%,-13.99%,1.21,1.24,-,-4.29,0.53,146.77%,86.77%,-,-,89.64%,-4.72%,7.99%,2.91%,-256.27%,-786.94%,-3.24%,15.63%,2.04%,-9.38%,-8.54%,5.89%,6.24%,35.57%,82.30%,356.74%,368.10%,433.62%,227.63%,8.65,7.84%,1.85,17.74%,33.60%,129.83%,64.12,1.11M,1.15,108.42,116.46,120.75,110.95,1.00,107.40,Jun-04,This investing strategy digs deeper to find hidden stocks riding the AI wave,https://www.marketwatch.com/story/this-investing-strategy-digs-deeper-to-find-hidden-stocks-riding-the-ai-wave-2cfcccd9?mod=mw_FV,AI-fueled semiconductor rally and recent Oppenheimer PT hike drive UCTT 13% gain,Technology,16.43,5.85B,3.07,1.72,2.07B,-194.10M,101.11%,124.22%,5.73%,-5.14%,457.19%,1.81%,7.42%,-,18.10%,1.60%,sustained_strength,2,7.0,2.0,3.0,2.0,0.8842160170831501,0.8904428904428906,0.9861111111111112,0.0279720279720281,0.9152097902097904,0.993006993006993,-0.3018648018648018,1.0,1.0,1.0,,0.0,-5.103
2026-06-25,leaders,v1,Semiconductor Equipment & Materials,IPGP,IPGP,IPG Photonics Corp,Semiconductor Equipment & Materials,USA,4.63B,160.81,"151,653",109.16,1.34%,May 05/b,-,50.92,0.95,4.45,-,41.80,3.68,1.39%,1.22%,1.36%,0.01,0.01,-,0.68,0.37,74.04%,68.74%,-30.35%,-24.47%,53.48%,-11.12%,-3.52%,16.55%,-57.92%,114.86%,9.29%,37.81%,2.34%,2.78%,-2.00%,-0.96%,-3.94%,-8.90%,-14.05%,45.16%,52.46%,61.03%,-18.16%,7.28,6.26%,0.96,-4.14%,-4.41%,9.56%,45.77,514.57K,0.47,107.72,111.54,112.25,107.07,2.00,130.50,Jun-17,Coherent's Good News Gets A Cold Shoulder,https://finance.yahoo.com/m/88aa8e32-12e5-3092-9da2-c7ddbf45290d/coherent%27s-good-news-gets-a.html,"Hot jobs report and Broadcom overhang trigger semiconductor selloff, sinking IPGP 12.36%",Technology,5.70,3.84B,5.80,4.51,1.04B,28.92M,69.24%,-48.26%,4.45%,-29.94%,63.65%,-2.13%,3.55%,-,-85.26%,3.31%,sustained_strength,2,7.0,2.0,3.0,2.0,0.8842160170831501,0.8904428904428906,0.9861111111111112,0.0279720279720281,0.9152097902097904,0.993006993006993,-0.3018648018648018,1.0,1.0,1.0,,0.0,-5.103
2026-06-25,leaders,v1,Semiconductor Equipment & Materials,AXTI,AXTI,AXT Inc,Semiconductor Equipment & Materials,USA,4.57B,-,"6,516,214",69.90,-0.34%,Apr 30/a,-,89.85,-,47.69,-,-,47.90,-6.12%,-3.62%,-4.98%,0.03,0.28,-,-0.32,0.07,172.68%,161.07%,-,-,-,-14.46%,-1.52%,39.10%,84.63%,25.60%,-0.14%,21.34%,-13.85%,-14.87%,-31.98%,9.79%,-24.11%,-47.28%,3.79%,359.30%,327.55%,3181.92%,2031.25%,14.07,15.16%,1.91,-25.31%,-28.22%,73.06%,38.79,11.67M,0.89,70.14,73.51,73.57,64.00,1.80,96.50,Jun-22,"AXT Announces Tracy Liu Appointed to AXT, Inc. Board of Directors",https://www.businesswire.com/news/home/20260622311681/en/,Lockup expiration from April offering triggers AXTI selling amid AI sector rotation,Technology,37.11,4.59B,2.59,1.67,95.89M,-14.26M,61.24%,539.57%,14.89%,-51.17%,3678.55%,-4.90%,4.80%,-,78.26%,2.68%,sustained_strength,2,7.0,2.0,3.0,2.0,0.8842160170831501,0.8904428904428906,0.9861111111111112,0.0279720279720281,0.9152097902097904,0.993006993006993,-0.3018648018648018,1.0,1.0,1.0,,0.0,-5.103
2026-06-25,leaders,v1,Semiconductor Equipment & Materials,VECO,VECO,Veeco Instruments Inc,Semiconductor Equipment & Materials,USA,4.46B,190.63,"721,811",73.10,2.73%,May 05/a,RUT,21.88,-,6.81,106.23,89.91,6.62,2.74%,1.77%,2.04%,0.29,0.30,-,0.38,0.26,22.75%,104.66%,-39.83%,-,-,0.93%,7.90%,-5.35%,-102.67%,-66.03%,-7.71%,38.11%,4.31%,3.55%,-26.01%,7.47%,-3.53%,17.01%,97.79%,148.91%,155.79%,253.33%,201.96%,5.65,8.06%,1.31,6.64%,22.68%,92.27%,57.32,1.51M,0.76,71.16,75.18,76.39,69.72,2.50,60.33,Jun-11,Ennostar Qualifies Veeco's New LUMINA+ MOCVD System for Advanced Product Applications,https://finviz.com/news/361164/ennostar-qualifies-veecos-new-lumina-mocvd-system-for-advanced-product-applications,Ennostar completes first commercial acceptance of Veeco's new LUMINA+ MOCVD system,Technology,11.64,4.34B,4.23,2.81,655.34M,23.24M,109.24%,206.39%,6.51%,-15.61%,278.98%,-2.76%,5.65%,-,-27.35%,-1.08%,sustained_strength,2,7.0,2.0,3.0,2.0,0.8842160170831501,0.8904428904428906,0.9861111111111112,0.0279720279720281,0.9152097902097904,0.993006993006993,-0.3018648018648018,1.0,1.0,1.0,,0.0,-5.103
2026-06-25,leaders,v1,Semiconductor Equipment & Materials,ICHR,ICHR,Ichor Holdings Ltd,Semiconductor Equipment & Materials,USA,3.25B,-,"559,356",93.30,4.39%,May 04/a,RUT,34.58,0.51,3.39,-,104.59,3.46,-7.41%,-5.12%,-6.27%,0.21,0.24,-,-1.48,0.31,499.38%,95.75%,-,-,67.46%,-9.54%,0.72%,4.75%,46.83%,-203.93%,7.53%,8.64%,-0.14%,-5.28%,-19.60%,-6.40%,4.31%,28.29%,82.38%,407.92%,406.26%,395.77%,162.09%,7.12,8.30%,1.79,15.75%,26.88%,133.39%,62.62,988.64K,0.91,89.38,97.06,97.40,89.28,1.29,81.71,Jun-04,This investing strategy digs deeper to find hidden stocks riding the AI wave,https://www.marketwatch.com/story/this-investing-strategy-digs-deeper-to-find-hidden-stocks-riding-the-ai-wave-2cfcccd9?mod=mw_FV,AI-driven HBM/memory demand surge lifts ICHR ~12% to new 52-week high,Technology,36.52,3.32B,2.82,1.21,959.25M,-50.69M,93.45%,77.38%,6.64%,-8.21%,611.16%,-3.87%,8.59%,-,14.16%,1.89%,sustained_strength,2,7.0,2.0,3.0,2.0,0.8842160170831501,0.8904428904428906,0.9861111111111112,0.0279720279720281,0.9152097902097904,0.993006993006993,-0.3018648018648018,1.0,1.0,1.0,,0.0,-5.103
2026-06-25,leaders,v1,Semiconductor Equipment & Materials,COHU,COHU,Cohu Inc,Semiconductor Equipment & Materials,USA,3.15B,-,"1,137,878",66.86,5.03%,Apr 30/a,RUT,45.22,-,6.55,78.52,4219.10,6.22,-6.96%,-5.02%,-5.12%,0.41,0.43,-,-1.19,0.14,364.29%,154.30%,-,-36.97%,-,-17.71%,-6.56%,29.26%,61.11%,35.49%,23.10%,36.21%,-10.42%,-11.54%,-5.60%,5.98%,2.16%,33.91%,109.46%,183.91%,187.33%,243.23%,69.44%,4.20,6.66%,1.54,12.48%,29.60%,106.01%,64.29,1.36M,1.33,63.66,66.89,68.59,63.74,1.00,57.71,May-19,Aehr To Deliver $41M Record Production Order to Hyperscale AI Customer,https://finance.yahoo.com/sectors/technology/articles/aehr-deliver-41m-record-production-210156952.html,Momentum from AI/HPC testing demand drives COHU 7%+ breakout,Technology,6.45,3.00B,6.43,5.31,481.28M,-55.54M,107.91%,92.41%,4.87%,-5.72%,275.73%,-0.04%,5.07%,-,-68.65%,2.44%,sustained_strength,2,7.0,2.0,3.0,2.0,0.8842160170831501,0.8904428904428906,0.9861111111111112,0.0279720279720281,0.9152097902097904,0.993006993006993,-0.3018648018648018,1.0,1.0,1.0,,0.0,-5.103
2026-06-25,leaders,v1,Semiconductor Equipment & Materials,AEHR,AEHR,Aehr Test Systems,Semiconductor Equipment & Materials,USA,3.13B,-,"685,851",99.52,4.54%,Apr 07/a,RUT,654.74,25.19,69.16,-,-,68.57,-8.68%,-7.54%,-7.70%,0.07,0.07,-,-0.38,-0.01,-189.33%,213.43%,-,-1.55%,25.99%,5.08%,21.48%,-43.67%,-383.33%,-147.85%,-26.39%,30.72%,-33.76%,-25.23%,-24.04%,2.95%,-11.63%,-9.46%,154.98%,340.16%,392.92%,752.78%,149.11%,12.48,12.14%,3.17,-4.42%,2.62%,112.76%,49.02,2.98M,0.37,95.20,102.44,102.60,91.47,1.83,81.00,Jun-17,Why Is AEHR Stock Surging Today?,https://finance.yahoo.com/m/5a2f1b4e-c41f-312c-8f4c-1597bb13e5c7/why-is-aehr-stock-surging.html,Aehr Test Systems receives follow-on order from major silicon photonics customer for fully automated FOX-XP wafer-level burn-in system,Technology,84.81,3.10B,10.97,6.26,45.26M,-11.42M,72.07%,3742.47%,9.19%,-21.40%,757.19%,-2.85%,7.61%,-,28.57%,-5.03%,sustained_strength,2,7.0,2.0,3.0,2.0,0.8842160170831501,0.8904428904428906,0.9861111111111112,0.0279720279720281,0.9152097902097904,0.993006993006993,-0.3018648018648018,1.0,1.0,1.0,,0.0,-5.103
2026-06-25,leaders,v1,Semiconductor Equipment & Materials,AMBA,AMBA,Ambarella Inc,Semiconductor Equipment & Materials,USA,2.81B,-,"442,226",64.15,1.85%,May 28/a,RUT,59.48,1.80,6.95,154.71,-,6.29,-11.82%,-9.30%,-11.29%,0.02,0.02,-,-1.62,0.17,27.45%,36.48%,-1.39%,-0.60%,33.08%,4.99%,11.87%,16.87%,27.99%,34.98%,28.12%,57.79%,-18.48%,-17.18%,-7.93%,-2.02%,-2.62%,-31.44%,18.60%,-11.90%,-9.44%,-1.14%,-18.17%,5.03,7.76%,2.16,-8.00%,-10.36%,-10.63%,42.91,1.15M,0.61,62.99,65.67,65.86,61.00,1.79,98.36,May-29,Ambarella Inc (AMBA) Q1 2027 Earnings Call Highlights: Record Automotive Revenue and Strategic ...,https://finance.yahoo.com/markets/stocks/articles/ambarella-inc-amba-q1-2027-050119924.html,"Ambarella delivers solid Q1, reaffirms FY27 10–15% revenue growth outlook, lands $800M+ Hanwha AI LTA",Technology,10.11,2.55B,2.43,1.95,405.19M,-69.63M,83.86%,-38.23%,5.23%,-33.65%,32.82%,-2.31%,4.25%,-,10.89%,0.24%,sustained_strength,2,7.0,2.0,3.0,2.0,0.8842160170831501,0.8904428904428906,0.9861111111111112,0.0279720279720281,0.9152097902097904,0.993006993006993,-0.3018648018648018,1.0,1.0,1.0,,0.0,-5.103
2026-06-25,leaders,v1,Textile Manufacturing,AIN,AIN,Albany International Corp,Textile Manufacturing,USA,2.10B,-,"83,603",74.02,2.87%,Apr 30/b,RUT,23.20,-,1.74,23.15,41.67,2.04,-7.29%,-3.47%,-4.93%,0.65,0.65,7.20%,-2.05,0.70,323.73%,20.83%,-,-,-,4.55%,5.60%,7.81%,-4.45%,-181.65%,-0.06%,20.51%,-2.05%,-4.93%,0.00%,-1.55%,5.19%,16.61%,40.01%,44.15%,46.00%,8.17%,-17.33%,2.32,3.33%,1.16,7.49%,17.15%,31.04%,70.79,237.13K,0.56,71.96,72.75,75.29,72.05,3.00,62.50,Jun-11,Albany International Reports Progress with Cyclezyme on Industrial Textile Recycling Project,https://www.businesswire.com/news/home/20260611917602/en,Albany International reports successful depolymerization tests in enzyme-based textile recycling project with Cyclezyme AB,Consumer Cyclical,17.15,2.46B,2.20,1.88,1.21B,-59.42M,102.36%,-19.76%,2.47%,1.40%,79.89%,1.75%,1.10%,7.39%,13.92%,10.79%,sustained_strength,3,20.0,4.0,5.0,11.0,0.800680100595812,0.8391608391608392,0.9375,0.0268065268065269,0.8732517482517482,0.9541437865433426,0.1701631701631701,0.8333333333333334,1.0,0.8333333333333334,,1.0,0.4080000000000002
2026-06-25,leaders,v1,Electronics & Computer Distribution,SNX,SNX,TD Synnex Corp,Electronics & Computer Distribution,USA,22.51B,23.26,"833,087",280.03,-1.13%,Jun 25/b,-,14.55,0.75,0.35,18.01,12.19,0.39,11.62%,3.06%,7.90%,0.41,0.54,34.49%,12.04,4.03,29.69%,12.52%,13.67%,-0.52%,19.39%,0.09%,25.63%,18.10%,104.41%,50.26%,10.39%,6.58%,2.59%,1.50%,-2.21%,2.68%,-1.33%,16.68%,70.99%,82.35%,86.40%,103.23%,191.06%,10.56,3.84%,1.40,1.37%,13.26%,55.46%,62.27,872.00K,1.52,283.22,280.46,295.19,278.00,1.46,276.18,6 hours,TD SYNNEX: Fiscal Q2 Earnings Snapshot,https://finance.yahoo.com/markets/stocks/articles/td-synnex-fiscal-q2-earnings-111111119.html,TD SYNNEX beats Q2 estimates with non-GAAP EPS $4.85 (+62% YoY) and record $19.6B revenue (+31% YoY) on AI and Hyve demand,Technology,14.41,25.67B,1.22,0.71,65.14B,978.17M,94.32%,130.78%,4.25%,-5.54%,109.43%,-0.15%,-0.97%,13.62%,17.13%,16.49%,sustained_strength,4,23.0,17.0,2.0,4.0,0.7941978222192821,0.8811188811188813,0.9722222222222222,0.040792540792541,0.8959790209790209,0.9013514966456933,-0.2412587412587412,1.0,1.0,1.0,,0.0,-0.8019999999999996
2026-06-25,leaders,v1,Electronics & Computer Distribution,ARW,ARW,Arrow Electronics Inc,Electronics & Computer Distribution,USA,11.73B,16.41,"330,277",229.34,2.03%,May 07/b,-,10.63,0.35,0.35,38.61,10.76,0.42,11.47%,2.53%,7.99%,0.35,0.37,-,13.98,4.45,80.96%,8.14%,-20.55%,8.02%,30.41%,-5.98%,1.48%,39.03%,200.42%,92.31%,20.49%,10.88%,3.46%,2.17%,-17.83%,-0.88%,1.48%,2.83%,56.94%,102.40%,108.15%,80.58%,69.78%,7.60,3.42%,1.18,2.28%,11.05%,56.34%,60.14,667.95K,0.79,224.77,228.49,232.93,226.47,3.00,219.50,Jun-09,Arrow Electronics Introduces Global Experience Centers to Accelerate AI and Cloud Adoption and Monetization,https://www.businesswire.com/news/home/20260609173877/en/,"Arrow Electronics launches global AI and cloud experience centers in Alpharetta, Georgia and Stockholm, Sweden for channel partners",Technology,40.93,13.98B,1.24,1.02,33.51B,726.65M,106.16%,103.04%,2.58%,-3.37%,125.30%,0.37%,1.66%,-,78.64%,12.94%,sustained_strength,4,23.0,17.0,2.0,4.0,0.7941978222192821,0.8811188811188813,0.9722222222222222,0.040792540792541,0.8959790209790209,0.9013514966456933,-0.2412587412587412,1.0,1.0,1.0,,0.0,-0.8019999999999996
2026-06-25,leaders,v1,Electronics & Computer Distribution,AVT,AVT,Avnet Inc,Electronics & Computer Distribution,USA,7.48B,35.50,"618,335",91.14,3.28%,Apr 29/b,-,11.48,0.31,0.30,227.35,12.83,0.42,4.35%,1.70%,2.81%,0.54,0.64,9.46%,2.57,1.77,49.01%,54.94%,-26.55%,-,37.18%,-2.98%,4.71%,33.95%,12.40%,-27.94%,12.68%,10.46%,2.74%,0.86%,-12.27%,0.91%,1.48%,2.27%,46.38%,84.48%,89.55%,74.99%,92.96%,3.06,3.47%,1.10,2.07%,8.17%,46.65%,57.74,1.35M,0.73,88.24,89.84,91.77,88.60,2.83,89.00,May-27,Avnet to Participate in the BofA Securities Global Technology Conference on June 2,https://www.businesswire.com/news/home/20260527307425/en/,BofA Technology Conference presentation sparks Avnet's 7.27% surge,Technology,36.93,10.45B,2.01,1.05,24.96B,213.90M,107.95%,125.92%,2.54%,-4.33%,105.95%,1.44%,1.81%,9.70%,9.14%,10.31%,sustained_strength,4,23.0,17.0,2.0,4.0,0.7941978222192821,0.8811188811188813,0.9722222222222222,0.040792540792541,0.8959790209790209,0.9013514966456933,-0.2412587412587412,1.0,1.0,1.0,,0.0,-0.8019999999999996
2026-06-25,leaders,v1,Electronics & Computer Distribution,NSIT,NSIT,Insight Enterprises Inc,Electronics & Computer Distribution,USA,3.45B,19.97,"137,896",114.26,0.85%,May 07/b,RUT,9.29,-,0.42,14.70,8.47,0.57,11.26%,2.00%,5.85%,0.92,1.08,-,5.72,2.92,15.76%,7.60%,-14.06%,32.83%,-,-7.53%,30.33%,1.16%,349.03%,-2.39%,-1.83%,21.97%,5.45%,2.17%,0.40%,3.28%,6.83%,14.15%,76.03%,43.24%,40.25%,-15.11%,-19.73%,5.26,5.23%,1.07,2.80%,22.47%,25.61%,65.30,516.68K,0.43,113.30,114.17,117.44,112.25,2.00,100.00,Jun-01,Insight Launches Insight Managed Exposure Defense to Help Organizations Defend Against AI-Driven Vulnerability Exploitation,https://www.businesswire.com/news/home/20260601893403/en,Insight Q1 adjusted EPS rises 26% with margin expansion as company pauses M&A to prioritize buybacks through 2026,Technology,7.83,4.74B,1.21,1.17,8.27B,179.84M,97.24%,14.18%,4.54%,-23.10%,79.60%,0.08%,0.77%,-,21.54%,0.24%,sustained_strength,4,23.0,17.0,2.0,4.0,0.7941978222192821,0.8811188811188813,0.9722222222222222,0.040792540792541,0.8959790209790209,0.9013514966456933,-0.2412587412587412,1.0,1.0,1.0,,0.0,-0.8019999999999996
2026-06-25,leaders,v1,Farm & Heavy Construction Machinery,CAT,CAT,Caterpillar Inc,Farm & Heavy Construction Machinery,USA,483.44B,52.21,"2,406,562",1049.49,5.54%,Apr 30/b,"DJIA, S&P 500",34.84,1.47,6.83,61.19,36.20,7.38,51.35%,10.45%,19.13%,1.64,2.31,7.59%,20.10,6.18,29.44%,22.10%,14.16%,28.05%,23.73%,4.38%,10.12%,22.22%,30.35%,-2.07%,11.85%,31.90%,17.12%,13.33%,-16.00%,-1.00%,9.79%,15.51%,45.96%,80.20%,83.20%,182.44%,347.66%,36.80,3.23%,1.55,12.39%,17.83%,53.84%,68.67,2.65M,1.45,994.45,1024.29,1054.05,1015.00,2.10,977.64,54 min,"Dow's 211-point rally highlighted by gains for shares of Caterpillar, UnitedHealth",https://www.marketwatch.com/data-news/dow-s-211-point-rally-highlighted-by-gains-for-shares-of-caterpillar-unitedhealth-bd2398e9-4414cb86abd2?mod=mw_FV,AI data center power demand momentum drives Caterpillar to 5%+ gain and new highs,Industrials,118.72,522.43B,1.35,0.81,70.75B,9.43B,73.40%,385.18%,2.50%,2.56%,184.02%,2.46%,3.00%,8.04%,19.24%,5.38%,sustained_strength,5,28.0,9.0,13.0,6.0,0.9038988243146237,0.944055944055944,0.9930555555555556,0.3205128205128206,0.9405594405594404,0.9574631990888236,-0.0046620046620046,1.0,1.0,1.0,,1.0,1.4269999999999994
2026-06-25,leaders,v1,Farm & Heavy Construction Machinery,DE,DE,Deere & Co,Farm & Heavy Construction Machinery,USA,167.67B,35.20,"505,681",621.13,3.39%,May 21/b,S&P 500,27.31,1.96,3.54,44.50,18.55,4.70,18.51%,4.48%,6.87%,1.54,2.34,16.34%,17.65,4.72,-2.31%,25.86%,-7.37%,16.32%,13.93%,-4.57%,5.13%,4.79%,-1.35%,-14.68%,3.98%,36.85%,20.45%,10.09%,-0.26%,-1.16%,5.55%,17.39%,7.46%,32.50%,33.41%,22.57%,53.57%,17.41,2.88%,0.89,7.33%,8.21%,17.21%,67.94,1.27M,0.63,600.75,606.46,625.47,604.01,2.12,648.89,Jun-24,Buy Honeywell Stock Before The Split?,https://finance.yahoo.com/m/a121c2e5-41ca-3e33-9b60-b8e2ff4963db/buy-honeywell-stock-before.html,Deere: Trump administration cuts Section 232 tariffs on foreign agricultural equipment to 15% from 25% for machines lacking sufficient U.S. steel content,Industrials,17.96,222.55B,0.79,0.55,47.38B,4.78B,75.48%,77.47%,2.76%,-7.87%,43.45%,2.42%,0.95%,14.12%,14.95%,1.97%,sustained_strength,5,28.0,9.0,13.0,6.0,0.9038988243146237,0.944055944055944,0.9930555555555556,0.3205128205128206,0.9405594405594404,0.9574631990888236,-0.0046620046620046,1.0,1.0,1.0,,1.0,1.4269999999999994
2026-06-25,leaders,v1,Farm & Heavy Construction Machinery,PCAR,PCAR,Paccar Inc,Farm & Heavy Construction Machinery,USA,63.79B,25.79,"783,342",121.21,3.57%,Apr 28/b,"NDX, S&P 500",18.06,1.17,2.30,20.59,18.60,2.52,13.11%,5.74%,7.13%,0.76,0.76,9.20%,4.70,1.35,13.24%,18.30%,-7.80%,12.60%,15.37%,-0.45%,8.73%,-8.96%,19.73%,-28.77%,-14.13%,15.37%,10.57%,8.92%,-1.63%,-0.88%,3.30%,8.21%,4.18%,7.44%,10.68%,30.39%,66.41%,3.41,2.69%,0.96,3.80%,3.56%,8.26%,57.80,2.95M,0.42,117.03,117.86,123.03,117.86,2.55,127.75,Jun-23,Caterpillars Margin Problem: Is the Core Business Losing Steam?,https://finance.yahoo.com/m/fa2ba55a-ae1d-32d4-85aa-4ccc61203d2f/caterpillar%E2%80%99s-margin-problem%3A.html,"PACCAR Q1 2026 EPS $1.15, revenue $6.2B miss estimates as truck margins expand and management signals stronger 2H on prebuy demand",Industrials,7.20,69.88B,2.36,1.99,27.77B,2.48B,73.52%,130.13%,2.69%,-8.09%,33.06%,2.84%,0.71%,11.59%,-0.08%,-3.19%,sustained_strength,5,28.0,9.0,13.0,6.0,0.9038988243146237,0.944055944055944,0.9930555555555556,0.3205128205128206,0.9405594405594404,0.9574631990888236,-0.0046620046620046,1.0,1.0,1.0,,1.0,1.4269999999999994
2026-06-25,leaders,v1,Farm & Heavy Construction Machinery,CNH,CNH,CNH Industrial NV,Farm & Heavy Construction Machinery,United Kingdom,13.41B,35.07,"4,454,969",10.81,4.90%,Apr 30/b,-,15.40,0.70,0.74,10.65,11.52,2.06,4.95%,0.92%,1.14%,3.37,3.37,-5.11%,0.31,0.10,-26.33%,73.37%,-35.07%,-,21.94%,-8.40%,-7.02%,-0.10%,-94.65%,-62.88%,-4.04%,31.10%,14.36%,2.13%,-0.01%,-0.51%,5.20%,5.51%,-3.09%,14.81%,17.30%,-14.17%,-21.23%,0.44,3.89%,1.15,2.96%,2.98%,1.70%,55.00,14.55M,0.49,10.31,10.38,10.85,10.36,2.18,12.75,Jun-02,"DE, AGCO, CNH Stocks Get A Boost From Citi After Trump Slashes Agri Equipment Tariffs  Firm Calls It Incremental Positive For The Sector",https://finance.yahoo.com/m/6a7e40fd-0d29-3984-890e-f89d5497d149/de%2C-agco%2C-cnh-stocks-get-a.html,"President Trump cuts U.S. agricultural equipment tariffs to 15%, boosting earnings tailwind outlook for CNH Industrial",Industrials,5.73,37.36B,7.41,6.14,18.09B,386.00M,70.42%,-25.63%,4.07%,-24.21%,20.17%,4.19%,0.68%,-37.00%,138.10%,0.64%,sustained_strength,5,28.0,9.0,13.0,6.0,0.9038988243146237,0.944055944055944,0.9930555555555556,0.3205128205128206,0.9405594405594404,0.9574631990888236,-0.0046620046620046,1.0,1.0,1.0,,1.0,1.4269999999999994
2026-06-25,leaders,v1,Farm & Heavy Construction Machinery,OSK,OSK,Oshkosh Corp,Farm & Heavy Construction Machinery,USA,9.32B,16.64,"129,340",149.40,4.22%,May 08/b,-,10.65,0.72,0.89,11.41,9.07,0.98,13.28%,5.86%,11.41%,0.13,0.26,10.65%,8.98,2.66,0.95%,28.73%,56.21%,16.27%,14.89%,7.96%,8.73%,0.22%,-60.51%,-4.01%,-0.92%,16.06%,8.17%,5.54%,-0.99%,-4.31%,8.45%,15.44%,1.02%,13.98%,18.92%,36.00%,84.83%,5.27,3.21%,1.22,10.59%,8.00%,6.15%,66.31,705.52K,0.29,143.35,145.09,151.39,145.09,2.00,163.27,Jun-23,Caterpillars Margin Problem: Is the Core Business Losing Steam?,https://finance.yahoo.com/m/fa2ba55a-ae1d-32d4-85aa-4ccc61203d2f/caterpillar%E2%80%99s-margin-problem%3A.html,Oshkosh Corp’s Oshkosh Defense unit announced it has secured $142 million in new FMTV A2 tactical vehicle orders from U.S. and international customers.,Industrials,37.22,10.21B,1.63,0.83,10.43B,577.90M,99.95%,20.13%,3.71%,-17.23%,37.20%,2.97%,1.21%,10.37%,-18.25%,1.11%,sustained_strength,5,28.0,9.0,13.0,6.0,0.9038988243146237,0.944055944055944,0.9930555555555556,0.3205128205128206,0.9405594405594404,0.9574631990888236,-0.0046620046620046,1.0,1.0,1.0,,1.0,1.4269999999999994
2026-06-25,leaders,v1,Farm & Heavy Construction Machinery,TEX,TEX,Terex Corp,Farm & Heavy Construction Machinery,USA,8.41B,35.82,"623,625",73.67,5.09%,May 01/b,RUT,12.70,1.22,1.42,26.13,18.25,1.82,3.21%,1.34%,1.41%,0.57,0.57,41.47%,2.06,1.25,-0.69%,18.53%,-8.32%,93.56%,10.37%,7.06%,12.00%,41.09%,-408.28%,-43.69%,17.03%,16.55%,6.65%,1.81%,-1.73%,57.36%,14.79%,24.30%,20.97%,34.71%,38.01%,59.81%,32.07%,3.15,4.24%,1.46,15.38%,18.71%,28.09%,70.86,1.23M,0.81,70.10,71.53,74.65,71.38,1.94,76.96,Jun-23,Caterpillars Margin Problem: Is the Core Business Losing Steam?,https://finance.yahoo.com/m/fa2ba55a-ae1d-32d4-85aa-4ccc61203d2f/caterpillar%E2%80%99s-margin-problem%3A.html,Hotter-than-expected 4.2% CPI report triggers 6.53% drop in Terex shares,Industrials,21.46,10.77B,1.84,0.88,5.93B,107.00M,99.00%,55.92%,5.01%,3.04%,76.67%,2.99%,2.04%,9.35%,26.42%,2.05%,sustained_strength,5,28.0,9.0,13.0,6.0,0.9038988243146237,0.944055944055944,0.9930555555555556,0.3205128205128206,0.9405594405594404,0.9574631990888236,-0.0046620046620046,1.0,1.0,1.0,,1.0,1.4269999999999994
2026-06-25,leaders,v1,Farm & Heavy Construction Machinery,FSS,FSS,Federal Signal Corp,Farm & Heavy Construction Machinery,USA,7.73B,28.77,"277,635",126.79,4.20%,Apr 29/b,RUT,22.87,1.47,3.30,26.61,17.28,3.52,20.53%,12.49%,13.49%,0.40,0.41,11.84%,4.41,1.29,17.49%,11.53%,26.79%,20.79%,15.51%,14.97%,14.03%,34.89%,52.79%,28.92%,23.25%,28.44%,16.71%,11.56%,0.12%,-0.52%,11.38%,8.79%,13.87%,11.97%,16.76%,23.36%,104.53%,3.97,3.05%,1.21,13.20%,10.93%,10.55%,72.29,463.50K,0.95,121.68,122.91,128.47,122.43,1.50,140.00,Jun-12,"Federal Signal Provides Update on Streator, Illinois Facility; Announces Signing of Definitive Agreement to Acquire Western Technology, Expanding its Presence in Portable Industrial Signaling Solutions for Hazardous Environments",https://finviz.com/news/361513/federal-signal-provides-update-on-streator-illinois-facility-announces-signing-of-definitive-agreement-to-acquire-western-technology-expanding-its-presence-in-portable-industrial-signaling-solutions-for-hazardous-environments,"Federal Signal to acquire $6 million-revenue Western Technology, maker of portable explosion-protected lighting solutions",Industrials,108.32,8.25B,2.84,1.29,2.34B,270.70M,100.01%,215.15%,3.00%,-4.59%,25.30%,3.15%,1.01%,15.87%,33.44%,7.89%,sustained_strength,5,28.0,9.0,13.0,6.0,0.9038988243146237,0.944055944055944,0.9930555555555556,0.3205128205128206,0.9405594405594404,0.9574631990888236,-0.0046620046620046,1.0,1.0,1.0,,1.0,1.4269999999999994
2026-06-25,leaders,v1,Farm & Heavy Construction Machinery,BLBD,BLBD,Blue Bird Corp,Farm & Heavy Construction Machinery,USA,2.48B,19.25,"258,384",78.46,4.10%,May 06/a,RUT,14.65,2.08,1.66,13.51,11.88,1.54,54.48%,21.57%,34.92%,0.28,0.30,-,4.08,1.27,9.23%,11.91%,-,53.90%,7.04%,22.73%,10.98%,-1.73%,14.08%,25.05%,10.09%,21.04%,11.87%,8.91%,-1.91%,-3.87%,6.96%,13.33%,36.54%,49.81%,66.93%,82.84%,271.13%,2.90,3.59%,1.33,8.70%,14.67%,35.93%,67.18,420.20K,0.98,75.37,77.88,80.63,77.01,1.38,83.25,May-07,Blue Bird Corporation Q2 2026 Earnings Call Summary,https://finance.yahoo.com/m/a6a0ef61-0c50-3e3e-be04-57b842e2c909/blue-bird-corporation-q2-2026.html,"Blue Bird posts record profitability, raises 2026 outlook and expands TAM with Micro Bird deal",Industrials,9.00,2.29B,1.83,1.27,1.49B,133.01M,106.47%,184.88%,3.26%,-3.75%,86.80%,0.74%,3.33%,-,14.06%,5.30%,sustained_strength,5,28.0,9.0,13.0,6.0,0.9038988243146237,0.944055944055944,0.9930555555555556,0.3205128205128206,0.9405594405594404,0.9574631990888236,-0.0046620046620046,1.0,1.0,1.0,,1.0,1.4269999999999994
2026-06-25,leaders,v1,Electronic Components,APH,APH,Amphenol Corp,Electronic Components,USA,203.50B,47.53,"2,902,144",165.41,1.62%,Apr 29/b,S&P 500,29.24,1.23,7.86,43.94,26.70,8.41,36.79%,13.73%,14.59%,1.19,1.34,23.27%,3.48,1.16,43.14%,18.32%,29.71%,27.85%,23.79%,22.31%,21.85%,58.39%,24.15%,68.63%,54.40%,37.86%,26.96%,17.24%,-11.14%,0.84%,2.67%,18.53%,28.50%,22.40%,22.40%,70.50%,312.56%,6.50,4.09%,1.24,7.66%,14.65%,20.23%,64.92,9.74M,0.47,162.78,166.15,168.72,163.80,1.57,184.61,Jun-22,Generac Holdings Inc. stock outperforms competitors on strong trading day,https://www.marketwatch.com/data-news/generac-holdings-inc-stock-outperforms-competitors-on-strong-trading-day-d0cc63f7-f74bde0ceab6?mod=mw_FV,AI data center tailwinds and Barclays PT hike fuel APH's 6.79% surge,Technology,44.40,217.78B,1.71,1.26,25.90B,4.47B,98.36%,387.02%,3.34%,-1.98%,73.77%,-0.44%,2.07%,21.75%,12.60%,7.63%,sustained_strength,6,36.0,24.0,7.0,5.0,0.825692962895167,0.9452214452214452,1.0,0.2447552447552446,0.9335664335664334,0.8735444662935307,-0.0745920745920746,1.0,1.0,1.0,,0.0,-1.8960000000000004
2026-06-25,leaders,v1,Electronic Components,GLW,GLW,Corning Inc,Electronic Components,USA,193.83B,108.10,"17,904,437",225.22,9.42%,Apr 28/b,S&P 500,53.53,1.69,11.88,129.22,50.50,12.41,16.07%,6.17%,8.88%,0.73,0.84,4.94%,2.08,0.75,26.50%,31.98%,6.07%,27.86%,31.68%,3.40%,6.68%,20.05%,134.97%,298.15%,20.05%,35.64%,16.13%,11.09%,-0.75%,-1.66%,28.40%,14.81%,53.89%,154.77%,157.22%,338.26%,565.15%,15.91,6.85%,1.11,19.38%,23.67%,82.61%,63.59,13.15M,2.17,205.83,216.00,230.50,213.02,1.90,209.31,3 hours,Micron Sparks Fresh AI Stock Rally,https://finance.yahoo.com/markets/stocks/articles/micron-sparks-fresh-ai-stock-144211104.html,Corning's GlassBridge optical interconnect presentation sparks 9% premarket surge,Technology,108.96,202.52B,1.61,1.06,16.32B,1.81B,73.91%,450.66%,7.86%,3.75%,340.83%,4.27%,4.94%,1.22%,1.19%,1.09%,sustained_strength,6,36.0,24.0,7.0,5.0,0.825692962895167,0.9452214452214452,1.0,0.2447552447552446,0.9335664335664334,0.8735444662935307,-0.0745920745920746,1.0,1.0,1.0,,0.0,-1.8960000000000004
2026-06-25,leaders,v1,Electronic Components,FLEX,FLEX,Flex Ltd,Electronic Components,USA,59.93B,70.15,"4,374,130",163.57,8.53%,May 05/a,S&P 500,24.11,0.56,2.15,56.97,30.53,2.22,17.35%,4.35%,9.30%,0.84,0.87,-,2.33,0.90,34.28%,53.11%,10.69%,13.64%,43.15%,-0.69%,2.96%,16.86%,17.12%,10.64%,8.14%,9.16%,5.40%,3.15%,-22.04%,-2.63%,14.28%,14.20%,133.61%,156.47%,170.73%,233.69%,752.12%,9.42,6.13%,1.64,8.17%,27.85%,106.66%,65.01,6.53M,1.07,150.72,156.40,165.89,156.40,1.50,172.40,Jun-09,Chase Corporation Acquires Sheldahl,https://finviz.com/news/360683/chase-corporation-acquires-sheldahl,Flex CEO highlights CPI spin-off value on Fox Business as proxy details record FY2026,Technology,25.09,62.01B,1.36,0.87,27.91B,880.00M,98.88%,1150.00%,5.81%,-1.97%,241.99%,4.59%,3.77%,-,6.36%,7.44%,sustained_strength,6,36.0,24.0,7.0,5.0,0.825692962895167,0.9452214452214452,1.0,0.2447552447552446,0.9335664335664334,0.8735444662935307,-0.0745920745920746,1.0,1.0,1.0,,0.0,-1.8960000000000004
2026-06-25,leaders,v1,Electronic Components,TEL,TEL,TE Connectivity plc,Electronic Components,Ireland,58.97B,20.64,"692,842",202.01,1.74%,Apr 22/b,S&P 500,16.04,0.96,3.15,17.39,13.13,3.40,22.97%,11.79%,15.47%,0.42,0.43,7.67%,9.79,2.84,28.19%,12.13%,-6.23%,-,16.75%,1.97%,7.24%,14.51%,6593.53%,114.94%,16.66%,36.62%,20.79%,15.54%,-9.93%,1.71%,-4.80%,-3.16%,-3.81%,-13.49%,-11.21%,20.34%,51.76%,7.85,3.49%,1.17,-4.20%,-4.90%,-8.83%,43.75,2.64M,0.42,198.55,201.82,204.62,200.16,1.82,267.83,Jun-22,"SpaceX initiation, Apple downgrade among today's top calls on Wall Street",https://finance.yahoo.com/markets/stocks/articles/spacex-initiation-apple-downgrade-among-133025602.html,Evercore ISI downgrade on valuation drives 4.53% drop in TEL shares,Technology,53.12,63.66B,1.89,1.20,18.70B,2.91B,95.98%,50.98%,2.98%,-20.02%,21.61%,0.09%,1.65%,8.66%,1.30%,-0.04%,sustained_strength,6,36.0,24.0,7.0,5.0,0.825692962895167,0.9452214452214452,1.0,0.2447552447552446,0.9335664335664334,0.8735444662935307,-0.0745920745920746,1.0,1.0,1.0,,0.0,-1.8960000000000004
2026-06-25,leaders,v1,Electronic Components,CLS,CLS,Celestica Inc,Electronic Components,Canada,41.01B,43.11,"1,249,221",356.72,-1.52%,Apr 27/a,-,23.52,0.52,2.97,83.28,31.69,3.01,52.45%,13.60%,32.17%,0.42,0.45,-,8.27,2.30,69.70%,47.75%,82.53%,72.48%,45.44%,19.56%,16.60%,52.80%,148.83%,131.23%,36.72%,11.51%,8.22%,6.95%,-29.38%,-1.75%,-6.22%,-3.81%,18.03%,16.25%,20.67%,139.35%,2405.06%,26.73,6.90%,2.06,-8.25%,-7.55%,12.93%,44.46,2.24M,0.89,362.24,372.52,374.17,349.00,1.35,454.37,Jun-24,"AVGO, CLS Stocks Are Gaining Today  Whats Behind OpenAI And Broadcoms New AI Chip?",https://finance.yahoo.com/m/854b2a79-c502-32bb-9d2d-c0a02543e88b/avgo%2C-cls-stocks-are-gaining.html,Celestica named key implementation and integration partner for OpenAI and Broadcom's new 'Jalapeño' custom AI inference chip platform,Technology,108.50,41.57B,1.26,0.73,13.79B,958.60M,71.97%,4303.95%,5.31%,-24.75%,147.26%,-4.24%,2.84%,-,3.93%,0.05%,sustained_strength,6,36.0,24.0,7.0,5.0,0.825692962895167,0.9452214452214452,1.0,0.2447552447552446,0.9335664335664334,0.8735444662935307,-0.0745920745920746,1.0,1.0,1.0,,0.0,-1.8960000000000004
2026-06-25,leaders,v1,Electronic Components,JBL,JBL,Jabil Inc,Electronic Components,USA,40.12B,47.41,"808,086",380.26,2.27%,Jun 17/b,S&P 500,22.75,0.83,1.19,30.74,17.88,1.27,66.10%,4.07%,18.67%,2.49,2.94,0.00%,8.02,4.06,30.83%,31.04%,-4.94%,76.36%,27.29%,-3.80%,1.79%,11.79%,27.52%,55.75%,17.80%,10.54%,5.03%,2.57%,-6.13%,-0.83%,1.41%,0.00%,34.25%,65.49%,66.76%,77.14%,269.04%,19.19,5.02%,1.28,2.52%,7.23%,43.99%,57.70,1.24M,1.04,371.80,378.33,383.94,370.01,1.71,442.30,5 hours,"Badger Technologies Names Retail Industry Veteran John Gehre CEO, Expands Leadership Team",https://www.businesswire.com/news/home/20260625772500/en,"Jabil opens new manufacturing facility in Pune, India, expanding India footprint to 1.2 million square feet",Technology,29.50,42.65B,0.98,0.66,33.59B,862.00M,98.15%,561.89%,7.19%,-11.35%,100.56%,0.51%,1.76%,0.00%,1.98%,1.69%,sustained_strength,6,36.0,24.0,7.0,5.0,0.825692962895167,0.9452214452214452,1.0,0.2447552447552446,0.9335664335664334,0.8735444662935307,-0.0745920745920746,1.0,1.0,1.0,,0.0,-1.8960000000000004
2026-06-25,leaders,v1,Electronic Components,TTMI,TTMI,TTM Technologies Inc,Electronic Components,USA,21.74B,113.78,"774,323",209.33,-0.20%,Apr 29/a,RUT,39.35,1.03,7.00,-,50.64,7.21,11.40%,5.25%,6.80%,0.56,0.57,-,1.84,0.92,64.72%,31.29%,22.71%,-,38.07%,5.22%,6.66%,30.42%,51.66%,146.72%,23.10%,19.99%,9.20%,6.29%,-4.37%,-3.23%,3.27%,6.28%,93.82%,195.26%,203.37%,434.00%,1464.48%,14.76,7.71%,2.03,9.02%,23.64%,106.72%,61.49,2.25M,0.55,209.74,217.44,219.80,203.26,1.17,219.60,5 hours,"TTM Technologies, Inc. to Join the Russell 1000 Index on June 26th",https://finviz.com/news/364003/ttm-technologies-inc-to-join-the-russell-1000-index-on-june-26th,"TTM Technologies announces it will migrate from the Russell 2000 to the Russell 1000 Index, effective after the market close on June 26, 2026.",Technology,53.01,22.38B,1.88,1.61,3.10B,195.26M,94.28%,1355.68%,5.79%,-6.48%,450.14%,-3.73%,3.67%,-,11.94%,7.11%,sustained_strength,6,36.0,24.0,7.0,5.0,0.825692962895167,0.9452214452214452,1.0,0.2447552447552446,0.9335664335664334,0.8735444662935307,-0.0745920745920746,1.0,1.0,1.0,,0.0,-1.8960000000000004
2026-06-25,leaders,v1,Electronic Components,FN,FN,Fabrinet,Electronic Components,Cayman Islands,20.13B,48.31,"373,649",561.86,-1.11%,May 04/a,RUT,32.70,1.18,4.75,439.45,40.24,4.53,19.99%,13.74%,18.24%,0.00,0.00,-,11.63,3.81,35.75%,24.45%,19.61%,24.42%,27.68%,14.76%,15.80%,39.29%,53.49%,30.06%,29.79%,11.95%,9.77%,9.94%,-2.69%,1.45%,-3.85%,-17.47%,-8.20%,16.19%,23.41%,96.53%,352.53%,49.02,7.99%,1.21,-9.39%,-14.53%,9.04%,40.69,840.21K,0.71,568.17,575.36,585.00,541.00,1.83,749.11,May-14,Innoviz Technologies Ltd. Q1 2026 Earnings Call Summary,https://finance.yahoo.com/m/86448f30-4b8d-334d-b8d0-db7cd67ca065/innoviz-technologies-ltd.-q1.html,AI-optics demand optimism sparks Fabrinet 8% intraday rebound,Technology,21.30,19.19B,2.55,1.79,4.24B,420.97M,111.48%,489.63%,6.81%,-24.97%,106.19%,-2.35%,1.27%,-,4.54%,2.22%,sustained_strength,6,36.0,24.0,7.0,5.0,0.825692962895167,0.9452214452214452,1.0,0.2447552447552446,0.9335664335664334,0.8735444662935307,-0.0745920745920746,1.0,1.0,1.0,,0.0,-1.8960000000000004
2026-06-25,leaders,v1,Electronic Components,VICR,VICR,Vicor Corp,Electronic Components,USA,15.13B,111.20,"274,198",332.04,3.03%,Apr 21/b,RUT,55.75,1.25,35.47,173.33,197.03,34.54,20.49%,18.60%,17.99%,0.01,0.01,-,2.99,0.65,16.60%,95.69%,66.34%,44.90%,44.62%,0.72%,6.57%,20.22%,683.69%,491.65%,15.59%,58.17%,12.62%,32.03%,-6.90%,8.13%,2.11%,-0.27%,78.52%,199.08%,202.96%,621.05%,525.67%,27.79,8.54%,2.36,4.79%,16.10%,106.22%,56.48,840.24K,0.52,322.28,336.82,345.00,320.00,1.00,406.25,Jun-05,Vicor Gaining on Search for AI Power,https://finance.yahoo.com/markets/stocks/articles/vicor-gaining-search-ai-power-125437079.html,CEO Patrizio Vinciarelli's ongoing multimillion-dollar stock sales trigger VICR's 9.17% drop,Technology,37.44,14.74B,14.30,12.03,426.70M,136.68M,46.76%,232.04%,6.94%,-10.11%,695.12%,-1.42%,4.51%,-,17.68%,3.31%,sustained_strength,6,36.0,24.0,7.0,5.0,0.825692962895167,0.9452214452214452,1.0,0.2447552447552446,0.9335664335664334,0.8735444662935307,-0.0745920745920746,1.0,1.0,1.0,,0.0,-1.8960000000000004
2026-06-25,leaders,v1,Electronic Components,SANM,SANM,Sanmina Corp,Electronic Components,USA,13.63B,53.85,"244,894",254.29,2.20%,Apr 27/a,RUT,19.59,0.73,1.20,18.56,20.70,1.29,11.18%,3.55%,5.61%,0.91,1.00,-,4.72,2.77,84.82%,16.26%,5.38%,17.69%,26.72%,0.87%,3.15%,102.27%,46.91%,8.59%,44.48%,8.51%,4.94%,2.29%,-6.19%,-1.76%,4.75%,-2.18%,83.52%,66.32%,69.45%,166.97%,347.61%,15.43,6.45%,1.56,-0.39%,9.63%,53.48%,54.78,990.14K,0.39,248.81,254.15,257.49,246.50,2.25,239.00,Jun-05,Marvell Technology and Flex Set to Join S&P 500; Others to Join S&P MidCap 400 and S&P SmallCap 600,https://finviz.com/news/360022/marvell-technology-and-flex-set-to-join-sp-500-others-to-join-sp-midcap-400-and-sp-smallcap-600,"Momentum from Q2 earnings beat, sharply raised FY guidance, and Zacks Strong Buy upgrade drives premarket gap higher.",Technology,8.44,14.62B,1.71,1.03,11.34B,259.61M,98.72%,556.23%,6.47%,-11.91%,171.04%,0.06%,2.15%,-,31.78%,22.17%,sustained_strength,6,36.0,24.0,7.0,5.0,0.825692962895167,0.9452214452214452,1.0,0.2447552447552446,0.9335664335664334,0.8735444662935307,-0.0745920745920746,1.0,1.0,1.0,,0.0,-1.8960000000000004
2026-06-25,leaders,v1,Electronic Components,LFUS,LFUS,Littelfuse Inc,Electronic Components,USA,12.19B,-,"130,296",481.99,3.95%,May 06/b,-,28.34,1.22,4.90,31.45,23.79,4.99,-1.61%,-1.04%,-1.29%,0.24,0.28,8.60%,-1.69,3.78,36.02%,17.07%,-,-,23.24%,-1.72%,10.54%,18.52%,69.37%,-136.87%,12.64%,35.67%,15.46%,-1.61%,-18.84%,-2.35%,3.33%,1.10%,36.88%,88.10%,90.57%,113.53%,78.42%,21.21,4.27%,1.48,2.52%,8.48%,46.54%,57.03,301.98K,0.69,463.69,474.04,485.03,467.64,2.33,518.33,Jun-04,UFP Technologies Names Ryan Stafford General Counsel and Senior Vice President of Human Resources,https://www.businesswire.com/news/home/20260604211242/en/,No clear catalyst identified for Littelfuse's 5.89% decline on June 9 2026,Technology,25.29,12.42B,2.61,1.82,2.49B,-40.12M,103.98%,94.80%,3.72%,-3.71%,118.93%,1.68%,2.23%,8.67%,16.27%,2.82%,sustained_strength,6,36.0,24.0,7.0,5.0,0.825692962895167,0.9452214452214452,1.0,0.2447552447552446,0.9335664335664334,0.8735444662935307,-0.0745920745920746,1.0,1.0,1.0,,0.0,-1.8960000000000004
2026-06-25,leaders,v1,Electronic Components,RAL,RAL,Ralliant Corp,Electronic Components,USA,8.35B,-,"729,269",74.64,3.38%,May 12/b,-,24.22,2.62,3.94,-,24.91,4.35,-,-,-45.77%,0.73,0.73,-,-11.00,0.62,-1.44%,16.24%,-,-,9.26%,-0.33%,-,10.96%,-31.13%,-,-,46.21%,11.90%,-58.55%,-4.89%,-1.41%,11.02%,20.27%,74.47%,44.32%,46.61%,57.14%,-,2.55,3.55%,1.25,14.08%,31.27%,52.45%,79.17,1.51M,0.77,72.20,73.29,75.01,73.29,2.00,67.91,May-18,Ralliant Spotlights Award of $27.3M Investment from the Defense Production Act to Scale Production at its PacSci EMC Operating Company,https://www.businesswire.com/news/home/20260429161638/en,Ralliant's PacSci EMC unit wins $27.3M Defense Production Act Title III funding from Department of War,Technology,31.17,9.23B,1.61,1.05,2.12B,-1.24B,101.61%,-,4.25%,2.29%,100.27%,1.84%,1.51%,-,16.26%,3.72%,sustained_strength,6,36.0,24.0,7.0,5.0,0.825692962895167,0.9452214452214452,1.0,0.2447552447552446,0.9335664335664334,0.8735444662935307,-0.0745920745920746,1.0,1.0,1.0,,0.0,-1.8960000000000004
2026-06-25,leaders,v1,Electronic Components,PLXS,PLXS,Plexus Corp,Electronic Components,USA,7.92B,43.25,"139,081",295.91,3.25%,Apr 29/a,RUT,31.23,2.66,1.84,104.47,28.07,1.83,13.20%,5.82%,11.67%,0.08,0.18,-,6.84,2.13,10.34%,15.59%,8.80%,9.78%,11.72%,1.90%,3.53%,18.73%,29.12%,32.91%,8.64%,9.62%,4.72%,4.35%,-18.06%,0.83%,0.64%,8.43%,36.20%,92.97%,101.30%,120.32%,217.67%,11.81,3.91%,0.87,3.65%,10.94%,53.62%,60.07,326.90K,0.68,286.59,293.05,299.00,286.02,2.43,293.25,Jun-12,Satellite Stocks Can Hitch a Ride. Here Are 5.,https://www.barrons.com/livecoverage/spacex-ipo-stock-price-spcx-elon-musk/card/satellite-stocks-can-hitch-a-ride-here-are-5--2BT9Zro6fK5hfK4T5h9r?mod=bar_FV,Tech selloff sparks profit-taking in Plexus after highs and PT upgrade,Technology,26.12,7.88B,1.54,0.74,4.31B,187.54M,100.69%,224.82%,3.37%,-3.63%,156.53%,0.98%,2.25%,-,8.85%,2.92%,sustained_strength,6,36.0,24.0,7.0,5.0,0.825692962895167,0.9452214452214452,1.0,0.2447552447552446,0.9335664335664334,0.8735444662935307,-0.0745920745920746,1.0,1.0,1.0,,0.0,-1.8960000000000004
2026-06-25,leaders,v1,Electronic Components,BELFB,BELFB,Bel Fuse Inc,Electronic Components,USA,4.31B,75.31,"119,410",308.73,4.96%,Apr 29/a,RUT,31.38,1.56,6.14,58.42,33.49,6.52,13.49%,5.82%,8.37%,0.50,0.52,0.00%,4.10,2.36,21.41%,14.13%,2.47%,34.22%,20.13%,1.07%,7.72%,17.24%,-42.49%,17.25%,25.54%,39.22%,15.68%,7.35%,-3.20%,-,2.97%,11.76%,39.84%,77.41%,82.00%,237.12%,456.48%,15.84,5.64%,1.70,7.95%,11.93%,51.16%,61.37,260.03K,0.73,294.15,302.13,310.85,298.31,1.14,317.57,May-21,Bel Fuse Inc. Announces Regular Quarterly Cash Dividend on its Class A and Class B Shares,https://finviz.com/news/356491/bel-fuse-inc-announces-regular-quarterly-cash-dividend-on-its-class-a-and-class-b-shares,"Bel Fuse declares regular quarterly dividend of $0.06 for Class A, $0.07 for Class B shares",Technology,72.48,4.57B,3.18,1.73,701.71M,51.58M,74.33%,1963.72%,5.58%,-0.94%,241.07%,2.19%,2.71%,0.00%,11.59%,3.73%,sustained_strength,6,36.0,24.0,7.0,5.0,0.825692962895167,0.9452214452214452,1.0,0.2447552447552446,0.9335664335664334,0.8735444662935307,-0.0745920745920746,1.0,1.0,1.0,,0.0,-1.8960000000000004
2026-06-25,leaders,v1,Electronic Components,BELFA,BELFA,Bel Fuse Inc,Electronic Components,USA,4.27B,65.28,"230,822",267.61,4.05%,Apr 29/a,RUT,27.20,1.35,6.09,57.92,33.22,6.46,13.49%,5.82%,8.37%,0.50,0.52,0.00%,4.10,2.36,21.41%,14.13%,2.47%,34.22%,20.13%,1.07%,7.72%,17.24%,-42.49%,17.25%,25.54%,39.22%,15.68%,7.35%,-0.51%,-,0.74%,5.13%,29.50%,73.05%,76.29%,223.91%,383.67%,14.92,6.00%,1.39,5.68%,8.16%,46.89%,58.21,113.00K,3.26,257.19,260.00,269.74,261.33,-,21.50,May-21,Bel Fuse Inc. Announces Regular Quarterly Cash Dividend on its Class A and Class B Shares,https://finviz.com/news/356491/bel-fuse-inc-announces-regular-quarterly-cash-dividend-on-its-class-a-and-class-b-shares,"Bel Fuse declares regular quarterly dividend of $0.06 for Class A, $0.07 for Class B shares",Technology,71.86,4.54B,3.18,1.73,701.71M,51.58M,8.35%,1727.98%,6.04%,-3.11%,223.91%,2.93%,1.09%,0.00%,11.59%,3.73%,sustained_strength,6,36.0,24.0,7.0,5.0,0.825692962895167,0.9452214452214452,1.0,0.2447552447552446,0.9335664335664334,0.8735444662935307,-0.0745920745920746,1.0,1.0,1.0,,0.0,-1.8960000000000004
2026-06-25,leaders,v1,Electronic Components,KN,KN,Knowles Corp,Electronic Components,USA,3.56B,63.67,"755,780",41.56,3.50%,Apr 23/a,RUT,26.68,-,5.79,48.64,29.90,5.97,8.15%,5.82%,6.16%,0.19,0.19,-,0.65,0.30,16.44%,20.50%,-,50.23%,-,-8.12%,-4.94%,15.81%,2504.35%,124.61%,-1.25%,41.87%,14.02%,9.30%,-17.87%,0.16%,3.29%,8.67%,55.93%,87.61%,93.91%,136.24%,141.88%,1.76,4.19%,1.57,5.39%,16.46%,54.06%,61.56,927.84K,1.30,40.15,41.13,42.10,40.65,1.80,39.00,Apr-24,Knowles Corp (KN) Q1 2026 Earnings Call Highlights: Strong Revenue Growth and Margin Expansion,https://finance.yahoo.com/markets/stocks/articles/knowles-corp-kn-q1-2026-071428690.html,Profit-taking pulls Knowles from all-time high amid global tech rout,Technology,86.72,3.67B,3.27,1.77,614.10M,57.10M,102.52%,110.73%,3.41%,-3.20%,139.65%,1.03%,2.44%,-,13.68%,3.87%,sustained_strength,6,36.0,24.0,7.0,5.0,0.825692962895167,0.9452214452214452,1.0,0.2447552447552446,0.9335664335664334,0.8735444662935307,-0.0745920745920746,1.0,1.0,1.0,,0.0,-1.8960000000000004
2026-06-25,leaders,v1,Electronic Components,BHE,BHE,Benchmark Electronics Inc,Electronic Components,USA,3.49B,103.00,"217,378",97.33,5.94%,Apr 29/a,RUT,31.00,-,1.29,38.27,22.21,1.29,3.11%,1.62%,2.45%,0.27,0.29,1.22%,0.94,0.69,15.10%,13.67%,-28.97%,12.39%,-,-2.70%,5.31%,7.20%,260.44%,-34.92%,3.53%,10.10%,4.11%,1.27%,-11.05%,0.99%,6.90%,9.35%,64.89%,118.24%,127.63%,151.97%,290.59%,4.16,4.32%,1.25,9.68%,18.15%,71.59%,66.73,435.05K,0.80,91.88,94.46,98.50,93.63,1.50,83.50,Jun-17,HPE Names Benchmark as Its Manufacturing Partner of the Year,https://www.businesswire.com/news/home/20260617981472/en/,Benchmark Electronics expands long-term manufacturing partnership with Ouster for high-volume production of Rev8 OS digital lidar sensor family,Technology,10.74,3.49B,2.18,1.42,2.70B,34.23M,102.62%,237.27%,3.99%,2.73%,182.62%,3.04%,2.81%,1.00%,4.50%,0.11%,sustained_strength,6,36.0,24.0,7.0,5.0,0.825692962895167,0.9452214452214452,1.0,0.2447552447552446,0.9335664335664334,0.8735444662935307,-0.0745920745920746,1.0,1.0,1.0,,0.0,-1.8960000000000004
2026-06-25,leaders,v1,Electronic Components,ROG,ROG,Rogers Corp,Electronic Components,USA,2.98B,-,"134,482",166.85,2.90%,Apr 28/a,RUT,38.21,1.14,3.63,42.48,23.79,3.43,-4.54%,-3.81%,-4.59%,0.02,0.02,-,-3.02,0.99,52.30%,19.96%,-,-,33.61%,-5.84%,0.20%,5.25%,432.10%,-431.99%,1.68%,32.21%,7.69%,-6.81%,-6.30%,-2.61%,5.28%,15.84%,52.08%,77.74%,82.21%,143.75%,6.13%,7.24,4.86%,0.47,10.23%,18.77%,58.16%,65.76,274.90K,0.78,162.14,166.56,168.98,162.93,1.75,183.33,May-19,Rogers Corporation Appoints Ali El-Haj Chief Executive Officer,https://www.businesswire.com/news/home/20260518195539/en/Ali,"Rogers Corporation announces the appointment of Ali El-Haj as President, Chief Executive Officer and board member, effective immediately.",Technology,15.21,2.81B,4.02,3.02,820.80M,-55.90M,101.15%,-13.34%,4.47%,-1.27%,172.79%,0.17%,2.73%,-,12.49%,0.00%,sustained_strength,6,36.0,24.0,7.0,5.0,0.825692962895167,0.9452214452214452,1.0,0.2447552447552446,0.9335664335664334,0.8735444662935307,-0.0745920745920746,1.0,1.0,1.0,,0.0,-1.8960000000000004
2026-06-25,leaders,v1,Electronic Components,OUST,OUST,Ouster Inc,Electronic Components,USA,2.71B,-,"2,691,866",42.56,4.54%,May 05/a,RUT,-,-,14.62,-,-,13.78,-25.17%,-17.17%,-19.35%,0.05,0.06,-,-0.97,-0.12,-1237.10%,66.88%,48.37%,55.26%,-,60.42%,55.05%,48.87%,32.66%,50.64%,57.34%,48.61%,-38.79%,-30.12%,-22.10%,-1.12%,4.51%,-0.33%,110.48%,85.68%,96.66%,80.87%,685.21%,5.35,13.40%,3.25,-0.86%,21.97%,56.71%,53.62,3.97M,1.08,40.71,42.81,43.59,39.14,1.50,47.29,Jun-17,Ouster and AIM Intelligent Machines Announce Strategic Agreement for Digital Lidar to Equip AI-Powered Heavy Earthmoving Equipment Following the Release of REV8 with Native Color,https://www.businesswire.com/news/home/20260617199530/en,OUST plunges 12% on profit-taking after run-up and dilution fears from authorized share doubling,Technology,15.60,2.55B,2.98,2.62,185.33M,-55.83M,46.76%,-66.28%,15.81%,-17.36%,159.50%,-0.59%,5.16%,-,-15.74%,5.26%,sustained_strength,6,36.0,24.0,7.0,5.0,0.825692962895167,0.9452214452214452,1.0,0.2447552447552446,0.9335664335664334,0.8735444662935307,-0.0745920745920746,1.0,1.0,1.0,,0.0,-1.8960000000000004
2026-06-25,leaders,v1,Metal Fabrication,CRS,CRS,Carpenter Technology Corp,Metal Fabrication,USA,29.61B,62.73,"392,945",596.02,2.59%,Apr 29/b,-,47.35,1.78,9.78,72.69,37.86,9.91,24.88%,13.60%,17.36%,0.33,0.34,0.00%,9.50,3.07,41.43%,18.99%,-,217.98%,26.62%,16.15%,5.70%,11.62%,47.39%,34.03%,3.72%,29.79%,21.41%,15.81%,-2.32%,-2.08%,3.57%,31.37%,46.57%,79.29%,89.31%,125.77%,1058.90%,20.62,3.91%,1.19,11.74%,26.22%,63.94%,79.89,728.83K,0.86,580.95,588.45,605.11,583.30,1.70,478.43,Jun-03,"Carpenter Technology Gains on Record Earnings, Profits",https://finance.yahoo.com/markets/stocks/articles/carpenter-technology-gains-record-earnings-110156148.html,"Continued aerospace demand, pricing power drive CRS to new highs with 5.78% gain",Industrials,100.45,30.02B,3.73,2.08,3.03B,478.80M,96.88%,1373.85%,3.66%,-0.25%,161.41%,1.29%,1.29%,0.00%,5.15%,1.82%,sustained_strength,7,36.0,8.0,14.0,14.0,0.8117674865926614,0.8473193473193473,0.9513888888888888,0.0081585081585081,0.868006993006993,0.958041958041958,-0.2027972027972028,1.0,1.0,1.0,,0.0,-1.879
2026-06-25,leaders,v1,Metal Fabrication,ATI,ATI,ATI Inc,Metal Fabrication,USA,27.29B,65.94,"564,260",199.97,1.20%,Apr 30/b,-,37.12,1.51,5.94,49.39,33.89,6.28,23.36%,8.17%,11.93%,1.01,1.03,-,3.03,1.02,36.36%,21.94%,8.56%,-,24.52%,6.14%,9.00%,0.62%,26.77%,5.01%,2.93%,22.70%,14.75%,9.26%,-9.39%,0.22%,1.58%,18.49%,34.21%,72.75%,74.25%,140.96%,409.48%,7.45,4.01%,0.94,5.75%,17.35%,54.39%,67.01,1.84M,0.49,197.59,200.55,204.49,199.39,1.31,181.60,Jun-23,ATI Expands Advanced Machining and Inspection Capability,https://finviz.com/news/363486/ati-expands-advanced-machining-and-inspection-capability,ATI Inc. announces a new five-year strategic material supply agreement with BWX Technologies to support the U.S. Naval Nuclear Propulsion Program through fiscal 2030.,Industrials,67.94,28.83B,2.67,1.17,4.59B,425.50M,95.13%,851.33%,3.60%,-2.60%,183.97%,-0.29%,1.50%,-,14.03%,-3.00%,sustained_strength,7,36.0,8.0,14.0,14.0,0.8117674865926614,0.8473193473193473,0.9513888888888888,0.0081585081585081,0.868006993006993,0.958041958041958,-0.2027972027972028,1.0,1.0,1.0,,0.0,-1.879
2026-06-25,leaders,v1,Metal Fabrication,MLI,MLI,Mueller Industries Inc,Metal Fabrication,USA,14.87B,17.62,"272,472",134.51,1.01%,Apr 21/b,-,15.50,1.51,3.40,22.80,13.24,3.09,28.22%,23.61%,25.28%,0.00,0.01,37.97%,7.63,2.10,18.00%,7.23%,5.65%,40.88%,10.24%,1.62%,11.75%,19.28%,54.79%,38.42%,11.54%,27.57%,21.80%,19.37%,-4.55%,-0.66%,-2.76%,-2.88%,20.10%,14.59%,17.17%,74.28%,221.22%,3.93,2.96%,1.09,0.38%,0.39%,14.26%,49.74,671.63K,0.65,133.17,135.19,137.07,133.92,2.00,149.50,Jun-01,"Mueller Industries, Inc. Announces Two-for-One Stock Split",https://www.businesswire.com/news/home/20260601269819/en,Mueller Industries announces two-for-one forward stock split,Industrials,10.57,13.51B,5.35,4.26,4.37B,846.78M,92.77%,513.92%,2.73%,-5.21%,75.66%,-0.50%,1.52%,25.99%,44.48%,8.26%,sustained_strength,7,36.0,8.0,14.0,14.0,0.8117674865926614,0.8473193473193473,0.9513888888888888,0.0081585081585081,0.868006993006993,0.958041958041958,-0.2027972027972028,1.0,1.0,1.0,,0.0,-1.879
2026-06-25,leaders,v1,Metal Fabrication,CMC,CMC,Commercial Metals Co,Metal Fabrication,USA,8.20B,16.47,"722,056",73.95,3.74%,Jun 25/b,RUT,10.79,0.39,0.98,20.84,10.40,1.35,12.00%,6.22%,6.39%,0.79,0.82,8.45%,4.49,1.98,105.15%,6.71%,-57.90%,-20.41%,27.91%,-4.36%,7.33%,21.53%,273.74%,626.64%,8.38%,18.48%,9.13%,6.02%,-2.33%,2.03%,0.99%,0.30%,18.49%,4.94%,6.83%,50.36%,43.59%,2.52,3.34%,1.51,-1.38%,3.04%,9.52%,51.28,1.09M,1.06,71.28,72.47,74.41,72.12,1.87,81.00,6 hours,Commercial Metals: Fiscal Q3 Earnings Snapshot,https://finance.yahoo.com/markets/stocks/articles/commercial-metals-fiscal-q3-earnings-105343160.html,"Commercial Metals posts three-year-high core EBITDA, beats fiscal Q3 2026 estimates and guides Q4 EBITDA higher",Industrials,16.28,11.29B,2.38,1.55,8.39B,505.22M,95.28%,137.93%,3.02%,-12.87%,53.61%,2.04%,1.67%,8.74%,1.84%,3.40%,sustained_strength,7,36.0,8.0,14.0,14.0,0.8117674865926614,0.8473193473193473,0.9513888888888888,0.0081585081585081,0.868006993006993,0.958041958041958,-0.2027972027972028,1.0,1.0,1.0,,0.0,-1.879
2026-06-25,leaders,v1,Metal Fabrication,ESAB,ESAB,ESAB Corp,Metal Fabrication,USA,6.06B,29.57,"256,205",99.49,2.72%,May 07/b,-,15.25,1.24,2.08,27.74,12.60,2.49,11.29%,4.70%,4.78%,0.96,0.98,-,3.36,1.43,9.16%,13.15%,-0.34%,7.02%,12.28%,3.10%,7.83%,9.95%,-29.36%,-24.56%,6.63%,33.78%,15.06%,7.07%,-1.64%,3.09%,0.30%,5.24%,1.97%,-13.32%,-10.95%,-16.16%,57.36%,4.88,4.50%,1.12,6.35%,3.84%,-8.96%,55.43,727.13K,0.56,96.85,98.23,101.44,98.21,1.18,137.44,Jun-02,ESAB Corporation Completes Acquisition of Eddyfi Technologies,https://www.businesswire.com/news/home/20260602518627/en/,Appointment of Mitchell Rales as Executive Chair and incentive alignment drives ESAB 8.45% surge,Industrials,6.03,7.24B,2.97,2.26,2.91B,205.83M,97.35%,-,5.27%,-27.61%,21.05%,1.28%,1.42%,36.32%,-1.90%,5.50%,sustained_strength,7,36.0,8.0,14.0,14.0,0.8117674865926614,0.8473193473193473,0.9513888888888888,0.0081585081585081,0.868006993006993,0.958041958041958,-0.2027972027972028,1.0,1.0,1.0,,0.0,-1.879
2026-06-25,leaders,v1,Metal Fabrication,GPGI,GPGI,GPGI Inc,Metal Fabrication,USA,4.20B,-,"459,969",14.49,1.79%,May 07/b,RUT,12.10,0.87,-,-,-,-,-25.92%,-21.18%,-12.59%,0.00,0.00,-,-2.37,0.14,-3.85%,25.85%,-,-,13.84%,-45.93%,-25.50%,-100.00%,-1416.79%,-140.99%,-100.00%,-,-,-,0.12%,52.74%,2.66%,15.04%,-21.56%,-24.66%,-24.82%,1.58%,162.07%,0.81,5.48%,0.83,12.26%,4.93%,-22.88%,60.20,3.05M,0.24,14.24,14.49,14.93,14.26,3.00,15.00,May-28,Husky Technologies Appoints Mohammad Kanaan as Chief Financial Officer and Karen Stone as Chief Human Resources Officer,https://finviz.com/news/357906/husky-technologies-appoints-mohammad-kanaan-as-chief-financial-officer-and-karen-stone-as-chief-human-resources-officer,Significant insider purchase by CIO sparks 13% GPGI surge,Industrials,646.39,4.20B,0.92,0.92,0.00M,-392.50M,69.48%,80.76%,4.91%,-45.87%,29.19%,0.03%,1.76%,-,-30.07%,260.38%,sustained_strength,7,36.0,8.0,14.0,14.0,0.8117674865926614,0.8473193473193473,0.9513888888888888,0.0081585081585081,0.868006993006993,0.958041958041958,-0.2027972027972028,1.0,1.0,1.0,,0.0,-1.879
2026-06-25,leaders,v1,Metal Fabrication,WOR,WOR,Worthington Enterprises Inc,Metal Fabrication,USA,2.72B,17.58,"221,868",55.14,-3.77%,Jun 23/a,RUT,13.54,1.52,1.97,15.96,21.79,2.20,15.89%,8.73%,11.40%,0.33,0.34,-5.90%,3.14,0.77,11.57%,8.33%,-15.45%,-25.22%,8.88%,-0.88%,-15.32%,16.85%,1151.61%,63.76%,19.72%,27.30%,5.95%,11.30%,0.00%,0.85%,-6.61%,-0.95%,11.37%,4.45%,6.92%,-10.12%,47.36%,2.17,2.94%,1.31,-5.41%,-1.72%,-0.16%,40.46,214.25K,1.65,57.30,56.11,57.45,54.04,2.00,65.60,Jun-24,Worthington Enterprises Inc (WOR) Q4 2026 Earnings Call Highlights: Strong Sales Growth and ...,https://finance.yahoo.com/markets/stocks/articles/worthington-enterprises-inc-wor-q4-210022811.html,Worthington posts record fiscal 2026 free cash flow as core businesses offset ClarkDietrich and cooling headwinds,Industrials,97.94,3.04B,2.37,1.43,1.38B,156.09M,52.23%,48.61%,3.90%,-22.24%,22.51%,-1.73%,-2.08%,-15.06%,-8.49%,-3.89%,sustained_strength,7,36.0,8.0,14.0,14.0,0.8117674865926614,0.8473193473193473,0.9513888888888888,0.0081585081585081,0.868006993006993,0.958041958041958,-0.2027972027972028,1.0,1.0,1.0,,0.0,-1.879
2026-06-25,leaders,v1,REIT - Hotel & Motel,HST,HST,Host Hotels & Resorts Inc,REIT - Hotel & Motel,USA,16.94B,16.89,"2,734,580",24.74,0.63%,May 06/a,S&P 500,25.04,-,2.75,18.43,12.72,3.42,15.00%,7.75%,8.11%,0.83,0.83,31.95%,1.46,0.33,17.22%,-23.39%,7.70%,-,-4.44%,7.61%,30.43%,3.20%,101.77%,51.96%,6.16%,16.04%,14.08%,16.40%,-0.80%,-1.47%,0.47%,7.03%,26.98%,33.87%,39.51%,60.90%,56.38%,0.56,2.32%,1.09,1.64%,9.20%,28.60%,62.56,8.80M,0.50,24.58,24.90,25.03,24.61,1.95,24.41,Jun-18,"Host Hotels & Resorts Announces Second Quarter 2026 Earnings Call to be Held on August 6, 2026",https://finviz.com/news/362820/host-hotels-resorts-announces-second-quarter-2026-earnings-call-to-be-held-on-august-6-2026,Raymond James $27 PT raise sparks HST 4.26% premarket surge,Real Estate,9.95,21.07B,8.42,8.42,6.17B,1.01B,105.70%,46.39%,2.38%,-2.66%,65.00%,-0.66%,1.30%,34.34%,101.40%,3.18%,sustained_strength,8,42.0,18.0,9.0,15.0,0.7936837980191964,0.8403263403263402,0.9444444444444444,-0.0326340326340326,0.8583916083916083,0.9444947277399036,-0.1153846153846154,1.0,1.0,1.0,,0.0,-0.2530000000000003
2026-06-25,leaders,v1,REIT - Hotel & Motel,RHP,RHP,Ryman Hospitality Properties Inc,REIT - Hotel & Motel,USA,8.22B,34.52,"238,317",130.31,0.42%,Apr 30/a,RUT,27.83,1.69,3.10,12.43,15.47,4.66,39.69%,4.39%,5.16%,5.64,5.64,37.39%,3.77,1.29,8.61%,14.35%,16.58%,-,16.49%,12.58%,37.49%,13.16%,5.57%,-17.54%,10.68%,20.96%,19.21%,9.45%,0.38%,-2.76%,6.51%,13.76%,41.90%,33.40%,37.72%,31.87%,45.77%,3.02,2.37%,1.18,7.86%,16.08%,31.72%,78.89,593.26K,0.64,129.77,130.10,131.67,129.35,1.14,124.86,Jun-24,"Ryman Hospitality Properties, Inc. Addresses Recent Media Reports Regarding Opry Entertainment Group",https://finviz.com/news/363839/ryman-hospitality-properties-inc-addresses-recent-media-reports-regarding-opry-entertainment-group,Ryman Hospitality hires Morgan Stanley to evaluate strategic partnerships for its Opry Entertainment Group business,Real Estate,18.22,12.37B,0.22,0.22,2.65B,250.94M,102.64%,55.93%,2.90%,0.26%,55.46%,0.16%,0.25%,136.84%,24.43%,2.51%,sustained_strength,8,42.0,18.0,9.0,15.0,0.7936837980191964,0.8403263403263402,0.9444444444444444,-0.0326340326340326,0.8583916083916083,0.9444947277399036,-0.1153846153846154,1.0,1.0,1.0,,0.0,-0.2530000000000003
2026-06-25,leaders,v1,REIT - Hotel & Motel,APLE,APLE,Apple Hospitality REIT Inc,REIT - Hotel & Motel,USA,3.97B,23.17,"955,504",16.80,0.96%,May 04/a,RUT,23.75,6.09,2.79,14.47,12.62,3.95,5.42%,3.49%,3.81%,0.44,0.54,36.85%,0.72,0.26,-6.76%,2.54%,5.25%,-,3.90%,4.48%,18.60%,3.06%,-9.77%,-8.63%,-0.51%,20.04%,17.65%,12.08%,0.03%,4.06%,3.38%,13.43%,40.35%,38.16%,41.77%,45.33%,17.72%,0.35,2.20%,0.84,5.82%,15.48%,33.23%,79.64,3.48M,0.44,16.64,16.72,16.93,16.65,2.64,15.61,Jun-18,Apple Hospitality REIT Announces Monthly Distribution,https://www.businesswire.com/news/home/20260617660987/en/,"Apple Hospitality REIT declares a regular monthly cash distribution of $0.08 per share, payable July 15, 2026 to shareholders of record as of June 30, 2026.",Real Estate,190.85,5.62B,0.32,0.32,1.42B,171.84M,88.26%,9.27%,2.34%,-0.45%,54.84%,0.48%,0.48%,12.18%,9.09%,3.03%,sustained_strength,8,42.0,18.0,9.0,15.0,0.7936837980191964,0.8403263403263402,0.9444444444444444,-0.0326340326340326,0.8583916083916083,0.9444947277399036,-0.1153846153846154,1.0,1.0,1.0,,0.0,-0.2530000000000003
2026-06-25,leaders,v1,REIT - Hotel & Motel,PK,PK,Park Hotels & Resorts Inc,REIT - Hotel & Motel,USA,2.90B,-,"1,398,601",14.40,0.45%,Apr 30/a,-,25.76,-,1.15,40.85,11.88,2.65,-6.56%,-2.61%,-3.90%,0.79,1.31,17.32%,-1.09,0.24,132.59%,19.97%,-,25.27%,-,0.53%,24.43%,-1.27%,117.24%,-280.33%,-2.20%,15.59%,9.16%,-8.53%,0.02%,-2.53%,-0.66%,20.04%,35.89%,33.50%,37.71%,40.67%,32.67%,0.42,3.35%,1.31,3.16%,16.68%,27.39%,68.36,4.61M,0.48,14.34,14.49,14.57,14.30,2.78,13.80,Jun-02,"Park Hotels & Resorts Inc. Announces Second Quarter 2026 Earnings Conference Call on August 7, 2026",https://www.businesswire.com/news/home/20260602773751/en,"Barclays raises PK price target from $9 to $12, sparking 4.5% gain",Real Estate,15.27,6.70B,0.20,0.20,2.53B,-216.00M,98.20%,-23.31%,2.97%,-3.65%,46.39%,-0.59%,1.05%,52.86%,-4.58%,2.00%,sustained_strength,8,42.0,18.0,9.0,15.0,0.7936837980191964,0.8403263403263402,0.9444444444444444,-0.0326340326340326,0.8583916083916083,0.9444947277399036,-0.1153846153846154,1.0,1.0,1.0,,0.0,-0.2530000000000003
2026-06-25,leaders,v1,REIT - Hotel & Motel,DRH,DRH,Diamondrock Hospitality Co,REIT - Hotel & Motel,USA,2.51B,26.25,"560,324",12.26,0.53%,Apr 30/a,RUT,21.44,2.56,2.24,15.60,12.93,3.24,6.91%,3.40%,3.94%,0.83,0.83,-,0.47,0.21,24.77%,4.13%,-1.96%,-,8.37%,3.81%,30.20%,1.30%,56.38%,136.86%,-0.40%,17.98%,14.91%,8.60%,-0.85%,4.20%,3.24%,10.80%,28.19%,32.21%,36.77%,61.74%,64.49%,0.27,2.16%,0.97,4.48%,11.53%,29.49%,71.67,1.85M,0.48,12.19,12.31,12.41,12.19,2.07,12.03,Jun-18,DIAMONDROCK HOSPITALITY ANNOUNCES SECOND QUARTER 2026 EARNINGS RELEASE AND CONFERENCE CALL,https://finviz.com/news/362599/diamondrock-hospitality-announces-second-quarter-2026-earnings-release-and-conference-call,Strategic NYC hotel sale at strong cap rate and Ladenburg $13 price target hike drive 3.81% rally.,Real Estate,32.94,3.64B,1.00,1.00,1.12B,96.68M,112.36%,26.05%,2.51%,-1.57%,65.33%,-0.45%,0.98%,74.72%,100.00%,0.62%,sustained_strength,8,42.0,18.0,9.0,15.0,0.7936837980191964,0.8403263403263402,0.9444444444444444,-0.0326340326340326,0.8583916083916083,0.9444947277399036,-0.1153846153846154,1.0,1.0,1.0,,0.0,-0.2530000000000003
2026-06-25,leaders,v1,REIT - Hotel & Motel,SHO,SHO,Sunstone Hotel Investors Inc,REIT - Hotel & Motel,USA,2.15B,96.49,"1,013,969",11.54,-0.86%,May 05/b,RUT,62.77,-,2.18,24.07,14.15,3.25,1.89%,1.23%,1.32%,0.50,0.50,48.41%,0.12,0.07,243.31%,33.88%,-50.15%,-,-,1.73%,29.08%,10.96%,1236.51%,23.48%,6.83%,19.34%,9.12%,2.32%,-2.82%,2.11%,-1.70%,6.26%,24.62%,25.98%,29.08%,33.72%,20.61%,0.25,2.14%,0.96,0.36%,8.43%,20.43%,58.95,1.98M,0.81,11.64,11.70,11.77,11.48,2.50,11.08,Jun-24,Sunstone seals $279m deal to sell Hyatt Regency San Francisco,https://finance.yahoo.com/m/a18ece07-a6a1-3d81-8111-4bd2bfa49a4b/sunstone-seals-%24279m-deal-to.html,Sunstone Hotel Investors to sell 821-room Hyatt Regency San Francisco to Blackstone-affiliated funds for $279 million,Real Estate,12.90,3.20B,2.87,2.87,985.77M,22.89M,104.13%,-10.12%,2.26%,-4.39%,36.08%,-1.37%,0.52%,53.26%,384.85%,6.31%,sustained_strength,8,42.0,18.0,9.0,15.0,0.7936837980191964,0.8403263403263402,0.9444444444444444,-0.0326340326340326,0.8583916083916083,0.9444947277399036,-0.1153846153846154,1.0,1.0,1.0,,0.0,-0.2530000000000003
2026-06-25,leaders,v1,REIT - Hotel & Motel,PEB,PEB,Pebblebrook Hotel Trust,REIT - Hotel & Motel,USA,2.12B,-,"1,334,561",18.69,0.40%,Apr 28/a,RUT,-,-,1.41,10.88,13.78,2.98,-2.06%,-0.95%,-1.15%,0.86,1.01,0.00%,-0.80,0.11,63.33%,17.58%,1.70%,22.58%,22.43%,1.96%,27.21%,7.93%,28.31%,-83.41%,2.84%,10.36%,6.83%,-6.12%,0.00%,0.66%,1.99%,23.64%,46.51%,62.71%,65.15%,97.00%,44.81%,0.56,3.18%,1.36,7.12%,20.11%,47.43%,67.31,2.66M,0.80,18.62,18.79,19.03,18.60,3.06,16.09,Jun-16,Curator Hotel & Resort Collection adopts Canary AI tools,https://finance.yahoo.com/m/bee702f8-b952-3d5b-9c11-80197cd756b1/curator-hotel-%26-resort.html,CEO Jon Bortz's multiple open-market share buys fuel PEB's 4.76% gain on June 16.,Real Estate,10.80,4.47B,7.66,7.66,1.50B,-91.92M,128.00%,-22.06%,3.75%,-4.62%,101.13%,-0.51%,0.91%,0.00%,16.13%,4.35%,sustained_strength,8,42.0,18.0,9.0,15.0,0.7936837980191964,0.8403263403263402,0.9444444444444444,-0.0326340326340326,0.8583916083916083,0.9444947277399036,-0.1153846153846154,1.0,1.0,1.0,,0.0,-0.2530000000000003
2026-06-25,leaders,v1,Tools & Accessories,RBC,RBC,RBC Bearings Inc,Tools & Accessories,USA,20.74B,72.11,"99,423",655.52,2.59%,May 15/b,-,40.54,3.14,11.08,60.53,37.15,11.58,9.00%,5.86%,6.91%,0.24,0.29,-,9.09,3.41,16.03%,12.49%,22.49%,20.50%,12.90%,8.39%,25.17%,18.35%,25.48%,18.07%,14.34%,41.19%,24.29%,15.37%,-1.04%,-0.05%,4.76%,12.17%,16.71%,42.56%,46.18%,72.25%,213.59%,18.48,2.89%,1.38,8.30%,9.87%,30.33%,68.93,237.19K,0.67,638.94,645.79,667.69,640.30,1.89,640.83,May-26,RBC Bearings Announces Participation in Upcoming Investor Conferences,https://www.businesswire.com/news/home/20260526863754/en,"RBC Bearings beats Q4 estimates with EPS $3.62, revenue $518M, guides Q1 FY 2027 adjusted gross margin to 45.25%-45.5%",Industrials,361.91,21.67B,2.18,0.78,1.87B,287.60M,99.61%,224.23%,2.35%,1.11%,79.84%,1.51%,1.07%,-,8.72%,2.39%,freshness_fill,1,74.0,22.0,30.0,22.0,0.7889138833194775,0.8356643356643355,0.9305555555555556,0.2610722610722609,0.8330419580419581,0.944055944055944,0.0454545454545454,1.0,1.0,1.0,,1.0,0.4610000000000001
2026-06-25,leaders,v1,Tools & Accessories,SNA,SNA,Snap-on Inc,Tools & Accessories,USA,20.59B,20.52,"167,427",397.43,1.35%,Apr 23/b,S&P 500,18.84,-,3.94,19.11,14.07,3.86,17.83%,12.34%,14.80%,0.16,0.22,14.66%,19.36,4.95,3.06%,6.66%,4.48%,10.89%,-,2.11%,5.52%,5.24%,3.84%,1.23%,2.99%,51.61%,25.53%,19.60%,-5.54%,1.70%,4.24%,6.81%,8.11%,13.54%,15.33%,29.40%,45.25%,8.50,1.93%,0.71,3.91%,5.33%,10.24%,63.23,369.86K,0.72,392.14,395.38,403.35,393.19,2.85,391.83,Jun-09,Snap-on Acquires Diesel Laptops,https://www.businesswire.com/news/home/20260609447019/en/,Snap-on acquires Diesel Laptops for about $100 million in cash to expand heavy-duty vehicle diagnostics,Industrials,11.74,20.16B,3.53,2.74,5.22B,1.02B,99.54%,79.17%,2.41%,-0.86%,30.22%,0.52%,0.83%,14.64%,-1.31%,2.53%,freshness_fill,1,74.0,22.0,30.0,22.0,0.7889138833194775,0.8356643356643355,0.9305555555555556,0.2610722610722609,0.8330419580419581,0.944055944055944,0.0454545454545454,1.0,1.0,1.0,,1.0,0.4610000000000001
2026-06-25,leaders,v1,Tools & Accessories,LECO,LECO,Lincoln Electric Holdings Inc,Tools & Accessories,USA,15.09B,28.42,"151,278",275.40,2.41%,Apr 30/b,-,22.86,2.34,3.47,34.41,19.15,3.72,37.77%,14.31%,19.95%,0.79,0.90,8.95%,9.69,2.79,10.98%,9.98%,5.04%,22.18%,9.76%,4.01%,9.75%,11.43%,17.62%,19.51%,7.72%,36.04%,17.10%,12.39%,-3.07%,0.89%,2.16%,3.80%,7.34%,12.65%,14.92%,33.17%,45.26%,7.53,2.59%,1.19,4.27%,4.59%,8.64%,59.28,367.76K,0.66,268.91,271.40,278.81,269.00,2.62,304.22,Jun-12,Graco Inc. Appoints Steven B. Hedlund to the Board of Directors,https://www.businesswire.com/news/home/20260612770801/en,US-Iran geopolitical escalation sparks risk-off selloff in industrial stock LECO,Industrials,50.48,16.15B,1.83,1.15,4.35B,538.43M,81.04%,108.38%,2.43%,-11.16%,34.72%,1.47%,0.93%,9.43%,2.86%,4.47%,freshness_fill,1,74.0,22.0,30.0,22.0,0.7889138833194775,0.8356643356643355,0.9305555555555556,0.2610722610722609,0.8330419580419581,0.944055944055944,0.0454545454545454,1.0,1.0,1.0,,1.0,0.4610000000000001
2026-06-25,leaders,v1,Tools & Accessories,SWK,SWK,Stanley Black & Decker Inc,Tools & Accessories,USA,14.26B,37.57,"998,971",91.71,2.29%,Apr 29/b,S&P 500,14.77,1.06,0.94,19.65,11.67,1.34,4.17%,1.68%,2.71%,0.52,0.72,3.49%,2.44,1.20,15.23%,15.36%,-,-18.72%,14.00%,-3.71%,2.99%,2.72%,-34.37%,3.45%,-0.06%,29.76%,8.24%,2.44%,0.00%,0.20%,11.20%,16.19%,27.64%,21.89%,23.47%,38.43%,4.44%,3.28,3.37%,1.14,11.48%,16.37%,20.62%,69.34,1.90M,0.84,89.66,90.00,93.50,89.78,2.53,89.36,Jun-24,Stanley Black & Decker Inc. stock outperforms competitors on strong trading day,https://www.marketwatch.com/data-news/stanley-black-decker-inc-stock-outperforms-competitors-on-strong-trading-day-f673ef9d-0f58c943d4df?mod=mw_FV,"Wells Fargo conference highlights SWK pivot to growth, sparking 7% rally",Industrials,41.58,20.42B,1.14,0.43,15.23B,371.10M,93.96%,-55.22%,4.24%,-1.78%,48.16%,1.90%,0.38%,1.24%,35.30%,2.64%,freshness_fill,1,74.0,22.0,30.0,22.0,0.7889138833194775,0.8356643356643355,0.9305555555555556,0.2610722610722609,0.8330419580419581,0.944055944055944,0.0454545454545454,1.0,1.0,1.0,,1.0,0.4610000000000001
2026-06-25,leaders,v1,Tools & Accessories,TKR,TKR,Timken Co,Tools & Accessories,USA,9.96B,32.61,"337,439",143.30,3.85%,May 06/b,-,19.80,1.15,2.13,25.99,14.32,2.56,10.07%,4.58%,5.78%,0.66,0.69,4.23%,4.39,1.62,15.52%,17.56%,-9.18%,1.98%,17.16%,0.63%,5.45%,7.98%,25.97%,-5.18%,3.31%,28.93%,12.86%,6.60%,-2.06%,-2.46%,2.80%,12.46%,40.63%,65.97%,70.33%,96.17%,68.77%,4.75,3.13%,1.19,5.71%,17.59%,47.68%,67.87,959.07K,0.56,137.99,141.00,145.61,141.00,2.00,139.75,Jun-17,Stock for Stark County-based Timken Co. hits all-time high,https://finance.yahoo.com/m/96f260ea-b850-3611-bc08-0dff82461097/stock-for-stark-county-based.html,Timken unveils 2028 financial targets under new Elevate to Outperform strategy,Industrials,27.39,11.96B,2.88,1.55,4.67B,308.30M,91.19%,77.48%,2.98%,-0.66%,103.08%,1.63%,2.18%,4.16%,10.99%,5.12%,freshness_fill,1,74.0,22.0,30.0,22.0,0.7889138833194775,0.8356643356643355,0.9305555555555556,0.2610722610722609,0.8330419580419581,0.944055944055944,0.0454545454545454,1.0,1.0,1.0,,1.0,0.4610000000000001
2026-06-25,leaders,v1,Tools & Accessories,TTC,TTC,Toro Co,Tools & Accessories,USA,9.21B,27.86,"274,065",96.68,2.00%,Jun 04/b,-,19.07,1.89,1.97,12.13,15.01,2.18,23.89%,9.07%,13.67%,0.82,0.83,8.73%,3.47,1.30,9.63%,10.13%,-8.95%,0.86%,10.07%,-0.02%,5.99%,8.39%,9.57%,-11.03%,2.65%,33.31%,11.32%,7.29%,-27.55%,1.18%,6.39%,5.58%,1.07%,23.21%,22.82%,37.31%,-0.75%,2.98,3.23%,0.68,6.19%,4.81%,12.42%,63.88,840.35K,0.52,94.78,95.08,98.02,94.03,2.14,109.25,Jun-04,The Toro Co (TTC) Q2 2026 Earnings Call Highlights: Strong Revenue Growth Amid Inflationary ...,https://finance.yahoo.com/markets/stocks/articles/toro-co-ttc-q2-2026-230017023.html,Positive dealer sales data and golf survey optimism lift TTC 3.93%,Industrials,51.04,10.16B,1.56,0.74,4.66B,339.80M,94.06%,-11.36%,3.20%,-8.09%,42.93%,1.68%,0.32%,8.20%,6.28%,2.24%,freshness_fill,1,74.0,22.0,30.0,22.0,0.7889138833194775,0.8356643356643355,0.9305555555555556,0.2610722610722609,0.8330419580419581,0.944055944055944,0.0454545454545454,1.0,1.0,1.0,,1.0,0.4610000000000001
2026-06-25,leaders,v1,Tools & Accessories,KMT,KMT,Kennametal Inc,Tools & Accessories,USA,2.76B,20.41,"401,577",36.17,5.00%,May 06/b,RUT,9.41,0.43,1.29,37.69,9.44,1.57,10.57%,5.25%,6.90%,0.47,0.49,0.00%,1.77,2.32,192.12%,-1.76%,-11.47%,-,22.03%,-0.76%,0.85%,21.83%,84.71%,28.79%,7.16%,31.44%,9.95%,6.41%,-16.46%,1.27%,-0.52%,-2.08%,-0.55%,23.79%,27.32%,59.14%,32.30%,1.41,3.45%,1.34,5.46%,-0.22%,14.01%,54.49,1.28M,0.50,34.45,34.86,36.43,34.51,3.78,37.19,May-29,Kennametal Strengthens Balance Sheet & Enhances Liquidity,https://finviz.com/news/358134/kennametal-strengthens-balance-sheet-enhances-liquidity,Kennametal completes $300 million bond refinancing to strengthen liquidity and support tungsten working capital,Industrials,25.80,3.35B,2.38,0.99,2.14B,137.00M,103.59%,0.11%,4.06%,-17.44%,105.29%,3.76%,1.19%,0.00%,14.60%,4.32%,freshness_fill,1,74.0,22.0,30.0,22.0,0.7889138833194775,0.8356643356643355,0.9305555555555556,0.2610722610722609,0.8330419580419581,0.944055944055944,0.0454545454545454,1.0,1.0,1.0,,1.0,0.4610000000000001
2026-06-25,leaders,v1,Building Products & Equipment,TT,TT,Trane Technologies plc,Building Products & Equipment,Ireland,111.24B,38.93,"760,070",503.23,4.16%,Apr 30/b,S&P 500,29.57,2.08,5.15,34.51,26.50,5.31,36.52%,13.70%,23.16%,0.46,0.54,12.14%,12.93,4.26,14.20%,14.11%,20.17%,29.52%,14.20%,10.06%,11.35%,5.99%,-1.96%,7.42%,6.36%,35.92%,18.33%,13.42%,-8.91%,0.29%,6.50%,9.06%,15.95%,29.08%,29.30%,17.71%,170.32%,14.75,2.65%,1.18,7.64%,7.03%,16.43%,63.82,1.35M,0.89,483.15,489.91,505.64,489.20,2.17,526.95,Jun-24,Trane Technologies Earns Top 20 Ranking Among TIME's 2026 World's Most Sustainable Companies,https://www.businesswire.com/news/home/20260624919019/en,Bernstein initiated coverage of Trane Technologies with an Outperform rating in a new sector note published today.,Industrials,103.56,114.81B,1.10,0.77,21.60B,2.90B,91.23%,179.57%,2.70%,-0.05%,44.58%,2.72%,1.40%,11.95%,3.86%,3.21%,freshness_fill,2,73.0,21.0,27.0,25.0,0.7710706122434452,0.8006993006993007,0.90625,0.3123543123543124,0.8103146853146853,0.962996485159936,0.1608391608391609,0.8333333333333334,1.0,0.8333333333333334,,1.0,0.7979999999999998
2026-06-25,leaders,v1,Building Products & Equipment,JCI,JCI,Johnson Controls International plc,Building Products & Equipment,Ireland,88.93B,26.07,"2,160,799",145.76,2.06%,May 06/b,S&P 500,25.34,1.22,3.64,65.10,23.51,4.00,13.98%,5.08%,15.95%,0.64,0.70,7.74%,5.59,1.30,30.04%,17.65%,7.73%,26.74%,20.74%,-2.30%,1.12%,8.21%,38.05%,49.11%,-0.60%,36.49%,13.73%,14.45%,-4.01%,-2.14%,1.49%,3.95%,6.02%,21.50%,21.72%,41.03%,124.27%,4.81,3.17%,1.30,1.86%,2.82%,15.31%,54.01,3.70M,0.93,142.81,145.83,147.76,144.96,2.19,157.10,Jun-24,Sensormatic Solutions Forecasts August as Peak U.S. Back-to-School Shopping Period,https://www.businesswire.com/news/home/20260624407233/en,"Bernstein initiated coverage of Johnson Controls with an Outperform rating, highlighting its lean transformation and near-term data center chiller tailwinds.",Industrials,126.32,97.77B,1.01,0.82,24.43B,3.53B,93.96%,117.25%,3.15%,-2.43%,42.77%,-0.05%,2.11%,2.80%,6.47%,1.08%,freshness_fill,2,73.0,21.0,27.0,25.0,0.7710706122434452,0.8006993006993007,0.90625,0.3123543123543124,0.8103146853146853,0.962996485159936,0.1608391608391609,0.8333333333333334,1.0,0.8333333333333334,,1.0,0.7979999999999998
2026-06-25,leaders,v1,Building Products & Equipment,CARR,CARR,Carrier Global Corp,Building Products & Equipment,USA,63.38B,50.13,"2,445,131",76.30,3.03%,Apr 30/b,S&P 500,23.85,2.01,2.90,37.59,23.37,3.43,9.39%,3.48%,5.38%,0.81,0.93,26.86%,1.52,0.81,8.30%,14.07%,-24.78%,-4.96%,11.89%,2.12%,4.49%,2.36%,-39.54%,-65.16%,-5.07%,25.18%,8.78%,5.98%,-23.39%,2.01%,9.80%,17.59%,28.78%,43.43%,44.40%,5.35%,58.80%,2.50,3.27%,1.27,10.16%,15.73%,27.48%,69.31,6.66M,0.59,74.06,74.82,76.76,74.66,2.03,76.40,13 hours,Aircon stocks soar on record heat and data centre demand,https://finance.yahoo.com/markets/stocks/articles/aircon-stocks-soar-record-heat-040021551.html,"Carrier Global announces its board has declared a quarterly dividend of $0.24 per share, payable on August 10, 2026 to shareholders of record on July 21, 2026.",Industrials,46.12,74.92B,1.05,0.75,21.87B,1.31B,89.69%,62.14%,2.96%,-5.90%,51.88%,1.98%,1.03%,12.86%,12.32%,6.51%,freshness_fill,2,73.0,21.0,27.0,25.0,0.7710706122434452,0.8006993006993007,0.90625,0.3123543123543124,0.8103146853146853,0.962996485159936,0.1608391608391609,0.8333333333333334,1.0,0.8333333333333334,,1.0,0.7979999999999998
2026-06-25,leaders,v1,Building Products & Equipment,LII,LII,Lennox International Inc,Building Products & Equipment,USA,19.86B,25.70,"232,155",570.80,3.45%,Apr 29/b,S&P 500,21.44,2.73,3.78,30.06,18.89,4.14,75.79%,20.21%,28.94%,1.23,1.61,10.39%,22.21,7.58,4.85%,9.62%,17.91%,19.78%,7.86%,3.26%,7.41%,5.83%,-0.63%,-1.09%,-2.03%,32.94%,19.71%,14.89%,-0.06%,-0.18%,10.60%,13.58%,18.50%,15.20%,17.55%,1.03%,83.12%,20.71,3.55%,1.15,9.62%,11.80%,11.96%,66.30,438.74K,0.84,551.75,559.82,580.11,558.96,2.48,570.57,5 hours,Lennox Marks One-Year Anniversary of Ariston Joint Venture with Strong Water Heater Launch,https://finviz.com/news/363977/lennox-marks-one-year-anniversary-of-ariston-joint-venture-with-strong-water-heater-launch,"No clear catalyst identified for LII's 5.7% gain on June 24, 2026",Industrials,395.69,21.77B,1.57,0.64,5.26B,783.10M,79.19%,72.44%,3.35%,-17.21%,31.50%,1.96%,1.46%,7.19%,5.02%,5.96%,freshness_fill,2,73.0,21.0,27.0,25.0,0.7710706122434452,0.8006993006993007,0.90625,0.3123543123543124,0.8103146853146853,0.962996485159936,0.1608391608391609,0.8333333333333334,1.0,0.8333333333333334,,1.0,0.7979999999999998
2026-06-25,leaders,v1,Building Products & Equipment,MAS,MAS,Masco Corp,Building Products & Equipment,USA,16.11B,19.84,"808,910",79.87,2.33%,Apr 22/b,S&P 500,17.00,1.80,2.10,17.10,13.39,2.51,-,16.19%,28.56%,-,-,17.66%,4.03,1.32,7.97%,9.89%,2.05%,10.68%,9.47%,-4.49%,1.02%,6.50%,19.57%,10.03%,-0.31%,35.41%,16.80%,10.90%,-8.50%,-3.10%,9.98%,15.92%,29.83%,24.29%,25.86%,26.40%,44.53%,2.50,2.98%,1.26,10.27%,13.21%,18.17%,70.74,2.79M,0.46,78.05,78.50,80.80,78.36,2.38,81.06,Jun-24,Masco Corp. stock outperforms competitors on strong trading day,https://www.marketwatch.com/data-news/masco-corp-stock-outperforms-competitors-on-strong-trading-day-03a54e4f-00cc90d07685?mod=mw_FV,"Congress passes landmark housing affordability bill, igniting 6% rally in Masco shares",Industrials,41.53,19.30B,1.75,1.11,7.68B,837.00M,103.10%,37.75%,3.97%,0.86%,37.32%,1.75%,0.58%,3.45%,18.60%,4.58%,freshness_fill,2,73.0,21.0,27.0,25.0,0.7710706122434452,0.8006993006993007,0.90625,0.3123543123543124,0.8103146853146853,0.962996485159936,0.1608391608391609,0.8333333333333334,1.0,0.8333333333333334,,1.0,0.7979999999999998
2026-06-25,leaders,v1,Building Products & Equipment,CSL,CSL,Carlisle Companies Inc,Building Products & Equipment,USA,15.75B,22.71,"142,288",389.33,2.85%,Apr 23/a,-,16.64,1.54,3.17,17.07,14.69,3.59,38.44%,12.83%,16.07%,1.74,1.74,15.42%,17.14,6.42,8.00%,11.68%,-1.03%,24.22%,10.80%,-2.70%,4.79%,-3.99%,-2.88%,-1.29%,-0.53%,35.29%,20.47%,14.65%,-10.46%,-1.06%,13.81%,14.09%,14.53%,17.56%,21.72%,4.72%,61.11%,14.15,3.28%,0.82,11.31%,11.24%,12.73%,66.12,387.94K,0.58,378.53,384.20,397.16,384.20,2.00,415.33,Apr-30,Carlisle Companies Announces Fourth Employee Stock Option Grant Since 2009,https://www.businesswire.com/news/home/20260430555806/en,Optimism on non-residential re-roofing demand and Vision 2030 drives CSL's ~5.5% surge,Industrials,20.43,17.87B,3.38,2.58,4.98B,729.20M,102.43%,104.97%,4.75%,-10.69%,32.68%,1.34%,1.50%,17.64%,8.92%,-0.93%,freshness_fill,2,73.0,21.0,27.0,25.0,0.7710706122434452,0.8006993006993007,0.90625,0.3123543123543124,0.8103146853146853,0.962996485159936,0.1608391608391609,0.8333333333333334,1.0,0.8333333333333334,,1.0,0.7979999999999998
2026-06-25,leaders,v1,Building Products & Equipment,SPXC,SPXC,SPX Technologies Inc,Building Products & Equipment,USA,12.30B,46.82,"444,095",245.73,3.59%,Apr 30/a,RUT,27.09,1.93,5.24,45.62,24.09,5.46,13.85%,7.36%,8.87%,0.28,0.29,-,5.25,1.85,18.69%,13.07%,127.75%,17.66%,14.00%,15.74%,14.96%,17.45%,19.06%,20.78%,17.39%,36.67%,17.21%,11.06%,0.00%,2.52%,4.44%,12.16%,22.09%,18.61%,22.83%,52.19%,200.11%,10.93,4.57%,1.25,5.91%,12.03%,17.02%,63.32,602.89K,1.17,237.22,241.10,251.08,239.40,1.14,268.83,Jun-19,SPX Technologies Announces Leadership Transition in D&M Segment,https://finviz.com/news/362873/spx-technologies-announces-leadership-transition-in-dm-segment,SPXC surges 5.63% on data center momentum following William Blair conference,Industrials,78.61,12.82B,2.11,1.39,2.35B,259.80M,97.59%,306.77%,3.75%,-0.81%,52.42%,1.92%,1.64%,-,8.28%,1.65%,freshness_fill,2,73.0,21.0,27.0,25.0,0.7710706122434452,0.8006993006993007,0.90625,0.3123543123543124,0.8103146853146853,0.962996485159936,0.1608391608391609,0.8333333333333334,1.0,0.8333333333333334,,1.0,0.7979999999999998
2026-06-25,leaders,v1,Building Products & Equipment,WMS,WMS,Advanced Drainage Systems Inc,Building Products & Equipment,USA,11.86B,28.40,"436,643",154.69,3.78%,May 21/b,-,20.98,1.76,3.89,20.83,15.04,4.45,24.08%,10.29%,11.49%,0.92,0.96,14.87%,5.45,2.10,0.26%,17.29%,-3.66%,16.00%,11.92%,-0.23%,9.00%,9.91%,-57.56%,-5.49%,5.03%,36.32%,22.51%,13.98%,0.00%,-1.30%,11.16%,12.02%,11.31%,3.64%,6.81%,33.26%,38.93%,5.83,3.44%,1.25,12.02%,9.14%,5.37%,64.19,968.08K,0.72,149.05,151.00,155.51,149.99,1.27,181.20,Jun-18,Advanced Drainage Systems Hosts 2026 Investor Day,https://www.businesswire.com/news/home/20260618206310/en,Investor Day 2030 outlook and data center tailwinds drive WMS 6% gain,Industrials,53.16,13.58B,2.42,1.35,3.05B,426.46M,94.02%,37.60%,5.38%,-13.73%,41.10%,2.44%,1.31%,14.47%,14.32%,3.81%,freshness_fill,2,73.0,21.0,27.0,25.0,0.7710706122434452,0.8006993006993007,0.90625,0.3123543123543124,0.8103146853146853,0.962996485159936,0.1608391608391609,0.8333333333333334,1.0,0.8333333333333334,,1.0,0.7979999999999998
2026-06-25,leaders,v1,Building Products & Equipment,AAON,AAON,AAON Inc,Building Products & Equipment,USA,11.14B,95.68,"277,951",136.01,3.35%,May 07/b,-,38.97,0.78,6.89,-,46.48,7.17,13.50%,7.65%,8.54%,0.48,0.49,9.86%,1.42,0.50,67.70%,54.15%,1.53%,5.45%,50.26%,17.51%,22.89%,54.30%,36.23%,-25.82%,28.27%,24.54%,10.40%,7.30%,-1.12%,-5.91%,1.99%,-3.62%,54.86%,81.16%,78.38%,86.96%,113.99%,7.98,5.62%,1.41,1.01%,11.53%,37.84%,55.50,1.07M,0.41,131.60,134.53,138.73,132.44,1.67,149.75,May-27,AAON to Present at William Blair Growth Stock Conference,https://finviz.com/news/357290/aaon-to-present-at-william-blair-growth-stock-conference,"AAON declares regular quarterly cash dividend of $0.10 per share, payable June 26, 2026 to shareholders of record on June 5, 2026.",Industrials,10128.20,11.60B,2.62,1.75,1.62B,118.12M,88.28%,234.02%,4.64%,-9.60%,119.38%,1.10%,2.23%,11.32%,64.55%,30.40%,freshness_fill,2,73.0,21.0,27.0,25.0,0.7710706122434452,0.8006993006993007,0.90625,0.3123543123543124,0.8103146853146853,0.962996485159936,0.1608391608391609,0.8333333333333334,1.0,0.8333333333333334,,1.0,0.7979999999999998
2026-06-25,leaders,v1,Building Products & Equipment,OC,OC,Owens Corning,Building Products & Equipment,USA,10.97B,-,"768,027",136.22,1.53%,May 06/b,-,11.56,2.05,1.12,13.26,7.78,1.70,-9.50%,-2.96%,-6.09%,1.40,1.65,23.89%,-6.69,3.06,-21.34%,24.35%,-,-11.88%,5.63%,1.15%,7.45%,-10.47%,-20.04%,-333.77%,-12.20%,27.20%,15.48%,-5.43%,-0.22%,3.17%,10.05%,13.47%,26.16%,20.12%,21.72%,0.13%,9.80%,5.39,3.87%,1.31,10.05%,12.05%,12.50%,65.12,1.14M,1.08,134.17,135.50,139.21,135.35,1.84,146.13,Jun-18,Owens Corning Declares Second-Quarter 2026 Dividend,https://www.businesswire.com/news/home/20260618277123/en/,Bipartisan housing supply bill passage lifts Owens Corning 7%,Industrials,39.18,16.75B,1.24,0.74,9.84B,-534.00M,102.18%,40.94%,5.11%,-14.55%,39.67%,0.53%,0.99%,22.13%,24.24%,4.04%,freshness_fill,2,73.0,21.0,27.0,25.0,0.7710706122434452,0.8006993006993007,0.90625,0.3123543123543124,0.8103146853146853,0.962996485159936,0.1608391608391609,0.8333333333333334,1.0,0.8333333333333334,,1.0,0.7979999999999998
2026-06-25,leaders,v1,Building Products & Equipment,BLDR,BLDR,Builders Firstsource Inc,Building Products & Equipment,USA,9.50B,33.71,"1,475,030",88.30,3.38%,Apr 30/b,S&P 500,14.22,7.04,0.64,11.02,12.11,0.99,6.96%,2.56%,3.18%,1.29,1.32,-,2.62,1.28,-37.95%,45.24%,-38.61%,7.92%,2.02%,-12.57%,12.16%,-10.13%,-151.24%,-66.48%,-8.33%,29.89%,4.17%,1.97%,1.24%,1.09%,15.97%,18.67%,3.38%,-14.81%,-14.18%,-23.85%,-30.76%,4.42,4.86%,1.40,13.97%,12.29%,-13.67%,65.67,2.55M,0.92,85.41,86.09,90.11,86.05,2.15,97.68,Jun-08,"Bloom Energy, Astera Labs, Alnylam, Reddit Could Be Among Next Adds to S&P 500",https://www.barrons.com/articles/bloom-energy-astera-labs-sp500-9aac1f12?mod=bar_FV,Falling mortgage rates spark sector rebound lifting BLDR 9%+,Industrials,96.58,14.69B,1.76,1.09,14.82B,291.50M,101.19%,95.31%,6.74%,-41.53%,35.64%,2.57%,0.80%,-,-29.49%,3.58%,freshness_fill,2,73.0,21.0,27.0,25.0,0.7710706122434452,0.8006993006993007,0.90625,0.3123543123543124,0.8103146853146853,0.962996485159936,0.1608391608391609,0.8333333333333334,1.0,0.8333333333333334,,1.0,0.7979999999999998
2026-06-25,leaders,v1,Building Products & Equipment,LPX,LPX,Louisiana-Pacific Corp,Building Products & Equipment,USA,5.72B,69.84,"517,676",81.82,2.67%,May 06/b,-,21.75,0.99,2.23,-,18.30,2.32,4.79%,3.18%,3.91%,0.21,0.22,14.07%,1.17,0.64,-28.12%,97.45%,-44.03%,-14.08%,21.90%,-11.10%,-0.58%,-20.72%,-70.33%,-79.48%,-12.99%,19.81%,6.88%,3.20%,-9.93%,-0.49%,8.67%,11.31%,9.95%,-0.76%,1.31%,-6.51%,20.58%,3.37,3.90%,1.57,9.12%,11.29%,0.23%,64.16,1.14M,0.72,79.69,80.29,83.75,80.29,1.64,91.62,Jun-23,"LP Building Solutions Breaks Ground on New LP SmartSide ExpertFinish Manufacturing Facility in North Branch, Minnesota",https://www.businesswire.com/news/home/20260623559035/en/State-of-the-art,Jefferies Buy initiation with $93 target drives LPX 6.77% surge,Industrials,34.85,5.93B,3.27,1.48,2.56B,82.00M,101.76%,40.89%,4.70%,-20.46%,23.74%,1.90%,0.75%,8.37%,166.67%,0.70%,freshness_fill,2,73.0,21.0,27.0,25.0,0.7710706122434452,0.8006993006993007,0.90625,0.3123543123543124,0.8103146853146853,0.962996485159936,0.1608391608391609,0.8333333333333334,1.0,0.8333333333333334,,1.0,0.7979999999999998
2026-06-25,leaders,v1,Building Products & Equipment,FBIN,FBIN,Fortune Brands Innovations Inc,Building Products & Equipment,USA,5.48B,20.38,"957,153",45.96,2.92%,May 07/a,-,12.80,2.60,1.23,16.13,10.06,1.85,11.66%,4.14%,5.11%,1.26,1.26,0.82%,2.25,0.81,-12.93%,14.27%,-22.17%,-8.97%,4.93%,-1.87%,-6.03%,-2.11%,-51.83%,-34.26%,-2.01%,43.24%,14.20%,6.12%,42.51%,3.30%,13.22%,19.67%,16.52%,-9.36%,-8.13%,-10.59%,-31.99%,2.01,4.22%,1.30,11.77%,16.21%,-4.41%,66.87,2.63M,0.58,44.65,45.00,46.75,44.22,2.63,46.58,May-27,Fortune Brands Innovations Initiates Strategic Review of Fiberon to Sharpen Portfolio Focus,https://www.businesswire.com/news/home/20260527639585/en/,"Falling mortgage rates lift housing sector, driving 7% FBIN gain",Industrials,24.42,8.22B,2.13,1.04,4.44B,271.70M,104.06%,-44.77%,5.46%,-29.13%,42.10%,2.12%,0.78%,-3.71%,2.49%,0.29%,freshness_fill,2,73.0,21.0,27.0,25.0,0.7710706122434452,0.8006993006993007,0.90625,0.3123543123543124,0.8103146853146853,0.962996485159936,0.1608391608391609,0.8333333333333334,1.0,0.8333333333333334,,1.0,0.7979999999999998
2026-06-25,leaders,v1,Building Products & Equipment,TREX,TREX,TREX Co Inc,Building Products & Equipment,USA,5.08B,27.22,"612,311",48.87,-0.02%,May 07/b,-,26.35,4.33,4.31,22.42,16.85,4.68,20.08%,11.35%,18.48%,0.04,0.44,-,1.80,0.62,-10.90%,10.74%,2.52%,3.31%,6.09%,2.02%,5.92%,1.00%,3.67%,-1.81%,5.36%,39.17%,22.06%,16.25%,1.36%,1.60%,7.53%,20.91%,31.02%,36.63%,39.32%,-11.64%,-19.34%,2.16,4.71%,1.43,10.59%,17.46%,17.11%,65.67,1.91M,0.51,48.88,49.41,50.20,48.63,2.23,48.50,Jun-17,"Trex Announces its 2025 Sustainability Report, For Today and Tomorrow",https://www.businesswire.com/news/home/20260617817096/en/Trex,"Strait of Hormuz peace deal lifts TREX on lower costs, housing outlook",Industrials,1130.90,5.51B,1.02,0.62,1.18B,191.38M,105.70%,-51.22%,5.65%,-28.94%,64.17%,-1.09%,1.08%,-,16.21%,1.00%,freshness_fill,2,73.0,21.0,27.0,25.0,0.7710706122434452,0.8006993006993007,0.90625,0.3123543123543124,0.8103146853146853,0.962996485159936,0.1608391608391609,0.8333333333333334,1.0,0.8333333333333334,,1.0,0.7979999999999998
2026-06-25,leaders,v1,Building Products & Equipment,GFF,GFF,Griffon Corp,Building Products & Equipment,USA,4.41B,154.27,"80,788",96.13,1.33%,May 07/b,RUT,16.71,5.61,1.88,15.89,11.67,2.46,22.52%,1.58%,1.93%,15.35,15.62,19.14%,0.62,1.34,-7.96%,10.66%,-,17.86%,2.98%,-4.00%,4.05%,-31.04%,-24.11%,-85.98%,-8.03%,41.99%,18.64%,1.27%,-2.01%,0.89%,8.20%,11.27%,32.84%,25.38%,30.52%,34.88%,156.68%,3.58,3.31%,1.39,6.69%,8.41%,19.79%,61.92,369.50K,0.35,94.86,95.77,97.67,93.93,1.12,118.43,Jun-10,Griffon Corporation Announces Closing of Joint Venture with ONCAP to Combine AMES North America and Venanpri Tools,https://www.businesswire.com/news/home/20260608597052/en/,"Griffon closes Veritage Brands joint venture with ONCAP for AMES U.S. and Canada, receives $100M cash and $161M second-lien debt, retains 43% stake",Industrials,40.20,5.77B,2.86,2.43,2.35B,29.85M,79.22%,320.59%,4.74%,-1.49%,47.86%,0.37%,0.96%,25.99%,6.37%,1.74%,freshness_fill,2,73.0,21.0,27.0,25.0,0.7710706122434452,0.8006993006993007,0.90625,0.3123543123543124,0.8103146853146853,0.962996485159936,0.1608391608391609,0.8333333333333334,1.0,0.8333333333333334,,1.0,0.7979999999999998
2026-06-25,emerging,v1,Packaging & Containers,SW,SW,Smurfit WestRock plc,Packaging & Containers,Ireland,24.55B,65.43,"3,684,149",46.95,0.84%,Apr 30/b,S&P 500,14.72,0.68,0.79,23.17,8.29,1.22,2.12%,0.85%,1.21%,0.74,0.79,-5.67%,0.72,0.44,13.78%,36.76%,-29.65%,-12.44%,21.68%,32.29%,26.24%,0.73%,-83.07%,-40.94%,20.90%,18.36%,6.17%,1.22%,-2.23%,1.40%,8.13%,19.77%,15.44%,23.26%,21.41%,10.52%,36.80%,1.76,4.06%,0.91,9.49%,14.42%,14.61%,66.12,5.36M,1.09,46.56,47.00,47.86,46.23,1.11,54.10,Jun-22,Smurfit Westrock plc UK Regulatory Announcement: Smurfit Westrock Announces the Completion of Delisting from the LSE,https://www.businesswire.com/news/home/20260622285143/en,"Smurfit WestRock cancels London Stock Exchange secondary listing, keeps ordinary shares solely on New York Stock Exchange",Consumer Cyclical,36.42,38.15B,1.44,0.95,31.23B,380.00M,96.73%,-17.25%,3.83%,-10.83%,43.45%,-0.11%,0.95%,5.07%,-15.97%,1.91%,emerging,1,126.0,10.0,57.0,59.0,0.4388746557620604,0.6608391608391609,0.7361111111111112,0.3857808857808859,0.6888111888111889,0.6641172039574035,0.4172494172494172,0.6666666666666666,0.3333333333333333,0.2222222222222222,,1.0,1.395
2026-06-25,accel,v1,Packaging & Containers,SW,SW,Smurfit WestRock plc,Packaging & Containers,Ireland,24.55B,65.43,"3,684,149",46.95,0.84%,Apr 30/b,S&P 500,14.72,0.68,0.79,23.17,8.29,1.22,2.12%,0.85%,1.21%,0.74,0.79,-5.67%,0.72,0.44,13.78%,36.76%,-29.65%,-12.44%,21.68%,32.29%,26.24%,0.73%,-83.07%,-40.94%,20.90%,18.36%,6.17%,1.22%,-2.23%,1.40%,8.13%,19.77%,15.44%,23.26%,21.41%,10.52%,36.80%,1.76,4.06%,0.91,9.49%,14.42%,14.61%,66.12,5.36M,1.09,46.56,47.00,47.86,46.23,1.11,54.10,Jun-22,Smurfit Westrock plc UK Regulatory Announcement: Smurfit Westrock Announces the Completion of Delisting from the LSE,https://www.businesswire.com/news/home/20260622285143/en,"Smurfit WestRock cancels London Stock Exchange secondary listing, keeps ordinary shares solely on New York Stock Exchange",Consumer Cyclical,36.42,38.15B,1.44,0.95,31.23B,380.00M,96.73%,-17.25%,3.83%,-10.83%,43.45%,-0.11%,0.95%,5.07%,-15.97%,1.91%,accel,1,126.0,10.0,57.0,59.0,0.4388746557620604,0.6608391608391609,0.7361111111111112,0.3857808857808859,0.6888111888111889,0.6641172039574035,0.4172494172494172,0.6666666666666666,0.3333333333333333,0.2222222222222222,,1.0,1.395
2026-06-25,emerging,v1,Packaging & Containers,PKG,PKG,Packaging Corp Of America,Packaging & Containers,USA,21.42B,29.24,"167,853",240.43,1.08%,Apr 22/a,S&P 500,19.47,1.91,2.32,30.51,12.99,2.74,16.20%,7.46%,8.32%,0.93,0.95,8.21%,8.22,2.36,5.19%,19.30%,-8.01%,12.11%,10.19%,1.97%,6.19%,10.59%,-15.64%,-13.88%,7.86%,20.48%,13.06%,7.99%,-0.69%,-0.62%,4.87%,10.05%,12.69%,16.40%,16.58%,28.68%,86.64%,6.36,2.66%,0.80,6.05%,9.26%,12.05%,67.74,761.90K,0.35,237.85,240.01,243.50,238.10,2.00,243.56,Jun-22,Packaging Corporation of America Schedules Conference Call to Discuss Second Quarter 2026 Operating Results,https://www.businesswire.com/news/home/20260622579009/en,Freight cost headwinds flagged at Wells Fargo conference send PKG down 5.4%,Consumer Cyclical,39.40,25.25B,3.07,1.88,9.22B,736.20M,98.31%,77.75%,2.58%,-3.64%,29.07%,0.17%,0.91%,1.72%,12.08%,-2.37%,emerging,1,126.0,10.0,57.0,59.0,0.4388746557620604,0.6608391608391609,0.7361111111111112,0.3857808857808859,0.6888111888111889,0.6641172039574035,0.4172494172494172,0.6666666666666666,0.3333333333333333,0.2222222222222222,,1.0,1.395
2026-06-25,accel,v1,Packaging & Containers,PKG,PKG,Packaging Corp Of America,Packaging & Containers,USA,21.42B,29.24,"167,853",240.43,1.08%,Apr 22/a,S&P 500,19.47,1.91,2.32,30.51,12.99,2.74,16.20%,7.46%,8.32%,0.93,0.95,8.21%,8.22,2.36,5.19%,19.30%,-8.01%,12.11%,10.19%,1.97%,6.19%,10.59%,-15.64%,-13.88%,7.86%,20.48%,13.06%,7.99%,-0.69%,-0.62%,4.87%,10.05%,12.69%,16.40%,16.58%,28.68%,86.64%,6.36,2.66%,0.80,6.05%,9.26%,12.05%,67.74,761.90K,0.35,237.85,240.01,243.50,238.10,2.00,243.56,Jun-22,Packaging Corporation of America Schedules Conference Call to Discuss Second Quarter 2026 Operating Results,https://www.businesswire.com/news/home/20260622579009/en,Freight cost headwinds flagged at Wells Fargo conference send PKG down 5.4%,Consumer Cyclical,39.40,25.25B,3.07,1.88,9.22B,736.20M,98.31%,77.75%,2.58%,-3.64%,29.07%,0.17%,0.91%,1.72%,12.08%,-2.37%,accel,1,126.0,10.0,57.0,59.0,0.4388746557620604,0.6608391608391609,0.7361111111111112,0.3857808857808859,0.6888111888111889,0.6641172039574035,0.4172494172494172,0.6666666666666666,0.3333333333333333,0.2222222222222222,,1.0,1.395
2026-06-25,emerging,v1,Packaging & Containers,IP,IP,International Paper Co,Packaging & Containers,USA,20.91B,-,"3,119,874",39.49,3.12%,Apr 30/b,S&P 500,14.86,-,0.84,37.82,10.40,1.26,-16.04%,-6.80%,-13.05%,0.73,0.80,-2.03%,-6.32,-0.04,1828.05%,92.28%,-,-,-,3.75%,6.12%,1.19%,159.54%,-625.24%,25.45%,19.23%,1.43%,-13.36%,1.26%,-5.90%,9.22%,23.58%,8.29%,0.52%,0.27%,-14.88%,29.07%,1.46,4.07%,0.89,12.54%,17.15%,-0.21%,71.00,6.90M,0.72,38.30,38.57,39.82,38.40,1.93,39.40,7 hours,Former Graphic Packaging CEO to lead International Paper spinout,https://finance.yahoo.com/m/2f4bc0aa-292d-3c73-bbca-382e5ab1c70f/former-graphic-packaging-ceo.html,Geopolitical de-escalation news on Iran spurs IP's 9.73% surge on lower oil costs,Consumer Cyclical,16.10,31.50B,1.21,0.94,24.97B,-3.33B,98.12%,-31.79%,3.71%,-29.64%,34.98%,2.40%,0.70%,0.00%,2.32%,-0.74%,emerging,1,126.0,10.0,57.0,59.0,0.4388746557620604,0.6608391608391609,0.7361111111111112,0.3857808857808859,0.6888111888111889,0.6641172039574035,0.4172494172494172,0.6666666666666666,0.3333333333333333,0.2222222222222222,,1.0,1.395
2026-06-25,accel,v1,Packaging & Containers,IP,IP,International Paper Co,Packaging & Containers,USA,20.91B,-,"3,119,874",39.49,3.12%,Apr 30/b,S&P 500,14.86,-,0.84,37.82,10.40,1.26,-16.04%,-6.80%,-13.05%,0.73,0.80,-2.03%,-6.32,-0.04,1828.05%,92.28%,-,-,-,3.75%,6.12%,1.19%,159.54%,-625.24%,25.45%,19.23%,1.43%,-13.36%,1.26%,-5.90%,9.22%,23.58%,8.29%,0.52%,0.27%,-14.88%,29.07%,1.46,4.07%,0.89,12.54%,17.15%,-0.21%,71.00,6.90M,0.72,38.30,38.57,39.82,38.40,1.93,39.40,7 hours,Former Graphic Packaging CEO to lead International Paper spinout,https://finance.yahoo.com/m/2f4bc0aa-292d-3c73-bbca-382e5ab1c70f/former-graphic-packaging-ceo.html,Geopolitical de-escalation news on Iran spurs IP's 9.73% surge on lower oil costs,Consumer Cyclical,16.10,31.50B,1.21,0.94,24.97B,-3.33B,98.12%,-31.79%,3.71%,-29.64%,34.98%,2.40%,0.70%,0.00%,2.32%,-0.74%,accel,1,126.0,10.0,57.0,59.0,0.4388746557620604,0.6608391608391609,0.7361111111111112,0.3857808857808859,0.6888111888111889,0.6641172039574035,0.4172494172494172,0.6666666666666666,0.3333333333333333,0.2222222222222222,,1.0,1.395
2026-06-25,emerging,v1,Packaging & Containers,BALL,BALL,Ball Corp,Packaging & Containers,USA,16.37B,17.81,"808,639",61.49,0.83%,May 05/b,S&P 500,13.61,1.12,1.19,27.47,12.18,1.74,16.86%,4.95%,7.27%,1.30,1.46,5.92%,3.45,0.98,12.14%,12.84%,13.85%,13.53%,12.18%,-4.82%,2.31%,17.50%,20.74%,82.84%,14.00%,14.79%,9.65%,6.83%,-2.27%,0.20%,6.52%,8.73%,1.21%,17.52%,16.08%,8.34%,10.17%,1.51,2.39%,0.96,9.42%,5.82%,10.67%,71.41,2.92M,0.44,60.98,61.43,62.28,61.29,1.61,71.38,Jun-17,Recycling Is in Crisis. The Industry Is Putting Its Money on Automation.,https://www.barrons.com/articles/recycling-waste-management-stock-909ace24?mod=bar_FV,"Ball Corp fiscal Q1 2026 non-GAAP EPS $0.94, revenue $3.6B (+16% YoY) beat estimates as EPS grows 22% and 2026 10%+ EPS, $800m returns reaffirmed",Consumer Cyclical,21.91,23.82B,1.12,0.72,13.72B,938.00M,95.24%,-25.75%,3.04%,-9.96%,37.15%,0.09%,0.74%,0.00%,11.18%,7.77%,emerging,1,126.0,10.0,57.0,59.0,0.4388746557620604,0.6608391608391609,0.7361111111111112,0.3857808857808859,0.6888111888111889,0.6641172039574035,0.4172494172494172,0.6666666666666666,0.3333333333333333,0.2222222222222222,,1.0,1.395
2026-06-25,accel,v1,Packaging & Containers,BALL,BALL,Ball Corp,Packaging & Containers,USA,16.37B,17.81,"808,639",61.49,0.83%,May 05/b,S&P 500,13.61,1.12,1.19,27.47,12.18,1.74,16.86%,4.95%,7.27%,1.30,1.46,5.92%,3.45,0.98,12.14%,12.84%,13.85%,13.53%,12.18%,-4.82%,2.31%,17.50%,20.74%,82.84%,14.00%,14.79%,9.65%,6.83%,-2.27%,0.20%,6.52%,8.73%,1.21%,17.52%,16.08%,8.34%,10.17%,1.51,2.39%,0.96,9.42%,5.82%,10.67%,71.41,2.92M,0.44,60.98,61.43,62.28,61.29,1.61,71.38,Jun-17,Recycling Is in Crisis. The Industry Is Putting Its Money on Automation.,https://www.barrons.com/articles/recycling-waste-management-stock-909ace24?mod=bar_FV,"Ball Corp fiscal Q1 2026 non-GAAP EPS $0.94, revenue $3.6B (+16% YoY) beat estimates as EPS grows 22% and 2026 10%+ EPS, $800m returns reaffirmed",Consumer Cyclical,21.91,23.82B,1.12,0.72,13.72B,938.00M,95.24%,-25.75%,3.04%,-9.96%,37.15%,0.09%,0.74%,0.00%,11.18%,7.77%,accel,1,126.0,10.0,57.0,59.0,0.4388746557620604,0.6608391608391609,0.7361111111111112,0.3857808857808859,0.6888111888111889,0.6641172039574035,0.4172494172494172,0.6666666666666666,0.3333333333333333,0.2222222222222222,,1.0,1.395
2026-06-25,emerging,v1,Packaging & Containers,CCK,CCK,Crown Holdings Inc,Packaging & Containers,USA,12.33B,17.56,"284,387",110.30,1.23%,Apr 27/a,-,12.52,1.83,0.97,12.39,8.69,1.46,25.66%,5.12%,8.21%,2.01,2.22,-,6.28,2.16,4.17%,8.59%,2.11%,8.18%,6.84%,-1.53%,5.70%,13.49%,-5.70%,35.16%,7.06%,18.14%,13.13%,5.64%,-9.49%,-4.74%,8.18%,12.46%,6.87%,6.89%,7.12%,6.14%,28.64%,2.70,2.36%,0.57,11.57%,10.69%,9.13%,75.64,1.15M,0.39,108.96,109.70,111.83,109.10,1.69,125.00,Jun-24,CROWN HOLDINGS SCHEDULES SECOND QUARTER 2026 EARNINGS CONFERENCE CALL,https://finviz.com/news/363748/crown-holdings-schedules-second-quarter-2026-earnings-conference-call,"No clear catalyst identified for Crown Holdings' 3.49% gain on June 9, 2026",Consumer Cyclical,17.73,18.59B,1.12,0.70,12.76B,720.00M,102.47%,7.82%,3.19%,-5.42%,23.64%,0.55%,0.68%,5.73%,6.16%,7.40%,emerging,1,126.0,10.0,57.0,59.0,0.4388746557620604,0.6608391608391609,0.7361111111111112,0.3857808857808859,0.6888111888111889,0.6641172039574035,0.4172494172494172,0.6666666666666666,0.3333333333333333,0.2222222222222222,,1.0,1.395
2026-06-25,accel,v1,Packaging & Containers,CCK,CCK,Crown Holdings Inc,Packaging & Containers,USA,12.33B,17.56,"284,387",110.30,1.23%,Apr 27/a,-,12.52,1.83,0.97,12.39,8.69,1.46,25.66%,5.12%,8.21%,2.01,2.22,-,6.28,2.16,4.17%,8.59%,2.11%,8.18%,6.84%,-1.53%,5.70%,13.49%,-5.70%,35.16%,7.06%,18.14%,13.13%,5.64%,-9.49%,-4.74%,8.18%,12.46%,6.87%,6.89%,7.12%,6.14%,28.64%,2.70,2.36%,0.57,11.57%,10.69%,9.13%,75.64,1.15M,0.39,108.96,109.70,111.83,109.10,1.69,125.00,Jun-24,CROWN HOLDINGS SCHEDULES SECOND QUARTER 2026 EARNINGS CONFERENCE CALL,https://finviz.com/news/363748/crown-holdings-schedules-second-quarter-2026-earnings-conference-call,"No clear catalyst identified for Crown Holdings' 3.49% gain on June 9, 2026",Consumer Cyclical,17.73,18.59B,1.12,0.70,12.76B,720.00M,102.47%,7.82%,3.19%,-5.42%,23.64%,0.55%,0.68%,5.73%,6.16%,7.40%,accel,1,126.0,10.0,57.0,59.0,0.4388746557620604,0.6608391608391609,0.7361111111111112,0.3857808857808859,0.6888111888111889,0.6641172039574035,0.4172494172494172,0.6666666666666666,0.3333333333333333,0.2222222222222222,,1.0,1.395
2026-06-25,emerging,v1,Packaging & Containers,REYN,REYN,Reynolds Consumer Products Inc,Packaging & Containers,USA,5.49B,16.69,"826,664",26.06,1.26%,May 06/b,-,15.66,5.22,1.45,16.85,10.85,1.87,15.00%,6.74%,8.49%,0.71,0.72,9.29%,1.56,0.40,-2.22%,3.74%,5.19%,-4.22%,3.00%,-0.85%,2.66%,7.21%,89.01%,-1.89%,2.75%,24.66%,13.62%,8.70%,0.00%,-4.41%,11.68%,19.46%,23.42%,10.64%,13.68%,22.90%,-7.51%,0.61,2.31%,0.50,12.65%,17.89%,12.94%,82.47,1.13M,1.16,25.73,25.82,26.43,25.78,2.43,25.14,May-06,Reynolds Consumer Products Inc. Q1 2026 Earnings Call Summary,https://finance.yahoo.com/m/2c6acf19-c788-365f-800b-abe7b365f100/reynolds-consumer-products.html,Recent analyst upgrade and undervaluation reports fuel REYN's 4.66% gain,Consumer Cyclical,77.35,7.05B,1.79,0.76,3.78B,329.00M,29.66%,-13.06%,3.27%,-0.74%,27.47%,0.91%,0.35%,0.00%,14.19%,6.64%,emerging,1,126.0,10.0,57.0,59.0,0.4388746557620604,0.6608391608391609,0.7361111111111112,0.3857808857808859,0.6888111888111889,0.6641172039574035,0.4172494172494172,0.6666666666666666,0.3333333333333333,0.2222222222222222,,1.0,1.395
2026-06-25,accel,v1,Packaging & Containers,REYN,REYN,Reynolds Consumer Products Inc,Packaging & Containers,USA,5.49B,16.69,"826,664",26.06,1.26%,May 06/b,-,15.66,5.22,1.45,16.85,10.85,1.87,15.00%,6.74%,8.49%,0.71,0.72,9.29%,1.56,0.40,-2.22%,3.74%,5.19%,-4.22%,3.00%,-0.85%,2.66%,7.21%,89.01%,-1.89%,2.75%,24.66%,13.62%,8.70%,0.00%,-4.41%,11.68%,19.46%,23.42%,10.64%,13.68%,22.90%,-7.51%,0.61,2.31%,0.50,12.65%,17.89%,12.94%,82.47,1.13M,1.16,25.73,25.82,26.43,25.78,2.43,25.14,May-06,Reynolds Consumer Products Inc. Q1 2026 Earnings Call Summary,https://finance.yahoo.com/m/2c6acf19-c788-365f-800b-abe7b365f100/reynolds-consumer-products.html,Recent analyst upgrade and undervaluation reports fuel REYN's 4.66% gain,Consumer Cyclical,77.35,7.05B,1.79,0.76,3.78B,329.00M,29.66%,-13.06%,3.27%,-0.74%,27.47%,0.91%,0.35%,0.00%,14.19%,6.64%,accel,1,126.0,10.0,57.0,59.0,0.4388746557620604,0.6608391608391609,0.7361111111111112,0.3857808857808859,0.6888111888111889,0.6641172039574035,0.4172494172494172,0.6666666666666666,0.3333333333333333,0.2222222222222222,,1.0,1.395
2026-06-25,emerging,v1,Packaging & Containers,SON,SON,Sonoco Products Co,Packaging & Containers,USA,5.37B,13.25,"454,270",54.31,1.45%,Apr 21/a,-,8.47,1.17,0.72,24.80,8.02,1.36,20.24%,5.13%,5.59%,1.05,1.40,4.17%,4.10,1.49,1.98%,10.13%,-5.55%,14.20%,7.26%,1.22%,7.46%,-1.89%,23.75%,167.71%,17.41%,20.97%,9.95%,5.47%,1.05%,0.80%,7.21%,9.26%,1.68%,25.82%,24.46%,24.69%,-5.28%,1.58,2.96%,0.34,8.76%,7.91%,13.89%,68.38,1.34M,0.54,53.54,53.84,54.81,53.56,2.00,60.89,Jun-22,Sonoco To Report Second Quarter 2026 Results,https://finviz.com/news/363007/sonoco-to-report-second-quarter-2026-results,"Sonoco to lift uncoated recycled paperboard prices $60/ton, converted products 7% in U.S. and Canada effective July 8, 2026",Consumer Cyclical,23.92,10.17B,0.96,0.54,7.48B,409.55M,90.02%,-18.74%,3.15%,-7.06%,40.53%,0.88%,0.56%,3.20%,0.31%,-1.95%,emerging,1,126.0,10.0,57.0,59.0,0.4388746557620604,0.6608391608391609,0.7361111111111112,0.3857808857808859,0.6888111888111889,0.6641172039574035,0.4172494172494172,0.6666666666666666,0.3333333333333333,0.2222222222222222,,1.0,1.395
2026-06-25,accel,v1,Packaging & Containers,SON,SON,Sonoco Products Co,Packaging & Containers,USA,5.37B,13.25,"454,270",54.31,1.45%,Apr 21/a,-,8.47,1.17,0.72,24.80,8.02,1.36,20.24%,5.13%,5.59%,1.05,1.40,4.17%,4.10,1.49,1.98%,10.13%,-5.55%,14.20%,7.26%,1.22%,7.46%,-1.89%,23.75%,167.71%,17.41%,20.97%,9.95%,5.47%,1.05%,0.80%,7.21%,9.26%,1.68%,25.82%,24.46%,24.69%,-5.28%,1.58,2.96%,0.34,8.76%,7.91%,13.89%,68.38,1.34M,0.54,53.54,53.84,54.81,53.56,2.00,60.89,Jun-22,Sonoco To Report Second Quarter 2026 Results,https://finviz.com/news/363007/sonoco-to-report-second-quarter-2026-results,"Sonoco to lift uncoated recycled paperboard prices $60/ton, converted products 7% in U.S. and Canada effective July 8, 2026",Consumer Cyclical,23.92,10.17B,0.96,0.54,7.48B,409.55M,90.02%,-18.74%,3.15%,-7.06%,40.53%,0.88%,0.56%,3.20%,0.31%,-1.95%,accel,1,126.0,10.0,57.0,59.0,0.4388746557620604,0.6608391608391609,0.7361111111111112,0.3857808857808859,0.6888111888111889,0.6641172039574035,0.4172494172494172,0.6666666666666666,0.3333333333333333,0.2222222222222222,,1.0,1.395
2026-06-25,emerging,v1,Packaging & Containers,SLGN,SLGN,Silgan Holdings Inc,Packaging & Containers,USA,4.77B,17.00,"287,431",45.18,1.13%,Apr 29/b,-,11.06,1.86,0.73,15.55,9.23,1.37,12.87%,3.13%,4.73%,1.58,2.01,10.76%,2.66,0.96,2.35%,7.26%,-4.18%,-0.52%,5.96%,0.37%,5.66%,6.45%,-5.95%,-1.62%,9.55%,17.40%,9.88%,4.31%,0.00%,-2.73%,7.89%,18.88%,14.60%,10.26%,11.90%,-17.20%,-1.26%,1.30,2.86%,0.64,13.88%,14.50%,8.84%,78.64,823.56K,0.55,44.67,44.96,45.80,44.85,1.64,53.17,May-12,Silgan Declares Quarterly Dividend,https://www.businesswire.com/news/home/20260512015116/en/,"No clear catalyst identified for SLGN's 6.12% gain on June 24, 2026",Consumer Cyclical,10.96,9.00B,1.26,0.78,6.58B,283.48M,89.14%,8.49%,3.43%,-20.80%,26.61%,0.48%,0.65%,7.72%,4.92%,3.38%,emerging,1,126.0,10.0,57.0,59.0,0.4388746557620604,0.6608391608391609,0.7361111111111112,0.3857808857808859,0.6888111888111889,0.6641172039574035,0.4172494172494172,0.6666666666666666,0.3333333333333333,0.2222222222222222,,1.0,1.395
2026-06-25,accel,v1,Packaging & Containers,SLGN,SLGN,Silgan Holdings Inc,Packaging & Containers,USA,4.77B,17.00,"287,431",45.18,1.13%,Apr 29/b,-,11.06,1.86,0.73,15.55,9.23,1.37,12.87%,3.13%,4.73%,1.58,2.01,10.76%,2.66,0.96,2.35%,7.26%,-4.18%,-0.52%,5.96%,0.37%,5.66%,6.45%,-5.95%,-1.62%,9.55%,17.40%,9.88%,4.31%,0.00%,-2.73%,7.89%,18.88%,14.60%,10.26%,11.90%,-17.20%,-1.26%,1.30,2.86%,0.64,13.88%,14.50%,8.84%,78.64,823.56K,0.55,44.67,44.96,45.80,44.85,1.64,53.17,May-12,Silgan Declares Quarterly Dividend,https://www.businesswire.com/news/home/20260512015116/en/,"No clear catalyst identified for SLGN's 6.12% gain on June 24, 2026",Consumer Cyclical,10.96,9.00B,1.26,0.78,6.58B,283.48M,89.14%,8.49%,3.43%,-20.80%,26.61%,0.48%,0.65%,7.72%,4.92%,3.38%,accel,1,126.0,10.0,57.0,59.0,0.4388746557620604,0.6608391608391609,0.7361111111111112,0.3857808857808859,0.6888111888111889,0.6641172039574035,0.4172494172494172,0.6666666666666666,0.3333333333333333,0.2222222222222222,,1.0,1.395
2026-06-25,emerging,v1,Packaging & Containers,GEF,GEF,Greif Inc,Packaging & Containers,USA,3.77B,23.30,"62,775",73.95,1.75%,Apr 28/a,RUT,16.44,0.51,0.97,-,10.33,1.24,7.30%,3.00%,4.87%,0.29,0.41,4.37%,3.17,1.08,94.00%,15.94%,-,-,32.00%,-12.25%,-1.01%,-22.58%,-72.77%,-8.70%,-29.32%,22.20%,6.29%,4.74%,-0.17%,-3.47%,5.79%,14.94%,10.80%,7.17%,9.23%,13.25%,11.12%,1.96,2.46%,0.76,10.66%,11.43%,11.84%,73.62,213.12K,0.47,72.68,73.00,74.70,73.00,2.67,76.20,Jun-17,Greif Named to 2026 Global Most Loved Workplaces List for the Fourth Consecutive Year,https://finviz.com/news/362470/greif-named-to-2026-global-most-loved-workplaces-list-for-the-fourth-consecutive-year,"Greif to raise all uncoated recycled paperboard prices by $60 per short ton and tube, core and protective packaging prices a minimum 6.5%, effective July 2026",Consumer Cyclical,13.18,4.83B,1.28,1.00,3.90B,185.20M,40.62%,22.43%,3.63%,-4.14%,32.65%,1.30%,0.44%,5.06%,2.97%,-2.52%,emerging,1,126.0,10.0,57.0,59.0,0.4388746557620604,0.6608391608391609,0.7361111111111112,0.3857808857808859,0.6888111888111889,0.6641172039574035,0.4172494172494172,0.6666666666666666,0.3333333333333333,0.2222222222222222,,1.0,1.395
2026-06-25,accel,v1,Packaging & Containers,GEF,GEF,Greif Inc,Packaging & Containers,USA,3.77B,23.30,"62,775",73.95,1.75%,Apr 28/a,RUT,16.44,0.51,0.97,-,10.33,1.24,7.30%,3.00%,4.87%,0.29,0.41,4.37%,3.17,1.08,94.00%,15.94%,-,-,32.00%,-12.25%,-1.01%,-22.58%,-72.77%,-8.70%,-29.32%,22.20%,6.29%,4.74%,-0.17%,-3.47%,5.79%,14.94%,10.80%,7.17%,9.23%,13.25%,11.12%,1.96,2.46%,0.76,10.66%,11.43%,11.84%,73.62,213.12K,0.47,72.68,73.00,74.70,73.00,2.67,76.20,Jun-17,Greif Named to 2026 Global Most Loved Workplaces List for the Fourth Consecutive Year,https://finviz.com/news/362470/greif-named-to-2026-global-most-loved-workplaces-list-for-the-fourth-consecutive-year,"Greif to raise all uncoated recycled paperboard prices by $60 per short ton and tube, core and protective packaging prices a minimum 6.5%, effective July 2026",Consumer Cyclical,13.18,4.83B,1.28,1.00,3.90B,185.20M,40.62%,22.43%,3.63%,-4.14%,32.65%,1.30%,0.44%,5.06%,2.97%,-2.52%,accel,1,126.0,10.0,57.0,59.0,0.4388746557620604,0.6608391608391609,0.7361111111111112,0.3857808857808859,0.6888111888111889,0.6641172039574035,0.4172494172494172,0.6666666666666666,0.3333333333333333,0.2222222222222222,,1.0,1.395
2026-06-25,emerging,v1,Packaging & Containers,GPK,GPK,Graphic Packaging Holding Co,Packaging & Containers,USA,3.24B,11.95,"2,032,953",10.94,1.62%,May 05/b,-,9.30,-,0.37,21.17,7.00,1.02,8.56%,2.36%,3.24%,1.60,1.77,7.96%,0.92,0.14,-52.62%,37.93%,-4.24%,19.87%,-10.08%,-2.99%,5.61%,1.70%,-134.48%,-55.17%,-0.17%,16.98%,8.23%,3.17%,1.98%,-0.74%,2.77%,6.36%,16.68%,-28.56%,-27.33%,-48.37%,-53.62%,0.47,4.50%,0.67,1.73%,6.55%,-20.09%,55.67,7.07M,0.46,10.77,10.75,11.03,10.73,3.18,11.79,7 hours,Former Graphic Packaging CEO to lead International Paper spinout,https://finance.yahoo.com/m/2f4bc0aa-292d-3c73-bbca-382e5ab1c70f/former-graphic-packaging-ceo.html,"Graphic Packaging names Larry M. Venturelli chairman, succeeding Philip R. Martens upon his retirement effective today",Consumer Cyclical,17.13,8.80B,1.41,0.59,8.65B,274.00M,114.97%,-39.43%,4.53%,-53.94%,24.59%,1.81%,-0.19%,10.06%,48.27%,5.09%,emerging,1,126.0,10.0,57.0,59.0,0.4388746557620604,0.6608391608391609,0.7361111111111112,0.3857808857808859,0.6888111888111889,0.6641172039574035,0.4172494172494172,0.6666666666666666,0.3333333333333333,0.2222222222222222,,1.0,1.395
2026-06-25,accel,v1,Packaging & Containers,GPK,GPK,Graphic Packaging Holding Co,Packaging & Containers,USA,3.24B,11.95,"2,032,953",10.94,1.62%,May 05/b,-,9.30,-,0.37,21.17,7.00,1.02,8.56%,2.36%,3.24%,1.60,1.77,7.96%,0.92,0.14,-52.62%,37.93%,-4.24%,19.87%,-10.08%,-2.99%,5.61%,1.70%,-134.48%,-55.17%,-0.17%,16.98%,8.23%,3.17%,1.98%,-0.74%,2.77%,6.36%,16.68%,-28.56%,-27.33%,-48.37%,-53.62%,0.47,4.50%,0.67,1.73%,6.55%,-20.09%,55.67,7.07M,0.46,10.77,10.75,11.03,10.73,3.18,11.79,7 hours,Former Graphic Packaging CEO to lead International Paper spinout,https://finance.yahoo.com/m/2f4bc0aa-292d-3c73-bbca-382e5ab1c70f/former-graphic-packaging-ceo.html,"Graphic Packaging names Larry M. Venturelli chairman, succeeding Philip R. Martens upon his retirement effective today",Consumer Cyclical,17.13,8.80B,1.41,0.59,8.65B,274.00M,114.97%,-39.43%,4.53%,-53.94%,24.59%,1.81%,-0.19%,10.06%,48.27%,5.09%,accel,1,126.0,10.0,57.0,59.0,0.4388746557620604,0.6608391608391609,0.7361111111111112,0.3857808857808859,0.6888111888111889,0.6641172039574035,0.4172494172494172,0.6666666666666666,0.3333333333333333,0.2222222222222222,,1.0,1.395
2026-06-25,emerging,v1,Packaging & Containers,AMBP,AMBP,Ardagh Metal Packaging SA,Packaging & Containers,Luxembourg,2.68B,-,"536,831",4.49,0.11%,Apr 23/b,RUT,15.24,0.90,0.47,12.19,9.33,1.23,-,0.21%,0.31%,-,-,-,-0.01,0.09,17.93%,18.85%,-,-,16.99%,5.44%,9.76%,18.61%,54.35%,74.85%,13.86%,9.99%,4.92%,-0.09%,0.00%,-0.42%,3.10%,9.93%,5.53%,11.01%,9.39%,5.04%,34.28%,0.14,3.30%,0.51,6.97%,10.04%,10.22%,67.47,1.45M,0.59,4.48,4.53,4.55,4.44,2.86,4.50,Jun-02,Ardagh Metal Packaging to participate in a fireside chat at the Wells Fargo 16th Annual Industrials & Materials Conference,https://finviz.com/news/358993/ardagh-metal-packaging-to-participate-in-a-fireside-chat-at-the-wells-fargo-16th-annual-industrials-materials-conference,No clear catalyst identified for AMBP's 4.53% gain on May 27,Consumer Cyclical,18.88,7.03B,1.06,0.74,5.73B,-5.00M,19.62%,-56.96%,4.26%,-10.83%,36.32%,-0.99%,1.12%,0.00%,71.82%,9.96%,emerging,1,126.0,10.0,57.0,59.0,0.4388746557620604,0.6608391608391609,0.7361111111111112,0.3857808857808859,0.6888111888111889,0.6641172039574035,0.4172494172494172,0.6666666666666666,0.3333333333333333,0.2222222222222222,,1.0,1.395
2026-06-25,accel,v1,Packaging & Containers,AMBP,AMBP,Ardagh Metal Packaging SA,Packaging & Containers,Luxembourg,2.68B,-,"536,831",4.49,0.11%,Apr 23/b,RUT,15.24,0.90,0.47,12.19,9.33,1.23,-,0.21%,0.31%,-,-,-,-0.01,0.09,17.93%,18.85%,-,-,16.99%,5.44%,9.76%,18.61%,54.35%,74.85%,13.86%,9.99%,4.92%,-0.09%,0.00%,-0.42%,3.10%,9.93%,5.53%,11.01%,9.39%,5.04%,34.28%,0.14,3.30%,0.51,6.97%,10.04%,10.22%,67.47,1.45M,0.59,4.48,4.53,4.55,4.44,2.86,4.50,Jun-02,Ardagh Metal Packaging to participate in a fireside chat at the Wells Fargo 16th Annual Industrials & Materials Conference,https://finviz.com/news/358993/ardagh-metal-packaging-to-participate-in-a-fireside-chat-at-the-wells-fargo-16th-annual-industrials-materials-conference,No clear catalyst identified for AMBP's 4.53% gain on May 27,Consumer Cyclical,18.88,7.03B,1.06,0.74,5.73B,-5.00M,19.62%,-56.96%,4.26%,-10.83%,36.32%,-0.99%,1.12%,0.00%,71.82%,9.96%,accel,1,126.0,10.0,57.0,59.0,0.4388746557620604,0.6608391608391609,0.7361111111111112,0.3857808857808859,0.6888111888111889,0.6641172039574035,0.4172494172494172,0.6666666666666666,0.3333333333333333,0.2222222222222222,,1.0,1.395
2026-06-25,emerging,v1,Lumber & Wood Production,SSD,SSD,Simpson Manufacturing Co Inc,Lumber & Wood Production,USA,8.70B,24.76,"161,237",211.43,2.35%,Apr 27/a,-,21.64,2.18,3.65,24.42,16.02,3.71,18.13%,12.12%,14.20%,0.22,0.23,4.56%,8.54,2.70,10.05%,7.74%,2.04%,14.09%,9.94%,3.30%,12.97%,9.11%,15.03%,11.06%,6.31%,45.24%,19.12%,14.92%,0.00%,-1.66%,10.24%,11.53%,20.93%,26.28%,30.94%,34.67%,59.89%,6.12,2.79%,1.28,9.44%,12.31%,17.66%,70.42,307.36K,0.83,206.58,208.58,213.49,207.55,2.00,217.80,Jun-15,"Simpson Manufacturing Co., Inc. Publishes Fiscal 2025 Corporate Social Responsibility Report",https://finviz.com/news/361842/simpson-manufacturing-co-inc-publishes-fiscal-2025-corporate-social-responsibility-report,Stronger U.S. pending home sales data drives SSD's 4.54% gain,Basic Materials,25.51,8.84B,3.40,2.02,2.38B,355.42M,101.19%,92.05%,3.52%,-0.26%,37.09%,1.36%,0.97%,3.74%,14.03%,6.46%,emerging,2,105.0,15.0,46.0,44.0,0.5689204501212165,0.7202797202797203,0.8402777777777778,0.2762237762237763,0.7386363636363635,0.7898604307508151,0.3508158508158507,0.6666666666666666,0.3333333333333333,0.2222222222222222,,1.0,1.152
2026-06-25,emerging,v1,Lumber & Wood Production,WFG,WFG,West Fraser Timber Co Ltd,Lumber & Wood Production,Canada,5.48B,-,"88,590",70.01,0.92%,Apr 29/a,-,38.43,-,1.03,-,-,1.11,-18.56%,-14.20%,-19.57%,0.06,0.09,16.18%,-14.89,-0.48,68.42%,147.75%,-,-,-,-17.43%,4.60%,-8.57%,-556.64%,-124147.50%,-11.12%,-3.22%,-11.99%,-21.86%,0.00%,0.09%,-0.54%,9.58%,9.30%,17.48%,14.56%,-5.16%,-13.71%,2.14,3.15%,1.00,2.74%,7.73%,6.88%,59.83,187.40K,0.75,69.37,69.59,70.85,69.22,1.75,82.41,Jun-10,West Fraser Declares Dividend,https://finviz.com/news/361021/west-fraser-declares-dividend,"West Fraser Timber declares a quarterly dividend of US$0.32 per share, payable July 13, 2026 to shareholders of record on June 25, 2026.",Basic Materials,67.67,5.93B,1.84,0.66,5.34B,-1.17B,54.71%,-0.09%,3.50%,-10.87%,22.09%,0.60%,0.32%,3.07%,-81.13%,1.43%,emerging,2,105.0,15.0,46.0,44.0,0.5689204501212165,0.7202797202797203,0.8402777777777778,0.2762237762237763,0.7386363636363635,0.7898604307508151,0.3508158508158507,0.6666666666666666,0.3333333333333333,0.2222222222222222,,1.0,1.152
2026-06-25,emerging,v1,Lumber & Wood Production,BCC,BCC,Boise Cascade Co,Lumber & Wood Production,USA,2.78B,26.76,"113,833",78.99,1.72%,May 04/a,RUT,14.86,0.50,0.44,75.60,9.56,0.47,5.33%,3.23%,4.32%,0.27,0.27,16.54%,2.95,1.16,2.67%,46.67%,-45.29%,-4.47%,29.55%,-8.60%,3.19%,-2.47%,-53.09%,-63.19%,-3.76%,13.77%,2.40%,1.73%,-0.55%,-3.80%,11.56%,16.00%,5.82%,6.42%,7.33%,-9.75%,7.16%,2.87,3.57%,1.06,11.22%,7.99%,3.87%,66.97,402.63K,0.45,77.66,77.98,80.62,77.89,2.00,92.00,Jun-18,Boise Cascade Named One of America's Best Large Employers,https://www.businesswire.com/news/home/20260618424126/en,"Congress passes major housing supply bill, boosting BCC on expected demand surge",Basic Materials,8.21,2.99B,2.77,1.37,6.37B,110.33M,98.42%,78.64%,5.24%,-16.85%,21.53%,1.30%,0.41%,19.03%,19.45%,2.64%,emerging,2,105.0,15.0,46.0,44.0,0.5689204501212165,0.7202797202797203,0.8402777777777778,0.2762237762237763,0.7386363636363635,0.7898604307508151,0.3508158508158507,0.6666666666666666,0.3333333333333333,0.2222222222222222,,1.0,1.152
2026-06-25,emerging,v1,Residential Construction,DHI,DHI,D.R. Horton Inc,Residential Construction,USA,47.37B,15.65,"994,227",167.04,0.32%,Apr 21/b,S&P 500,14.08,2.26,1.42,13.54,12.43,1.58,13.23%,8.90%,10.72%,0.25,0.28,17.98%,10.67,2.97,-8.63%,12.24%,-11.18%,12.53%,6.22%,0.76%,11.02%,-2.27%,-13.13%,-19.40%,-5.57%,22.80%,12.37%,9.51%,-0.00%,-1.52%,9.55%,14.73%,21.32%,14.90%,15.98%,31.23%,38.74%,5.37,3.06%,1.33,9.78%,11.59%,9.71%,69.14,2.47M,0.64,166.51,167.50,170.79,166.38,2.73,168.50,Jun-24,D.R. Horton Inc. stock outperforms competitors on strong trading day,https://www.marketwatch.com/data-news/d-r-horton-inc-stock-outperforms-competitors-on-strong-trading-day-1c29b109-d2d394d551e1?mod=mw_FV,"KB Home's resilient Q2 results spark homebuilder sector rally, boosting DHI 6.61%",Consumer Cyclical,23.99,52.60B,8.73,0.77,33.35B,3.17B,89.24%,88.01%,4.03%,-9.48%,33.59%,-0.27%,0.59%,21.14%,4.05%,0.11%,emerging,3,93.0,5.0,28.0,60.0,0.501011478338531,0.752913752913753,0.875,0.2785547785547786,0.7875874125874126,0.6654301059047362,0.3321678321678322,0.8333333333333334,1.0,0.8333333333333334,,1.0,1.5339999999999996
2026-06-25,emerging,v1,Residential Construction,PHM,PHM,PulteGroup Inc,Residential Construction,USA,26.05B,13.22,"615,416",136.77,0.78%,Apr 23/b,S&P 500,12.29,2.10,1.55,14.12,9.31,1.58,16.18%,11.50%,13.73%,0.15,0.19,12.97%,10.35,2.39,-10.08%,11.26%,0.32%,16.53%,5.84%,2.66%,9.42%,-12.44%,-30.11%,-27.06%,-5.94%,25.60%,16.32%,12.14%,-12.91%,0.49%,12.21%,16.06%,15.73%,14.82%,16.63%,32.06%,79.32%,4.43,3.03%,1.16,11.52%,13.20%,9.80%,71.75,1.88M,0.52,135.71,136.33,140.09,135.93,2.29,138.08,Jun-24,PulteGroup Inc. stock outperforms competitors on strong trading day,https://www.marketwatch.com/data-news/pultegroup-inc-stock-outperforms-competitors-on-strong-trading-day-37934c0b-9cac3ff0a102?mod=mw_FV,"KB Home Q2 earnings spark homebuilder rally, boosting PHM 8%",Consumer Cyclical,14.13,26.61B,5.30,0.64,16.83B,2.04B,96.95%,155.11%,4.12%,-5.35%,33.86%,0.32%,0.46%,14.68%,-1.07%,1.03%,emerging,3,93.0,5.0,28.0,60.0,0.501011478338531,0.752913752913753,0.875,0.2785547785547786,0.7875874125874126,0.6654301059047362,0.3321678321678322,0.8333333333333334,1.0,0.8333333333333334,,1.0,1.5339999999999996
2026-06-25,emerging,v1,Residential Construction,TOL,TOL,Toll Brothers Inc,Residential Construction,USA,15.17B,12.28,"527,401",162.28,0.78%,May 19/a,-,11.49,1.96,1.37,12.48,9.83,1.54,15.68%,8.97%,11.44%,0.33,0.34,17.37%,13.21,2.91,-5.18%,10.42%,7.36%,31.72%,5.85%,2.19%,9.15%,-7.59%,-22.33%,-2.11%,3.62%,24.50%,14.96%,11.66%,-16.54%,-1.76%,8.43%,17.72%,18.53%,16.20%,20.01%,45.79%,113.25%,5.62,3.26%,1.30,11.24%,14.62%,15.05%,68.16,1.14M,0.74,161.03,162.86,165.47,161.51,1.90,166.07,56 min,"Toll Brothers Announces Opening of Vinova in Rancho Cucamonga, California",https://finviz.com/news/364152/toll-brothers-announces-opening-of-vinova-in-rancho-cucamonga-california,Keefe Bruyette upgrade to Outperform on resilient luxury demand drives TOL surge,Consumer Cyclical,13.72,17.00B,3.83,0.35,11.05B,1.29B,91.26%,181.10%,4.57%,-3.61%,46.67%,-0.36%,1.14%,8.37%,5.58%,4.80%,emerging,3,93.0,5.0,28.0,60.0,0.501011478338531,0.752913752913753,0.875,0.2785547785547786,0.7875874125874126,0.6654301059047362,0.3321678321678322,0.8333333333333334,1.0,0.8333333333333334,,1.0,1.5339999999999996
2026-06-25,emerging,v1,Residential Construction,TMHC,TMHC,Taylor Morrison Home Corp,Residential Construction,USA,6.62B,10.73,"1,193,985",71.96,0.04%,Apr 22/b,RUT,11.01,-,0.87,9.11,8.19,1.10,10.96%,6.97%,7.71%,0.39,0.39,-,6.71,1.14,-31.86%,23.48%,-4.99%,32.75%,-,-0.42%,5.79%,-26.84%,-51.20%,-22.26%,-8.99%,22.30%,13.01%,8.77%,-0.11%,0.76%,0.52%,22.80%,20.90%,22.26%,22.24%,19.87%,52.68%,0.94,0.73%,1.40,2.26%,12.67%,14.84%,74.96,2.65M,0.72,71.93,72.00,72.07,71.93,3.00,71.33,Jun-12,"Are GBTG, INM, CZR, TMHC Obtaining Fair Deals for their Shareholders?",https://finviz.com/news/361470/are-gbtg-inm-czr-tmhc-obtaining-fair-deals-for-their-shareholders,"Wolfe Research downgraded Taylor Morrison Home (TMHC) to Peer Perform from Outperform with no price target, citing the previously announced $72.50-per-share acquisition by Berkshire Hathaway.",Consumer Cyclical,10.13,8.39B,7.62,1.05,7.61B,667.66M,105.48%,177.52%,0.45%,-0.74%,32.89%,-0.06%,0.10%,-,17.09%,5.02%,emerging,3,93.0,5.0,28.0,60.0,0.501011478338531,0.752913752913753,0.875,0.2785547785547786,0.7875874125874126,0.6654301059047362,0.3321678321678322,0.8333333333333334,1.0,0.8333333333333334,,1.0,1.5339999999999996
2026-06-25,emerging,v1,Residential Construction,IBP,IBP,Installed Building Products Inc,Residential Construction,USA,6.08B,24.05,"207,929",225.61,1.03%,May 07/b,RUT,20.17,4.03,2.06,19.32,12.94,2.30,38.36%,12.05%,14.39%,1.65,1.77,-,9.38,2.57,-11.52%,10.51%,7.86%,24.31%,5.01%,3.62%,12.44%,-3.55%,-21.27%,6.77%,0.45%,32.46%,12.79%,8.65%,-9.62%,-3.00%,6.77%,3.91%,-16.93%,-14.59%,-12.44%,28.86%,73.99%,10.49,4.25%,1.68,8.15%,-4.95%,-15.01%,54.98,440.82K,0.75,223.30,224.30,230.27,223.63,2.86,233.18,Jun-23,IBP Recognized by David Weekley Homes as 2026 National Preferred Partner,https://www.businesswire.com/news/home/20260623194356/en,"Installed Building Products buys Diamond Energy Systems and reports $51.2 million May share repurchases, $425 million buyback capacity remaining",Consumer Cyclical,12.81,6.78B,3.35,2.76,2.95B,254.80M,97.39%,102.27%,5.09%,-34.93%,30.03%,0.58%,0.45%,5.51%,-8.70%,-1.26%,emerging,3,93.0,5.0,28.0,60.0,0.501011478338531,0.752913752913753,0.875,0.2785547785547786,0.7875874125874126,0.6654301059047362,0.3321678321678322,0.8333333333333334,1.0,0.8333333333333334,,1.0,1.5339999999999996
2026-06-25,emerging,v1,Residential Construction,MTH,MTH,Meritage Homes Corp,Residential Construction,USA,5.53B,15.18,"292,750",82.85,0.56%,Apr 22/a,RUT,12.97,1.65,0.98,23.20,13.95,1.19,7.49%,5.05%,5.56%,0.36,0.37,-,5.46,1.30,-21.38%,27.94%,-21.98%,2.91%,7.85%,-2.36%,5.41%,-17.67%,-51.75%,-45.01%,-10.63%,18.89%,8.06%,6.86%,-3.01%,-4.03%,14.36%,27.88%,34.52%,26.40%,25.92%,25.97%,20.90%,2.81,3.31%,1.31,14.96%,21.81%,18.95%,75.24,911.87K,0.51,82.39,82.99,84.58,82.41,2.17,80.25,Jun-11,"Meritage Homes Second Quarter 2026 Earnings Conference Call and Webcast Scheduled for July 30, 2026",https://finviz.com/news/361342/meritage-homes-second-quarter-2026-earnings-conference-call-and-webcast-scheduled-for-july-30-2026,Congress housing bill passage and lower yields fuel 7% MTH surge,Consumer Cyclical,7.21,6.66B,11.58,1.69,5.62B,385.52M,100.74%,80.43%,4.56%,-2.22%,42.78%,-0.16%,0.73%,-,-11.92%,-5.07%,emerging,3,93.0,5.0,28.0,60.0,0.501011478338531,0.752913752913753,0.875,0.2785547785547786,0.7875874125874126,0.6654301059047362,0.3321678321678322,0.8333333333333334,1.0,0.8333333333333334,,1.0,1.5339999999999996
2026-06-25,emerging,v1,Residential Construction,SKY,SKY,Champion Homes Inc,Residential Construction,USA,4.81B,23.98,"208,013",87.59,-0.73%,May 26/b,RUT,21.79,3.54,1.81,17.89,14.11,1.62,13.27%,9.75%,12.89%,0.02,0.09,-,3.65,0.87,-11.75%,18.29%,-19.43%,19.72%,6.15%,0.72%,13.39%,4.62%,-15.15%,6.61%,7.26%,25.96%,9.65%,7.77%,-1.52%,-2.75%,8.65%,22.01%,15.83%,2.29%,3.66%,41.96%,40.01%,3.58,4.40%,0.97,11.95%,15.50%,9.61%,69.66,693.09K,0.48,88.23,88.20,90.54,87.34,1.57,90.67,Jun-02,"Champion Homes Announces Senior Leadership Appointments Across Customer Experience, Sales and Manufacturing",https://www.businesswire.com/news/home/20260602322773/en,Housing bill passage drives sector surge in Champion Homes (SKY) shares,Consumer Cyclical,7.53,4.32B,2.48,1.69,2.66B,206.90M,108.30%,63.14%,4.65%,-11.67%,45.67%,-0.69%,-0.03%,-,10.41%,2.29%,emerging,3,93.0,5.0,28.0,60.0,0.501011478338531,0.752913752913753,0.875,0.2785547785547786,0.7875874125874126,0.6654301059047362,0.3321678321678322,0.8333333333333334,1.0,0.8333333333333334,,1.0,1.5339999999999996
2026-06-25,emerging,v1,Residential Construction,CVCO,CVCO,Cavco Industries Inc,Residential Construction,USA,4.73B,25.58,"92,629",613.34,0.29%,May 21/a,RUT,21.34,1.78,2.11,20.37,17.87,2.00,17.58%,13.15%,16.70%,0.03,0.04,-,23.98,5.69,-0.13%,19.98%,-3.82%,23.80%,11.96%,1.62%,15.25%,8.22%,21.04%,15.51%,11.36%,23.47%,10.18%,8.49%,-0.20%,0.10%,4.66%,15.94%,26.33%,1.96%,3.83%,47.67%,121.82%,25.42,4.25%,1.25,6.86%,15.43%,10.60%,66.41,140.65K,1.05,611.60,612.94,630.48,601.28,1.50,625.00,Jun-01,Cavco Industries Hosts Virginia Governor Spanberger for Landmark Manufactured Housing Bill Signing,https://finviz.com/news/358701/cavco-industries-hosts-virginia-governor-spanberger-for-landmark-manufactured-housing-bill-signing,"Cavco posts record shipments and strong EPS on order rebound, starts construction on new Southwest plant",Consumer Cyclical,17.30,4.50B,2.46,1.58,2.24B,190.55M,102.31%,179.03%,4.28%,-13.98%,54.35%,0.07%,0.22%,-,3.06%,-3.67%,emerging,3,93.0,5.0,28.0,60.0,0.501011478338531,0.752913752913753,0.875,0.2785547785547786,0.7875874125874126,0.6654301059047362,0.3321678321678322,0.8333333333333334,1.0,0.8333333333333334,,1.0,1.5339999999999996
2026-06-25,emerging,v1,Residential Construction,MHO,MHO,MI Homes Inc,Residential Construction,USA,4.09B,12.04,"105,160",159.94,0.70%,Apr 22/b,RUT,10.50,17.80,0.94,21.23,9.47,1.00,11.60%,7.67%,9.09%,0.24,0.32,-,13.28,3.51,-21.20%,17.91%,-5.09%,12.37%,0.59%,2.17%,7.69%,-5.60%,-35.85%,-30.18%,-1.83%,22.18%,10.16%,8.26%,-11.18%,-0.79%,12.02%,21.07%,29.93%,25.23%,25.00%,45.63%,96.13%,4.84,2.87%,1.56,12.49%,19.21%,19.04%,75.99,237.21K,0.70,158.83,159.74,163.66,158.83,1.40,163.33,Jun-10,"M/I Homes, Inc. Announces Second Quarter Webcast",https://finviz.com/news/360776/mi-homes-inc-announces-second-quarter-webcast,Housing affordability bill passage drives 7% MHO surge,Consumer Cyclical,5.33,4.35B,7.64,1.78,4.35B,359.54M,95.79%,171.64%,4.23%,-0.81%,46.84%,0.13%,0.57%,-,1.59%,-0.11%,emerging,3,93.0,5.0,28.0,60.0,0.501011478338531,0.752913752913753,0.875,0.2785547785547786,0.7875874125874126,0.6654301059047362,0.3321678321678322,0.8333333333333334,1.0,0.8333333333333334,,1.0,1.5339999999999996
2026-06-25,emerging,v1,Residential Construction,KBH,KBH,KB Home,Residential Construction,USA,3.84B,14.89,"840,876",61.29,-0.36%,Jun 23/a,RUT,13.53,-,0.70,7.73,15.15,1.02,6.95%,3.92%,4.69%,0.52,0.52,18.95%,4.12,0.90,-46.08%,36.65%,-12.21%,14.45%,-1.63%,-3.33%,8.31%,-27.27%,-71.43%,-45.75%,-17.52%,17.02%,5.96%,4.92%,0.00%,3.28%,16.92%,24.52%,17.59%,8.57%,8.65%,18.43%,17.82%,2.44,3.64%,1.29,15.32%,18.93%,5.74%,71.61,1.28M,1.04,61.51,62.35,63.63,60.85,3.18,57.58,Jun-24,KB Home (KBH) Q2 2026 Earnings Call Highlights: Navigating Market Challenges with Strategic Growth,https://finance.yahoo.com/real-estate/articles/kb-home-kbh-q2-2026-050041582.html,"KB Home returns to BTO model, guides sequential margin and delivery improvement in 2H26",Consumer Cyclical,19.22,5.61B,6.27,0.58,5.50B,270.67M,99.33%,52.96%,5.94%,-10.80%,39.22%,-1.70%,1.37%,18.56%,-4.91%,2.10%,emerging,3,93.0,5.0,28.0,60.0,0.501011478338531,0.752913752913753,0.875,0.2785547785547786,0.7875874125874126,0.6654301059047362,0.3321678321678322,0.8333333333333334,1.0,0.8333333333333334,,1.0,1.5339999999999996
2026-06-25,emerging,v1,Residential Construction,GRBK,GRBK,Green Brick Partners Inc,Residential Construction,USA,3.48B,11.87,"87,895",80.65,0.53%,Apr 29/a,RUT,12.50,-,1.73,17.80,9.32,1.84,16.58%,12.46%,13.61%,0.15,0.15,-,6.79,1.42,-17.54%,10.63%,5.47%,25.85%,-,5.09%,15.89%,-6.46%,-16.79%,-18.09%,-6.58%,30.69%,19.52%,14.75%,-0.21%,0.68%,12.97%,20.12%,25.99%,27.22%,28.71%,29.37%,47.62%,2.52,3.06%,1.74,12.50%,17.19%,17.65%,73.73,230.56K,0.61,80.22,80.66,83.18,80.23,3.00,67.00,Jun-10,Atlanta St. Jude Dream Home Open for Tours,https://www.businesswire.com/news/home/20260610434221/en,Congress passes major housing bill sparking homebuilder rally including GRBK,Consumer Cyclical,19.65,3.70B,9.03,0.79,2.01B,296.24M,80.36%,264.42%,4.54%,-1.37%,33.43%,-0.02%,0.55%,-,17.80%,8.38%,emerging,3,93.0,5.0,28.0,60.0,0.501011478338531,0.752913752913753,0.875,0.2785547785547786,0.7875874125874126,0.6654301059047362,0.3321678321678322,0.8333333333333334,1.0,0.8333333333333334,,1.0,1.5339999999999996
2026-06-25,emerging,v1,Real Estate - Development,VTMX,VTMX,Corporacion Inmobiliaria Vesta Sab ADR,Real Estate - Development,Mexico,2.93B,8.66,"43,094",33.24,2.78%,Apr 23/b,-,18.10,-,9.69,19.12,16.79,12.90,12.25%,7.82%,8.15%,0.41,0.41,-,3.84,0.47,-17.06%,-21.77%,-7.25%,19.58%,-10.17%,17.64%,14.14%,20.50%,589.64%,204.57%,18.38%,89.22%,76.31%,108.60%,-97.54%,-29.08%,-3.15%,-4.04%,-0.27%,6.98%,9.02%,24.31%,-,0.93,2.44%,0.69,-2.34%,-4.38%,4.05%,42.04,106.71K,0.64,32.34,32.54,33.26,31.90,1.54,40.17,Jun-09,Vesta Announces Second Quarter 2026 Earnings Conference Call and Webcast,https://www.businesswire.com/news/home/20260609893270/en/,"Vesta international underwriters exercise over-allotment option, raising about US$26.8M in ADS offering",Real Estate,14.23,3.90B,5.66,5.66,302.69M,328.71M,11.84%,-,2.34%,-11.15%,33.01%,2.15%,0.62%,-,191.40%,-0.12%,emerging,4,152.0,25.0,69.0,58.0,0.4725018589263675,0.6538461538461539,0.7222222222222222,0.2074592074592074,0.659965034965035,0.7226499018873855,0.2529137529137529,0.6666666666666666,0.3333333333333333,0.2222222222222222,,1.0,1.1469999999999998
2026-06-25,emerging,v1,Real Estate - Development,CCS,CCS,Century Communities Inc,Real Estate - Development,USA,2.01B,15.74,"122,025",69.73,0.75%,Apr 22/a,RUT,13.73,-,0.51,21.20,22.74,0.88,5.17%,2.93%,3.43%,0.52,0.60,-,4.43,0.64,-34.47%,29.43%,-32.66%,-4.54%,-,-3.40%,5.14%,-13.11%,-33.93%,-54.59%,-7.87%,16.30%,3.25%,3.36%,-2.65%,-1.78%,16.43%,31.99%,21.35%,18.55%,17.49%,26.64%,-1.86%,2.70,3.98%,1.24,18.11%,22.62%,13.94%,76.39,317.71K,0.61,69.21,69.69,71.28,68.94,1.67,78.33,Jun-24,Century Communities Sets Date for Second Quarter 2026 Earnings Release and Conference Call,https://finviz.com/news/363816/century-communities-sets-date-for-second-quarter-2026-earnings-release-and-conference-call,"KB Home earnings beat and housing bill spark sector rally, boosting CCS 11%",Real Estate,22.34,3.46B,5.74,0.23,3.95B,132.62M,91.95%,5.27%,5.62%,-8.25%,47.50%,0.06%,0.69%,13.19%,49.15%,-2.23%,emerging,4,152.0,25.0,69.0,58.0,0.4725018589263675,0.6538461538461539,0.7222222222222222,0.2074592074592074,0.659965034965035,0.7226499018873855,0.2529137529137529,0.6666666666666666,0.3333333333333333,0.2222222222222222,,1.0,1.1469999999999998
2026-06-25,accel,v1,Airlines,DAL,DAL,Delta Air Lines Inc,Airlines,USA,61.06B,13.57,"6,128,303",92.93,2.52%,Jul 10/b,S&P 500,11.52,0.67,0.94,15.57,9.26,1.17,25.00%,5.53%,12.18%,0.80,1.00,11.20%,6.85,1.50,-4.74%,45.57%,54.97%,-,17.15%,7.80%,29.96%,12.92%,-220.40%,20.93%,5.24%,16.93%,8.83%,6.87%,-26.19%,-1.42%,12.99%,17.06%,36.69%,28.97%,33.91%,92.37%,116.83%,3.04,3.14%,1.27,12.32%,22.52%,38.21%,74.47,9.05M,1.08,90.65,91.46,95.14,91.42,1.41,87.45,Jun-24,"AAL, UAL, ALK, JBLU And Other Airline Stocks Are Flying Higher Today  Crude Prices Fall To Multi-Week Lows",https://finance.yahoo.com/m/7d512a00-a44f-39e0-8265-b74c95912f6b/aal%2C-ual%2C-alk%2C-jblu-and-other.html,Delta Air Lines shares rise after a sharp drop in crude oil prices to multi-week lows eases fuel cost concerns for U.S. carriers.,Industrials,11.75,76.16B,0.42,0.36,65.18B,4.48B,90.25%,109.17%,2.78%,2.45%,93.13%,1.61%,0.89%,-,10.40%,1.07%,accel,2,60.0,1.0,10.0,49.0,0.5951273140046875,0.8613053613053613,0.9583333333333334,0.3531468531468531,0.888111888111888,0.690959723161058,0.1841491841491841,1.0,1.0,1.0,,0.0,0.0329999999999994
2026-06-25,accel,v1,Airlines,UAL,UAL,United Airlines Holdings Inc,Airlines,USA,43.51B,11.96,"4,593,015",134.05,2.69%,Apr 21/a,S&P 500,9.31,0.56,0.72,13.57,7.50,1.00,25.73%,4.67%,8.36%,1.76,1.95,-,11.21,1.76,-10.53%,51.57%,65.97%,-,16.73%,9.53%,30.93%,10.56%,84.04%,1.55%,4.73%,28.69%,8.40%,6.06%,-5.04%,-2.01%,15.73%,26.56%,44.22%,15.54%,19.88%,74.71%,154.62%,5.56,4.28%,1.24,17.10%,29.80%,30.59%,74.40,6.82M,1.07,130.54,132.20,138.44,132.00,1.36,136.64,3 hours,United to Hold Webcast of Second-Quarter 2026 Financial Results,https://finviz.com/news/364120/united-to-hold-webcast-of-second-quarter-2026-financial-results,"United Airlines shares rise after crude oil prices drop to pre‑Iran war lows, easing fuel cost concerns for the carrier.",Industrials,3.07,60.31B,0.70,0.64,60.47B,3.67B,89.84%,148.80%,3.90%,2.65%,75.99%,1.40%,1.27%,-,10.36%,1.54%,accel,2,60.0,1.0,10.0,49.0,0.5951273140046875,0.8613053613053613,0.9583333333333334,0.3531468531468531,0.888111888111888,0.690959723161058,0.1841491841491841,1.0,1.0,1.0,,0.0,0.0329999999999994
2026-06-25,accel,v1,Airlines,RYAAY,RYAAY,Ryanair Holdings Plc ADR,Airlines,Ireland,33.47B,13.76,"377,588",64.32,0.93%,May 18/b,-,13.49,1.88,1.86,16.03,7.01,1.73,26.10%,12.05%,21.05%,0.03,0.15,-,4.68,1.45,-7.54%,8.44%,25.67%,-,7.17%,17.13%,56.71%,21.58%,-36.51%,49.49%,19.66%,20.95%,15.78%,13.95%,-,-,6.07%,6.68%,4.81%,-12.02%,-10.90%,14.41%,53.61%,1.85,2.41%,1.13,7.20%,10.45%,2.31%,64.20,1.45M,0.41,63.73,64.80,65.59,64.30,1.50,69.82,3 hours,EasyJet knocks back $6.5 billion Castlelake bid but deal hopes rise,https://finance.yahoo.com/video/easyjet-knocks-back-6-5-135556041.html,"Ryanair to become debt-free after repaying final €1.2B bond, declares €0.195 per-share final dividend and continues €750M buyback after record annual profit",Industrials,8.12,31.07B,0.90,0.90,18.00B,2.51B,41.32%,47.08%,2.35%,-13.36%,21.04%,-0.74%,1.68%,-,14.11%,-5.08%,accel,2,60.0,1.0,10.0,49.0,0.5951273140046875,0.8613053613053613,0.9583333333333334,0.3531468531468531,0.888111888111888,0.690959723161058,0.1841491841491841,1.0,1.0,1.0,,0.0,0.0329999999999994
2026-06-25,accel,v1,Airlines,LUV,LUV,Southwest Airlines Co,Airlines,USA,25.36B,33.06,"4,109,305",51.89,1.86%,Apr 22/a,S&P 500,11.42,0.15,0.88,-,10.08,0.98,10.07%,2.61%,6.75%,0.76,0.93,31.95%,1.57,0.47,192.96%,66.82%,-1.92%,-,77.13%,5.63%,25.41%,12.77%,276.91%,72.71%,4.72%,19.62%,4.35%,2.83%,-0.00%,-6.46%,11.21%,22.73%,29.11%,22.85%,25.55%,65.57%,52.93%,1.92,3.72%,1.08,15.39%,23.80%,30.51%,75.99,7.06M,0.92,50.94,51.59,53.08,51.54,2.54,47.69,Jun-24,"AAL, UAL, ALK, JBLU And Other Airline Stocks Are Flying Higher Today  Crude Prices Fall To Multi-Week Lows",https://finance.yahoo.com/m/7d512a00-a44f-39e0-8265-b74c95912f6b/aal%2C-ual%2C-alk%2C-jblu-and-other.html,"Southwest Airlines shares rise over 3% as crude prices fall to pre-Iran-war lows, easing fuel-cost concerns for the carrier.",Industrials,7.62,28.43B,0.48,0.41,28.88B,818.00M,90.15%,-4.88%,3.66%,-5.84%,79.09%,0.58%,1.28%,58.74%,-4.90%,-0.32%,accel,2,60.0,1.0,10.0,49.0,0.5951273140046875,0.8613053613053613,0.9583333333333334,0.3531468531468531,0.888111888111888,0.690959723161058,0.1841491841491841,1.0,1.0,1.0,,0.0,0.0329999999999994
2026-06-25,accel,v1,Airlines,LTM,LTM,LATAM Airlines Group SA ADR,Airlines,Chile,16.47B,10.08,"285,735",57.35,0.53%,May 05/a,-,8.72,0.93,1.10,9.41,5.02,1.49,116.38%,9.71%,17.72%,3.90,4.34,-,5.69,0.41,-2.19%,35.74%,-43.77%,-,9.42%,14.83%,29.28%,20.79%,68.00%,62.18%,16.19%,29.29%,17.34%,11.20%,-,0.00%,5.15%,9.74%,15.53%,4.56%,6.18%,47.01%,-94.40%,2.14,3.73%,3.61,9.01%,12.35%,11.98%,65.73,935.43K,0.49,57.05,57.14,57.97,57.08,1.08,69.42,Jun-03,Rolls-Royce Shares Climb 40% As Engine Comeback Gains Orders,https://finance.yahoo.com/markets/stocks/articles/rolls-royce-shares-climb-40-201252802.html,Record Q1 2026 earnings momentum drives LATAM Airlines (LTM) 8%+ surge on May 20.,Industrials,6.29,22.23B,0.66,0.59,14.97B,1.68B,24.44%,-98.84%,3.25%,-18.56%,47.09%,0.37%,0.16%,-,74.00%,4.88%,accel,2,60.0,1.0,10.0,49.0,0.5951273140046875,0.8613053613053613,0.9583333333333334,0.3531468531468531,0.888111888111888,0.690959723161058,0.1841491841491841,1.0,1.0,1.0,,0.0,0.0329999999999994
2026-06-25,accel,v1,Airlines,AAL,AAL,American Airlines Group Inc,Airlines,USA,11.64B,57.46,"130,406,131",17.60,0.92%,Apr 23/b,-,7.70,0.07,0.21,10.58,10.09,0.68,-,0.32%,0.80%,-,-,-,0.31,-0.01,-87.25%,4880.01%,-4.69%,-,105.47%,3.71%,25.80%,10.84%,19.52%,-70.60%,3.33%,19.37%,3.21%,0.36%,0.00%,-0.92%,14.14%,18.56%,63.87%,8.24%,14.81%,59.13%,8.24%,0.70,4.27%,1.29,17.92%,30.42%,33.16%,76.78,78.45M,2.64,17.44,17.49,18.04,17.47,2.26,16.38,11 hours,"This High-Yield Bond Investor Favors High-Quality Issuers, Like United, American Airlines",https://www.barrons.com/articles/michael-chang-high-yield-investing-united-american-airlines-f4e868d5?mod=bar_FV,"American Airlines shares rise after crude prices fall to pre-Iran war lows, easing fuel cost concerns for the carrier.",Industrials,1.45,38.16B,0.49,0.38,55.99B,202.00M,70.74%,-20.79%,4.21%,0.74%,74.43%,0.63%,0.29%,-,13.68%,0.87%,accel,2,60.0,1.0,10.0,49.0,0.5951273140046875,0.8613053613053613,0.9583333333333334,0.3531468531468531,0.888111888111888,0.690959723161058,0.1841491841491841,1.0,1.0,1.0,,0.0,0.0329999999999994
2026-06-25,accel,v1,Airlines,CPA,CPA,Copa Holdings SA,Airlines,Panama,6.48B,9.17,"201,936",157.46,0.38%,May 13/a,-,7.98,0.63,1.72,-,6.11,2.01,26.42%,11.19%,14.13%,0.74,0.84,51.76%,17.17,1.85,0.48%,20.62%,23.93%,-,12.75%,6.86%,35.20%,17.04%,20.16%,16.70%,9.30%,31.64%,22.73%,18.76%,0.00%,-0.85%,9.94%,10.69%,36.58%,27.27%,30.55%,49.42%,42.58%,5.98,3.77%,0.96,10.79%,20.26%,24.35%,70.61,426.79K,0.75,156.86,159.00,160.46,156.91,1.33,170.21,Jun-11,Copa Holdings Announces Monthly Traffic Statistics for May 2026,https://finviz.com/news/361349/copa-holdings-announces-monthly-traffic-statistics-for-may-2026,Copa Holdings reports May 2026 traffic up 17.0% year over year with system load factor increasing to 88.2%.,Industrials,4.86,7.56B,1.16,1.06,3.77B,707.35M,65.80%,104.36%,3.92%,-1.54%,50.92%,-0.97%,1.36%,-,24.64%,1.52%,accel,2,60.0,1.0,10.0,49.0,0.5951273140046875,0.8613053613053613,0.9583333333333334,0.3531468531468531,0.888111888111888,0.690959723161058,0.1841491841491841,1.0,1.0,1.0,,0.0,0.0329999999999994
2026-06-25,accel,v1,Airlines,ALK,ALK,Alaska Air Group Inc,Airlines,USA,5.87B,98.54,"1,458,812",52.72,2.24%,Apr 20/a,-,8.43,0.16,0.41,-,8.85,0.75,1.86%,0.36%,0.75%,1.60,1.79,-,0.54,-0.96,-123.40%,1194.66%,22.51%,-,53.66%,13.86%,31.90%,5.20%,-25.26%,-79.71%,13.94%,13.76%,2.84%,0.51%,-5.61%,-0.35%,9.21%,20.39%,34.21%,-1.43%,4.80%,8.34%,7.04%,2.51,4.84%,1.25,13.44%,23.30%,13.43%,69.73,3.97M,0.58,51.56,52.00,54.32,52.00,1.53,58.50,5 hours,"Atmos Rewards members now unlock free inflight Wi-Fi on Alaska Airlines and Hawaiian Airlines, thanks to T-Mobile",https://finviz.com/news/363989/atmos-rewards-members-now-unlock-free-inflight-wi-fi-on-alaska-airlines-and-hawaiian-airlines-thanks-to-t-mobile,"Crude prices drop to pre-Iran war lows, easing fuel cost concerns for Alaska Air Group and other airlines",Industrials,3.27,10.75B,0.43,0.39,14.40B,73.00M,92.80%,-16.68%,4.70%,-19.98%,59.60%,1.38%,0.85%,-,-1.84%,0.17%,accel,2,60.0,1.0,10.0,49.0,0.5951273140046875,0.8613053613053613,0.9583333333333334,0.3531468531468531,0.888111888111888,0.690959723161058,0.1841491841491841,1.0,1.0,1.0,,0.0,0.0329999999999994
2026-06-25,accel,v1,Airlines,SKYW,SKYW,Skywest Inc,Airlines,USA,3.93B,9.51,"170,534",99.18,2.56%,Apr 23/a,RUT,8.27,0.99,0.95,17.47,5.98,1.40,16.50%,5.94%,9.36%,0.68,0.91,-,10.43,2.76,5.32%,9.97%,92.94%,-,8.36%,10.54%,13.79%,6.82%,3.45%,18.57%,12.26%,22.83%,14.61%,10.42%,-3.92%,-0.10%,8.13%,14.29%,5.36%,-5.08%,-1.22%,0.09%,150.64%,3.14,2.98%,1.43,11.83%,13.38%,2.71%,72.85,395.50K,0.68,96.70,97.22,101.35,97.22,1.33,121.50,Apr-24,SkyWest Inc (SKYW) Q1 2026 Earnings Call Highlights: Strong Revenue Growth Amidst Challenges,https://finance.yahoo.com/markets/stocks/articles/skywest-inc-skyw-q1-2026-071415980.html,"Lowered 2026 EPS guidance on elevated fuel costs and margin pressure follows Q1 beat, sparking gap-down selloff.",Industrials,6.27,5.78B,0.62,0.51,4.12B,429.48M,93.85%,120.65%,2.83%,-19.98%,27.33%,2.02%,0.54%,-,15.54%,2.13%,accel,2,60.0,1.0,10.0,49.0,0.5951273140046875,0.8613053613053613,0.9583333333333334,0.3531468531468531,0.888111888111888,0.690959723161058,0.1841491841491841,1.0,1.0,1.0,,0.0,0.0329999999999994
2026-06-25,accel,v1,Airlines,ALGT,ALGT,Allegiant Travel,Airlines,USA,2.96B,-,"385,352",110.18,2.66%,Apr 30/a,RUT,11.05,0.22,1.12,-,8.51,1.47,-3.20%,-0.79%,-1.25%,1.57,1.69,-,-2.00,-0.25,9.40%,139.87%,-,26.48%,49.19%,4.23%,21.36%,4.77%,32.55%,82.72%,3.31%,12.23%,8.08%,-1.34%,-10.11%,7.77%,14.90%,26.35%,29.79%,29.00%,29.21%,102.98%,-7.51%,5.62,5.34%,1.48,19.21%,29.58%,36.10%,73.64,564.92K,1.08,107.32,108.05,114.01,108.05,2.08,105.92,Jun-24,ALLEGIANT TRAVEL COMPANY ISSUES SENIOR SECURED NOTES,https://finviz.com/news/363872/allegiant-travel-company-issues-senior-secured-notes,Allegiant Travel closes $650 million private offering of 7.125% senior secured notes due 2031,Industrials,3.21,3.89B,0.91,0.87,2.64B,-35.31M,70.89%,-42.09%,4.94%,-6.63%,158.88%,1.97%,0.68%,-,9.89%,3.01%,accel,2,60.0,1.0,10.0,49.0,0.5951273140046875,0.8613053613053613,0.9583333333333334,0.3531468531468531,0.888111888111888,0.690959723161058,0.1841491841491841,1.0,1.0,1.0,,0.0,0.0329999999999994
2026-06-25,accel,v1,Airlines,AERO,AERO,Grupo Aeromexico SAB de CV ADR,Airlines,Mexico,2.69B,7.86,"155,343",18.45,4.24%,Jun 03,-,8.89,1.59,0.49,4.49,3.46,1.02,-,4.94%,11.62%,-,-,-,2.35,-0.26,-44.81%,56.28%,-,-,5.58%,12.01%,32.31%,14.23%,-49.33%,-93.70%,1.99%,24.41%,15.97%,6.18%,0.14%,2.10%,4.77%,12.16%,34.97%,-12.68%,-15.98%,-,-,0.81,4.52%,-,8.34%,14.45%,5.01%,66.74,297.43K,0.83,17.70,17.99,18.50,17.45,1.22,26.88,Jun-23,Aeromexico Announces Webcast of Second Quarter 2026 Financial Results,https://finviz.com/news/363427/aeromexico-announces-webcast-of-second-quarter-2026-financial-results,"Grupo Aeromexico SAB de CV ADR reports fiscal Q1 2026 results with non-GAAP EPS $0.08 and revenue $1.3B, beats estimates",Industrials,2.64,5.66B,0.65,0.59,5.54B,342.27M,40.23%,-,3.91%,-19.96%,50.49%,2.56%,1.64%,-,1.19%,0.56%,accel,2,60.0,1.0,10.0,49.0,0.5951273140046875,0.8613053613053613,0.9583333333333334,0.3531468531468531,0.888111888111888,0.690959723161058,0.1841491841491841,1.0,1.0,1.0,,0.0,0.0329999999999994
2026-06-25,accel,v1,Airlines,JBLU,JBLU,Jetblue Airways Corp,Airlines,USA,2.20B,-,"24,275,102",5.92,2.25%,Apr 28/b,RUT,-,-,0.24,-,29.80,1.01,-33.51%,-4.23%,-6.90%,4.71,5.16,-,-1.94,-0.73,-56.95%,71.50%,-14.12%,19.37%,65.96%,-0.35%,25.10%,4.67%,-46.28%,-138.22%,-0.52%,14.45%,-4.23%,-7.78%,-0.15%,-6.11%,15.40%,12.12%,24.63%,19.35%,30.11%,40.62%,-25.44%,0.34,5.15%,1.70,14.08%,16.02%,20.76%,64.64,28.09M,1.37,5.79,5.86,6.22,5.86,3.37,4.91,Jun-24,"AAL, UAL, ALK, JBLU And Other Airline Stocks Are Flying Higher Today  Crude Prices Fall To Multi-Week Lows",https://finance.yahoo.com/m/7d512a00-a44f-39e0-8265-b74c95912f6b/aal%2C-ual%2C-alk%2C-jblu-and-other.html,JetBlue Mint expansion from FLL and NY cost cuts drive 8.51% stock surge,Industrials,0.97,9.27B,0.70,0.64,9.16B,-713.00M,71.82%,-65.54%,5.97%,-8.92%,52.97%,1.02%,1.21%,-,-19.49%,0.02%,accel,2,60.0,1.0,10.0,49.0,0.5951273140046875,0.8613053613053613,0.9583333333333334,0.3531468531468531,0.888111888111888,0.690959723161058,0.1841491841491841,1.0,1.0,1.0,,0.0,0.0329999999999994
2026-06-25,accel,v1,Biotechnology,VRTX,VRTX,Vertex Pharmaceuticals Inc,Biotechnology,USA,122.64B,28.65,"601,225",483.21,1.69%,May 04/a,"NDX, S&P 500",22.35,2.08,9.94,33.05,22.87,9.51,24.20%,17.58%,20.32%,0.10,0.10,-,16.87,4.72,4.92%,11.98%,6.12%,8.28%,10.76%,11.34%,14.23%,9.70%,61.58%,546.48%,11.75%,86.38%,39.85%,35.15%,-22.76%,-1.14%,5.28%,10.85%,6.21%,4.97%,6.58%,8.39%,39.25%,11.84,2.48%,0.29,7.40%,9.67%,9.53%,70.33,1.29M,0.74,475.20,475.11,486.48,473.50,1.50,553.64,Jun-16,Vertex Pharmaceuticals CFOs case for thinking like a portfolio manager,https://finance.yahoo.com/m/c6db9915-9f76-38e5-af56-c43a5696dd0b/vertex-pharmaceuticals-cfo%E2%80%99s.html,Rockefeller stake hike and suzetrigine data drive VRTX 3.36% gain,Healthcare,16.90,117.37B,3.02,2.57,12.34B,4.34B,95.54%,148.64%,2.83%,-4.86%,33.30%,1.70%,-0.02%,-,5.35%,-0.24%,accel,3,135.0,29.0,39.0,67.0,0.5528700038461289,0.7261072261072261,0.8541666666666666,0.3344988344988345,0.7368881118881119,0.7614164739967555,0.168997668997669,0.8333333333333334,0.3333333333333333,0.2777777777777778,,1.0,1.791
2026-06-25,accel,v1,Biotechnology,REGN,REGN,Regeneron Pharmaceuticals Inc,Biotechnology,USA,65.81B,15.29,"290,434",627.74,0.69%,Apr 29/b,"NDX, S&P 500",11.59,1.04,4.41,16.00,13.63,4.01,14.55%,11.28%,13.24%,0.06,0.09,-,41.04,10.85,4.85%,16.56%,2.76%,6.33%,11.17%,5.62%,11.04%,19.04%,-7.16%,1.85%,5.92%,80.93%,25.76%,29.65%,-0.14%,-0.56%,3.26%,-1.08%,-16.24%,-19.45%,-18.67%,20.65%,-19.49%,16.54,2.51%,0.23,2.03%,-6.21%,-10.09%,47.46,956.84K,0.48,623.43,623.16,634.31,623.16,1.71,838.23,2 hours,Is Kymera Therapeutics The Next Big Rival To Regeneron And Sanofi?,https://www.investors.com/news/technology/kymera-therapeutics-eczema-study-enrollment-dupixent?mod=IBD_FV,FDA grants Priority Review to Regeneron's cemdisiran for generalized myasthenia gravis with November 2026 action date,Healthcare,7.51,59.76B,3.57,2.96,14.92B,4.42B,88.10%,14.02%,2.67%,-23.55%,21.94%,0.73%,-0.04%,-,6.24%,3.59%,accel,3,135.0,29.0,39.0,67.0,0.5528700038461289,0.7261072261072261,0.8541666666666666,0.3344988344988345,0.7368881118881119,0.7614164739967555,0.168997668997669,0.8333333333333334,0.3333333333333333,0.2777777777777778,,1.0,1.791
2026-06-25,accel,v1,Biotechnology,ARGX,ARGX,Argen X SE ADR,Biotechnology,Netherlands,55.13B,45.50,"303,932",890.97,4.51%,May 07/b,-,24.91,0.79,13.26,65.67,50.82,12.20,20.17%,17.37%,17.57%,0.00,0.01,-,19.58,6.26,34.77%,35.60%,-,-,31.46%,116.43%,151.37%,83.83%,-0.66%,51.88%,90.23%,88.67%,23.33%,31.09%,0.00%,-6.14%,-0.14%,10.21%,27.82%,4.57%,5.95%,58.95%,124.77%,33.49,3.28%,0.46,2.92%,7.61%,9.47%,57.47,339.80K,1.42,852.50,864.43,894.60,848.38,1.36,1063.28,2 hours,Bayer Surges After Winning Its Supreme Court Roundup Challenge,https://www.investors.com/news/technology/bayer-stock-roundup-cancer-litigation-supreme-court?mod=IBD_FV,Positive long-term VYVGART data at EULAR 2026 drives ARGX 4.36% gain,Healthcare,12.42,50.74B,5.23,4.87,4.16B,1.29B,46.32%,184.02%,4.97%,-4.67%,74.68%,3.07%,1.40%,-,2.65%,-0.34%,accel,3,135.0,29.0,39.0,67.0,0.5528700038461289,0.7261072261072261,0.8541666666666666,0.3344988344988345,0.7368881118881119,0.7614164739967555,0.168997668997669,0.8333333333333334,0.3333333333333333,0.2777777777777778,,1.0,1.791
2026-06-25,accel,v1,Biotechnology,RVMD,RVMD,Revolution Medicines Inc,Biotechnology,USA,37.77B,-,"3,239,791",177.67,4.65%,May 06/a,-,-,-,-,-,-,-,-76.67%,-59.39%,-71.42%,0.28,0.29,-,-7.07,-1.96,-33.63%,31.04%,-24.48%,-29.13%,33.02%,-,-,-,-101.97%,-76.93%,-100.00%,-,-,-,-1.95%,-0.64%,12.61%,14.71%,88.43%,120.49%,123.06%,362.56%,596.20%,7.04,4.08%,1.38,12.68%,17.95%,81.68%,71.25,3.21M,1.60,169.77,170.94,184.39,168.19,1.09,188.57,Jun-24,Revolution Medicines to Present Clinical Data from RAS(ON) Inhibitor Combination Trials in Pancreatic Cancer at ESMO Gastrointestinal Cancers Congress 2026,https://finviz.com/news/363869/revolution-medicines-to-present-clinical-data-from-rason-inhibitor-combination-trials-in-pancreatic-cancer-at-esmo-gastrointestinal-cancers-congress-2026,Revolution Medicines begins treating patients in global Phase 3 RASolute 305 trial of zoldonrasib plus chemotherapy for first-line metastatic RAS G12D pancreatic cancer,Healthcare,19.80,36.30B,6.80,6.80,0.00M,-1.37B,86.05%,432.90%,3.56%,3.75%,422.56%,3.94%,0.69%,-,-24.75%,-100.00%,accel,3,135.0,29.0,39.0,67.0,0.5528700038461289,0.7261072261072261,0.8541666666666666,0.3344988344988345,0.7368881118881119,0.7614164739967555,0.168997668997669,0.8333333333333334,0.3333333333333333,0.2777777777777778,,1.0,1.791
2026-06-25,accel,v1,Biotechnology,RPRX,RPRX,Royalty Pharma plc,Biotechnology,USA,31.64B,28.78,"1,285,481",54.95,1.23%,May 06/b,-,9.77,1.07,12.97,11.62,25.91,17.64,12.18%,4.42%,5.35%,1.25,1.30,24.01%,1.91,1.28,6.24%,9.59%,163.11%,-7.26%,9.16%,2.06%,2.30%,10.97%,23.61%,-22.14%,7.79%,-,67.91%,33.89%,-2.03%,-0.18%,2.33%,2.02%,16.84%,41.41%,42.21%,53.02%,77.54%,1.40,2.59%,0.43,0.48%,4.65%,25.71%,55.68,3.68M,0.55,54.28,54.34,55.24,53.59,1.33,59.57,Jun-04,Royalty Pharma to present at the Goldman Sachs 47th Annual Global Healthcare Conference,https://finviz.com/news/359785/royalty-pharma-to-present-at-the-goldman-sachs-47th-annual-global-healthcare-conference,"No clear catalyst identified for RPRX's 3.32% gain on June 23, 2026",Healthcare,52.02,43.04B,2.66,2.66,2.44B,827.08M,83.81%,29.05%,3.25%,-2.74%,61.24%,1.12%,0.11%,5.01%,6.80%,4.91%,accel,3,135.0,29.0,39.0,67.0,0.5528700038461289,0.7261072261072261,0.8541666666666666,0.3344988344988345,0.7368881118881119,0.7614164739967555,0.168997668997669,0.8333333333333334,0.3333333333333333,0.2777777777777778,,1.0,1.791
2026-06-25,accel,v1,Biotechnology,ROIV,ROIV,Roivant Sciences Ltd,Biotechnology,United Kingdom,24.53B,-,"3,738,875",34.10,0.26%,May 20/b,-,-,-,2969.38,-,-,2554.95,-6.51%,-5.37%,-6.48%,0.02,0.02,-,-0.50,-0.30,-132.02%,21.77%,32.67%,34.68%,-,-48.73%,-19.07%,-66.71%,227.78%,-84.69%,-89.16%,43.91%,-15560.57%,-3629.19%,-4.91%,4.51%,9.29%,14.95%,24.63%,50.35%,57.14%,199.12%,247.96%,1.18,3.49%,1.09,12.84%,15.73%,42.33%,72.54,5.64M,1.05,34.01,34.00,34.68,33.90,1.21,39.04,May-20,Roivant Sciences Ltd (ROIV) Q4 2025 Earnings Call Highlights: Strategic Settlements and ...,https://finance.yahoo.com/sectors/healthcare/articles/roivant-sciences-ltd-roiv-q4-190050157.html,"Roivant highlights strong IMVT-1402 RA data, advances mosliciguat and secures $2.25B Moderna settlement to bolster cash",Healthcare,5.71,21.10B,18.37,18.37,8.26M,-299.77M,73.02%,244.79%,5.15%,-1.17%,218.54%,0.29%,-0.03%,-,196.51%,-26.20%,accel,3,135.0,29.0,39.0,67.0,0.5528700038461289,0.7261072261072261,0.8541666666666666,0.3344988344988345,0.7368881118881119,0.7614164739967555,0.168997668997669,0.8333333333333334,0.3333333333333333,0.2777777777777778,,1.0,1.791
2026-06-25,accel,v1,Biotechnology,MRNA,MRNA,Moderna Inc,Biotechnology,USA,23.64B,-,"3,086,704",59.58,-1.39%,May 01/b,S&P 500,-,-,10.62,-,-,8.87,-36.56%,-26.41%,-36.90%,0.17,0.18,-,-8.15,-2.06,-18.38%,45.10%,-,-29.93%,26.32%,-53.32%,19.33%,260.19%,-35.16%,6.60%,-29.97%,11.55%,-153.35%,-143.55%,-0.88%,1.07%,-3.59%,26.69%,11.28%,70.72%,102.03%,121.82%,-49.72%,4.08,7.52%,0.92,13.59%,17.07%,49.21%,62.21,7.02M,0.70,60.42,60.33,61.86,57.91,3.04,47.05,6 hours,Moderna Science Day Highlights Expanding Potential of mRNA Platform,https://finviz.com/news/363955/moderna-science-day-highlights-expanding-potential-of-mrna-platform,"Moderna unveils early‑stage R&D updates at Science Day, validating its T‑cell engager modality with mRNA‑2808 and launching in vivo CAR‑T program mRNA‑6007",Healthcare,4.54,19.73B,2.41,2.35,2.23B,-3.19B,78.14%,-72.91%,10.86%,-12.05%,167.41%,-1.24%,-0.15%,-,23.53%,64.58%,accel,3,135.0,29.0,39.0,67.0,0.5528700038461289,0.7261072261072261,0.8541666666666666,0.3344988344988345,0.7368881118881119,0.7614164739967555,0.168997668997669,0.8333333333333334,0.3333333333333333,0.2777777777777778,,1.0,1.791
2026-06-25,accel,v1,Biotechnology,INCY,INCY,Incyte Corp,Biotechnology,USA,21.53B,15.24,"751,304",107.76,-0.64%,Apr 28/b,S&P 500,12.11,1.03,4.02,14.84,11.36,3.27,30.82%,21.88%,25.33%,0.01,0.01,-,7.07,1.87,10.99%,17.92%,61.53%,-,11.70%,14.84%,14.03%,20.87%,83.74%,1853.63%,21.48%,91.22%,27.05%,26.71%,-4.40%,1.72%,8.86%,10.98%,16.84%,7.00%,9.10%,59.53%,72.56%,3.90,3.73%,0.74,6.04%,8.93%,10.88%,61.87,1.60M,0.74,108.46,108.35,110.75,106.48,2.37,112.05,Jun-22,Incyte Corp. stock outperforms competitors on strong trading day,https://www.marketwatch.com/data-news/incyte-corp-stock-outperforms-competitors-on-strong-trading-day-85ab88ba-6978b275e4db?mod=mw_FV,Incyte said in an SEC filing today it will record a $246 million non-cash benefit after settling Opzelura Medicaid rebate litigation with CMS.,Healthcare,5.36,17.55B,3.68,3.60,5.36B,1.43B,105.58%,24.11%,3.44%,-4.03%,61.25%,-0.54%,-0.10%,-,35.14%,4.66%,accel,3,135.0,29.0,39.0,67.0,0.5528700038461289,0.7261072261072261,0.8541666666666666,0.3344988344988345,0.7368881118881119,0.7614164739967555,0.168997668997669,0.8333333333333334,0.3333333333333333,0.2777777777777778,,1.0,1.791
2026-06-25,accel,v1,Biotechnology,ASND,ASND,Ascendis Pharma A/S,Biotechnology,Denmark,15.97B,28.97,"1,529,139",257.06,8.00%,May 07/b,-,23.59,-,15.88,315.72,1209.41,16.25,325.80%,33.69%,57.78%,0.79,1.84,-,8.87,1.74,461.84%,-29.45%,27.03%,14.76%,-,147.23%,152.45%,171.53%,787.72%,249.36%,155.14%,87.35%,-0.66%,57.88%,-3.19%,-44.75%,11.21%,7.26%,16.37%,22.74%,20.55%,48.59%,191.48%,11.09,4.10%,0.37,14.66%,11.09%,17.60%,69.53,665.52K,3.65,238.01,238.05,271.89,235.51,1.10,291.53,Jun-13,Phase 3 Data Show TransCon PTH Replicated Systemic Actions of Endogenous PTH Through Week 182 in Adults with Hypoparathyroidism,https://finviz.com/news/361527/phase-3-data-show-transcon-pth-replicated-systemic-actions-of-endogenous-pth-through-week-182-in-adults-with-hypoparathyroidism,Betaville buyout rumor at high premium drives ASND's 8.73% surge,Healthcare,24.19,16.34B,1.00,0.72,1.01B,581.90M,102.03%,83.16%,3.98%,2.52%,59.80%,7.99%,0.02%,-,5921.98%,-7.60%,accel,3,135.0,29.0,39.0,67.0,0.5528700038461289,0.7261072261072261,0.8541666666666666,0.3344988344988345,0.7368881118881119,0.7614164739967555,0.168997668997669,0.8333333333333334,0.3333333333333333,0.2777777777777778,,1.0,1.791
2026-06-25,accel,v1,Biotechnology,GMAB,GMAB,Genmab ADR,Biotechnology,Denmark,15.55B,19.71,"756,234",26.14,1.04%,May 07/a,-,15.37,0.84,3.98,17.76,14.10,4.95,15.01%,8.69%,7.67%,0.89,0.94,-,1.33,0.34,-25.97%,49.42%,9.68%,6.84%,18.21%,22.11%,19.27%,25.69%,-72.71%,-24.83%,21.02%,93.31%,32.99%,21.06%,0.00%,-0.18%,2.93%,-2.81%,0.10%,-20.95%,-15.15%,27.36%,-31.90%,0.70,2.32%,0.85,3.57%,-0.69%,-10.62%,54.26,1.84M,0.65,25.86,25.91,26.37,25.90,1.48,36.58,Jun-18,"VERAXA Unveils Cancer Therapy Platform, Sparks Partnering Talks at BIO 2026",https://finance.yahoo.com/healthcare/articles/veraxa-unveils-cancer-therapy-platform-143410819.html,"Genmab reports new Phase 3 EPCORE FL-1 subgroup data showing epcoritamab plus R² has consistent efficacy, manageable safety vs R² alone in R/R FL",Healthcare,10.22,19.38B,2.18,2.17,3.91B,823.88M,13.47%,-37.92%,2.53%,-26.23%,29.22%,0.87%,0.17%,-,-46.69%,-1.08%,accel,3,135.0,29.0,39.0,67.0,0.5528700038461289,0.7261072261072261,0.8541666666666666,0.3344988344988345,0.7368881118881119,0.7614164739967555,0.168997668997669,0.8333333333333334,0.3333333333333333,0.2777777777777778,,1.0,1.791
2026-06-25,accel,v1,Biotechnology,JAZZ,JAZZ,Jazz Pharmaceuticals plc,Biotechnology,Ireland,14.27B,-,"213,987",227.18,-1.16%,May 05/a,-,8.82,0.17,3.22,11.24,10.77,3.79,0.68%,0.25%,0.33%,0.96,1.20,-,-0.02,6.18,202.69%,1.52%,-17.69%,-,52.40%,5.26%,12.54%,19.05%,392.19%,-94.01%,9.20%,72.85%,19.12%,0.66%,-3.53%,5.57%,0.11%,-4.31%,20.15%,33.89%,33.63%,112.08%,81.94%,6.45,2.89%,0.33,-1.66%,1.99%,28.34%,48.68,933.95K,0.36,229.85,230.02,233.00,227.09,1.57,260.39,Jun-18,Jazz and AbCellera sign deal for T-cell engagers in solid tumours,https://finance.yahoo.com/m/c908edc7-ceaf-3cbf-bc7d-4314fc688175/jazz-and-abcellera-sign-deal.html,"Jazz, AbCellera sign preclinical T‑cell multispecific antibody deal for GI and other solid tumors with $56M upfront, up to $792M per program",Healthcare,4.96,16.81B,2.04,1.85,4.44B,29.49M,103.70%,25.46%,2.63%,-6.64%,116.36%,-1.24%,0.07%,-,36.60%,9.22%,accel,3,135.0,29.0,39.0,67.0,0.5528700038461289,0.7261072261072261,0.8541666666666666,0.3344988344988345,0.7368881118881119,0.7614164739967555,0.168997668997669,0.8333333333333334,0.3333333333333333,0.2777777777777778,,1.0,1.791
2026-06-25,accel,v1,Biotechnology,BBIO,BBIO,BridgeBio Pharma Inc,Biotechnology,USA,13.56B,-,"1,225,808",69.24,-0.17%,May 07/a,RUT,128.18,-,23.38,-,-,27.61,-,-64.06%,-135.35%,-,-,-,-3.75,-0.58,42.66%,124.92%,-5.07%,0.09%,-,86.30%,127.44%,66.78%,4.35%,-6.09%,355.17%,94.69%,-86.94%,-124.41%,-2.97%,4.70%,2.75%,2.23%,-3.31%,-10.18%,-9.48%,56.02%,342.15%,2.57,3.72%,0.96,2.91%,0.25%,2.01%,54.68,2.61M,0.75,69.36,69.59,70.46,68.92,1.29,104.16,Jun-23,BridgeBio Pharma Reports Inducement Grants under Nasdaq Listing Rule 5635(c)(4),https://finviz.com/news/363493/bridgebio-pharma-reports-inducement-grants-under-nasdaq-listing-rule-5635c4,"FDA accepts BridgeBio Pharma NDA for BBP-418 for LGMD2I/R9, grants Priority Review with November 27, 2026 PDUFA target date",Healthcare,14.42,16.02B,1.52,1.48,579.96M,-721.55M,91.41%,14.54%,3.71%,-18.48%,65.65%,-0.50%,0.33%,-,-23.75%,9.24%,accel,3,135.0,29.0,39.0,67.0,0.5528700038461289,0.7261072261072261,0.8541666666666666,0.3344988344988345,0.7368881118881119,0.7614164739967555,0.168997668997669,0.8333333333333334,0.3333333333333333,0.2777777777777778,,1.0,1.791
2026-06-25,accel,v1,Biotechnology,EXEL,EXEL,Exelixis Inc,Biotechnology,USA,13.40B,17.68,"997,540",53.33,0.87%,May 05/a,-,13.44,1.02,5.64,14.61,12.98,5.39,40.99%,30.69%,39.59%,0.09,0.09,-,3.02,0.85,14.34%,12.69%,70.35%,51.19%,13.21%,12.93%,18.63%,9.97%,42.14%,38.64%,3.33%,96.44%,40.29%,35.08%,-7.84%,1.29%,1.70%,6.70%,24.65%,15.46%,21.68%,22.51%,168.53%,1.59,3.08%,0.42,2.58%,8.63%,21.81%,60.67,2.56M,0.62,52.87,52.72,53.70,51.77,2.30,49.50,4 hours,"Qualcomm upgrade, Intel initiation among today's top calls on Wall Street",https://finance.yahoo.com/markets/stocks/articles/hubspot-downgraded-qualcomm-upgraded-wall-140024229.html,"Truist downgrades Exelixis to Hold from Buy, raises price target to $54 after zanzalintinib topline miss in non-liver metastases",Healthcare,17.25,12.80B,3.26,3.19,2.38B,833.42M,104.91%,127.71%,3.26%,-1.11%,57.99%,1.16%,-0.28%,-,13.77%,0.54%,accel,3,135.0,29.0,39.0,67.0,0.5528700038461289,0.7261072261072261,0.8541666666666666,0.3344988344988345,0.7368881118881119,0.7614164739967555,0.168997668997669,0.8333333333333334,0.3333333333333333,0.2777777777777778,,1.0,1.791
2026-06-25,accel,v1,Biotechnology,IONS,IONS,Ionis Pharmaceuticals Inc,Biotechnology,USA,13.05B,-,"1,188,479",78.99,3.23%,Apr 29/b,-,-,-,12.34,-,-,12.94,-67.54%,-10.43%,-12.29%,4.41,5.31,-,-2.10,-1.06,-51.53%,68.43%,-7.82%,5.62%,-,17.12%,5.29%,86.98%,39.38%,32.85%,47.40%,96.73%,-33.35%,-30.87%,-28.07%,1.29%,6.30%,3.84%,8.65%,-2.89%,-0.15%,97.47%,99.27%,2.25,2.76%,0.37,5.53%,5.35%,4.86%,65.24,1.81M,1.04,76.52,76.69,79.54,76.25,1.37,106.64,10 hours,Ionis announces license agreement with Recordati for zilganersen in Alexander disease (AxD) in all countries outside the U.S.,https://www.businesswire.com/news/home/20260624743930/en,FDA approves Ionis' TRYNGOLZA (olezarsen) for severe hypertriglyceridemia,Healthcare,6.60,13.69B,4.10,4.09,1.06B,-326.58M,104.37%,102.90%,3.14%,-8.93%,102.62%,3.00%,0.22%,-,36.11%,25.79%,accel,3,135.0,29.0,39.0,67.0,0.5528700038461289,0.7261072261072261,0.8541666666666666,0.3344988344988345,0.7368881118881119,0.7614164739967555,0.168997668997669,0.8333333333333334,0.3333333333333333,0.2777777777777778,,1.0,1.791
2026-06-25,accel,v1,Biotechnology,AXSM,AXSM,Axsome Therapeutics Inc,Biotechnology,USA,12.32B,-,"475,851",239.48,0.66%,May 04/b,RUT,43.54,-,17.40,-,-,17.28,-349.38%,-28.74%,-93.84%,2.68,4.03,-,-3.74,-0.85,45.44%,373.96%,7.17%,-5.89%,-,133.68%,-,57.42%,-3.69%,35.18%,63.88%,91.30%,-24.93%,-26.59%,-4.56%,0.76%,-5.03%,2.25%,48.03%,54.80%,31.12%,130.94%,171.80%,8.65,3.55%,0.60,-0.80%,7.40%,40.49%,52.69,740.91K,1.02,237.92,238.83,244.67,236.60,1.24,277.74,Jun-18,Axsome Therapeutics Highlights the Importance of Brain Health During Alzheimer's & Brain Awareness Month,https://finviz.com/news/362587/axsome-therapeutics-highlights-the-importance-of-brain-health-during-alzheimers-brain-awareness-month,"Axsome settles SUNOSI patent litigation, grants U.S. generic rights no earlier than March 1, 2040",Healthcare,40.39,12.24B,1.39,1.32,708.24M,-188.30M,74.77%,225.82%,3.85%,-7.96%,149.22%,0.27%,0.38%,-,-49.22%,-0.79%,accel,3,135.0,29.0,39.0,67.0,0.5528700038461289,0.7261072261072261,0.8541666666666666,0.3344988344988345,0.7368881118881119,0.7614164739967555,0.168997668997669,0.8333333333333334,0.3333333333333333,0.2777777777777778,,1.0,1.791
2026-06-25,accel,v1,Biotechnology,MDGL,MDGL,Madrigal Pharmaceuticals Inc,Biotechnology,USA,11.76B,-,"205,162",510.01,0.05%,May 06/b,RUT,49.80,-,10.38,-,-,9.97,-49.35%,-27.83%,-34.80%,0.64,0.64,-,-12.80,-2.58,46.35%,248.54%,9.32%,0.37%,-,-,-,126.84%,1.93%,29.06%,256.82%,92.94%,-27.68%,-27.32%,-4.39%,2.73%,2.03%,-2.72%,10.41%,-15.40%,-12.42%,83.69%,114.59%,19.35,4.01%,-1.03,3.68%,0.23%,3.06%,54.49,314.52K,1.04,509.76,507.06,520.86,505.05,1.28,678.80,Jun-22,Madrigal Pharmaceuticals Announces Grants of Inducement Awards under Nasdaq Listing Rule 5635(c)(4),https://finviz.com/news/363140/madrigal-pharmaceuticals-announces-grants-of-inducement-awards-under-nasdaq-listing-rule-5635c4,Goldman Sachs Conference Announcement Drives 7.79% MDGL Surge,Healthcare,14.38,11.29B,3.50,3.16,1.13B,-309.44M,105.13%,405.91%,3.68%,-17.07%,83.69%,0.58%,-0.53%,-,23.16%,3.42%,accel,3,135.0,29.0,39.0,67.0,0.5528700038461289,0.7261072261072261,0.8541666666666666,0.3344988344988345,0.7368881118881119,0.7614164739967555,0.168997668997669,0.8333333333333334,0.3333333333333333,0.2777777777777778,,1.0,1.791
2026-06-25,accel,v1,Biotechnology,ARWR,ARWR,Arrowhead Pharmaceuticals Inc,Biotechnology,USA,11.21B,-,"986,429",79.61,-0.24%,May 07/a,RUT,-,-,18.03,-,-,17.34,-46.39%,-15.67%,-15.51%,2.16,2.24,-,-2.15,-1.20,-31093.19%,-24.76%,80.60%,57.10%,-,50.52%,56.63%,-86.41%,-133.83%,-58.14%,14.09%,95.92%,-35.67%,-48.38%,-2.27%,4.36%,-1.76%,1.19%,31.01%,15.38%,19.92%,408.40%,125.92%,3.85,5.16%,1.26,4.17%,5.69%,34.57%,56.92,1.77M,0.89,79.81,79.65,83.42,79.36,1.46,89.45,Jun-24,IONS Stock Jumps 4% After-Hours  Goldman Sachs Lifts Price Target On Tryngolza Approval,https://finance.yahoo.com/m/6552213f-c945-3502-9d1f-f746e678fe61/ions-stock-jumps-4%25.html,Arrowhead Pharmaceuticals gets EU marketing authorization for REDEMPLO (plozasiran) to reduce triglycerides in adults with familial chylomicronemia syndrome,Healthcare,6.29,10.79B,6.23,6.23,622.01M,-300.91M,85.58%,-11.85%,5.09%,-5.84%,456.74%,-0.04%,-0.20%,-,15.04%,-0.14%,accel,3,135.0,29.0,39.0,67.0,0.5528700038461289,0.7261072261072261,0.8541666666666666,0.3344988344988345,0.7368881118881119,0.7614164739967555,0.168997668997669,0.8333333333333334,0.3333333333333333,0.2777777777777778,,1.0,1.791
2026-06-25,accel,v1,Biotechnology,TECH,TECH,Bio-Techne Corp,Biotechnology,USA,11.04B,101.30,"39,791,276",70.53,19.79%,May 06/b,S&P 500,34.23,5.16,9.12,40.96,30.15,9.19,5.34%,4.22%,4.64%,0.13,0.14,0.00%,0.70,0.52,0.24%,7.05%,-34.80%,-20.58%,6.63%,3.33%,10.55%,-1.51%,128.15%,-15.73%,0.17%,66.40%,22.18%,9.05%,-1.21%,4.42%,28.23%,47.02%,33.85%,19.61%,19.92%,35.91%,-7.95%,3.10,3.99%,1.29,29.04%,33.65%,22.40%,77.56,2.71M,23.28,58.88,70.17,70.61,70.08,1.79,65.33,1 hour,Germany's Merck to Boost Lab-Tools Business With $11 Billion Bio-Techne Deal,https://www.wsj.com/business/deals/germanys-merck-to-buy-bio-techne-for-11-billion-a0eff431?mod=wsj_FV,"Bio-Techne to be acquired by Merck KGaA, Darmstadt, Germany for $73 per share in cash, valuing deal at $11.3B",Healthcare,52.63,11.12B,4.49,3.18,1.21B,109.52M,116.54%,-35.38%,5.11%,-2.27%,63.27%,0.51%,19.18%,0.00%,-0.79%,-1.48%,accel,3,135.0,29.0,39.0,67.0,0.5528700038461289,0.7261072261072261,0.8541666666666666,0.3344988344988345,0.7368881118881119,0.7614164739967555,0.168997668997669,0.8333333333333334,0.3333333333333333,0.2777777777777778,,1.0,1.791
2026-06-25,accel,v1,Biotechnology,KRYS,KRYS,Krystal Biotech Inc,Biotechnology,USA,10.41B,47.19,"154,668",353.02,1.55%,May 04/b,RUT,36.36,1.57,24.94,43.84,51.77,22.99,19.90%,18.21%,17.53%,0.01,0.01,-,7.48,1.77,12.20%,26.49%,-,-,23.10%,-,-,31.95%,53.27%,79.56%,25.15%,92.72%,42.81%,53.92%,-5.23%,-1.27%,3.32%,16.63%,38.46%,41.43%,43.19%,147.73%,195.41%,12.70,3.72%,0.49,10.20%,17.43%,42.27%,71.66,297.45K,0.83,347.63,347.27,362.40,347.20,1.17,347.00,Jun-13,"Viking, Bloom Energy Lead Five Stocks Making Bullish Moves As Market Rebounds",https://www.investors.com/news/viking-cruises-bloom-energy-stocks?mod=IBD_FV,Krystal Biotech receives UK MHRA marketing authorization and orphan designation for VYJUVEK to treat dystrophic epidermolysis bullosa,Healthcare,12.64,9.59B,9.46,9.06,417.30M,225.03M,96.02%,421.67%,4.30%,-0.98%,170.51%,1.65%,-0.10%,-,22.80%,3.79%,accel,3,135.0,29.0,39.0,67.0,0.5528700038461289,0.7261072261072261,0.8541666666666666,0.3344988344988345,0.7368881118881119,0.7614164739967555,0.168997668997669,0.8333333333333334,0.3333333333333333,0.2777777777777778,,1.0,1.791
2026-06-25,accel,v1,Biotechnology,CYTK,CYTK,Cytokinetics Inc,Biotechnology,USA,10.08B,-,"902,546",80.99,-0.26%,May 05/a,RUT,-,-,95.24,-,-,99.66,-,-65.39%,-209.29%,-,-,-,-6.84,-1.64,2.33%,27.19%,-14.71%,-27.07%,34.80%,-2.36%,9.54%,1125.78%,-22.72%,-28.90%,450.60%,87.00%,-605.06%,-784.02%,-6.01%,5.00%,3.68%,6.16%,29.81%,23.46%,27.46%,144.60%,129.95%,3.13,4.11%,0.42,9.42%,12.32%,25.95%,67.07,2.44M,0.59,81.20,80.84,82.95,80.37,1.23,107.53,Jun-17,Cytokinetics Announces Inducement Grants Under Nasdaq Listing Rule 5635(c)(4),https://finviz.com/news/362462/cytokinetics-announces-inducement-grants-under-nasdaq-listing-rule-5635c4,Cytokinetics announces first commercial European launch of MYQORZO (aficamten) in Germany following prior EU approval for obstructive hypertrophic cardiomyopathy.,Healthcare,12.26,10.54B,4.21,4.21,105.81M,-829.61M,115.27%,259.95%,3.82%,-2.22%,148.20%,0.18%,-0.44%,-,-1.07%,127.21%,accel,3,135.0,29.0,39.0,67.0,0.5528700038461289,0.7261072261072261,0.8541666666666666,0.3344988344988345,0.7368881118881119,0.7614164739967555,0.168997668997669,0.8333333333333334,0.3333333333333333,0.2777777777777778,,1.0,1.791
2026-06-25,accel,v1,Biotechnology,APGE,APGE,Apogee Therapeutics Inc,Biotechnology,USA,9.97B,-,"3,064,782",132.66,-0.02%,May 11/b,RUT,-,-,-,-,-,-,-28.47%,-27.35%,-21.78%,0.00,0.01,-,-4.33,-1.07,-5.26%,-24.72%,-75.11%,-,-12.96%,-,-,-,-11.87%,-22.17%,-,-,-,-,-10.01%,17.07%,50.02%,60.20%,68.93%,70.08%,75.76%,208.58%,-,6.03,5.42%,0.12,40.41%,50.04%,86.12%,81.35,2.15M,2.26,132.69,132.78,132.89,132.66,2.60,132.79,Jun-22,"Why Did INTC, KEEL, APGE Stocks Hit 52-Week Highs Today?",https://finance.yahoo.com/m/9ec1372a-a5ba-3ac9-b6af-aabcbd9f1172/why-did-intc%2C-keel%2C-apge.html,Apogee Therapeutics to be acquired by AbbVie for $135.11 per share in $10.9B deal,Healthcare,9.41,8.92B,32.59,32.59,0.00M,-274.62M,92.70%,-,2.40%,-0.38%,286.31%,-0.09%,0.07%,-,0.83%,-,accel,3,135.0,29.0,39.0,67.0,0.5528700038461289,0.7261072261072261,0.8541666666666666,0.3344988344988345,0.7368881118881119,0.7614164739967555,0.168997668997669,0.8333333333333334,0.3333333333333333,0.2777777777777778,,1.0,1.791
2026-06-25,accel,v1,Biotechnology,NUVL,NUVL,Nuvalent Inc,Biotechnology,USA,9.76B,-,"663,491",123.57,-0.00%,May 07/b,RUT,-,-,-,-,-,-,-41.19%,-36.94%,-38.32%,0.00,0.00,-,-6.06,-1.41,3.46%,22.91%,-52.56%,-80.97%,39.50%,-,-,-,-17.60%,-37.66%,-,-,-,-,-1.45%,1.93%,0.17%,17.75%,26.10%,16.89%,22.85%,56.25%,181.81%,3.14,2.91%,1.12,9.92%,15.28%,22.91%,66.97,2.04M,0.52,123.58,123.57,123.67,123.51,2.88,125.12,Jun-22,"Are ROKU, SLP, NUVL, DAN Obtaining Fair Deals for their Shareholders?",https://finviz.com/news/363178/are-roku-slp-nuvl-dan-obtaining-fair-deals-for-their-shareholders,Guggenheim and others downgrade Nuvalent to Neutral on proposed GSK all-cash acquisition at $124 per share,Healthcare,7.58,8.47B,16.14,16.14,0.00M,-450.07M,82.17%,-,0.16%,-0.09%,73.73%,0.00%,-0.01%,-,-3.72%,-,accel,3,135.0,29.0,39.0,67.0,0.5528700038461289,0.7261072261072261,0.8541666666666666,0.3344988344988345,0.7368881118881119,0.7614164739967555,0.168997668997669,0.8333333333333334,0.3333333333333333,0.2777777777777778,,1.0,1.791
2026-06-25,accel,v1,Biotechnology,KYMR,KYMR,Kymera Therapeutics Inc,Biotechnology,USA,9.62B,-,"2,679,087",116.96,17.11%,Apr 30/b,RUT,-,-,186.88,-,-,175.80,-27.09%,-24.35%,-19.61%,0.04,0.05,-,-3.57,-0.72,5.84%,-23.46%,-8.68%,-3.19%,-8.21%,-5.74%,2.87%,55.50%,13.26%,-15.21%,-12.58%,83.90%,-690.19%,-611.96%,-8.04%,8.03%,30.10%,44.80%,48.18%,38.66%,50.31%,151.69%,409.18%,6.42,5.26%,1.94,37.54%,38.68%,56.45%,83.89,640.37K,6.64,99.87,108.80,130.05,106.17,1.13,119.19,2 hours,Is Kymera Therapeutics The Next Big Rival To Regeneron And Sanofi?,https://www.investors.com/news/technology/kymera-therapeutics-eczema-study-enrollment-dupixent?mod=IBD_FV,"Kymera completes enrollment in Phase 2b BROADEN2 trial of KT-621 in atopic dermatitis, accelerating topline data to year-end 2026",Healthcare,14.78,9.05B,10.81,10.81,51.48M,-315.00M,105.45%,163.54%,6.45%,11.39%,219.12%,7.50%,8.94%,-,19.36%,315.71%,accel,3,135.0,29.0,39.0,67.0,0.5528700038461289,0.7261072261072261,0.8541666666666666,0.3344988344988345,0.7368881118881119,0.7614164739967555,0.168997668997669,0.8333333333333334,0.3333333333333333,0.2777777777777778,,1.0,1.791
2026-06-25,accel,v1,Biotechnology,CORT,CORT,Corcept Therapeutics Inc,Biotechnology,USA,9.29B,247.27,"445,545",86.54,6.11%,Apr 30/a,-,33.11,0.38,12.08,77.56,-,11.65,7.06%,5.62%,7.22%,0.01,0.02,-,0.35,0.01,-28.59%,346.42%,-2.15%,-0.84%,87.68%,23.74%,16.56%,4.89%,-276.49%,-64.76%,12.20%,98.25%,-1.07%,6.07%,-2.42%,3.27%,5.87%,43.38%,113.85%,1.69%,148.69%,16.97%,295.91%,3.55,4.43%,0.45,11.60%,39.44%,43.78%,79.58,1.35M,0.52,81.56,81.90,87.47,80.12,1.33,97.50,Jun-17,Corcept Resubmits New Drug Application for Relacorilant as a Treatment for Patients with Cushing's Syndrome,https://www.businesswire.com/news/home/20260617001418/en,"Corcept Therapeutics resubmits FDA NDA for relacorilant to treat Cushing’s syndrome, expects six-month review",Healthcare,27.47,8.96B,2.83,2.74,769.10M,46.67M,73.88%,280.58%,4.40%,-4.90%,201.97%,5.67%,0.42%,-,-172.23%,-10.99%,accel,3,135.0,29.0,39.0,67.0,0.5528700038461289,0.7261072261072261,0.8541666666666666,0.3344988344988345,0.7368881118881119,0.7614164739967555,0.168997668997669,0.8333333333333334,0.3333333333333333,0.2777777777777778,,1.0,1.791
2026-06-25,accel,v1,Biotechnology,PRAX,PRAX,Praxis Precision Medicines Inc,Biotechnology,USA,8.76B,-,"398,861",314.09,1.67%,May 07/b,RUT,-,-,-,-,-,-,-35.32%,-33.68%,-23.16%,0.00,0.00,-,-13.38,-3.67,-12.53%,30.29%,42.16%,13.34%,-,-,-,-,2.63%,-24.90%,-100.00%,-,-,-,0.00%,5.73%,16.32%,-10.41%,0.70%,12.01%,6.56%,624.88%,1736.78%,19.67,7.25%,2.78,11.02%,-0.20%,25.35%,57.19,451.19K,1.40,308.94,306.03,325.99,304.97,1.39,612.17,Jun-22,Praxis Precision Medicines Gains After FDA Grants Breakthrough Therapy Designation,https://finance.yahoo.com/m/58594264-17b8-3aab-a962-d7cc0eb286c1/praxis-precision-medicines.html,FDA grants Breakthrough Therapy Designation to Praxis' elsunersen (PRAX-222) for SCN2A developmental and epileptic encephalopathy seizures,Healthcare,11.13,7.97B,15.88,15.88,0.00M,-326.53M,109.20%,4.18%,5.64%,-14.31%,744.55%,2.63%,-0.94%,-,10.85%,-,accel,3,135.0,29.0,39.0,67.0,0.5528700038461289,0.7261072261072261,0.8541666666666666,0.3344988344988345,0.7368881118881119,0.7614164739967555,0.168997668997669,0.8333333333333334,0.3333333333333333,0.2777777777777778,,1.0,1.791
2026-06-25,accel,v1,Biotechnology,HALO,HALO,Halozyme Therapeutics Inc,Biotechnology,USA,8.58B,26.03,"632,408",72.37,1.71%,May 11/a,-,7.29,0.19,5.69,12.86,10.84,6.90,99.40%,14.33%,16.18%,8.81,9.76,-,2.78,1.81,95.41%,22.41%,21.17%,22.89%,39.10%,28.38%,39.16%,42.23%,30.96%,-24.20%,39.12%,76.93%,56.96%,23.13%,-18.15%,-1.16%,5.54%,5.31%,14.44%,6.18%,7.53%,38.32%,111.98%,2.23,3.09%,0.84,3.74%,6.25%,4.76%,60.87,1.65M,0.61,71.15,71.38,73.53,71.38,1.91,83.90,Jun-15,Halozyme Confirms It Projects Zero to Minimal Impact to Royalty Revenue Through At Least 2035 Based on Newly Released Draft Medicare Drug Price Negotiation Program Proposed Rule for IPAY 2029,https://finviz.com/news/361562/halozyme-confirms-it-projects-zero-to-minimal-impact-to-royalty-revenue-through-at-least-2035-based-on-newly-released-draft-medicare-drug-price-negotiation-program-proposed-rule-for-ipay-2029,Halozyme says its analysis of CMS’s draft Medicare Drug Price Negotiation Program rule indicates zero to minimal impact on its royalty revenue through at least 2035.,Healthcare,26.94,10.41B,2.76,2.33,1.51B,348.84M,104.12%,60.32%,2.75%,-11.98%,41.73%,1.39%,0.32%,-,3.56%,5.05%,accel,3,135.0,29.0,39.0,67.0,0.5528700038461289,0.7261072261072261,0.8541666666666666,0.3344988344988345,0.7368881118881119,0.7614164739967555,0.168997668997669,0.8333333333333334,0.3333333333333333,0.2777777777777778,,1.0,1.791
2026-06-25,accel,v1,Biotechnology,TGTX,TGTX,TG Therapeutics Inc,Biotechnology,USA,8.24B,18.75,"742,060",53.81,0.38%,May 06/b,RUT,20.21,2.95,11.76,-,56.11,12.10,112.60%,42.27%,34.60%,1.29,1.29,-,2.87,0.33,-50.99%,96.13%,-,-,6.84%,504.86%,426.73%,69.56%,297.43%,1079.73%,81.26%,83.05%,21.35%,65.95%,0.00%,0.86%,4.48%,35.43%,69.09%,72.90%,80.49%,44.40%,127.99%,2.33,5.02%,1.53,16.78%,30.22%,57.85%,80.08,2.23M,0.53,53.60,53.63,55.16,53.63,1.62,51.71,Jun-18,TG Therapeutics Stock Is On A Hot Streak: Why It's Up 79% And Climbing,https://www.investors.com/research/the-new-america/tg-therapeutics-stock-briumvi-myasthetia-gravis-subcutaneous?mod=IBD_FV,TG Therapeutics reports positive topline Phase 1 data for subcutaneous BRIUMVI in myasthenia gravis,Healthcare,16.01,8.48B,5.81,5.12,700.35M,461.90M,69.14%,34.88%,5.11%,-6.23%,112.84%,0.33%,0.06%,-,-56.44%,2.29%,accel,3,135.0,29.0,39.0,67.0,0.5528700038461289,0.7261072261072261,0.8541666666666666,0.3344988344988345,0.7368881118881119,0.7614164739967555,0.168997668997669,0.8333333333333334,0.3333333333333333,0.2777777777777778,,1.0,1.791
2026-06-25,accel,v1,Biotechnology,IBRX,IBRX,ImmunityBio Inc,Biotechnology,USA,8.04B,-,"5,260,071",7.68,-1.54%,May 07/b,RUT,-,-,57.06,-,-,62.34,-,-179.83%,-347.32%,-,-,-,-0.85,-0.09,-123.68%,81.57%,28.42%,15.60%,-,678.62%,299.74%,167.64%,-305.39%,-54.81%,351.53%,87.93%,-185.41%,-606.15%,-0.08%,2.83%,9.87%,-3.03%,-4.83%,238.33%,287.88%,178.26%,185.50%,0.49,6.26%,0.10,5.92%,1.61%,46.63%,54.76,14.48M,0.58,7.80,7.70,7.89,7.56,1.00,13.00,Jun-23,IBRX Stock Climbs After-Hours: Retail Traders Bet Russell 1000 Inclusion Could Trigger Massive Index-Fund Buying,https://finance.yahoo.com/m/9919b896-a30f-3ccf-99b5-d029be33b9ce/ibrx-stock-climbs.html,ISPOR 2026 data showing ANKTIVA cost savings vs J&J TAR-200 drives IBRX 10.6% gain,Healthcare,21.12,8.79B,6.67,6.66,140.98M,-854.53M,17.23%,-46.85%,7.55%,-38.21%,293.85%,-0.26%,-1.28%,-,-779.43%,2.64%,accel,3,135.0,29.0,39.0,67.0,0.5528700038461289,0.7261072261072261,0.8541666666666666,0.3344988344988345,0.7368881118881119,0.7614164739967555,0.168997668997669,0.8333333333333334,0.3333333333333333,0.2777777777777778,,1.0,1.791
2026-06-25,accel,v1,Biotechnology,PTGX,PTGX,Protagonist Therapeutics Inc,Biotechnology,USA,7.93B,-,"431,535",123.32,0.95%,May 05/a,RUT,-,-,107.08,-,-,99.82,-17.06%,-15.94%,-17.30%,0.01,0.01,-,-1.80,2.13,294.11%,-122.75%,7.63%,-1.26%,-,20.07%,9.96%,99.03%,129.01%,-302.09%,-64.36%,98.04%,-192.36%,-154.88%,-12.71%,12.58%,10.66%,23.34%,18.22%,41.08%,41.19%,126.52%,346.63%,4.65,4.53%,1.75,15.26%,18.81%,38.99%,73.41,673.59K,1.02,122.15,122.31,126.25,121.72,1.23,119.15,Jun-16,Protagonist Therapeutics Reports Granting of Inducement Awards,https://finviz.com/news/362165/protagonist-therapeutics-reports-granting-of-inducement-awards,JNJ upbeat Icotyde launch metrics drive 8% PTGX surge on June 9,Healthcare,14.48,7.39B,17.76,17.76,74.06M,-114.71M,119.98%,182.77%,3.73%,-1.19%,149.73%,0.82%,0.13%,-,109.99%,381.68%,accel,3,135.0,29.0,39.0,67.0,0.5528700038461289,0.7261072261072261,0.8541666666666666,0.3344988344988345,0.7368881118881119,0.7614164739967555,0.168997668997669,0.8333333333333334,0.3333333333333333,0.2777777777777778,,1.0,1.791
2026-06-25,accel,v1,Biotechnology,PCVX,PCVX,Vaxcyte Inc,Biotechnology,USA,7.84B,-,"530,733",54.28,0.75%,May 06/a,RUT,-,-,-,-,-,-,-30.55%,-28.14%,-30.47%,0.04,0.04,-,-6.97,-2.06,-48.90%,20.20%,-17.82%,-26.39%,-4.13%,-,-,-,-121.63%,-71.33%,-,-,-,-,-2.29%,11.32%,7.11%,8.31%,-2.92%,12.91%,17.63%,64.02%,0.40%,2.30,4.31%,1.22,9.82%,2.36%,9.72%,62.49,1.44M,0.58,53.87,53.36,55.88,53.12,1.20,109.00,Jun-02,Vaxcyte Doses First Participant in Phase 1 Study Evaluating VAX-A1 for the Prevention of Disease Caused by Group A Streptococcus in Healthy Adults,https://finviz.com/news/359061/vaxcyte-doses-first-participant-in-phase-1-study-evaluating-vax-a1-for-the-prevention-of-disease-caused-by-group-a-streptococcus-in-healthy-adults,Vaxcyte doses first participant in Phase 1 first-in-human trial of VAX-A1 Group A Streptococcus vaccine candidate,Healthcare,4.51,6.22B,7.49,7.49,0.00M,-946.53M,112.20%,126.15%,5.02%,-16.50%,86.64%,1.71%,-0.95%,-,-29.40%,-,accel,3,135.0,29.0,39.0,67.0,0.5528700038461289,0.7261072261072261,0.8541666666666666,0.3344988344988345,0.7368881118881119,0.7614164739967555,0.168997668997669,0.8333333333333334,0.3333333333333333,0.2777777777777778,,1.0,1.791
2026-06-25,accel,v1,Biotechnology,IMVT,IMVT,Immunovant Inc,Biotechnology,USA,7.84B,-,"625,053",38.17,-0.13%,May 20/b,RUT,-,-,-,-,-,-,-64.82%,-58.29%,-59.30%,0.00,0.00,-,-2.77,-0.60,5.50%,3.09%,-17.37%,-17.75%,18.99%,-,-,-,-13.69%,-1.22%,-,-,-,-,-0.25%,0.69%,9.97%,12.83%,54.16%,38.60%,50.16%,142.35%,91.52%,1.65,4.73%,0.74,13.13%,23.34%,51.74%,70.83,1.87M,0.53,38.22,38.22,39.28,37.98,1.59,45.76,May-20,Can a New Arthritis Drug Make Immunovant the Next Biotech Star?,https://www.barrons.com/articles/immunovant-stock-price-arthritis-trial-data-roivant-8bb5bfd7?mod=bar_FV,"Immunovant posts fiscal Q4 2026 loss with non-GAAP EPS -$0.73, revenue $0, misses EPS but beats revenue estimates",Healthcare,8.69,6.93B,9.09,9.09,0.00M,-505.61M,51.85%,234.53%,4.78%,-1.86%,166.55%,-0.13%,0.00%,-,-23.31%,-,accel,3,135.0,29.0,39.0,67.0,0.5528700038461289,0.7261072261072261,0.8541666666666666,0.3344988344988345,0.7368881118881119,0.7614164739967555,0.168997668997669,0.8333333333333334,0.3333333333333333,0.2777777777777778,,1.0,1.791
2026-06-25,accel,v1,Biotechnology,SYRE,SYRE,Spyre Therapeutics Inc,Biotechnology,USA,7.60B,-,"949,125",87.48,1.44%,May 05/b,RUT,-,-,-,-,-,-,-29.26%,-25.30%,-25.15%,0.00,0.00,-,-2.36,-0.76,-52.10%,-6.57%,57.01%,44.61%,-23.61%,-,-,-,-46.71%,22.31%,-100.00%,-,-,-,-34.67%,1.14%,-0.01%,18.78%,91.51%,155.79%,167.03%,456.49%,774.80%,5.91,6.10%,2.98,8.67%,15.80%,106.29%,57.78,1.32M,1.15,86.24,86.46,89.67,84.96,1.06,100.47,Jun-24,Spyre Therapeutics Shares Slide Following Large Insider Stock Sales (SYRE),https://finance.yahoo.com/m/7b75270e-727a-3e60-8436-2c7a53894bd3/spyre-therapeutics-shares.html,Fairmount's ~4.7M share block sale triggers SYRE -13% premarket drop,Healthcare,10.25,7.01B,8.97,8.97,0.00M,-168.74M,87.15%,-55.31%,6.71%,-14.29%,524.86%,1.18%,0.26%,-,-11.18%,-,accel,3,135.0,29.0,39.0,67.0,0.5528700038461289,0.7261072261072261,0.8541666666666666,0.3344988344988345,0.7368881118881119,0.7614164739967555,0.168997668997669,0.8333333333333334,0.3333333333333333,0.2777777777777778,,1.0,1.791
2026-06-25,accel,v1,Biotechnology,RYTM,RYTM,Rhythm Pharmaceuticals Inc,Biotechnology,USA,7.33B,-,"290,374",106.82,-0.68%,May 05/b,RUT,-,-,33.74,-,-,33.22,-285.76%,-48.90%,-59.77%,1.76,1.85,-,-3.14,-0.81,-1.25%,75.80%,3.66%,-0.46%,-,100.23%,-,83.81%,-3.59%,-11.45%,58.67%,89.25%,-90.89%,-95.71%,-3.05%,0.41%,11.46%,18.92%,26.23%,-5.37%,-0.21%,71.48%,512.47%,4.90,4.89%,1.85,15.99%,18.81%,9.18%,73.57,803.99K,0.57,107.55,107.19,111.71,106.02,1.12,139.47,Jun-16,Rhythm Pharmaceuticals posts long-term setmelanotide data for obesity,https://finance.yahoo.com/m/a04f1a26-d944-3d53-a27d-549494a3b05b/rhythm-pharmaceuticals-posts.html,Rhythm Pharmaceuticals reports positive long-term and real-world data for setmelanotide and oral bivamelagon in acquired hypothalamic obesity and Bardet-Biedl syndrome,Healthcare,21.51,7.21B,4.17,3.89,217.16M,-207.84M,105.76%,415.27%,5.55%,-12.59%,75.68%,-0.35%,-0.33%,-,-0.96%,7.77%,accel,3,135.0,29.0,39.0,67.0,0.5528700038461289,0.7261072261072261,0.8541666666666666,0.3344988344988345,0.7368881118881119,0.7614164739967555,0.168997668997669,0.8333333333333334,0.3333333333333333,0.2777777777777778,,1.0,1.791
2026-06-25,accel,v1,Biotechnology,ABVX,ABVX,Abivax ADR,Biotechnology,France,7.22B,-,"1,173,088",90.54,-2.13%,May 22/a,-,-,-,-,-,-,-,-158.32%,-95.27%,-72.44%,0.08,0.08,-,-5.25,-0.83,47.18%,-20.86%,-17.73%,-12.77%,63.63%,-,-,-,17.42%,-73.77%,-,-,-,-,0.00%,-1.63%,-9.59%,-28.37%,-18.21%,-34.73%,-32.86%,1184.29%,-,8.97,8.68%,1.37,-11.18%,-19.17%,-18.55%,38.52,1.72M,1.08,92.51,90.07,93.20,87.01,1.39,143.51,Jun-18,cAMPfield lands $180M  to build gut disease drug,https://finance.yahoo.com/m/093c8fba-7818-3729-b902-03237e1afc3e/campfield-lands-%24180m-to.html,Positive Phase 3 ABTECT maintenance data sparks ABVX rebound after initial selloff,Healthcare,12.75,6.70B,8.25,8.25,0.00M,-386.19M,53.51%,-,11.02%,-39.16%,1288.69%,0.52%,-2.64%,-,25.72%,277.34%,accel,3,135.0,29.0,39.0,67.0,0.5528700038461289,0.7261072261072261,0.8541666666666666,0.3344988344988345,0.7368881118881119,0.7614164739967555,0.168997668997669,0.8333333333333334,0.3333333333333333,0.2777777777777778,,1.0,1.791
2026-06-25,accel,v1,Biotechnology,MIRM,MIRM,Mirum Pharmaceuticals Inc,Biotechnology,USA,7.11B,-,"480,111",116.56,1.38%,May 06/a,RUT,-,-,12.48,-,-,12.37,-335.82%,-101.04%,-141.66%,1.33,1.34,-,-13.60,-0.74,-3229.98%,95.73%,51.26%,35.25%,-,89.13%,-,43.28%,-4372.49%,-742.29%,50.19%,81.32%,-12.31%,-140.24%,-0.37%,11.29%,14.23%,17.86%,29.27%,43.78%,47.57%,132.52%,326.19%,4.90,4.48%,0.47,15.90%,16.70%,34.13%,74.36,954.59K,0.80,114.97,114.95,119.49,114.22,1.07,145.36,Jun-14,Mirum Pharmaceuticals and Incyte Announce Positive Pivotal Phase 2 Results from PROGRESS Study of Zilurgisertib in Fibrodysplasia Ossificans Progressiva,https://www.businesswire.com/news/home/20260614539468/en/,"Mirum and Incyte report positive pivotal Phase 2 PROGRESS results for FOP candidate zilurgisertib supporting FDA-accepted Priority Review NDA with Sept. 26, 2026 PDUFA date",Healthcare,18.40,7.05B,2.09,1.99,569.61M,-798.84M,95.45%,560.41%,4.34%,0.60%,143.40%,1.40%,-0.02%,-,-3576.43%,7.89%,accel,3,135.0,29.0,39.0,67.0,0.5528700038461289,0.7261072261072261,0.8541666666666666,0.3344988344988345,0.7368881118881119,0.7614164739967555,0.168997668997669,0.8333333333333334,0.3333333333333333,0.2777777777777778,,1.0,1.791
2026-06-25,accel,v1,Biotechnology,PTCT,PTCT,PTC Therapeutics Inc,Biotechnology,USA,6.98B,-,"1,326,852",84.11,-0.36%,May 07/a,RUT,33.68,-,8.44,-,-,6.62,-,-6.76%,-,-,-,-,-2.34,0.32,-88.61%,181.89%,-,-,-28.50%,35.30%,35.37%,-76.83%,-100.34%,-130.87%,-53.34%,88.55%,-8.11%,-22.58%,-9.27%,3.21%,7.11%,24.33%,26.01%,6.60%,10.73%,72.04%,102.77%,3.19,4.07%,0.50,11.84%,16.82%,18.79%,70.24,1.46M,1.45,84.41,85.10,87.03,84.09,1.79,93.93,Jun-17,PTC Therapeutics Reports Inducement Grants Under Nasdaq Listing Rule 5635(c)(4),https://finviz.com/news/362488/ptc-therapeutics-reports-inducement-grants-under-nasdaq-listing-rule-5635c4,PTC Therapeutics prices $500 million 0% convertible senior notes due 2031 with 40% conversion premium to repurchase 2026 convertible notes,Healthcare,3.69,5.48B,2.44,2.36,827.11M,-186.73M,115.75%,91.77%,3.81%,-3.87%,94.81%,-1.16%,0.82%,-,93.64%,25.36%,accel,3,135.0,29.0,39.0,67.0,0.5528700038461289,0.7261072261072261,0.8541666666666666,0.3344988344988345,0.7368881118881119,0.7614164739967555,0.168997668997669,0.8333333333333334,0.3333333333333333,0.2777777777777778,,1.0,1.791
2026-06-25,accel,v1,Biotechnology,COGT,COGT,Cogent Biosciences Inc,Biotechnology,USA,6.54B,-,"1,691,802",38.29,2.04%,May 05/b,RUT,-,-,-,-,-,-,-85.72%,-59.71%,-41.93%,0.39,0.39,-,-2.52,-0.55,-3.94%,65.17%,-2.22%,30.89%,-,-,-,-,5.50%,0.01%,-,-,-,-,-32.54%,7.07%,13.74%,12.83%,4.92%,-2.66%,7.81%,441.65%,216.75%,1.57,4.42%,0.34,13.19%,10.75%,21.31%,70.72,2.23M,1.21,37.53,37.53,39.81,37.45,1.31,54.25,Jun-12,Cogent Biosciences Announces Preclinical Data from Novel JAK2 V617F Inhibitor at the 2026 European Hematology Association (EHA) Congress,https://finviz.com/news/361407/cogent-biosciences-announces-preclinical-data-from-novel-jak2-v617f-inhibitor-at-the-2026-european-hematology-association-eha-congress,Cogent Biosciences reports positive APEX pivotal trial results for bezuclastinib in advanced systemic mastocytosis,Healthcare,7.55,5.98B,15.14,15.14,0.00M,-354.30M,97.04%,345.29%,4.35%,-12.43%,444.73%,2.04%,0.00%,-,0.49%,-,accel,3,135.0,29.0,39.0,67.0,0.5528700038461289,0.7261072261072261,0.8541666666666666,0.3344988344988345,0.7368881118881119,0.7614164739967555,0.168997668997669,0.8333333333333334,0.3333333333333333,0.2777777777777778,,1.0,1.791
2026-06-25,accel,v1,Biotechnology,SRRK,SRRK,Scholar Rock Holding Corp,Biotechnology,USA,6.29B,-,"724,840",52.46,0.25%,May 07/b,RUT,-,-,-,-,-,-,-138.94%,-86.70%,-85.94%,0.72,0.75,-,-3.59,-0.84,3.00%,21.94%,-13.45%,-3.21%,24.98%,-,-,-,-24.08%,-35.59%,-,-,-,-,-1.14%,6.64%,11.74%,1.85%,15.48%,16.07%,19.10%,46.50%,484.21%,2.18,4.68%,0.68,11.76%,10.08%,23.45%,67.13,1.45M,0.79,52.33,52.33,53.67,52.23,1.06,59.31,Jun-22,Scholar Rock to Showcase Neuromuscular Research Portfolio at 2026 Annual Cure SMA Research and Clinical Care Meeting and 2026 International Research Congress on FSHD,https://www.businesswire.com/news/home/20260622852079/en,Goldman Sachs conference presentation announcement lifts Scholar Rock (SRRK) shares 5.68%.,Healthcare,13.10,6.01B,8.64,8.64,0.00M,-408.73M,98.86%,73.60%,5.03%,-2.32%,93.80%,0.25%,0.00%,-,-3.74%,-,accel,3,135.0,29.0,39.0,67.0,0.5528700038461289,0.7261072261072261,0.8541666666666666,0.3344988344988345,0.7368881118881119,0.7614164739967555,0.168997668997669,0.8333333333333334,0.3333333333333333,0.2777777777777778,,1.0,1.791
2026-06-25,accel,v1,Biotechnology,CNTA,CNTA,Centessa Pharmaceuticals plc ADR,Biotechnology,United Kingdom,6.27B,-,0,40.50,0.00%,May 18,-,-,-,-,-,-,-,-57.39%,-42.87%,-41.43%,0.24,0.24,-,-1.77,-0.38,-14.69%,1.02%,14.25%,-130.75%,32.75%,-,-,-100.00%,-161.26%,1.57%,-100.00%,-,-,-,-0.81%,1.03%,1.89%,1.89%,45.21%,62.98%,61.94%,211.54%,513.64%,0.23,0.45%,1.11,1.65%,2.05%,38.66%,78.17,2.92M,0.00,40.50,40.50,40.50,40.50,3.00,43.60,Jun-22,Acquisition of Centessa by Lilly Approved by the High Court of Justice of England and Wales,https://finviz.com/news/363139/acquisition-of-centessa-by-lilly-approved-by-the-high-court-of-justice-of-england-and-wales,UK court sanctions Eli Lilly acquisition of Centessa at $38 per share plus up to $9 CVR,Healthcare,22.66,6.11B,9.53,9.53,0.00M,-250.69M,70.86%,70.24%,0.70%,-0.15%,217.90%,0.00%,0.00%,-,1.85%,-,accel,3,135.0,29.0,39.0,67.0,0.5528700038461289,0.7261072261072261,0.8541666666666666,0.3344988344988345,0.7368881118881119,0.7614164739967555,0.168997668997669,0.8333333333333334,0.3333333333333333,0.2777777777777778,,1.0,1.791
2026-06-25,accel,v1,Biotechnology,CGON,CGON,Cg Oncology Inc,Biotechnology,USA,6.18B,-,"592,430",70.11,2.02%,May 08/b,RUT,-,-,1219.65,-,-,1008.87,-20.79%,-20.04%,-17.00%,0.01,0.01,-,-2.34,-0.66,-31.90%,-3.42%,-46.89%,-65.75%,60.72%,176.56%,-20.97%,1982.69%,-57.52%,-69.02%,666.01%,-63.10%,-4238.99%,-3682.61%,-0.12%,3.59%,16.01%,13.28%,6.53%,74.92%,68.85%,169.02%,-,3.52,5.52%,0.20,17.10%,8.81%,33.29%,67.47,1.03M,0.92,68.72,66.97,71.82,65.86,1.12,90.29,May-28,CG Oncology to Present at Upcoming Investor Conferences in June,https://finviz.com/news/357949/cg-oncology-to-present-at-upcoming-investor-conferences-in-june,"No clear catalyst identified for CGON's 6% gain on June 22, 2026",Healthcare,5.75,5.11B,31.30,31.25,5.07M,-186.75M,85.06%,-,6.34%,-7.14%,196.44%,4.68%,-2.55%,-,-27.77%,139.07%,accel,3,135.0,29.0,39.0,67.0,0.5528700038461289,0.7261072261072261,0.8541666666666666,0.3344988344988345,0.7368881118881119,0.7614164739967555,0.168997668997669,0.8333333333333334,0.3333333333333333,0.2777777777777778,,1.0,1.791
2026-06-25,accel,v1,Biotechnology,BLTE,BLTE,Belite Bio Inc ADR,Biotechnology,USA,6.00B,-,"142,524",149.61,-0.77%,May 20/b,-,156.78,-,-,-,-,-,-18.93%,-18.51%,-11.71%,0.00,0.00,-,-2.53,-0.77,-42.18%,129.06%,-54.04%,-549.64%,-,-,-,-,-51.84%,-85.65%,-,-,-,-,-9.45%,5.66%,0.86%,5.35%,-3.50%,-3.78%,-6.47%,144.86%,1238.19%,7.49,5.97%,-1.21,4.58%,-0.12%,6.85%,54.21,182.34K,1.24,150.77,151.00,152.70,148.44,1.00,210.50,Jun-12,Belite Bio Completes Rolling Submission of New Drug Application to U.S. Food and Drug Administration for Tinlarebant for the Treatment of Stargardt Disease Type 1,https://finviz.com/news/361521/belite-bio-completes-rolling-submission-of-new-drug-application-to-us-food-and-drug-administration-for-tinlarebant-for-the-treatment-of-stargardt-disease-type-1,Belite Bio announces it has completed its rolling New Drug Application submission to the U.S. FDA for tinlarebant for the treatment of Stargardt disease type 1.,Healthcare,21.70,5.72B,50.02,50.02,0.00M,-90.27M,22.43%,-,5.45%,-25.19%,166.68%,-0.92%,0.15%,-,46.45%,-,accel,3,135.0,29.0,39.0,67.0,0.5528700038461289,0.7261072261072261,0.8541666666666666,0.3344988344988345,0.7368881118881119,0.7614164739967555,0.168997668997669,0.8333333333333334,0.3333333333333333,0.2777777777777778,,1.0,1.791
2026-06-25,accel,v1,Biotechnology,LGND,LGND,Ligand Pharmaceuticals Inc,Biotechnology,USA,5.92B,40.08,"410,505",295.61,3.75%,May 07/b,RUT,26.56,1.60,21.58,48.13,41.23,20.39,17.13%,12.60%,10.60%,0.45,0.45,-,7.38,1.99,11.41%,22.87%,-,-,16.58%,10.96%,7.54%,14.09%,69.66%,210.12%,51.24%,83.42%,36.88%,55.95%,-12.09%,0.72%,12.34%,25.61%,44.51%,49.33%,56.35%,155.45%,304.44%,11.40,3.89%,1.12,17.20%,25.23%,45.13%,77.79,272.58K,2.39,284.91,288.34,298.81,288.34,1.00,277.11,Jun-23,Ligand Announces Pricing of Upsized $625 Million Convertible Senior Notes Offering,https://finviz.com/news/363205/ligand-announces-pricing-of-upsized-625-million-convertible-senior-notes-offering,Ligand Pharmaceuticals plans $550 million private offering of convertible senior notes due 2031 to support Xoma Royalty acquisition,Healthcare,7.60,5.60B,21.28,20.95,274.48M,153.56M,104.58%,228.70%,6.61%,2.48%,164.61%,2.52%,1.20%,-,-10.23%,-11.88%,accel,3,135.0,29.0,39.0,67.0,0.5528700038461289,0.7261072261072261,0.8541666666666666,0.3344988344988345,0.7368881118881119,0.7614164739967555,0.168997668997669,0.8333333333333334,0.3333333333333333,0.2777777777777778,,1.0,1.791
2026-06-25,accel,v1,Biotechnology,XENE,XENE,Xenon Pharmaceuticals Inc,Biotechnology,Canada,5.49B,-,"564,955",56.83,2.25%,May 07/a,RUT,-,-,-,-,-,-,-37.53%,-35.98%,-28.51%,0.00,0.01,-,-4.70,-1.14,-8.99%,-2.89%,-28.36%,-40.02%,9.02%,-7.36%,-25.26%,-100.00%,-41.69%,-46.29%,-100.00%,-,-,-,-5.43%,19.10%,6.82%,5.28%,2.27%,23.33%,26.80%,78.94%,42.04%,1.76,3.23%,0.62,6.69%,3.64%,21.47%,63.62,1.16M,0.78,55.58,55.40,57.14,55.28,1.06,80.39,May-29,Xenon Pharmaceuticals Reports Inducement Grants Under Nasdaq Listing Rule 5635(c)(4),https://finviz.com/news/358205/xenon-pharmaceuticals-reports-inducement-grants-under-nasdaq-listing-rule-5635c4,Competitor epilepsy trial failures and discontinuation lift XENE after-hours,Healthcare,5.02,4.41B,27.79,27.79,0.00M,-383.17M,98.33%,205.70%,3.72%,-11.13%,89.43%,2.58%,-0.32%,-,0.81%,-100.00%,accel,3,135.0,29.0,39.0,67.0,0.5528700038461289,0.7261072261072261,0.8541666666666666,0.3344988344988345,0.7368881118881119,0.7614164739967555,0.168997668997669,0.8333333333333334,0.3333333333333333,0.2777777777777778,,1.0,1.791
2026-06-25,accel,v1,Biotechnology,TVTX,TVTX,Travere Therapeutics Inc,Biotechnology,USA,5.39B,-,"1,818,344",57.98,0.50%,May 04/a,RUT,23.87,-,10.06,136.12,339.01,10.17,-69.38%,-8.27%,-10.86%,3.26,3.32,-,-0.53,-0.08,167.29%,1144.85%,49.47%,30.85%,-,64.89%,19.87%,55.63%,14.62%,82.27%,96.03%,84.94%,-10.64%,-8.51%,-23.12%,-2.88%,7.09%,30.91%,110.38%,58.85%,51.74%,287.96%,259.23%,2.30,4.94%,1.07,15.19%,26.95%,68.88%,76.87,2.43M,1.19,57.69,57.85,60.10,57.29,1.13,58.36,Jun-16,Travere Therapeutics Announces Planned Retirement of Chief Research Officer in 2027,https://www.businesswire.com/news/home/20260616896480/en/,Travere Therapeutics reports long-term Phase 3 DUPLEX data showing durable proteinuria reductions and high remission rates with FILSPARI in FSGS,Healthcare,20.37,5.45B,3.13,3.08,536.20M,-45.64M,109.98%,268.36%,3.61%,0.22%,303.76%,0.22%,0.28%,-,-65.29%,-6.63%,accel,3,135.0,29.0,39.0,67.0,0.5528700038461289,0.7261072261072261,0.8541666666666666,0.3344988344988345,0.7368881118881119,0.7614164739967555,0.168997668997669,0.8333333333333334,0.3333333333333333,0.2777777777777778,,1.0,1.791
2026-06-25,accel,v1,Biotechnology,CAI,CAI,Caris Life Sciences Inc,Biotechnology,USA,5.34B,-,"2,008,192",18.88,4.00%,May 07/a,-,56.57,-,5.88,46.10,38.32,5.45,28.35%,4.67%,3.34%,0.72,0.73,-,-1.47,0.01,131.41%,160.84%,-7.57%,-,-,62.87%,-,78.78%,99.60%,-10.99%,100.51%,68.72%,11.94%,-45.35%,0.02%,15.73%,5.69%,21.63%,1.70%,-33.67%,-30.04%,-28.58%,-,1.11,6.14%,0.40,9.03%,6.88%,-19.81%,59.70,2.51M,1.27,18.15,18.10,19.75,18.02,1.54,27.83,Jun-16,Caris Life Sciences Announces That Its Dual Listing on NYSE Texas,https://finance.yahoo.com/video/caris-life-sciences-announces-dual-152623752.html,"Caris Life Sciences to begin dual listing on NYSE Texas on June 17, 2026, maintaining primary Nasdaq listing under CAI",Healthcare,6.48,4.94B,7.05,6.52,907.29M,-411.43M,48.10%,-,5.66%,-55.59%,33.03%,4.29%,-0.28%,-,100.00%,3.23%,accel,3,135.0,29.0,39.0,67.0,0.5528700038461289,0.7261072261072261,0.8541666666666666,0.3344988344988345,0.7368881118881119,0.7614164739967555,0.168997668997669,0.8333333333333334,0.3333333333333333,0.2777777777777778,,1.0,1.791
2026-06-25,accel,v1,Biotechnology,LEGN,LEGN,Legend Biotech Corp ADR,Biotechnology,USA,5.31B,-,"806,513",28.60,-2.65%,May 12/b,-,32.84,-,4.65,-,-,4.26,-25.28%,-15.63%,-23.24%,0.12,0.40,-,-1.36,0.08,106.90%,1457.51%,16.80%,6.49%,-,106.67%,68.87%,56.66%,46.50%,-13.77%,56.70%,51.52%,-11.57%,-21.97%,-0.10%,5.95%,-14.68%,-3.15%,62.50%,26.05%,31.55%,-14.45%,-61.50%,2.34,8.38%,0.32,-10.48%,0.73%,11.72%,44.73,2.68M,0.48,29.38,29.25,29.98,28.13,1.38,56.53,Jun-17,Legend Biotech Corporation Announces Pricing of Public Offering,https://finviz.com/news/362529/legend-biotech-corporation-announces-pricing-of-public-offering,Discounted $226M public offering triggers 17% plunge in LEGN shares,Healthcare,6.36,4.87B,2.13,2.05,1.14B,-250.98M,48.45%,-28.70%,5.93%,-36.86%,76.11%,-2.22%,-0.44%,-,-1319.51%,-0.46%,accel,3,135.0,29.0,39.0,67.0,0.5528700038461289,0.7261072261072261,0.8541666666666666,0.3344988344988345,0.7368881118881119,0.7614164739967555,0.168997668997669,0.8333333333333334,0.3333333333333333,0.2777777777777778,,1.0,1.791
2026-06-25,accel,v1,Biotechnology,CRSP,CRSP,CRISPR Therapeutics AG,Biotechnology,Switzerland,5.27B,-,"1,318,606",54.64,2.03%,May 04/a,RUT,-,-,1285.27,-,-,881.72,-31.21%,-23.24%,-22.01%,0.42,0.43,-,-6.21,-1.20,25.29%,23.46%,8.21%,-4.10%,26.48%,43.09%,37.31%,68.55%,19.13%,-37.55%,-89.11%,-5283.40%,-13408.29%,-13856.54%,-3.11%,0.77%,2.91%,5.91%,16.03%,-5.65%,4.19%,14.64%,-2.49%,2.80,5.40%,1.70,3.04%,3.51%,-1.63%,55.98,1.68M,1.25,53.55,53.86,56.70,53.55,1.85,81.10,Jun-24,3 Companies Redefining Healthcare Innovation,https://finance.yahoo.com/healthcare/articles/3-companies-redefining-healthcare-innovation-110037111.html,Strong cash reserves and cost efficiencies propel CRSP 12% higher,Healthcare,2.16,3.62B,17.96,17.96,4.10M,-568.53M,72.75%,-61.66%,5.02%,-30.38%,23.84%,1.44%,0.58%,-,-5.05%,-75.96%,accel,3,135.0,29.0,39.0,67.0,0.5528700038461289,0.7261072261072261,0.8541666666666666,0.3344988344988345,0.7368881118881119,0.7614164739967555,0.168997668997669,0.8333333333333334,0.3333333333333333,0.2777777777777778,,1.0,1.791
2026-06-25,accel,v1,Biotechnology,ORKA,ORKA,Oruka Therapeutics Inc,Biotechnology,USA,5.10B,-,"893,899",84.56,3.01%,May 13/a,RUT,-,-,-,-,-,-,-27.31%,-26.37%,-23.83%,0.00,0.00,-,-2.39,-0.51,-14.11%,-18.03%,34.61%,37.79%,-20.58%,-,-,-,-14.47%,54.61%,-,-,-,-,-2.41%,-1.30%,19.30%,43.18%,93.02%,164.50%,178.98%,627.09%,542.27%,5.05,6.42%,-0.35,24.81%,27.49%,111.07%,71.15,1.67M,0.85,82.09,82.94,88.65,82.67,1.07,141.31,May-28,Oruka Therapeutics to Present at the 2026 Jefferies Global Healthcare Conference,https://finviz.com/news/357728/oruka-therapeutics-to-present-at-the-2026-jefferies-global-healthcare-conference,AbbVie’s nearing $11B Apogee buyout sparks Oruka sympathy surge,Healthcare,13.12,4.72B,23.76,23.76,0.00M,-116.25M,76.49%,261.94%,6.86%,-7.08%,680.79%,1.95%,1.04%,-,12.23%,-,accel,3,135.0,29.0,39.0,67.0,0.5528700038461289,0.7261072261072261,0.8541666666666666,0.3344988344988345,0.7368881118881119,0.7614164739967555,0.168997668997669,0.8333333333333334,0.3333333333333333,0.2777777777777778,,1.0,1.791
2026-06-25,accel,v1,Biotechnology,DFTX,DFTX,Definium Therapeutics Inc,Biotechnology,USA,4.95B,-,"4,882,125",45.43,7.83%,May 07/a,RUT,-,-,-,-,-,-,-94.70%,-70.22%,-74.32%,0.15,0.15,-,-2.50,-0.56,-9.48%,27.04%,-3.78%,-1.48%,29.53%,-,-,-,-158.18%,-164.79%,-,-,-,-,-1.99%,9.38%,85.96%,98.56%,145.97%,241.58%,239.28%,564.18%,1276.67%,3.07,7.04%,2.12,67.75%,88.70%,168.78%,88.59,2.46M,3.15,42.13,41.99,47.01,41.37,1.06,56.00,Jun-24,"To Wall Street, psychedelics biotechs are more teammates than rivals",https://finance.yahoo.com/m/6fe88640-0a4c-3569-88c5-e3ef7c3fd91d/to-wall-street%2C-psychedelics.html,Positive Phase 3 Emerge trial results for DT120 drive DFTX 16.45% gain,Healthcare,13.27,4.62B,4.69,4.69,0.00M,-237.54M,69.67%,-18.58%,9.17%,2.01%,609.84%,8.19%,-0.33%,-,-44.28%,-,accel,3,135.0,29.0,39.0,67.0,0.5528700038461289,0.7261072261072261,0.8541666666666666,0.3344988344988345,0.7368881118881119,0.7614164739967555,0.168997668997669,0.8333333333333334,0.3333333333333333,0.2777777777777778,,1.0,1.791
2026-06-25,accel,v1,Biotechnology,DNTH,DNTH,Dianthus Therapeutics Inc,Biotechnology,USA,4.95B,-,"645,127",90.55,-0.28%,May 05/a,RUT,-,-,3693.96,-,-,2865.67,-22.70%,-21.77%,-14.44%,0.00,0.00,-,-4.14,-0.85,10.74%,-19.44%,49.46%,31.21%,-4.99%,-31.80%,-,-60.19%,-3.10%,-43.40%,-79.52%,72.23%,-14318.04%,-12998.50%,-4.43%,39.57%,10.57%,4.29%,13.74%,106.87%,119.72%,393.72%,768.38%,5.32,6.45%,1.21,7.33%,4.57%,54.24%,58.78,837.27K,1.22,90.80,90.77,94.28,90.40,1.06,127.85,Jun-12,DNTH Stock Clocks Best Day In Over 3 Months On Strong Nerve Disorder Study Results,https://finance.yahoo.com/m/2945e6e0-dbe6-390f-a3cb-b1b984495dd2/dnth-stock-clocks-best-day-in.html,"Dianthus Therapeutics reports interim Phase 3 CIDP data showing 75% response for claseprubart, above 50% target",Healthcare,4.45,3.84B,29.25,29.25,1.34M,-173.66M,108.93%,-43.07%,5.52%,-6.17%,429.36%,-0.24%,-0.03%,-,20.70%,14.72%,accel,3,135.0,29.0,39.0,67.0,0.5528700038461289,0.7261072261072261,0.8541666666666666,0.3344988344988345,0.7368881118881119,0.7614164739967555,0.168997668997669,0.8333333333333334,0.3333333333333333,0.2777777777777778,,1.0,1.791
2026-06-25,accel,v1,Biotechnology,MANE,MANE,Veradermics Inc,Biotechnology,USA,4.94B,-,"404,191",118.25,0.82%,May 12/b,-,-,-,-,-,-,-,-,-,-,0.00,0.00,-,-,-0.65,13.45%,10.37%,-117.94%,-,21.23%,-,-,-,-,-,-,-,-,-,36.58%,116.04%,28.71%,15.37%,80.37%,-,213.25%,-,-,7.86,7.75%,-,19.58%,21.74%,56.59%,69.54,587.34K,1.09,117.29,116.20,121.45,114.01,1.00,132.80,May-28,Veradermics to Present at Upcoming June Investor Conferences,https://www.businesswire.com/news/home/20260528979672/en,Analyst upside targets and momentum from strong hair-loss data propel MANE's 10% gain,Healthcare,12.64,4.55B,59.12,59.12,-,-,52.12%,-,9.61%,-0.38%,269.53%,1.76%,-0.93%,-,-81.41%,-,accel,3,135.0,29.0,39.0,67.0,0.5528700038461289,0.7261072261072261,0.8541666666666666,0.3344988344988345,0.7368881118881119,0.7614164739967555,0.168997668997669,0.8333333333333334,0.3333333333333333,0.2777777777777778,,1.0,1.791
2026-06-25,accel,v1,Biotechnology,TNGX,TNGX,Tango Therapeutics Inc,Biotechnology,USA,4.77B,-,"2,316,296",29.27,0.52%,May 13/a,RUT,-,-,83.62,-,-,77.53,-38.42%,-30.20%,-25.44%,0.08,0.08,-,-0.82,-0.32,-50.38%,-16.87%,10.79%,11.68%,-22.66%,35.89%,52.13%,-100.00%,12.31%,32.40%,39.04%,96.28%,-206.22%,-188.15%,-0.61%,1.08%,-9.35%,46.06%,40.18%,239.56%,230.36%,488.93%,682.62%,2.31,8.36%,1.09,7.82%,17.33%,97.99%,56.93,3.84M,0.96,29.12,29.35,31.14,29.02,1.33,40.45,Jun-22,Tango Therapeutics Appoints Robert Azelby to Board of Directors,https://finviz.com/news/363143/tango-therapeutics-appoints-robert-azelby-to-board-of-directors,Nextech's large share sale and Form 144 filing drive 12.6% TNGX drop,Healthcare,12.55,4.42B,27.38,27.38,56.99M,-107.23M,88.57%,165.97%,7.37%,-14.89%,536.30%,-0.27%,0.79%,-,-2.01%,-100.00%,accel,3,135.0,29.0,39.0,67.0,0.5528700038461289,0.7261072261072261,0.8541666666666666,0.3344988344988345,0.7368881118881119,0.7614164739967555,0.168997668997669,0.8333333333333334,0.3333333333333333,0.2777777777777778,,1.0,1.791
2026-06-25,accel,v1,Biotechnology,CELC,CELC,Celcuity Inc,Biotechnology,USA,4.74B,-,"728,227",97.17,0.81%,May 14/a,RUT,-,-,-,-,-,-,-275.17%,-61.40%,-51.17%,6.04,6.04,-,-3.90,-1.11,-6.45%,88.04%,-13.08%,-32.62%,-,-,-,-,-12.91%,-28.74%,-,-,-,-,-0.57%,-4.62%,10.35%,-27.63%,-11.84%,-3.93%,-2.58%,719.96%,744.91%,7.12,7.01%,0.22,1.25%,-16.13%,-0.97%,44.67,1.27M,0.91,96.38,95.42,101.29,95.00,1.00,160.64,Jun-19,QURE Was Just the Beginning: 5 Biotech Catalysts Im Watching Now,https://finance.yahoo.com/healthcare/articles/qure-just-beginning-5-biotech-122456949.html,Celcuity prices upsized $500 million 0.250% convertible senior notes due 2032 with 40% conversion premium,Healthcare,12.24,4.67B,12.31,12.31,0.00M,-192.89M,89.56%,225.62%,6.09%,-35.66%,743.81%,1.83%,-1.00%,-,6.73%,-100.00%,accel,3,135.0,29.0,39.0,67.0,0.5528700038461289,0.7261072261072261,0.8541666666666666,0.3344988344988345,0.7368881118881119,0.7614164739967555,0.168997668997669,0.8333333333333334,0.3333333333333333,0.2777777777777778,,1.0,1.791
2026-06-25,accel,v1,Biotechnology,ERAS,ERAS,Erasca Inc,Biotechnology,USA,4.52B,-,"3,161,480",14.54,-3.40%,May 11/a,RUT,-,-,-,-,-,-,-69.86%,-59.42%,-63.80%,0.10,0.12,-,-0.93,-0.11,-118.32%,41.32%,39.56%,12.46%,-14.55%,-,-,-,-451.51%,-49.51%,-,-,-,-,-0.18%,15.65%,4.00%,26.42%,-9.08%,298.32%,290.83%,953.53%,442.49%,1.10,8.33%,0.68,6.25%,6.96%,64.90%,56.78,6.70M,0.75,15.05,15.08,15.37,14.51,1.36,20.91,Jun-22,"Erasca, Inc. Sued for Securities Law Violations - Contact the DJS Law Group to Discuss Your Rights - ERAS",https://finviz.com/news/362905/erasca-inc-sued-for-securities-law-violations-contact-the-djs-law-group-to-discuss-your-rights-eras,No clear catalyst identified for Erasca's 9.58% gain on June 22,Healthcare,18.55,4.32B,9.52,9.52,0.00M,-277.02M,63.12%,-,7.82%,-40.12%,1101.55%,-3.59%,0.20%,-,-475.26%,-,accel,3,135.0,29.0,39.0,67.0,0.5528700038461289,0.7261072261072261,0.8541666666666666,0.3344988344988345,0.7368881118881119,0.7614164739967555,0.168997668997669,0.8333333333333334,0.3333333333333333,0.2777777777777778,,1.0,1.791
2026-06-25,accel,v1,Biotechnology,EWTX,EWTX,Edgewise Therapeutics Inc,Biotechnology,USA,4.50B,-,"379,247",41.83,-1.11%,May 07/b,RUT,-,-,-,-,-,-,-38.14%,-36.18%,-35.49%,0.01,0.01,-,-1.66,-0.47,-20.25%,16.64%,-8.91%,-36.19%,-1.80%,-,-,-,-6.69%,-7.28%,-,-,-,-,-0.81%,-3.60%,20.14%,24.65%,30.97%,99.77%,68.58%,191.92%,450.43%,2.52,7.11%,0.23,15.43%,21.86%,57.93%,67.69,1.34M,0.45,42.30,42.02,43.93,41.12,1.33,48.17,Jun-16,Edgewise Bounds Between Double-Digit Losses And Gain - What's Going On?,https://www.investors.com/news/technology/edgewise-therapeutics-hcm-bristol-myers-squibb-cytokinetics?mod=IBD_FV,"Edgewise Therapeutics' EDG-7500 shows positive Phase 2 CIRRUS-HCM data in hypertrophic cardiomyopathy, supporting Phase 3 start in Q4 2026",Healthcare,9.01,4.01B,22.61,22.61,0.00M,-176.01M,86.16%,74.67%,6.73%,-1.48%,244.30%,-0.45%,-0.66%,-,5.08%,-,accel,3,135.0,29.0,39.0,67.0,0.5528700038461289,0.7261072261072261,0.8541666666666666,0.3344988344988345,0.7368881118881119,0.7614164739967555,0.168997668997669,0.8333333333333334,0.3333333333333333,0.2777777777777778,,1.0,1.791
2026-06-25,accel,v1,Biotechnology,VKTX,VKTX,Viking Therapeutics Inc,Biotechnology,USA,4.41B,-,"2,662,818",38.01,0.38%,Apr 29/a,-,-,-,-,-,-,-,-70.04%,-64.04%,-94.11%,0.00,0.00,-,-4.15,-1.23,-48.95%,-0.37%,-52.71%,-42.46%,-7.01%,-,-,-,-236.44%,-259.98%,-,-,-,-,-9.88%,0.34%,25.50%,23.43%,14.50%,7.39%,8.06%,40.33%,86.35%,1.79,5.22%,0.64,22.70%,20.43%,16.61%,75.30,2.31M,1.83,37.87,38.00,39.45,37.65,1.21,94.29,13 hours,"VKTX Stock Eyes Best Week In 2 Years: Retail Bulls Bet Q3 Obesity Data Could Put Novo, Big Pharma In Buyout Play",https://finance.yahoo.com/m/42a350d8-9b4b-3fcd-940e-9b0b14ad0808/vktx-stock-eyes-best-week-in.html,Viking Therapeutics begins Phase 1 trial of dual amylin-calcitonin agonist VK3019 for obesity after FDA IND clearance,Healthcare,7.32,3.81B,5.72,5.72,0.00M,-472.33M,63.41%,464.86%,7.99%,-11.90%,65.58%,0.04%,0.34%,-,-40.43%,-,accel,3,135.0,29.0,39.0,67.0,0.5528700038461289,0.7261072261072261,0.8541666666666666,0.3344988344988345,0.7368881118881119,0.7614164739967555,0.168997668997669,0.8333333333333334,0.3333333333333333,0.2777777777777778,,1.0,1.791
2026-06-25,accel,v1,Biotechnology,DNLI,DNLI,Denali Therapeutics Inc,Biotechnology,USA,3.95B,-,"486,228",24.89,0.30%,May 07/a,RUT,-,-,-,-,-,-,-49.59%,-40.04%,-53.12%,0.03,0.04,-,-2.88,-0.64,18.30%,0.28%,-4.56%,-,23.66%,-,-,-,11.38%,-7.88%,-100.00%,-,-,-,-0.52%,0.19%,5.98%,28.45%,10.79%,42.50%,50.78%,72.28%,-13.92%,1.21,5.39%,0.93,14.67%,22.01%,34.14%,73.71,1.84M,0.42,24.82,24.83,25.97,24.59,1.17,34.13,Jun-18,Denali Therapeutics Enters Agreement to Sell Rare Pediatric Disease Priority Review Voucher for $195 Million,https://finviz.com/news/362623/denali-therapeutics-enters-agreement-to-sell-rare-pediatric-disease-priority-review-voucher-for-195-million,Denali Therapeutics enters definitive agreement to sell FDA Rare Pediatric Disease Priority Review Voucher for $195 million,Healthcare,4.00,3.00B,9.28,9.28,0.00M,-508.02M,96.00%,-66.67%,6.06%,-3.10%,97.89%,0.26%,0.04%,-,4.60%,-100.00%,accel,3,135.0,29.0,39.0,67.0,0.5528700038461289,0.7261072261072261,0.8541666666666666,0.3344988344988345,0.7368881118881119,0.7614164739967555,0.168997668997669,0.8333333333333334,0.3333333333333333,0.2777777777777778,,1.0,1.791
2026-06-25,accel,v1,Biotechnology,RLAY,RLAY,Relay Therapeutics Inc,Biotechnology,USA,3.90B,-,"1,662,010",17.90,-0.67%,May 05/a,RUT,-,-,365.27,-,-,308.11,-40.01%,-36.39%,-40.71%,0.04,0.05,-,-1.57,-0.39,3.76%,-3.40%,14.61%,8.85%,1.49%,123.20%,-28.58%,-60.93%,10.52%,29.88%,39.04%,73.28%,-2776.60%,-2554.14%,-0.79%,-3.90%,15.04%,26.32%,86.46%,107.90%,111.58%,449.08%,50.80%,1.07,6.77%,1.63,17.90%,24.41%,86.78%,72.50,3.99M,0.66,18.02,18.06,18.94,17.85,1.08,24.82,May-27,Relay Therapeutics to Participate in Two Upcoming Investor Conferences in June,https://finviz.com/news/357508/relay-therapeutics-to-participate-in-two-upcoming-investor-conferences-in-june,Zovegalisib vascular anomalies data presentation at ISSVA Congress sparks premarket surge,Healthcare,6.08,3.29B,22.13,22.13,10.68M,-272.70M,71.15%,-50.15%,6.20%,-4.94%,491.73%,-0.89%,0.22%,-,-12.89%,-46.24%,accel,3,135.0,29.0,39.0,67.0,0.5528700038461289,0.7261072261072261,0.8541666666666666,0.3344988344988345,0.7368881118881119,0.7614164739967555,0.168997668997669,0.8333333333333334,0.3333333333333333,0.2777777777777778,,1.0,1.791
2026-06-25,accel,v1,Biotechnology,CPRX,CPRX,Catalyst Pharmaceuticals Inc,Biotechnology,USA,3.85B,18.06,"537,186",31.42,0.02%,May 11/a,RUT,13.06,0.85,6.44,18.48,10.10,5.18,24.50%,21.52%,21.81%,0.00,0.00,-,1.74,0.48,16.27%,23.21%,31.19%,19.00%,15.37%,40.10%,37.68%,5.63%,12.37%,9.67%,11.65%,79.62%,44.83%,37.08%,0.00%,0.20%,0.08%,0.30%,32.04%,29.27%,34.64%,45.89%,138.97%,0.14,0.15%,0.74,0.28%,4.16%,27.44%,72.79,2.18M,0.39,31.42,31.41,31.44,31.40,2.80,31.67,May-19,"Are KALV, GBTG, MDV, CPRX Obtaining Fair Deals for their Shareholders?",https://finviz.com/news/355787/are-kalv-gbtg-mdv-cprx-obtaining-fair-deals-for-their-shareholders,"Catalyst Pharmaceuticals withdraws guidance, cancels earnings call after Q1 2026 non-GAAP EPS $0.50 beats but revenue $149.3M misses estimates",Healthcare,5.09,3.09B,7.10,6.84,596.96M,221.32M,82.89%,419.42%,0.11%,-3.49%,64.96%,0.05%,-0.03%,-,5.26%,-0.12%,accel,3,135.0,29.0,39.0,67.0,0.5528700038461289,0.7261072261072261,0.8541666666666666,0.3344988344988345,0.7368881118881119,0.7614164739967555,0.168997668997669,0.8333333333333334,0.3333333333333333,0.2777777777777778,,1.0,1.791
2026-06-25,accel,v1,Biotechnology,RCUS,RCUS,Arcus Biosciences Inc,Biotechnology,USA,3.79B,-,"1,519,646",30.14,4.65%,May 05/a,RUT,-,-,16.06,-,-,13.06,-69.95%,-34.28%,-59.13%,0.19,0.22,-,-3.18,-0.89,-11.81%,6.39%,3.94%,-7.95%,11.07%,30.16%,26.08%,-39.29%,10.32%,24.05%,67.38%,96.19%,-168.64%,-156.36%,-0.19%,-2.32%,24.96%,24.91%,40.45%,29.80%,26.48%,249.65%,56.65%,1.63,6.38%,0.79,20.95%,21.87%,41.56%,72.92,1.21M,1.99,28.80,28.68,31.44,28.00,1.33,36.73,Jun-24,Arcus Biosciences Announces New Employment Inducement Grants,https://www.businesswire.com/news/home/20260624737996/en/,Casdatifan momentum and analyst upgrades drive RCUS 6% gain,Healthcare,4.61,3.08B,4.04,4.04,236.00M,-369.00M,66.50%,4.54%,6.31%,0.97%,281.04%,5.09%,-0.42%,-,-15.88%,-42.34%,accel,3,135.0,29.0,39.0,67.0,0.5528700038461289,0.7261072261072261,0.8541666666666666,0.3344988344988345,0.7368881118881119,0.7614164739967555,0.168997668997669,0.8333333333333334,0.3333333333333333,0.2777777777777778,,1.0,1.791
2026-06-25,accel,v1,Biotechnology,NAMS,NAMS,NewAmsterdam Pharma Company NV,Biotechnology,Netherlands,3.77B,-,"828,035",32.27,-1.10%,May 07/b,-,-,-,167.15,-,-,138.90,-29.49%,-27.43%,-31.98%,0.00,0.00,-,-1.80,-0.48,-4.95%,22.82%,-12.98%,-,45.84%,-39.71%,-,2.08%,-16.92%,3.91%,-52.13%,98.98%,-953.59%,-942.76%,-4.35%,-1.79%,7.03%,-10.63%,4.06%,-11.56%,-8.01%,76.05%,164.51%,1.66,5.25%,0.10,2.75%,-1.27%,-3.39%,51.71,1.24M,1.06,32.63,32.44,33.09,32.12,1.12,51.21,Jun-03,NewAmsterdam Pharma Announces Upcoming Presentations at the National Lipid Association (NLA) 2026 Scientific Sessions,https://finviz.com/news/359238/newamsterdam-pharma-announces-upcoming-presentations-at-the-national-lipid-association-nla-2026-scientific-sessions,"Q1 earnings beat and optimistic PREVAIL blinded data prompt interim analysis, driving NAMS surge.",Healthcare,5.92,3.14B,9.76,9.76,22.57M,-212.73M,72.51%,224.32%,4.47%,-23.54%,82.63%,-0.52%,-0.58%,-,13.38%,72.87%,accel,3,135.0,29.0,39.0,67.0,0.5528700038461289,0.7261072261072261,0.8541666666666666,0.3344988344988345,0.7368881118881119,0.7614164739967555,0.168997668997669,0.8333333333333334,0.3333333333333333,0.2777777777777778,,1.0,1.791
2026-06-25,accel,v1,Biotechnology,TLX,TLX,Telix Pharmaceuticals Ltd ADR,Biotechnology,Australia,3.70B,-,"54,159",10.89,-0.09%,Feb 19/a,-,104.82,-,4.59,-,102.60,5.00,-1.86%,-0.67%,-0.83%,1.08,1.12,-,-0.02,-,250.37%,227.44%,55.05%,29.38%,-,93.54%,195.21%,-,-,-121.18%,55.73%,53.15%,2.20%,-0.89%,-,-4.45%,9.56%,13.79%,22.36%,35.28%,45.39%,-31.89%,-,0.36,2.71%,-0.34,12.63%,7.04%,18.75%,67.68,191.12K,0.45,10.90,10.83,10.95,10.77,1.20,17.23,Jun-22,Telix Educational Webinar: Neuro-Oncology Portfolio Update and Physician Perspectives on Future Therapeutic Directions,https://finviz.com/news/363183/telix-educational-webinar-neuro-oncology-portfolio-update-and-physician-perspectives-on-future-therapeutic-directions,Positive ProstACT Global Phase 3 Part 1 safety data at ASCO 2026 drives TLX gains,Healthcare,26.05,4.02B,1.43,1.27,804.63M,-7.13M,0.76%,-,3.51%,-35.87%,73.41%,0.55%,-0.64%,-,-158.23%,-1.22%,accel,3,135.0,29.0,39.0,67.0,0.5528700038461289,0.7261072261072261,0.8541666666666666,0.3344988344988345,0.7368881118881119,0.7614164739967555,0.168997668997669,0.8333333333333334,0.3333333333333333,0.2777777777777778,,1.0,1.791
2026-06-25,accel,v1,Biotechnology,CRNX,CRNX,Crinetics Pharmaceuticals Inc,Biotechnology,USA,3.69B,-,"728,844",35.00,-3.25%,May 07/a,RUT,-,-,204.25,-,-,135.43,-39.17%,-35.94%,-37.55%,0.03,0.04,-,-5.13,-1.22,2.94%,12.46%,-16.20%,-15.33%,22.72%,17.56%,-,2873.41%,-18.15%,-34.49%,4905.26%,70.11%,-3020.32%,-2747.18%,-2.05%,9.51%,-2.09%,-4.83%,-3.68%,-28.91%,-24.81%,15.10%,89.10%,1.69,4.32%,0.24,0.83%,-5.21%,-16.16%,47.13,1.17M,0.99,36.18,35.88,36.66,34.74,1.19,83.14,Jun-14,Crinetics Presents Full Results From Phase 2 Trial of Atumelnant in Congenital Adrenal Hyperplasia (CAH) in Oral Presentation at ENDO 2026,https://finviz.com/news/361535/crinetics-presents-full-results-from-phase-2-trial-of-atumelnant-in-congenital-adrenal-hyperplasia-cah-in-oral-presentation-at-endo-2026,"Crinetics to advance oral ACTH receptor antagonist atumelnant to late-stage after Phase 2 CAH, Phase 1b/2a Cushing’s data",Healthcare,2.86,2.45B,18.60,18.56,18.07M,-496.39M,113.20%,78.40%,4.55%,-39.64%,35.51%,-2.44%,-0.83%,-,-0.70%,26.07%,accel,3,135.0,29.0,39.0,67.0,0.5528700038461289,0.7261072261072261,0.8541666666666666,0.3344988344988345,0.7368881118881119,0.7614164739967555,0.168997668997669,0.8333333333333334,0.3333333333333333,0.2777777777777778,,1.0,1.791
2026-06-25,accel,v1,Biotechnology,BEAM,BEAM,Beam Therapeutics Inc,Biotechnology,USA,3.57B,-,"1,029,986",34.72,2.43%,May 07/b,RUT,-,-,21.78,-,-,15.92,-5.69%,-4.41%,-4.64%,0.20,0.22,-,-0.69,-1.11,-445.79%,-4.55%,41.92%,28.04%,-,31.88%,466.27%,324.87%,26.46%,86.11%,157.97%,86.36%,-226.58%,-39.66%,-2.46%,3.13%,6.91%,16.56%,50.19%,24.37%,25.26%,107.18%,9.16%,2.33,7.31%,2.16,9.90%,13.38%,27.23%,60.39,2.20M,0.74,33.90,34.12,35.50,33.21,1.28,50.19,Jun-18,Beam Therapeutics Announces Clearance of Investigational New Drug Application for BEAM-304 for the Treatment of Phenylketonuria (PKU) by the United States (U.S.) Food and Drug Administration,https://finviz.com/news/362590/beam-therapeutics-announces-clearance-of-investigational-new-drug-application-for-beam-304-for-the-treatment-of-phenylketonuria-pku-by-the-united-states-us-food-and-drug-administration,"Beam Therapeutics gets FDA clearance for BEAM-304 investigational new drug application, enabling Phase 1/2 trial in phenylketonuria (PKU)",Healthcare,2.95,2.61B,16.99,16.99,164.01M,-65.04M,96.60%,-63.00%,8.19%,-5.85%,122.59%,1.77%,0.65%,-,11.46%,189.13%,accel,3,135.0,29.0,39.0,67.0,0.5528700038461289,0.7261072261072261,0.8541666666666666,0.3344988344988345,0.7368881118881119,0.7614164739967555,0.168997668997669,0.8333333333333334,0.3333333333333333,0.2777777777777778,,1.0,1.791
2026-06-25,accel,v1,Biotechnology,ELVN,ELVN,Enliven Therapeutics Inc,Biotechnology,USA,3.51B,-,"906,486",49.15,2.89%,May 07/a,RUT,-,-,-,-,-,-,-26.64%,-25.74%,-21.79%,0.00,0.00,-,-1.66,-0.40,3.28%,-35.73%,46.65%,33.56%,-17.66%,-,-,-,34.03%,13.79%,-,-,-,-,-8.58%,2.69%,9.56%,15.57%,38.33%,174.12%,219.16%,128.60%,133.16%,3.16,7.30%,0.22,20.02%,17.07%,70.76%,66.56,1.39M,1.03,47.77,47.19,50.56,47.19,1.09,59.60,Jun-15,Enliven Therapeutics Announces Closing of Upsized Public Offering of Common Stock and Pre-Funded Warrants and Full Exercise of the Underwriters' Option to Purchase Additional Shares,https://finviz.com/news/361837/enliven-therapeutics-announces-closing-of-upsized-public-offering-of-common-stock-and-pre-funded-warrants-and-full-exercise-of-the-underwriters-option-to-purchase-additional-shares,"Enliven Therapeutics closes upsized stock and pre-funded warrant offering, including full underwriters’ option, raising approximately $460 million in gross proceeds",Healthcare,7.76,3.06B,40.32,40.32,0.00M,-98.78M,71.16%,53.59%,6.44%,-1.58%,232.43%,4.15%,-1.21%,-,14.34%,-,accel,3,135.0,29.0,39.0,67.0,0.5528700038461289,0.7261072261072261,0.8541666666666666,0.3344988344988345,0.7368881118881119,0.7614164739967555,0.168997668997669,0.8333333333333334,0.3333333333333333,0.2777777777777778,,1.0,1.791
2026-06-25,accel,v1,Biotechnology,GPCR,GPCR,Structure Therapeutics Inc ADR,Biotechnology,USA,3.50B,-,"323,007",49.22,2.20%,May 07/a,-,-,-,-,-,-,-,-15.03%,-14.38%,-11.77%,0.00,0.00,-,-2.69,-0.38,-78.39%,-37.78%,-18.36%,-40.35%,-26.79%,-,-,-,-28.61%,-4.45%,-,-,-,-,0.00%,0.38%,9.38%,24.36%,2.26%,-22.18%,-29.23%,125.88%,67.87%,2.31,5.35%,-1.52,17.17%,16.71%,0.98%,72.89,875.30K,0.58,48.16,48.19,49.94,48.17,1.12,107.00,Jun-06,Tired of nausea or taking a GLP-1 pill every day? These experimental drugs could be better than Zepbound and Wegovy.,https://www.marketwatch.com/story/tired-of-nausea-or-taking-a-glp-1-pill-every-day-these-experimental-drugs-could-be-better-than-zepbound-and-wegovy-587bf648?mod=mw_FV,"AstraZeneca's weaker oral GLP-1 data highlights GPCR superiority, sparking premarket surge",Healthcare,2.40,2.05B,26.16,26.16,0.00M,-170.73M,89.24%,-,6.06%,-48.13%,211.52%,2.14%,0.06%,-,0.34%,-,accel,3,135.0,29.0,39.0,67.0,0.5528700038461289,0.7261072261072261,0.8541666666666666,0.3344988344988345,0.7368881118881119,0.7614164739967555,0.168997668997669,0.8333333333333334,0.3333333333333333,0.2777777777777778,,1.0,1.791
2026-06-25,accel,v1,Biotechnology,IDYA,IDYA,Ideaya Biosciences Inc,Biotechnology,USA,3.49B,-,"614,189",36.69,1.12%,May 05/b,RUT,-,-,15.48,-,-,12.63,-14.28%,-13.14%,-14.51%,0.03,0.03,-,-1.60,-1.06,-235.59%,14.21%,3.17%,1.64%,-,62.54%,62.11%,-,-35.99%,55.95%,3118.14%,97.96%,-81.44%,-62.17%,0.97%,-1.41%,17.35%,24.99%,16.87%,3.34%,6.12%,66.67%,49.86%,1.74,5.32%,-0.12,19.91%,22.15%,16.76%,73.67,1.29M,0.75,36.28,36.07,38.21,36.00,1.25,52.79,Jun-17,IDEAYA Biosciences Announces Yujiro S. Hata Elected Chairman of its Board of Directors,https://finviz.com/news/362238/ideaya-biosciences-announces-yujiro-s-hata-elected-chairman-of-its-board-of-directors,"Ideaya Biosciences announces its board has elected President and CEO Yujiro S. Hata as Chairman, with Terry Rosen, Ph.D., appointed Lead Independent Director.",Healthcare,5.20,2.85B,10.74,10.74,225.27M,-140.06M,96.31%,70.55%,5.85%,-6.61%,78.95%,1.71%,-0.58%,-,-12.26%,30.20%,accel,3,135.0,29.0,39.0,67.0,0.5528700038461289,0.7261072261072261,0.8541666666666666,0.3344988344988345,0.7368881118881119,0.7614164739967555,0.168997668997669,0.8333333333333334,0.3333333333333333,0.2777777777777778,,1.0,1.791
2026-06-25,accel,v1,Biotechnology,ARQT,ARQT,Arcutis Biotherapeutics Inc,Biotechnology,USA,3.42B,-,"899,602",27.35,-0.07%,May 06/a,RUT,25.59,-,8.23,127.08,537.56,7.97,-1.43%,-0.59%,-0.80%,0.56,0.60,-,-0.03,0.04,253.13%,436.89%,71.80%,49.34%,-,367.27%,-,60.07%,56.09%,98.21%,95.29%,90.94%,0.77%,-0.57%,-1.82%,1.20%,4.31%,29.56%,20.27%,-8.53%,-5.82%,89.01%,211.50%,1.16,4.48%,1.42,14.54%,19.14%,13.00%,73.68,1.65M,0.86,27.37,27.41,28.38,27.26,1.25,34.62,Jun-05,Arcutis Biotherapeutics Reports Inducement Grants Under Nasdaq Listing Rule 5635(c)(4),https://finviz.com/news/359990/arcutis-biotherapeutics-reports-inducement-grants-under-nasdaq-listing-rule-5635c4,"Arcutis posts Q1 2026 non-GAAP EPS -$0.09 on revenue $105.4M, misses EPS but beats revenue estimates, maintains 2026 guidance and highlights infant AD expansion",Healthcare,15.25,3.31B,2.68,2.46,415.62M,-2.38M,98.40%,-0.15%,4.75%,-13.91%,109.42%,-0.22%,0.15%,-,-39.97%,1.66%,accel,3,135.0,29.0,39.0,67.0,0.5528700038461289,0.7261072261072261,0.8541666666666666,0.3344988344988345,0.7368881118881119,0.7614164739967555,0.168997668997669,0.8333333333333334,0.3333333333333333,0.2777777777777778,,1.0,1.791
2026-06-25,accel,v1,Biotechnology,DYN,DYN,Dyne Therapeutics Inc,Biotechnology,USA,3.41B,-,"845,627",20.64,1.50%,May 11/b,RUT,-,-,-,-,-,-,-58.89%,-50.16%,-43.91%,0.19,0.20,-,-3.23,-0.75,11.17%,4.56%,-2.41%,3.39%,14.57%,-,-,-,30.23%,10.17%,-,-,-,-,-8.85%,5.09%,7.48%,13.69%,8.72%,-0.70%,5.50%,98.04%,96.53%,1.14,6.18%,1.06,10.46%,12.20%,15.88%,62.23,1.73M,0.77,20.33,20.31,21.25,20.25,1.31,38.25,Jun-22,Dyne Therapeutics Appoints Barry Greene to Board of Directors,https://finviz.com/news/363149/dyne-therapeutics-appoints-barry-greene-to-board-of-directors,"Dyne Therapeutics amends Hercules Capital term loan, expanding non-dilutive debt facility to up to $400 million",Healthcare,3.51,2.61B,19.92,19.92,0.00M,-451.71M,93.63%,-5.52%,6.83%,-17.46%,156.02%,1.60%,-0.10%,-,5.48%,-,accel,3,135.0,29.0,39.0,67.0,0.5528700038461289,0.7261072261072261,0.8541666666666666,0.3344988344988345,0.7368881118881119,0.7614164739967555,0.168997668997669,0.8333333333333334,0.3333333333333333,0.2777777777777778,,1.0,1.791
2026-06-25,accel,v1,Biotechnology,ALMS,ALMS,Alumis Inc,Biotechnology,USA,3.16B,-,"517,712",24.76,-0.36%,May 14/a,RUT,-,-,375.80,-,-,317.78,-64.57%,-50.90%,-39.69%,0.06,0.06,-,-1.92,-0.72,0.13%,4.28%,-9.85%,-,13.32%,-,-,-89.99%,59.19%,69.60%,-51.68%,58.06%,-5139.07%,-2825.70%,4.65%,29.71%,7.42%,10.88%,-0.20%,121.47%,153.69%,745.05%,-,1.49,6.64%,-0.61,13.19%,7.09%,45.69%,61.59,1.27M,0.64,24.85,24.48,25.77,24.37,1.27,40.10,May-15,"Biotech leaders campaign for Pazdur; Takeda to lay off 4,500 workers",https://finance.yahoo.com/m/ff032476-e6ce-36b5-9a1d-35e071aca9c9/biotech-leaders-campaign-for.html,No clear catalyst identified for Alumis (ALMS) 10.16% gain on June 12,Healthcare,6.04,2.67B,7.51,7.51,8.40M,-237.41M,66.17%,-,6.62%,-19.08%,784.29%,1.14%,-1.49%,-,4.85%,-15.41%,accel,3,135.0,29.0,39.0,67.0,0.5528700038461289,0.7261072261072261,0.8541666666666666,0.3344988344988345,0.7368881118881119,0.7614164739967555,0.168997668997669,0.8333333333333334,0.3333333333333333,0.2777777777777778,,1.0,1.791
2026-06-25,accel,v1,Biotechnology,QURE,QURE,uniQure NV,Biotechnology,Netherlands,3.11B,-,"1,338,667",49.78,1.90%,May 05/b,-,-,-,172.06,-,-,169.80,-228.24%,-30.18%,-30.18%,3.63,3.65,-,-3.51,-0.84,-5.94%,16.30%,-8.45%,-4.24%,18.21%,-46.73%,-15.57%,127.31%,-3.85%,19.99%,-10.44%,17.67%,-1082.08%,-1154.42%,-7.05%,-6.15%,3.36%,97.92%,204.27%,99.27%,108.02%,247.37%,334.74%,3.47,7.57%,0.78,48.88%,86.91%,76.91%,77.87,2.09M,1.01,48.85,49.10,50.47,48.35,1.36,62.33,Jun-23,uniQure Announces Pricing of Upsized $225 Million Public Offering,https://finviz.com/news/363533/uniqure-announces-pricing-of-upsized-225-million-public-offering,uniQure prices upsized $225 million underwritten offering of 4.95 million ordinary shares at $45.50,Healthcare,5.31,3.07B,10.40,10.40,18.09M,-208.87M,90.07%,60.89%,10.79%,-30.38%,470.20%,1.38%,0.51%,-,1.71%,-31.56%,accel,3,135.0,29.0,39.0,67.0,0.5528700038461289,0.7261072261072261,0.8541666666666666,0.3344988344988345,0.7368881118881119,0.7614164739967555,0.168997668997669,0.8333333333333334,0.3333333333333333,0.2777777777777778,,1.0,1.791
2026-06-25,accel,v1,Biotechnology,VERA,VERA,Vera Therapeutics Inc,Biotechnology,USA,2.93B,-,"1,758,222",40.88,3.47%,May 07/b,RUT,-,-,-,-,-,-,-71.32%,-59.90%,-64.20%,0.15,0.15,-,-5.55,-1.62,-30.94%,38.97%,-11.65%,-13.19%,-,-,-,-,-108.56%,-85.06%,-,-,-,-,-0.69%,-4.27%,16.77%,19.04%,1.79%,-23.99%,-19.27%,75.38%,136.71%,2.13,6.55%,0.92,18.21%,13.18%,9.04%,69.52,1.17M,2.37,39.51,39.79,41.69,39.46,1.14,78.00,Jun-05,Vera Therapeutics Announces Inducement Grants Under Nasdaq Listing Rule 5635(c)(4),https://finviz.com/news/359995/vera-therapeutics-announces-inducement-grants-under-nasdaq-listing-rule-5635c4,PDUFA proximity and catalyst roundup spotlight fuel VERA's 8% surge,Healthcare,4.92,2.41B,13.47,13.47,0.00M,-368.95M,91.10%,179.04%,5.51%,-27.07%,114.41%,2.74%,0.71%,-,-27.22%,-,accel,3,135.0,29.0,39.0,67.0,0.5528700038461289,0.7261072261072261,0.8541666666666666,0.3344988344988345,0.7368881118881119,0.7614164739967555,0.168997668997669,0.8333333333333334,0.3333333333333333,0.2777777777777778,,1.0,1.791
2026-06-25,accel,v1,Biotechnology,RARE,RARE,Ultragenyx Pharmaceutical Inc,Biotechnology,USA,2.87B,-,"985,725",29.12,0.04%,May 05/a,-,-,-,4.28,-,-,5.46,-656.54%,-46.73%,-68.31%,-,-,-,-6.11,-1.22,23.11%,84.40%,16.78%,-13.72%,-,22.81%,19.95%,-2.36%,-17.21%,-3.82%,13.33%,78.49%,-83.92%,-91.03%,-1.58%,4.75%,8.22%,25.85%,46.71%,-16.20%,26.62%,-22.20%,-41.99%,1.31,4.90%,0.30,17.49%,17.75%,7.94%,70.66,1.80M,0.86,29.11,29.51,30.57,29.07,1.32,52.05,Jun-19,Ultragenyx Reports Inducement Grant Under Nasdaq Listing Rule 5635(c)(4),https://finviz.com/news/362881/ultragenyx-reports-inducement-grant-under-nasdaq-listing-rule-5635c4,Goldman Sachs gene therapy spotlight and FDA guidance drive Ultragenyx 8% gain,Healthcare,6.81,3.65B,2.02,1.85,669.43M,-609.36M,97.72%,-68.96%,5.63%,-31.27%,59.22%,-1.32%,1.37%,-,-23.67%,-14.03%,accel,3,135.0,29.0,39.0,67.0,0.5528700038461289,0.7261072261072261,0.8541666666666666,0.3344988344988345,0.7368881118881119,0.7614164739967555,0.168997668997669,0.8333333333333334,0.3333333333333333,0.2777777777777778,,1.0,1.791
2026-06-25,accel,v1,Biotechnology,TARS,TARS,Tarsus Pharmaceuticals Inc,Biotechnology,USA,2.82B,-,"244,475",65.46,-2.46%,May 06/a,RUT,21.57,-,5.26,-,-,4.70,-13.96%,-8.92%,-11.03%,0.25,0.25,-,-1.13,-0.22,61.06%,590.05%,14.26%,-3.80%,-,159.54%,-,106.87%,74.59%,58.46%,128.99%,93.48%,-9.50%,-9.02%,-6.29%,0.93%,4.65%,7.03%,-2.24%,-20.15%,-20.06%,62.83%,258.68%,2.82,4.18%,0.47,6.32%,4.48%,-4.33%,58.77,632.19K,0.61,67.11,66.72,67.88,64.69,1.11,94.00,May-28,Tarsus to Participate in Upcoming Investor Conferences,https://finviz.com/news/357994/tarsus-to-participate-in-upcoming-investor-conferences,Tarsus Pharmaceuticals announces a new partnership with John Cena to lead an awareness campaign for Demodex blepharitis and its XDEMVY eye-drop treatment.,Healthcare,7.24,2.52B,3.74,3.71,535.08M,-48.27M,104.29%,121.89%,3.91%,-23.22%,69.98%,-1.89%,-0.58%,-,60.03%,8.33%,accel,3,135.0,29.0,39.0,67.0,0.5528700038461289,0.7261072261072261,0.8541666666666666,0.3344988344988345,0.7368881118881119,0.7614164739967555,0.168997668997669,0.8333333333333334,0.3333333333333333,0.2777777777777778,,1.0,1.791
2026-06-25,accel,v1,Biotechnology,CLDX,CLDX,Celldex Therapeutics Inc,Biotechnology,USA,2.72B,-,"601,438",34.63,2.53%,May 07/a,RUT,-,-,3124.62,-,-,2613.30,-48.94%,-45.36%,-62.11%,0.00,0.00,-,-4.27,-1.06,-11.60%,-0.58%,-17.59%,-14.07%,7.31%,-13.13%,-26.93%,-97.84%,-45.87%,-58.13%,-88.54%,-288.80%,-35688.45%,-32753.58%,0.00%,-1.11%,5.17%,12.26%,9.32%,27.00%,27.52%,61.38%,-2.41%,1.30,3.88%,0.90,11.03%,7.96%,22.75%,66.23,950.38K,1.00,33.78,33.71,35.39,33.70,1.19,57.53,Jun-19,QURE Was Just the Beginning: 5 Biotech Catalysts Im Watching Now,https://finance.yahoo.com/healthcare/articles/qure-just-beginning-5-biotech-122456949.html,"No clear catalyst identified for CLDX's sharp 13% decline in after-hours trading on June 24, 2026.",Healthcare,6.08,2.27B,8.92,8.92,0.87M,-283.65M,90.85%,6.53%,4.28%,-3.23%,77.42%,2.74%,-0.21%,-,-2.59%,-98.11%,accel,3,135.0,29.0,39.0,67.0,0.5528700038461289,0.7261072261072261,0.8541666666666666,0.3344988344988345,0.7368881118881119,0.7614164739967555,0.168997668997669,0.8333333333333334,0.3333333333333333,0.2777777777777778,,1.0,1.791
2026-06-25,accel,v1,Biotechnology,IRON,IRON,Disc Medicine Inc,Biotechnology,USA,2.67B,-,"251,775",69.84,-0.75%,May 05/b,RUT,-,-,-,-,-,-,-35.83%,-33.11%,-33.60%,0.04,0.05,-,-6.62,-1.71,-15.77%,-5.98%,48.90%,25.96%,1.49%,-,-,-,-61.30%,-68.57%,-,-,-,-,-1.27%,8.06%,-0.52%,2.53%,11.66%,-12.19%,-12.05%,29.54%,33.11%,2.87,4.30%,0.96,0.59%,1.63%,-4.78%,52.66,473.94K,0.84,70.37,70.39,71.78,69.51,1.00,101.00,Jun-12,Disc Medicine Presents Positive Clinical Updates at the 2026 European Hematology Association (EHA) Annual Meeting,https://finviz.com/news/361426/disc-medicine-presents-positive-clinical-updates-at-the-2026-european-hematology-association-eha-annual-meeting,Disc Medicine reports positive updated Phase 2 data for DISC-0974 and bitopertin at EHA,Healthcare,3.65,1.97B,24.00,24.00,0.00M,-241.60M,91.37%,7.95%,3.39%,-29.81%,74.61%,-0.78%,0.03%,-,-0.27%,-100.00%,accel,3,135.0,29.0,39.0,67.0,0.5528700038461289,0.7261072261072261,0.8541666666666666,0.3344988344988345,0.7368881118881119,0.7614164739967555,0.168997668997669,0.8333333333333334,0.3333333333333333,0.2777777777777778,,1.0,1.791
2026-06-25,accel,v1,Biotechnology,TRVI,TRVI,Trevi Therapeutics Inc,Biotechnology,USA,2.48B,-,"877,344",17.49,-0.15%,May 05/a,RUT,-,-,-,-,-,-,-33.59%,-31.83%,-26.44%,0.00,0.00,-,-0.32,-0.11,-47.34%,-25.23%,11.11%,29.44%,-29.80%,-,-,-,-3.07%,27.89%,-,-,-,-,0.00%,2.99%,6.86%,21.65%,52.91%,37.31%,39.72%,207.98%,538.45%,0.81,4.93%,0.98,17.15%,19.92%,45.43%,73.46,1.59M,0.88,17.52,17.48,17.99,17.33,1.00,24.36,Jun-17,Trevi Therapeutics Announces Upcoming June and July Event Schedule,https://finviz.com/news/362279/trevi-therapeutics-announces-upcoming-june-and-july-event-schedule,"Trevi announces key conference slate, driving 7.53% stock surge",Healthcare,14.46,2.31B,24.75,24.75,0.00M,-45.61M,70.51%,698.79%,6.01%,-3.67%,223.35%,0.08%,-0.23%,-,-18.89%,-,accel,3,135.0,29.0,39.0,67.0,0.5528700038461289,0.7261072261072261,0.8541666666666666,0.3344988344988345,0.7368881118881119,0.7614164739967555,0.168997668997669,0.8333333333333334,0.3333333333333333,0.2777777777777778,,1.0,1.791
2026-06-25,accel,v1,Biotechnology,MBX,MBX,MBX Biosciences Inc,Biotechnology,USA,2.38B,-,"727,752",50.01,3.33%,May 07/b,RUT,-,-,-,-,-,-,-25.73%,-24.79%,-19.77%,0.00,0.00,-,-2.21,-0.63,-17.90%,-38.54%,-44.91%,-,-20.04%,-,-,-,29.35%,-0.43%,-,-,-,-,-0.29%,11.47%,20.25%,57.51%,72.69%,43.71%,58.56%,319.90%,-,3.22,8.41%,0.03,36.83%,45.74%,70.87%,80.54,665.99K,1.73,48.40,48.59,52.50,48.17,1.42,69.09,Jun-12,MBX Biosciences Shares Fall Despite Positive One-Year Trial Results for Canvuparatide (MBX),https://finance.yahoo.com/m/49872109-5b84-37dd-8c1d-aaf460b836eb/mbx-biosciences-shares-fall.html,MBX Biosciences releases full Phase 2 Avail and one-year extension data for canvuparatide in chronic hypoparathyroidism,Healthcare,5.41,1.94B,30.79,30.79,0.00M,-86.61M,75.63%,-,8.06%,1.54%,419.31%,2.92%,0.39%,-,12.78%,-,accel,3,135.0,29.0,39.0,67.0,0.5528700038461289,0.7261072261072261,0.8541666666666666,0.3344988344988345,0.7368881118881119,0.7614164739967555,0.168997668997669,0.8333333333333334,0.3333333333333333,0.2777777777777778,,1.0,1.791
2026-06-25,accel,v1,Biotechnology,PHVS,PHVS,Pharvaris NV,Biotechnology,Netherlands,2.37B,-,"279,479",33.92,1.89%,May 12/a,-,-,-,-,-,-,-,-75.71%,-68.82%,-71.53%,0.00,0.00,-,-3.18,-0.75,11.08%,10.38%,-11.96%,-21.68%,31.67%,-,-,-,21.54%,-5.22%,-,-,-,-,-0.65%,-0.29%,1.53%,13.52%,29.71%,25.30%,22.23%,93.17%,192.41%,1.64,4.84%,-2.31,7.48%,11.51%,27.26%,64.67,326.96K,1.35,33.29,33.39,35.33,32.69,1.14,45.99,Jun-15,Data Supporting Differentiated Profile of Deucrictibant in HAE Management Presented at EAACI 2026,https://finviz.com/news/361588/data-supporting-differentiated-profile-of-deucrictibant-in-hae-management-presented-at-eaaci-2026,"Pharvaris reports Phase 3 data showing rapid, durable efficacy and favorable cardiovascular safety for oral deucrictibant in hereditary angioedema",Healthcare,8.33,2.09B,11.24,11.24,0.00M,-195.21M,40.00%,83.55%,5.34%,-1.42%,102.87%,1.58%,0.31%,-,17.03%,-,accel,3,135.0,29.0,39.0,67.0,0.5528700038461289,0.7261072261072261,0.8541666666666666,0.3344988344988345,0.7368881118881119,0.7614164739967555,0.168997668997669,0.8333333333333334,0.3333333333333333,0.2777777777777778,,1.0,1.791
2026-06-25,accel,v1,Biotechnology,NRIX,NRIX,Nurix Therapeutics Inc,Biotechnology,USA,2.33B,-,"3,267,487",22.51,16.63%,Apr 08/b,RUT,-,-,32.43,-,-,25.71,-61.40%,-47.20%,-55.05%,0.12,0.12,-,-3.16,-0.72,17.94%,4.57%,6.31%,-2.04%,20.61%,29.55%,36.35%,-66.12%,-17.44%,-12.53%,27.23%,74.22%,-439.26%,-411.37%,-1.64%,2.51%,31.48%,29.52%,45.79%,16.39%,18.66%,93.72%,124.88%,1.34,7.21%,1.82,31.18%,33.68%,47.29%,81.26,1.79M,2.89,19.30,19.40,23.07,19.34,1.19,31.44,Jun-11,"Nurix Therapeutics to Report Updated Phase 1a/b Results for BTK Degrader Bexobrutideg, Highlighting Durable Responses in Relapsed/Refractory CLL/SLL and Promising Activity in Earlier Lines of Therapy",https://finviz.com/news/361100/nurix-therapeutics-to-report-updated-phase-1ab-results-for-btk-degrader-bexobrutideg-highlighting-durable-responses-in-relapsedrefractory-cllsll-and-promising-activity-in-earlier-lines-of-therapy,Roche collaboration and strong BTK degrader data drive NRIX 16% surge on high volume,Healthcare,4.30,1.85B,6.01,6.01,71.78M,-295.28M,108.36%,-23.72%,5.35%,0.04%,174.68%,16.03%,0.52%,-,-3.59%,-56.13%,accel,3,135.0,29.0,39.0,67.0,0.5528700038461289,0.7261072261072261,0.8541666666666666,0.3344988344988345,0.7368881118881119,0.7614164739967555,0.168997668997669,0.8333333333333334,0.3333333333333333,0.2777777777777778,,1.0,1.791
2026-06-25,accel,v1,Biotechnology,BHVN,BHVN,Biohaven Ltd,Biotechnology,USA,2.32B,-,"1,780,321",15.42,3.10%,May 04/a,RUT,-,-,-,-,-,-,-333.00%,-139.99%,-158.06%,2.16,2.21,-,-5.67,-0.75,56.32%,18.46%,6.37%,-30.08%,31.53%,-,-,-,59.33%,39.46%,-,-,-,-,0.00%,19.11%,13.25%,53.17%,79.14%,40.22%,36.62%,7.63%,-33.52%,1.01,8.84%,2.99,26.51%,44.01%,33.45%,73.16,2.56M,1.10,14.96,14.90,15.74,14.78,1.61,21.31,Jun-18,Pfizer CFO Dave Denton stepping down in August 2026,https://finance.yahoo.com/m/5c153282-4381-37e0-8cab-d26a6cfe58bc/pfizer-cfo-dave-denton.html,FDA wins for QURE and RGNX spark BHVN sympathy surge on SCA hopes,Healthcare,6.64,2.26B,7.41,7.41,0.00M,-647.68M,91.74%,-,7.93%,-16.92%,106.20%,3.52%,-0.40%,-,-5.86%,-100.00%,accel,3,135.0,29.0,39.0,67.0,0.5528700038461289,0.7261072261072261,0.8541666666666666,0.3344988344988345,0.7368881118881119,0.7614164739967555,0.168997668997669,0.8333333333333334,0.3333333333333333,0.2777777777777778,,1.0,1.791
2026-06-25,accel,v1,Biotechnology,AUPH,AUPH,Aurinia Pharmaceuticals Inc,Biotechnology,Canada,2.31B,8.31,"1,138,156",17.97,-3.49%,May 07/b,RUT,14.54,-,7.75,13.84,13.39,6.71,64.98%,48.54%,48.24%,0.09,0.12,-,2.16,0.24,-53.62%,28.75%,-,-,-4.55%,28.30%,41.38%,24.40%,53.13%,696.05%,20.62%,89.74%,43.58%,99.97%,12.09%,1.47%,11.34%,18.30%,25.05%,10.18%,12.66%,123.79%,94.69%,0.73,3.75%,1.36,10.64%,12.70%,22.27%,67.69,1.28M,1.40,18.62,18.72,18.92,17.82,2.14,17.00,Jun-12,Aurinia Pharmaceuticals and Four More Stocks See Activist Action,https://www.barrons.com/articles/activists-13ds-aurinia-pharmaceuticals-dell-victorias-secret-valaris-univertal-technical-institute-7ffc01fc?mod=bar_FV,Lupus nephritis triple therapy guidelines boost Aurinia shares 6.6%,Healthcare,6.10,2.00B,5.55,5.01,298.30M,298.21M,61.70%,25.66%,4.86%,-6.65%,146.67%,-4.01%,0.54%,-,28.21%,0.94%,accel,3,135.0,29.0,39.0,67.0,0.5528700038461289,0.7261072261072261,0.8541666666666666,0.3344988344988345,0.7368881118881119,0.7614164739967555,0.168997668997669,0.8333333333333334,0.3333333333333333,0.2777777777777778,,1.0,1.791
2026-06-25,accel,v1,Biotechnology,MLYS,MLYS,Mineralys Therapeutics Inc,Biotechnology,USA,2.30B,-,"390,241",26.09,1.22%,May 06/a,RUT,-,-,-,-,-,-,-30.98%,-30.12%,-23.78%,0.00,0.00,-,-2.06,-0.55,-0.87%,9.25%,-46.34%,-101.68%,20.15%,-,-,-,40.19%,44.87%,-,-,-,-,-0.68%,1.62%,3.82%,-13.00%,5.97%,-30.54%,-28.11%,83.22%,63.57%,1.48,5.55%,0.73,1.26%,-5.08%,-20.80%,50.26,1.50M,0.41,25.77,25.54,26.77,25.54,1.22,49.00,Jun-14,Mineralys Therapeutics Presents Late-Breaking Data on Lorundrostat and Heart Failure Risk Biomarkers at The Endocrine Society Annual Meeting (ENDO 2026),https://finviz.com/news/361531/mineralys-therapeutics-presents-late-breaking-data-on-lorundrostat-and-heart-failure-risk-biomarkers-at-the-endocrine-society-annual-meeting-endo-2026,"Mineralys: ENDO 2026 data show lorundrostat significantly reduced heart failure risk biomarkers in post hoc proteomic analyses from Launch-HTN, Advance-HTN trials",Healthcare,3.56,1.65B,44.33,44.33,0.00M,-151.78M,82.38%,-,5.41%,-45.25%,107.23%,2.15%,-0.91%,-,0.47%,-,accel,3,135.0,29.0,39.0,67.0,0.5528700038461289,0.7261072261072261,0.8541666666666666,0.3344988344988345,0.7368881118881119,0.7614164739967555,0.168997668997669,0.8333333333333334,0.3333333333333333,0.2777777777777778,,1.0,1.791
2026-06-25,accel,v1,Biotechnology,IMNM,IMNM,Immunome Inc,Biotechnology,USA,2.22B,-,"1,561,027",19.64,-0.56%,May 12/a,RUT,-,-,554.67,-,-,410.28,-50.14%,-46.67%,-37.91%,0.01,0.01,-,-2.38,-0.51,11.83%,-0.86%,7.72%,-7.71%,22.81%,-,-,-100.00%,9.25%,25.39%,-63.29%,25.73%,-5698.83%,-5593.85%,-1.51%,5.66%,5.99%,-10.36%,-3.25%,-10.85%,-8.57%,126.27%,252.60%,1.00,4.63%,2.09,1.86%,-7.88%,0.57%,48.67,1.22M,2.03,19.75,19.73,21.08,19.27,1.07,35.77,Jun-11,"Immunome Announces First Patient Dosed in Phase 1 Trial Evaluating IM-1617, a Potential First-in-Class ADC, in Patients with Advanced Solid Tumors",https://www.businesswire.com/news/home/20260611016477/en,"Immunome announces dosing of the first patient in its Phase 1 first-in-human trial of IM-1617, a potential first-in-class ADC for advanced solid tumors.",Healthcare,3.82,1.65B,21.68,21.68,4.01M,-224.59M,104.02%,10.28%,3.85%,-28.97%,146.73%,-0.46%,-0.10%,-,13.70%,-100.00%,accel,3,135.0,29.0,39.0,67.0,0.5528700038461289,0.7261072261072261,0.8541666666666666,0.3344988344988345,0.7368881118881119,0.7614164739967555,0.168997668997669,0.8333333333333334,0.3333333333333333,0.2777777777777778,,1.0,1.791
2026-06-25,accel,v1,Biotechnology,NTLA,NTLA,Intellia Therapeutics Inc,Biotechnology,USA,2.20B,-,"1,783,459",15.73,1.52%,May 11/b,RUT,-,-,33.27,-,-,28.79,-56.34%,-45.23%,-57.83%,0.10,0.13,-,-3.53,-0.81,15.48%,42.56%,14.82%,-9.70%,43.90%,9.09%,3.13%,-9.50%,26.48%,32.42%,45.04%,76.32%,-636.56%,-597.04%,1.04%,4.79%,3.52%,24.78%,18.66%,62.22%,75.03%,64.59%,-61.60%,1.17,8.89%,1.75,11.78%,13.40%,16.19%,60.99,6.39M,0.44,15.50,15.62,16.26,15.60,2.23,26.61,Jun-15,Why Is NTLA Stock Jumping 5% Premarket Today?,https://finance.yahoo.com/m/cdb8ad6a-f31c-39f9-9b98-19b6aee6a2b1/why-is-ntla-stock-jumping-5%25.html,Positive Phase 3 HAELO data for lonvo-z fuels NTLA's 13% surge,Healthcare,5.85,1.90B,6.10,6.10,66.09M,-394.60M,76.24%,-82.29%,7.93%,-44.30%,97.92%,0.74%,0.77%,-,11.06%,8.99%,accel,3,135.0,29.0,39.0,67.0,0.5528700038461289,0.7261072261072261,0.8541666666666666,0.3344988344988345,0.7368881118881119,0.7614164739967555,0.168997668997669,0.8333333333333334,0.3333333333333333,0.2777777777777778,,1.0,1.791
2026-06-25,accel,v1,Biotechnology,VCEL,VCEL,Vericel Corp,Biotechnology,USA,2.17B,104.13,"272,074",42.59,2.15%,May 07/b,RUT,48.57,0.78,7.45,45.80,76.20,7.28,6.59%,4.72%,4.89%,0.23,0.27,-,0.41,-0.03,47.52%,85.75%,-,39.20%,62.51%,18.90%,17.34%,30.09%,44.94%,602.15%,22.45%,74.84%,5.40%,7.35%,-16.31%,2.71%,8.84%,21.78%,35.46%,13.96%,18.27%,1.69%,16.74%,1.63,4.30%,1.04,13.74%,18.87%,19.65%,76.15,662.27K,0.65,41.69,41.68,43.53,41.60,1.25,55.43,Jun-09,"Vericel to Present at the 2026 Truist Securities MedTech Conference on Tuesday, June 16, 2026",https://finviz.com/news/360509/vericel-to-present-at-the-2026-truist-securities-medtech-conference-on-tuesday-june-16-2026,"Vericel beats Q1 estimates with EPS -$0.12, revenue $68.4M, raises 2026 revenue guidance by $10M to $326–336M",Healthcare,14.96,2.13B,5.18,4.79,292.09M,21.46M,108.86%,-36.81%,3.79%,-2.25%,47.11%,2.18%,-0.02%,-,21.52%,7.46%,accel,3,135.0,29.0,39.0,67.0,0.5528700038461289,0.7261072261072261,0.8541666666666666,0.3344988344988345,0.7368881118881119,0.7614164739967555,0.168997668997669,0.8333333333333334,0.3333333333333333,0.2777777777777778,,1.0,1.791
2026-06-25,accel,v1,Biotechnology,GENB,GENB,Generate Biomedicines Inc,Biotechnology,USA,2.17B,-,"367,199",16.91,4.19%,May 07/b,-,-,-,-,-,-,-,-,-,-,0.10,0.13,-,-,-0.51,50.83%,4.03%,-,-,27.56%,-,-,-,-,-,-,-,-,-,14.74%,38.06%,21.92%,26.76%,42.94%,-,33.68%,-,-,1.19,8.42%,-,22.61%,23.74%,28.91%,65.67,610.79K,0.95,16.23,16.36,17.42,16.01,1.00,25.40,Jun-22,"AdvanCell Signs 128,000 Square Foot, Full Building Lease at IQHQ's Innovation Park in Andover, Massachusetts",https://finviz.com/news/362975/advancell-signs-128000-square-foot-full-building-lease-at-iqhqs-innovation-park-in-andover-massachusetts,Profit-taking at $16 IPO price triggered GENB’s 16% drop on May 18.,Healthcare,4.20,1.72B,9.17,9.17,-,-,19.41%,-,8.87%,0.71%,53.73%,3.36%,0.80%,-,-110.63%,36.83%,accel,3,135.0,29.0,39.0,67.0,0.5528700038461289,0.7261072261072261,0.8541666666666666,0.3344988344988345,0.7368881118881119,0.7614164739967555,0.168997668997669,0.8333333333333334,0.3333333333333333,0.2777777777777778,,1.0,1.791
2026-06-25,accel,v1,Biotechnology,KOD,KOD,Kodiak Sciences Inc,Biotechnology,USA,2.16B,-,"495,800",34.45,-4.31%,May 07/a,RUT,-,-,-,-,-,-,-208.80%,-76.39%,-89.95%,1.29,1.39,-,-4.17,-0.96,13.38%,16.69%,12.22%,-8.23%,41.69%,-,-,-,13.70%,-15.28%,-,-,-,-,-1.26%,6.72%,-3.54%,-4.31%,51.42%,20.40%,23.20%,833.52%,375.79%,2.76,7.71%,2.20,0.56%,-10.36%,28.04%,46.65,1.09M,0.72,36.00,36.00,38.09,34.26,1.00,62.67,May-28,Kodiak Sciences to Present at 2026 Jefferies Global Healthcare Conference,https://finviz.com/news/358026/kodiak-sciences-to-present-at-2026-jefferies-global-healthcare-conference,Biotech sector surge on uniQure FDA progress lifts Kodiak Sciences 12%,Healthcare,12.72,2.14B,3.54,3.54,0.00M,-230.66M,96.23%,-61.81%,7.80%,-28.00%,871.71%,-4.31%,0.00%,-,1.62%,-,accel,3,135.0,29.0,39.0,67.0,0.5528700038461289,0.7261072261072261,0.8541666666666666,0.3344988344988345,0.7368881118881119,0.7614164739967555,0.168997668997669,0.8333333333333334,0.3333333333333333,0.2777777777777778,,1.0,1.791
2026-06-25,accel,v1,Biotechnology,OCUL,OCUL,Ocular Therapeutix Inc,Biotechnology,USA,2.15B,-,"1,344,461",9.84,-0.13%,May 05/b,RUT,-,-,41.39,-,-,30.11,-68.55%,-51.03%,-44.16%,0.13,0.14,-,-1.46,-0.40,-12.52%,9.93%,-15.40%,11.13%,7.37%,0.29%,24.45%,0.81%,-4.58%,-26.75%,-12.76%,87.24%,-575.42%,-558.24%,-0.97%,0.51%,2.05%,18.67%,18.10%,-24.09%,-18.97%,7.05%,102.00%,0.57,6.30%,0.86,8.95%,8.07%,-5.89%,60.89,3.10M,0.69,9.85,9.79,10.24,9.74,1.09,27.09,Jun-22,Ocular Therapeutix Reports Inducement Grants Under Nasdaq Listing Rule 5635(c)(4),https://finviz.com/news/363144/ocular-therapeutix-reports-inducement-grants-under-nasdaq-listing-rule-5635c4,"Ocular Therapeutix secures FDA alignment on 505(b)(2) NDA plan for AXPAXLI in wet AMD, targeting Q4 2026 submission",Healthcare,3.23,1.57B,14.81,14.73,52.04M,-290.50M,89.17%,-30.18%,9.35%,-40.16%,57.90%,0.49%,-0.61%,-,-27.06%,-15.23%,accel,3,135.0,29.0,39.0,67.0,0.5528700038461289,0.7261072261072261,0.8541666666666666,0.3344988344988345,0.7368881118881119,0.7614164739967555,0.168997668997669,0.8333333333333334,0.3333333333333333,0.2777777777777778,,1.0,1.791
2026-06-25,accel,v1,Biotechnology,AGIO,AGIO,Agios Pharmaceuticals Inc,Biotechnology,USA,2.14B,-,"326,069",36.03,-0.69%,Apr 29/b,RUT,-,-,32.44,-,-,21.82,-32.82%,-30.84%,-37.53%,0.02,0.03,-,-7.25,-1.67,12.50%,23.41%,-18.95%,-8.46%,21.45%,55.97%,-,137.75%,-8.50%,-161.91%,78.34%,82.07%,-719.97%,-639.84%,-2.86%,-2.06%,8.92%,27.18%,21.76%,44.41%,32.37%,10.15%,34.44%,1.45,5.01%,0.51,17.05%,23.21%,13.64%,73.95,1.14M,0.45,36.28,36.23,37.26,35.79,1.60,40.75,Jun-13,Agios Showcases RISE UP Phase 3 Results at EHA 2026 Plenary Session Reinforcing Strong Anti-Hemolytic Profile of Mitapivat in Sickle Cell Disease,https://finviz.com/news/361525/agios-showcases-rise-up-phase-3-results-at-eha-2026-plenary-session-reinforcing-strong-anti-hemolytic-profile-of-mitapivat-in-sickle-cell-disease,Agios' mitapivat improves hemoglobin and lowers transfusion burden in Phase 3 RISE UP sickle cell data at EHA 2026,Healthcare,2.91,1.44B,14.19,13.59,66.05M,-422.60M,105.76%,-36.48%,4.07%,-21.67%,62.01%,-0.55%,-0.14%,-,6.29%,55.98%,accel,3,135.0,29.0,39.0,67.0,0.5528700038461289,0.7261072261072261,0.8541666666666666,0.3344988344988345,0.7368881118881119,0.7614164739967555,0.168997668997669,0.8333333333333334,0.3333333333333333,0.2777777777777778,,1.0,1.791
2026-06-25,accel,v1,Biotechnology,NKTR,NKTR,Nektar Therapeutics,Biotechnology,USA,2.10B,-,"337,076",62.27,-3.96%,May 07/a,-,-,-,37.82,-,-,30.18,-53.60%,-31.01%,-22.68%,0.21,0.25,-,-8.42,-2.04,6.87%,-22.20%,30.93%,23.59%,-5.42%,-15.66%,-18.43%,3.83%,49.83%,11.52%,-36.24%,98.65%,-224.08%,-284.18%,-2.55%,27.12%,2.22%,-5.02%,-13.61%,43.22%,47.28%,113.84%,615.01%,3.34,4.95%,-0.77,2.15%,-14.52%,1.60%,44.39,1.02M,0.52,64.84,65.04,65.04,62.13,1.20,153.25,Jun-03,Nektar Therapeutics Reports Inducement Grants Under Nasdaq Listing Rule 5635(c)(4),https://finviz.com/news/359437/nektar-therapeutics-reports-inducement-grants-under-nasdaq-listing-rule-5635c4,Nektar fortifies >$1B cash to fund REZPEG Phase III in atopic dermatitis and alopecia areata,Healthcare,3.70,1.68B,10.21,10.21,55.63M,-158.10M,76.52%,-75.96%,5.41%,-42.87%,196.24%,-4.26%,0.31%,-,-15.02%,1.59%,accel,3,135.0,29.0,39.0,67.0,0.5528700038461289,0.7261072261072261,0.8541666666666666,0.3344988344988345,0.7368881118881119,0.7614164739967555,0.168997668997669,0.8333333333333334,0.3333333333333333,0.2777777777777778,,1.0,1.791
2026-06-25,accel,v1,Biotechnology,NUVB,NUVB,Nuvation Bio Inc,Biotechnology,USA,2.09B,-,"10,066,295",5.97,-7.51%,May 04/a,RUT,-,-,14.59,-,-,12.37,-39.51%,-26.48%,-28.02%,0.63,0.68,-,-0.43,-0.15,40.80%,26.06%,-7.61%,-7.00%,36.39%,-,-,2598.70%,109.10%,81.79%,1205.52%,89.40%,-104.99%,-102.06%,-0.52%,3.46%,12.10%,27.40%,36.42%,-37.37%,-33.31%,217.82%,239.49%,0.41,7.31%,1.44,15.49%,21.91%,11.20%,63.95,4.20M,3.79,6.46,5.50,6.18,5.48,1.18,12.30,3 hours,Why Is NUVB Stock Falling Today?,https://finance.yahoo.com/m/0914dba8-f78b-309a-b4b2-1e749734ea8c/why-is-nuvb-stock-falling.html,Nuvation Bio plans $200 million Convertible Senior Notes due 2032 with $30 million over-allotment option,Healthcare,3.91,1.77B,7.44,7.24,143.05M,-145.99M,53.58%,-36.50%,6.07%,-38.72%,230.11%,8.64%,-14.86%,-,135.71%,25.68%,accel,3,135.0,29.0,39.0,67.0,0.5528700038461289,0.7261072261072261,0.8541666666666666,0.3344988344988345,0.7368881118881119,0.7614164739967555,0.168997668997669,0.8333333333333334,0.3333333333333333,0.2777777777777778,,1.0,1.791
2026-06-25,accel,v1,Biotechnology,ABCL,ABCL,AbCellera Biologics Inc,Biotechnology,Canada,2.05B,-,"8,341,172",6.71,11.26%,May 11/a,-,-,-,25.87,-,-,20.95,-14.68%,-10.86%,-13.42%,0.14,0.15,-,-0.48,-0.14,-20.41%,-9.23%,-,-,-18.48%,-46.31%,-20.27%,96.34%,7.05%,15.53%,242.66%,61.02%,-267.61%,-181.75%,0.00%,2.26%,23.33%,26.83%,97.91%,80.35%,96.18%,76.56%,-8.22%,0.51,9.50%,1.19,17.76%,35.15%,56.17%,68.25,6.71M,1.97,6.03,6.10,6.86,6.09,1.22,10.43,Jun-17,Jazz Pharmaceuticals and AbCellera Partner on Antibody Programs for Solid Tumors,https://finance.yahoo.com/m/561d62f5-94b9-3c36-ab68-d91748fb4b74/jazz-pharmaceuticals-and.html,"AbCellera, Jazz sign preclinical T-cell multispecific antibody deal with $56M upfront and up to $792M per program in option and milestone payments plus royalties",Healthcare,3.87,1.66B,14.05,13.89,79.21M,-143.96M,41.56%,-67.65%,9.17%,-1.19%,144.42%,9.99%,1.16%,-,18.32%,53.63%,accel,3,135.0,29.0,39.0,67.0,0.5528700038461289,0.7261072261072261,0.8541666666666666,0.3344988344988345,0.7368881118881119,0.7614164739967555,0.168997668997669,0.8333333333333334,0.3333333333333333,0.2777777777777778,,1.0,1.791
2026-06-25,accel,v1,Biotechnology,ADMA,ADMA,Adma Biologics Inc,Biotechnology,USA,2.04B,12.97,"1,215,804",8.79,1.05%,May 06/a,RUT,8.66,0.30,4.00,18.88,9.79,4.13,43.30%,28.13%,28.01%,0.51,0.52,-,0.68,0.18,26.00%,22.65%,-,-,29.21%,49.05%,64.60%,-0.27%,71.73%,-20.91%,10.99%,61.24%,40.57%,32.43%,-0.10%,-4.52%,4.41%,7.87%,-8.71%,-55.78%,-51.80%,-50.05%,127.18%,0.37,3.91%,0.71,6.65%,-2.88%,-37.91%,55.34,6.64M,0.29,8.70,8.73,9.04,8.69,1.75,17.75,Jun-22,"ADMA Biologics, Inc. Sued for Securities Law Violations - Contact the DJS Law Group to Discuss Your Rights - ADMA",https://finviz.com/news/362904/adma-biologics-inc-sued-for-securities-law-violations-contact-the-djs-law-group-to-discuss-your-rights-adma,"ADMA posts flat revenue but strong profit, cuts 2026 outlook on IG competition",Healthcare,14.75,2.10B,6.95,3.93,509.86M,165.35M,91.85%,411.15%,3.73%,-57.03%,21.94%,0.71%,0.34%,-,-11.74%,-18.20%,accel,3,135.0,29.0,39.0,67.0,0.5528700038461289,0.7261072261072261,0.8541666666666666,0.3344988344988345,0.7368881118881119,0.7614164739967555,0.168997668997669,0.8333333333333334,0.3333333333333333,0.2777777777777778,,1.0,1.791
2026-06-25,rs_new_high,v1,Oil & Gas Refining & Marketing,VLO,VLO,Valero Energy Corp,Oil & Gas Refining & Marketing,USA,74.88B,18.31,"1,484,298",252.18,4.02%,Apr 30/b,S&P 500,12.17,0.72,0.60,13.49,8.75,0.67,17.71%,6.91%,12.21%,0.44,0.48,2.89%,13.77,9.94,167.26%,-26.94%,-36.08%,-,16.96%,-11.44%,13.60%,7.75%,322.58%,385.02%,-2.53%,5.88%,5.00%,3.35%,-1.36%,-1.21%,5.17%,4.44%,7.52%,54.19%,54.91%,85.81%,126.57%,9.41,3.36%,0.56,0.66%,2.49%,24.41%,53.57,3.18M,0.74,242.43,240.70,254.35,240.02,2.43,268.00,Jun-22,"Exxon Saves Billions, But Margins Still Cut In Half",https://finance.yahoo.com/m/2ad5af4a-b404-34e6-8777-291ec8c7d4b4/exxon-saves-billions%2C-but.html,"Valero Energy shares fall as a U.S.-Iran interim peace deal eases supply disruption fears, sending crude prices down more than 5% and pressuring energy stocks broadly.",Energy,13.00,83.67B,1.58,1.15,125.06B,4.19B,88.49%,207.19%,3.01%,-5.06%,92.82%,4.77%,-0.71%,4.86%,33.51%,3.18%,rs_new_high,1,183.0,76.0,95.0,12.0,0.3337311625709951,0.7051282051282052,0.8125,-0.0524475524475525,0.6311188811188811,0.4732914669188658,-0.0885780885780885,0.8333333333333334,0.3333333333333333,0.2777777777777778,,1.0,3.148
2026-06-25,rs_new_high,v1,Oil & Gas Refining & Marketing,MPC,MPC,Marathon Petroleum Corp,Oil & Gas Refining & Marketing,USA,73.29B,16.40,"723,568",251.04,1.84%,May 05/b,S&P 500,10.47,0.42,0.54,12.85,9.83,0.83,27.92%,5.45%,9.55%,1.89,2.05,9.96%,15.30,12.05,183.76%,-21.05%,-22.25%,-,24.69%,-9.26%,13.89%,9.05%,832.74%,114.86%,-1.29%,8.55%,6.01%,3.42%,-1.65%,-0.67%,2.63%,1.21%,4.06%,52.36%,54.36%,51.51%,124.87%,8.48,3.12%,0.53,-1.79%,1.59%,20.31%,49.31,2.33M,0.49,246.51,245.06,253.73,244.60,2.33,276.94,Jun-22,"BP, Marathon, 7-Eleven, Walmart sued for allegedly using AI to boost California gas prices",https://finance.yahoo.com/energy/articles/bp-marathon-7-eleven-walmart-211335584.html,Marathon Petroleum faces California federal proposed class action over alleged AI-based gasoline price fixing,Energy,34.07,112.14B,1.18,0.73,135.39B,4.63B,78.44%,301.34%,2.73%,-7.86%,58.89%,2.44%,-0.59%,14.42%,123.34%,3.44%,rs_new_high,1,183.0,76.0,95.0,12.0,0.3337311625709951,0.7051282051282052,0.8125,-0.0524475524475525,0.6311188811188811,0.4732914669188658,-0.0885780885780885,0.8333333333333334,0.3333333333333333,0.2777777777777778,,1.0,3.148
2026-06-25,rs_new_high,v1,Oil & Gas Refining & Marketing,PSX,PSX,Phillips 66,Oil & Gas Refining & Marketing,USA,68.58B,16.83,"784,882",171.06,1.44%,Apr 29/b,S&P 500,9.93,0.29,0.51,576.34,9.75,0.68,14.75%,5.28%,8.72%,0.65,0.95,5.70%,10.16,6.64,175.49%,-2.92%,-22.61%,-,33.87%,-8.06%,15.72%,11.74%,-56.98%,130.72%,-1.33%,7.04%,4.67%,3.03%,-16.85%,-4.95%,2.33%,-1.62%,-5.64%,32.61%,32.56%,42.99%,88.27%,5.42,2.81%,0.68,-2.97%,-1.07%,12.30%,45.51,2.74M,0.45,168.64,166.92,173.03,166.87,2.05,196.12,Jun-24,Phillips 66 to announce second-quarter financial results,https://www.businesswire.com/news/home/20260624240592/en/,Phillips 66 to proceed with Zeus Gas Plant and third Coastal Bend Fractionator to expand Permian and Gulf Coast NGL capacity,Energy,13.32,91.71B,1.13,0.85,135.77B,4.11B,80.98%,89.98%,2.64%,-10.26%,44.97%,2.48%,-1.02%,7.44%,190.32%,-8.24%,rs_new_high,1,183.0,76.0,95.0,12.0,0.3337311625709951,0.7051282051282052,0.8125,-0.0524475524475525,0.6311188811188811,0.4732914669188658,-0.0885780885780885,0.8333333333333334,0.3333333333333333,0.2777777777777778,,1.0,3.148
2026-06-25,rs_new_high,v1,Oil & Gas Refining & Marketing,SUN,SUN,Sunoco LP,Oil & Gas Refining & Marketing,USA,13.11B,16.21,"104,932",64.00,3.03%,May 05/b,-,8.74,0.16,0.43,15.00,12.30,0.95,11.89%,3.33%,3.15%,1.82,1.85,1.81%,3.95,1.96,256.65%,-16.87%,-21.31%,7.19%,55.37%,-0.69%,18.67%,106.41%,135.09%,-29.09%,37.27%,10.02%,5.09%,1.77%,0.00%,0.56%,1.89%,-5.78%,-2.28%,21.54%,22.12%,24.40%,48.09%,2.17,3.21%,0.44,-1.38%,-3.93%,8.50%,46.08,477.52K,0.35,62.12,62.00,64.37,62.00,1.50,75.86,Jun-18,Energy Transfer Announces Fully Subscribed Export Expansion Project at Nederland Facility,https://www.businesswire.com/news/home/20260617097793/en/,Plunging oil prices on eased US-Iran tensions drive SUN's 4.8% drop,Energy,18.26,29.28B,1.40,0.92,30.71B,543.00M,48.72%,70.73%,4.17%,-12.18%,33.40%,3.23%,-0.19%,3.04%,65.62%,4.90%,rs_new_high,1,183.0,76.0,95.0,12.0,0.3337311625709951,0.7051282051282052,0.8125,-0.0524475524475525,0.6311188811188811,0.4732914669188658,-0.0885780885780885,0.8333333333333334,0.3333333333333333,0.2777777777777778,,1.0,3.148
2026-06-25,rs_new_high,v1,Oil & Gas Refining & Marketing,DINO,DINO,HF Sinclair Corp,Oil & Gas Refining & Marketing,USA,12.09B,10.10,"964,406",67.08,2.01%,May 01/b,-,8.55,-,0.44,8.67,5.37,0.52,12.94%,7.03%,9.52%,0.33,0.34,7.39%,6.64,3.56,80.12%,-13.89%,-40.04%,-,-0.59%,-11.07%,19.15%,11.82%,13510.57%,955.51%,-1.08%,8.00%,6.31%,4.42%,0.02%,-7.11%,1.78%,-2.12%,10.15%,43.92%,45.57%,63.81%,57.84%,2.40,3.20%,0.72,-2.94%,-0.83%,18.13%,46.90,2.28M,0.67,65.76,65.38,67.60,65.30,2.44,76.85,Jun-22,Nevada's Only Refinery Is Switching On -- Just as the West Loses the Capacity It Can't Replace,https://finviz.com/news/363100/nevadas-only-refinery-is-switching-on-just-as-the-west-loses-the-capacity-it-cant-replace,Oil plunge on US-Iran deal drives HF Sinclair 5.6% drop,Energy,10.53,14.26B,1.79,0.88,27.62B,1.22B,82.65%,93.37%,3.05%,-10.23%,66.25%,2.60%,-0.58%,18.56%,1166.46%,4.36%,rs_new_high,1,183.0,76.0,95.0,12.0,0.3337311625709951,0.7051282051282052,0.8125,-0.0524475524475525,0.6311188811188811,0.4732914669188658,-0.0885780885780885,0.8333333333333334,0.3333333333333333,0.2777777777777778,,1.0,3.148
2026-06-25,rs_new_high,v1,Oil & Gas Refining & Marketing,UGP,UGP,Ultrapar Participacoes SA ADR,Oil & Gas Refining & Marketing,Brazil,5.20B,9.72,"994,827",4.87,-0.20%,May 06/a,-,8.65,0.62,0.19,11.98,6.34,0.31,19.80%,6.95%,8.35%,1.00,1.28,24.57%,0.50,0.18,22.01%,3.18%,8.67%,20.85%,13.93%,-2.87%,12.16%,18.62%,-10.23%,38.71%,10.76%,7.16%,3.75%,2.05%,-,-2.56%,3.62%,-12.09%,-9.98%,34.16%,29.18%,57.61%,29.87%,0.15,2.85%,0.73,-0.74%,-11.12%,3.94%,39.35,3.20M,0.49,4.88,4.92,4.93,4.86,2.00,6.49,May-30,Brazil extends fuel price relief measures through July,https://finance.yahoo.com/economy/policy/articles/brazil-extends-fuel-price-relief-003223288.html,"No clear catalyst identified for UGP's 4.82% premarket gain on June 16, 2026",Energy,3.62,8.42B,1.67,1.30,26.97B,551.94M,5.98%,29.52%,2.79%,-21.39%,73.93%,-1.02%,0.82%,37.95%,26.44%,0.56%,rs_new_high,1,183.0,76.0,95.0,12.0,0.3337311625709951,0.7051282051282052,0.8125,-0.0524475524475525,0.6311188811188811,0.4732914669188658,-0.0885780885780885,0.8333333333333334,0.3333333333333333,0.2777777777777778,,1.0,3.148
2026-06-25,rs_new_high,v1,Oil & Gas Refining & Marketing,PBF,PBF,PBF Energy Inc,Oil & Gas Refining & Marketing,USA,4.94B,11.22,"691,664",41.78,3.57%,Apr 30/b,RUT,6.83,-,0.16,-,13.88,0.27,8.30%,3.18%,4.95%,0.61,0.65,29.67%,3.72,3.75,274.29%,-15.06%,-,34.60%,-,-14.44%,14.18%,11.86%,146.86%,141.58%,-4.33%,1.01%,-0.15%,1.46%,-38.86%,2.05%,10.61%,9.20%,-15.34%,59.95%,54.05%,96.61%,5.32%,2.33,5.36%,0.13,2.20%,1.57%,15.00%,53.42,2.98M,0.37,40.34,39.89,42.13,39.64,3.46,44.82,Jun-23,PBF Energy to Release Second Quarter 2026 Earnings Results,https://finviz.com/news/363508/pbf-energy-to-release-second-quarter-2026-earnings-results,PBF Energy prices $500 million of 7.25% senior notes due 2034 in private offering to redeem 6.00% notes due 2028,Energy,9.12,8.13B,1.31,0.62,30.17B,441.50M,84.65%,152.44%,5.77%,-19.93%,99.14%,4.74%,-1.12%,76.52%,-9.86%,7.92%,rs_new_high,1,183.0,76.0,95.0,12.0,0.3337311625709951,0.7051282051282052,0.8125,-0.0524475524475525,0.6311188811188811,0.4732914669188658,-0.0885780885780885,0.8333333333333334,0.3333333333333333,0.2777777777777778,,1.0,3.148
2026-06-25,rs_new_high,v1,Oil & Gas Refining & Marketing,DK,DK,Delek US Holdings Inc,Oil & Gas Refining & Marketing,USA,2.85B,-,"357,814",46.55,4.81%,Apr 29/b,RUT,21.54,-,0.27,5.75,7.03,0.53,-47.23%,-0.68%,-1.57%,61.27,61.95,1.86%,-0.91,2.72,-22.54%,-57.72%,-,46.11%,-,-19.09%,7.99%,0.42%,-20.16%,93.38%,-6.49%,5.55%,3.87%,-0.48%,-15.30%,-0.68%,9.94%,8.88%,4.86%,54.80%,56.94%,123.89%,101.07%,2.39,5.01%,0.59,2.13%,5.08%,23.03%,55.70,1.23M,0.46,44.41,44.17,47.19,43.88,2.38,52.58,May-29,"180 Million Barrels Of Oil Sands, A 5,000 BPD Permitted Nevada Refinery, And A New Multi-Party SAF Collaboration Just Stacked Onto The U.S. Domestic Refining Capacity Conversation",https://finviz.com/news/358143/180-million-barrels-of-oil-sands-a-5000-bpd-permitted-nevada-refinery-and-a-new-multi-party-saf-collaboration-just-stacked-onto-the-us-domestic-refining-capacity-conversation,"Delek US posts modest Q1 adjusted profit, lifts enterprise optimization run-rate target to ≥$220M, guides Q2 throughput 293,000–313,000 bpd",Energy,4.57,5.73B,0.76,0.49,10.73B,-51.40M,103.66%,104.45%,4.87%,-7.51%,134.97%,5.38%,-0.54%,35.50%,105.65%,13.91%,rs_new_high,1,183.0,76.0,95.0,12.0,0.3337311625709951,0.7051282051282052,0.8125,-0.0524475524475525,0.6311188811188811,0.4732914669188658,-0.0885780885780885,0.8333333333333334,0.3333333333333333,0.2777777777777778,,1.0,3.148
2026-06-25,rs_new_high,v1,Oil & Gas Refining & Marketing,CVI,CVI,CVR Energy Inc,Oil & Gas Refining & Marketing,USA,2.74B,-,"554,380",27.24,1.62%,Apr 29/a,RUT,17.04,-,0.37,12.33,5.75,0.56,-7.51%,-1.04%,-1.82%,3.30,3.35,-,-0.42,0.66,167.57%,93.92%,-61.22%,-,-,-13.05%,12.75%,20.29%,-56.09%,78.79%,1.38%,6.28%,4.28%,-0.56%,1.11%,-1.80%,-1.61%,-14.00%,-16.69%,2.35%,7.06%,1.40%,7.79%,1.50,4.31%,0.85,-11.91%,-15.00%,-11.82%,33.09,1.01M,0.87,26.80,26.68,27.93,26.61,4.14,31.20,Jun-22,CVR Energy and CVR Partners Announce Leadership Changes,https://www.businesswire.com/news/home/20260622736918/en/,CVR Energy promotes CFO Dane Neumann to president and CEO after Mark Pytosh resigns,Energy,5.35,4.22B,1.44,0.89,7.50B,-42.00M,30.43%,63.47%,4.53%,-34.63%,38.81%,2.08%,-0.45%,-,-117.47%,14.29%,rs_new_high,1,183.0,76.0,95.0,12.0,0.3337311625709951,0.7051282051282052,0.8125,-0.0524475524475525,0.6311188811188811,0.4732914669188658,-0.0885780885780885,0.8333333333333334,0.3333333333333333,0.2777777777777778,,1.0,3.148
2026-06-25,rs_new_high,v1,Oil & Gas Refining & Marketing,PARR,PARR,Par Pacific Holdings Inc,Oil & Gas Refining & Marketing,USA,2.64B,5.88,"222,888",52.70,2.81%,May 05/a,RUT,5.58,-,0.35,12.80,5.68,0.55,34.57%,11.41%,16.43%,0.82,1.08,-,8.96,6.28,68.04%,-25.70%,5.59%,-,-1.02%,0.65%,19.02%,4.51%,294.01%,923.81%,-2.52%,9.11%,7.79%,6.02%,-10.27%,-2.50%,3.64%,-6.56%,-14.25%,45.38%,49.97%,95.62%,115.54%,2.70,4.29%,0.85,-3.25%,-10.79%,12.58%,41.87,1.22M,0.29,51.26,50.97,53.14,50.97,1.43,75.00,Jun-22,Nevada's Only Refinery Is Switching On -- Just as the West Loses the Capacity It Can't Replace,https://finviz.com/news/363100/nevadas-only-refinery-is-switching-on-just-as-the-west-loses-the-capacity-it-cant-replace,Par Pacific closes $500 million 7.375% senior notes due 2034 and refinances debt facilities,Energy,15.32,4.15B,1.62,0.59,7.54B,454.24M,103.68%,214.63%,4.16%,-25.13%,104.18%,3.39%,-0.57%,-,-21.61%,2.22%,rs_new_high,1,183.0,76.0,95.0,12.0,0.3337311625709951,0.7051282051282052,0.8125,-0.0524475524475525,0.6311188811188811,0.4732914669188658,-0.0885780885780885,0.8333333333333334,0.3333333333333333,0.2777777777777778,,1.0,3.148
2026-06-25,rs_new_high,v1,Healthcare Plans,UNH,UNH,Unitedhealth Group Inc,Healthcare Plans,USA,376.37B,31.30,"2,821,181",414.44,2.13%,Jul 16/b,"DJIA, S&P 500",19.80,1.31,0.84,19.14,-,-,12.49%,3.87%,7.11%,0.73,0.80,12.57%,13.24,4.85,12.48%,13.84%,-14.51%,-3.76%,15.15%,11.35%,11.72%,1.96%,0.69%,-44.84%,9.67%,-,4.19%,2.68%,-0.03%,0.55%,3.73%,9.97%,53.18%,27.46%,25.55%,37.22%,-13.12%,9.73,2.27%,0.62,3.74%,8.89%,23.54%,65.40,7.77M,0.57,405.80,407.18,417.58,406.65,1.60,412.96,56 min,"Dow's 211-point rally highlighted by gains for shares of Caterpillar, UnitedHealth",https://www.marketwatch.com/data-news/dow-s-211-point-rally-highlighted-by-gains-for-shares-of-caterpillar-unitedhealth-bd2398e9-4414cb86abd2?mod=mw_FV,"JPMorgan, Mizuho lift UnitedHealth Group price targets to $466 and $460, reiterate bullish ratings on expectations of a more predictable regulatory backdrop",Healthcare,-,-,0.80,-,449.71B,12.04B,86.05%,2.34%,2.37%,-0.37%,76.66%,1.78%,0.34%,10.90%,9.96%,2.09%,rs_new_high,2,44.0,20.0,4.0,20.0,0.7297422856863416,0.8216783216783217,0.9236111111111112,-0.048951048951049,0.8470279720279721,0.888111888111888,-0.0594405594405594,1.0,1.0,1.0,,1.0,2.351
2026-06-25,rs_new_high,v1,Healthcare Plans,CVS,CVS,CVS Health Corp,Healthcare Plans,USA,132.53B,45.61,"3,867,059",103.87,1.96%,May 06/b,S&P 500,12.38,0.98,0.32,17.92,11.15,0.49,3.80%,1.15%,1.94%,0.95,1.01,5.87%,2.28,1.83,9.93%,13.08%,-24.70%,-23.94%,12.65%,7.60%,8.40%,6.17%,63.49%,-45.09%,7.68%,13.88%,3.26%,0.72%,-57.42%,-1.34%,4.75%,14.48%,43.90%,32.55%,30.88%,56.50%,49.24%,2.52,2.44%,0.58,6.63%,14.60%,28.54%,71.43,8.20M,0.75,101.87,102.50,104.94,102.28,1.53,104.25,3 hours,ARS Pharma Collapses After CVS Punts Its Epinephrine Spray Decision To January,https://www.investors.com/news/technology/ars-pharmaceuticals-stock-cvs-caremark-neffy-coverage?mod=IBD_FV,Florida Attorney General issues subpoena to CVS Health as part of a pharmacy services probe.,Healthcare,11.22,199.24B,0.87,0.66,407.94B,2.93B,90.32%,23.54%,2.33%,0.73%,77.56%,1.34%,0.62%,5.74%,17.70%,5.72%,rs_new_high,2,44.0,20.0,4.0,20.0,0.7297422856863416,0.8216783216783217,0.9236111111111112,-0.048951048951049,0.8470279720279721,0.888111888111888,-0.0594405594405594,1.0,1.0,1.0,,1.0,2.351
2026-06-25,rs_new_high,v1,Healthcare Plans,ELV,ELV,Elevance Health Inc,Healthcare Plans,USA,83.53B,16.36,"735,076",384.62,0.16%,Apr 22/b,S&P 500,13.16,3.28,0.42,12.95,-,-,12.14%,4.27%,7.02%,0.70,0.73,12.47%,23.50,6.20,-11.17%,8.66%,1.27%,6.99%,4.01%,8.34%,10.32%,2.64%,-16.70%,-8.53%,9.44%,-,3.81%,2.62%,-0.26%,-2.20%,-1.70%,-0.83%,29.90%,11.72%,9.72%,2.88%,-14.60%,10.43,2.60%,0.68,-3.63%,1.05%,12.22%,45.12,1.71M,0.68,384.00,387.00,389.89,383.42,1.84,413.76,Jun-17,"Elevance Health Announces $640 Million Investment in Affordable Housing Over the Past Five Years, Surpassing $1 Billion in Total Commitment Nationwide",https://www.businesswire.com/news/home/20260617980738/en,"Deutsche Bank upgraded Elevance Health to Buy and raised its price target to $498 from $363, reflecting increased confidence in margin recovery for managed care insurers.",Healthcare,-,-,1.48,-,200.41B,5.24B,93.75%,1.00%,2.38%,-9.92%,40.52%,-0.61%,0.78%,10.14%,16.28%,2.68%,rs_new_high,2,44.0,20.0,4.0,20.0,0.7297422856863416,0.8216783216783217,0.9236111111111112,-0.048951048951049,0.8470279720279721,0.888111888111888,-0.0594405594405594,1.0,1.0,1.0,,1.0,2.351
2026-06-25,rs_new_high,v1,Healthcare Plans,HUM,HUM,Humana Inc,Healthcare Plans,USA,45.03B,40.14,"448,452",375.07,3.71%,Apr 29/b,S&P 500,23.68,1.54,0.33,35.40,-,-,6.22%,2.13%,3.66%,0.66,0.75,7.20%,9.34,7.23,-48.49%,79.42%,-23.63%,-17.23%,15.39%,11.76%,10.94%,23.47%,-4.51%,-33.82%,14.08%,-,1.78%,0.82%,0.14%,-2.92%,3.61%,24.32%,115.26%,45.55%,46.44%,57.25%,-15.90%,12.41,3.17%,0.70,6.38%,27.02%,50.02%,73.73,1.71M,0.42,361.64,364.00,379.65,358.55,2.66,301.12,Jun-22,"Humana Inc. to Release Second Quarter 2026 Results on July 29, 2026",https://www.businesswire.com/news/home/20260622223022/en,"Humana announces it has been awarded a statewide HealthChoice Illinois Medicaid managed care contract, with its HealthChoice plan slated to go live in January 2027.",Healthcare,-,-,1.77,-,137.20B,1.13B,99.61%,-15.09%,3.07%,-1.52%,129.95%,3.04%,0.65%,3.97%,0.64%,0.70%,rs_new_high,2,44.0,20.0,4.0,20.0,0.7297422856863416,0.8216783216783217,0.9236111111111112,-0.048951048951049,0.8470279720279721,0.888111888111888,-0.0594405594405594,1.0,1.0,1.0,,1.0,2.351
2026-06-25,rs_new_high,v1,Healthcare Plans,CNC,CNC,Centene Corp,Healthcare Plans,USA,31.87B,-,"1,803,225",64.54,2.50%,Apr 28/b,S&P 500,14.29,0.33,0.16,4.48,-,-,-26.12%,-7.66%,-17.08%,0.76,0.76,-,-13.14,1.06,68.25%,29.07%,-,-,42.91%,10.45%,11.88%,7.13%,18.16%,-294.76%,17.02%,-,0.02%,-3.25%,-0.73%,1.11%,6.44%,12.82%,97.20%,61.56%,56.85%,20.62%,-2.69%,2.34,3.65%,1.06,3.18%,15.58%,51.03%,61.74,6.02M,0.47,62.97,63.10,65.64,62.76,2.46,61.56,Jun-24,Centene adds JPMorgan veteran to board,https://finance.yahoo.com/m/736fde81-f155-3da4-a90b-d6c7ccbc2560/centene-adds-jpmorgan-veteran.html,"Deutsche Bank upgrades Centene to Buy, raises price target to $80 from $53 on earnings recovery, margin outlook",Healthcare,-,-,1.12,-,198.10B,-6.44B,98.41%,-12.66%,3.13%,-3.01%,157.41%,2.29%,0.21%,-,51.26%,5.08%,rs_new_high,2,44.0,20.0,4.0,20.0,0.7297422856863416,0.8216783216783217,0.9236111111111112,-0.048951048951049,0.8470279720279721,0.888111888111888,-0.0594405594405594,1.0,1.0,1.0,,1.0,2.351
2026-06-25,rs_new_high,v1,Healthcare Plans,MOH,MOH,Molina Healthcare Inc,Healthcare Plans,USA,11.00B,62.25,"704,025",211.07,4.79%,Apr 22/a,-,22.33,3.67,0.24,43.81,-,-,4.48%,1.15%,2.34%,0.97,0.97,-,3.39,1.42,-53.47%,84.13%,-12.98%,-4.51%,6.08%,12.42%,18.68%,-3.15%,-94.95%,-83.64%,7.72%,-,1.16%,0.42%,-2.31%,2.72%,7.95%,19.79%,50.94%,28.95%,21.63%,-28.24%,-26.70%,8.01,3.69%,0.74,8.92%,14.12%,25.24%,67.60,1.11M,1.00,201.42,203.69,216.86,203.69,2.73,187.41,Jun-17,The Medicare Crisis for Insurers Is Over. The Easy Gains Are Too.,https://www.wsj.com/finance/stocks/the-medicare-crisis-for-insurers-is-over-the-easy-gains-are-too-04ae6b36?mod=wsj_FV,Illinois Medicaid contract win and analyst upgrades propel MOH 6.8% surge,Healthcare,-,-,1.63,-,45.08B,188.00M,108.19%,-17.11%,3.54%,-32.25%,74.35%,3.62%,1.13%,-,23.65%,-0.72%,rs_new_high,2,44.0,20.0,4.0,20.0,0.7297422856863416,0.8216783216783217,0.9236111111111112,-0.048951048951049,0.8470279720279721,0.888111888111888,-0.0594405594405594,1.0,1.0,1.0,,1.0,2.351
2026-06-25,rs_new_high,v1,Healthcare Plans,OSCR,OSCR,Oscar Health Inc,Healthcare Plans,USA,8.54B,-,"2,901,506",28.34,-2.81%,May 06/b,RUT,19.60,-,0.64,3.05,-,-,-2.63%,-0.53%,-1.88%,0.26,0.26,-,-0.61,0.36,161.70%,38.70%,16.04%,0.13%,-,43.45%,90.80%,52.55%,124.38%,-180.28%,31.95%,-,0.08%,-0.30%,0.41%,1.30%,0.25%,29.47%,132.10%,88.56%,97.22%,47.68%,232.63%,1.61,6.65%,2.27,7.50%,26.19%,61.33%,62.15,7.41M,0.62,29.16,29.06,29.20,28.06,2.58,22.64,Jun-10,"Why Did AMAT, AMPG, OSCR Stocks Surge To 52-Week Highs Today?",https://finance.yahoo.com/m/35541ef4-302c-3c88-92b7-aff9adad8b8a/why-did-amat%2C-ampg%2C-oscr.html,"Barclays upgrades Oscar Health to Overweight from Equal Weight, raises price target to $35 from $30",Healthcare,-,-,1.09,-,13.30B,-39.43M,55.00%,27.43%,5.45%,-6.71%,165.11%,-2.48%,-0.34%,-,86.81%,-6.36%,rs_new_high,2,44.0,20.0,4.0,20.0,0.7297422856863416,0.8216783216783217,0.9236111111111112,-0.048951048951049,0.8470279720279721,0.888111888111888,-0.0594405594405594,1.0,1.0,1.0,,1.0,2.351
2026-06-25,rs_new_high,v1,Healthcare Plans,ALHC,ALHC,Alignment Healthcare Inc,Healthcare Plans,USA,4.67B,246.93,"1,268,607",22.57,4.05%,Apr 30/a,RUT,52.64,-,1.10,20.64,-,-,12.57%,1.84%,3.69%,1.59,1.59,-,0.09,0.13,-,124.95%,83.51%,50.33%,-,40.16%,32.71%,33.26%,213.80%,120.85%,41.81%,-,0.84%,0.47%,-24.88%,5.95%,5.37%,40.80%,28.38%,11.79%,14.28%,64.74%,269.99%,1.10,6.42%,1.01,22.40%,20.41%,19.94%,70.25,5.45M,0.37,21.69,21.72,22.99,21.67,1.36,24.92,Jun-03,Alignment Healthcare Named to the Fortune 1000 2026 List for Second Consecutive Year,https://finviz.com/news/359409/alignment-healthcare-named-to-the-fortune-1000-2026-list-for-second-consecutive-year,Goldman Sachs Healthcare Conference presentation drives ALHC's 16% intraday surge,Healthcare,-,-,1.58,-,4.26B,19.81M,104.05%,-9.07%,4.81%,-5.45%,94.15%,3.91%,0.14%,-,604.23%,1.42%,rs_new_high,2,44.0,20.0,4.0,20.0,0.7297422856863416,0.8216783216783217,0.9236111111111112,-0.048951048951049,0.8470279720279721,0.888111888111888,-0.0594405594405594,1.0,1.0,1.0,,1.0,2.351
2026-06-25,rs_new_high,v1,Healthcare Plans,CLOV,CLOV,Clover Health Investments Corp,Healthcare Plans,USA,2.72B,-,"2,941,871",5.16,-0.96%,May 06/a,RUT,101.92,1.99,1.23,49.83,-,-,-16.86%,-8.89%,-16.78%,0.00,0.00,-,-0.11,0.04,7.17%,30.72%,38.35%,35.85%,51.31%,-17.97%,22.90%,62.05%,2073.08%,-118.24%,48.75%,-,-2.58%,-2.58%,-0.50%,-0.50%,7.50%,42.94%,183.52%,98.46%,119.57%,88.32%,482.06%,0.28,7.13%,2.36,14.50%,45.37%,87.20%,71.64,7.38M,0.63,5.21,5.21,5.28,5.12,2.33,4.15,Jun-10,A Court Order Sent CLOV Stock To Over 4.5-Year Highs  Retail Says The Implications Could Be Industry-Wide,https://finance.yahoo.com/m/b04ae7fa-621a-3a42-84fe-1a6b0129f952/a-court-order-sent-clov-stock.html,"CMS upgrades Clover Health's Medicare star rating to 4.5 stars, driving 13% gain",Healthcare,-,-,1.33,-,2.21B,-56.94M,24.35%,-60.22%,5.34%,-3.55%,226.58%,-0.96%,0.00%,-,5.62%,4.80%,rs_new_high,2,44.0,20.0,4.0,20.0,0.7297422856863416,0.8216783216783217,0.9236111111111112,-0.048951048951049,0.8470279720279721,0.888111888111888,-0.0594405594405594,1.0,1.0,1.0,,1.0,2.351
2026-06-25,rs_new_high,v1,Healthcare Plans,PGNY,PGNY,Progyny Inc,Healthcare Plans,USA,2.12B,35.09,"303,783",27.02,0.48%,May 07/a,RUT,18.13,0.50,1.64,11.48,18.84,1.48,14.93%,9.48%,14.63%,0.05,0.06,-,0.77,0.34,99.49%,14.91%,28.95%,6.78%,36.07%,17.87%,30.17%,1.38%,69.57%,36.67%,6.59%,24.11%,7.46%,5.23%,-0.51%,-0.79%,2.70%,7.86%,52.22%,0.22%,5.22%,29.22%,-26.16%,0.81,3.12%,1.01,3.61%,17.75%,21.97%,68.08,1.50M,0.32,26.89,26.89,27.30,26.85,1.10,30.40,May-28,New Progyny Study Shows Growing Demand for Human Guidance in an Increasingly Digital Healthcare System,https://finviz.com/news/357851/new-progyny-study-shows-growing-demand-for-human-guidance-in-an-increasingly-digital-healthcare-system,Progyny announces Board-approved share repurchase program authorizing up to $200 million of its common stock funded from available cash balances.,Healthcare,9.36,1.92B,2.13,2.13,1.29B,67.69M,103.37%,-54.63%,2.23%,-6.02%,67.82%,0.48%,0.00%,-,13.28%,0.62%,rs_new_high,2,44.0,20.0,4.0,20.0,0.7297422856863416,0.8216783216783217,0.9236111111111112,-0.048951048951049,0.8470279720279721,0.888111888111888,-0.0594405594405594,1.0,1.0,1.0,,1.0,2.351
2026-06-25,rs_new_high,v1,Food Distribution,USFD,USFD,US Foods Holding Corp,Food Distribution,USA,21.48B,32.85,"2,612,114",97.53,2.29%,May 07/b,-,17.66,1.03,0.54,25.33,15.01,0.67,15.13%,4.87%,7.23%,1.16,1.23,-,2.97,1.37,18.51%,17.11%,42.82%,-,17.22%,5.00%,11.49%,2.77%,5.86%,36.66%,3.67%,17.40%,3.31%,1.71%,-5.85%,0.16%,4.03%,19.96%,5.46%,26.11%,29.49%,28.01%,132.55%,2.60,2.83%,0.78,9.73%,10.60%,16.92%,73.88,2.49M,1.66,95.35,95.83,98.89,95.83,1.68,105.73,Jun-01,"US Foods 2025 Sustainability Report Highlights Progress Across Products, People and Planet",https://www.businesswire.com/news/home/20260601078126/en,US Foods announces board leadership change as CEO Dave Flitman is appointed chair and current chair David Tehle becomes lead independent director effective today,Consumer Defensive,438.33,26.75B,1.14,0.70,39.68B,677.00M,106.84%,152.80%,3.19%,-4.50%,39.58%,1.77%,0.50%,-,-3.69%,-0.50%,rs_new_high,3,115.0,13.0,66.0,36.0,0.4947397116944945,0.7296037296037295,0.8611111111111112,0.036130536130536,0.729895104895105,0.6780937262521985,0.203962703962704,0.6666666666666666,0.3333333333333333,0.2222222222222222,,1.0,2.234
2026-06-25,rs_new_high,v1,Food Distribution,PFGC,PFGC,Performance Food Group Company,Food Distribution,USA,16.81B,51.08,"422,340",107.04,0.57%,May 06/b,-,18.52,1.17,0.25,16.55,14.73,0.37,7.25%,1.83%,2.68%,1.59,1.67,-,2.10,1.61,3.09%,25.14%,43.02%,-,15.79%,7.54%,20.33%,6.43%,-28.70%,-12.95%,8.45%,10.68%,1.31%,0.49%,-4.17%,1.38%,3.51%,13.98%,24.95%,16.15%,19.03%,25.14%,85.28%,2.75,2.74%,0.90,6.03%,11.88%,12.65%,72.22,1.68M,0.40,106.43,106.17,108.60,105.11,1.59,119.42,May-06,Performance Food Group Company Q3 2026 Earnings Call Summary,https://finance.yahoo.com/m/803c0f3d-a260-38e1-b0ad-0b8cf08a4d26/performance-food-group.html,"Performance Food Group tops fiscal Q3 guidance with EPS $0.80, $16.3B sales and tightens FY26 outlook",Consumer Defensive,366.32,24.65B,1.52,0.68,66.75B,328.50M,103.55%,118.89%,2.38%,-1.85%,32.44%,0.82%,-0.24%,-,3.28%,0.76%,rs_new_high,3,115.0,13.0,66.0,36.0,0.4947397116944945,0.7296037296037295,0.8611111111111112,0.036130536130536,0.729895104895105,0.6780937262521985,0.203962703962704,0.6666666666666666,0.3333333333333333,0.2222222222222222,,1.0,2.234
2026-06-25,rs_new_high,v1,Food Distribution,CHEF,CHEF,Chefs' Warehouse Inc,Food Distribution,USA,3.85B,51.56,"93,576",94.49,-1.20%,Apr 29/b,RUT,36.16,2.18,0.90,47.49,11.24,1.11,13.81%,4.15%,5.18%,1.52,1.61,-,1.83,0.58,17.61%,16.95%,31.87%,-,16.56%,16.66%,30.14%,11.39%,61.44%,22.30%,10.01%,24.32%,3.84%,1.87%,-6.23%,1.67%,2.29%,22.90%,55.30%,45.70%,51.59%,48.10%,184.68%,3.05,3.48%,1.35,9.39%,19.45%,42.37%,72.53,492.43K,0.30,95.63,95.77,96.72,93.82,1.25,88.25,Apr-30,"The Chefs' Warehouse, Inc. Q1 2026 Earnings Call Summary",https://finance.yahoo.com/m/16169da0-5a1b-3b60-b06e-a3f39cc6c6e5/the-chefs%27-warehouse%2C-inc.-q1.html,"Chefs' Warehouse beats Q1 2026 estimates with non-GAAP EPS $0.40 (+60% YoY), revenue $1.1B (+11% YoY), delivers record margins, maintains 2026 guidance",Consumer Defensive,31.40,4.71B,2.18,1.33,4.26B,79.44M,98.94%,192.35%,4.03%,-3.22%,77.61%,-1.34%,0.15%,-,58.60%,5.02%,rs_new_high,3,115.0,13.0,66.0,36.0,0.4947397116944945,0.7296037296037295,0.8611111111111112,0.036130536130536,0.729895104895105,0.6780937262521985,0.203962703962704,0.6666666666666666,0.3333333333333333,0.2222222222222222,,1.0,2.234
2026-06-25,rs_new_high,v1,Food Distribution,UNFI,UNFI,United Natural Foods Inc,Food Distribution,USA,3.07B,-,"208,736",50.77,-0.80%,Jun 09/b,RUT,15.45,0.21,0.10,9.34,10.37,0.20,-2.36%,-0.51%,-0.83%,1.87,1.97,-,-0.66,0.61,258.34%,29.17%,-,17.38%,74.81%,3.19%,3.66%,-4.17%,554.88%,44.69%,-3.22%,12.54%,0.94%,-0.12%,0.15%,1.54%,2.25%,1.84%,16.55%,46.39%,50.78%,134.28%,150.83%,2.31,4.94%,0.81,-0.77%,0.84%,24.91%,50.38,680.59K,0.49,51.18,50.70,51.97,50.10,2.20,51.88,5 hours,United Natural Foods Spotlights Top Industry Trends and Innovations to Help Grocery Retailers Differentiate this Holiday and Winter Selling Season,https://www.businesswire.com/news/home/20260625263324/en,UNFI rebounds 10% on GEN distribution deal and analyst upgrades,Consumer Defensive,71.45,6.18B,1.33,0.51,31.21B,-38.00M,98.18%,30.18%,3.58%,-10.96%,138.57%,0.14%,-0.94%,-,-1.67%,-0.88%,rs_new_high,3,115.0,13.0,66.0,36.0,0.4947397116944945,0.7296037296037295,0.8611111111111112,0.036130536130536,0.729895104895105,0.6780937262521985,0.203962703962704,0.6666666666666666,0.3333333333333333,0.2222222222222222,,1.0,2.234
2026-06-25,rs_new_high,v1,Food Distribution,ANDE,ANDE,Andersons Inc,Food Distribution,USA,2.41B,18.84,"71,685",70.83,0.24%,May 05/a,RUT,11.88,-,0.22,-,10.25,0.34,9.80%,3.33%,7.00%,0.45,1.03,2.45%,3.76,1.45,90.92%,11.95%,-2.65%,64.37%,-,-14.03%,6.42%,-1.20%,11606.02%,18.34%,-1.98%,7.55%,2.07%,1.17%,-7.27%,1.67%,2.99%,-0.73%,-3.23%,29.48%,33.21%,94.80%,56.56%,2.20,2.94%,0.65,-0.99%,-2.50%,18.25%,47.43,321.04K,0.35,70.65,70.70,71.32,69.83,1.00,87.50,Jun-22,"The Andersons to Ring the Nasdaq Opening Bell on June 24, 2026",https://finviz.com/news/363138/the-andersons-to-ring-the-nasdaq-opening-bell-on-june-24-2026,"The Andersons, Inc. declared a third-quarter 2026 cash dividend of $0.20 per share, payable on July 22, 2026 to shareholders of record as of July 1, 2026.",Consumer Defensive,33.31,3.69B,1.37,0.62,10.98B,128.62M,90.01%,130.04%,2.63%,-13.74%,122.45%,0.18%,0.06%,3.14%,38.57%,-2.95%,rs_new_high,3,115.0,13.0,66.0,36.0,0.4947397116944945,0.7296037296037295,0.8611111111111112,0.036130536130536,0.729895104895105,0.6780937262521985,0.203962703962704,0.6666666666666666,0.3333333333333333,0.2222222222222222,,1.0,2.234
