date,collected_at,list_category,selector_version,group,ticker,Ticker,Company,Industry,Country,Market Cap,P/E,Volume,Price,Change,Earnings,Index,Forward P/E,PEG,P/S,P/FCF,EV/EBITDA,EV/Sales,ROE,ROA,ROIC,LTDebt/Eq,Debt/Eq,Dividend Gr. 5Y,EPS,EPS next Q,EPS This Y,EPS Next Y,EPS Past 3Y,EPS Past 5Y,EPS Next 5Y,Sales Past 3Y,Sales Past 5Y,Sales Q/Q,EPS Q/Q,EPS YoY TTM,Sales YoY TTM,Gross M,Oper M,Profit M,Insider Trans,Inst Trans,Perf Week,Perf Month,Perf Quart,Perf Half,Perf YTD,Perf Year,Perf 3Y,ATR,Volatility M,Beta,SMA20,SMA50,SMA200,RSI,Avg Volume,Rel Volume,Prev Close,Open,High,Low,Recom,Target Price,News Time,News Title,News URL,Daily Digest,Sector,P/C,Enterprise Value,Curr R,Quick R,Sales,Income,Inst Own,Perf 5Y,Volatility W,52W High,52W Low,Change from Open,Gap,Dividend Gr. 3Y,EPS Surprise,Revenue Surprise,grp_rank_basis,grp_category_rank,grp_sum_mid_rank,grp_rank_month,grp_rank_quarter,grp_rank_half,grp_momentum_confirmed,grp_momentum_score,grp_momentum_score_pctile,grp_momentum_accel,grp_momentum_weighted_mid,grp_rank_agreement,grp_regime_short_long,grp_rs_score,grp_rs_agreement,grp_rs_confirmed,grp_rs_accel,grp_rs_new_high,grp_rs_slope,atr_ext_50,risk_20ma_pct,risk_50ma_pct,range_atr,stage2,tight_range_7,range_atr_spark,atr_spark,relvol_spark
2026-10-07,2026-10-07T21:09:06Z,leaders,v3,Oil & Gas Refining & Marketing,MPC,MPC,Marathon Petroleum Corp,Oil & Gas Refining & Marketing,USA,124.20B,15.23,"1,923,376",442.26,2.29%,Aug 04/b,S&P 500,8.92,0.25,0.81,9.63,9.69,1.03,47.88%,9.89%,16.84%,1.66,1.80,9.96%,29.05,23.38,449.49%,-15.71%,-22.25%,-,35.37%,-9.26%,13.89%,53.10%,347.24%,331.26%,15.19%,10.70%,8.44%,5.58%,-3.75%,-2.09%,11.85%,11.18%,56.11%,90.65%,171.94%,130.90%,208.88%,14.92,3.95%,0.55,8.55%,18.55%,66.47%,74.63,2.52M,0.76,432.36,435.58,444.99,435.00,2.32,394.35,Oct-06,G7 Releases 100 Million Barrels as Diesel Tops $6 a Gallon,https://finviz.com/news/399099/g7-releases-100-million-barrels-as-diesel-tops-6-a-gallon,China’s fuel-export suspension and TD Cowen target hike lift Marathon Petroleum 5.5%,Energy,15.99,157.36B,1.25,0.89,153.26B,8.55B,80.12%,596.47%,4.07%,1.05%,173.12%,1.53%,0.74%,14.42%,24.26%,28.07%,sustained_strength,1,6.0,3.0,1.0,2.0,0.9798280662685944,0.991841491841492,1.0,0.1655011655011655,0.9921328671328672,0.9878877565904276,-0.0093240093240092,1.0,1.0,1.0,0.1666666666666666,0.0,-0.0987272727272728,4.638218396328289,0.07876554583141407,0.15647406157739355,0.6695710455764081,1,0,0.90|0.96|0.78|0.98|0.73|1.83|1.23|1.06|0.56|0.67,14.76|14.72|14.47|14.45|14.28|15.25|15.53|15.60|15.10|14.92,0.81|0.75|1.03|0.75|0.65|0.84|0.86|0.84|0.62|0.76
2026-10-07,2026-10-07T21:09:06Z,accel,v3,Oil & Gas Refining & Marketing,MPC,MPC,Marathon Petroleum Corp,Oil & Gas Refining & Marketing,USA,124.20B,15.23,"1,923,376",442.26,2.29%,Aug 04/b,S&P 500,8.92,0.25,0.81,9.63,9.69,1.03,47.88%,9.89%,16.84%,1.66,1.80,9.96%,29.05,23.38,449.49%,-15.71%,-22.25%,-,35.37%,-9.26%,13.89%,53.10%,347.24%,331.26%,15.19%,10.70%,8.44%,5.58%,-3.75%,-2.09%,11.85%,11.18%,56.11%,90.65%,171.94%,130.90%,208.88%,14.92,3.95%,0.55,8.55%,18.55%,66.47%,74.63,2.52M,0.76,432.36,435.58,444.99,435.00,2.32,394.35,Oct-06,G7 Releases 100 Million Barrels as Diesel Tops $6 a Gallon,https://finviz.com/news/399099/g7-releases-100-million-barrels-as-diesel-tops-6-a-gallon,China’s fuel-export suspension and TD Cowen target hike lift Marathon Petroleum 5.5%,Energy,15.99,157.36B,1.25,0.89,153.26B,8.55B,80.12%,596.47%,4.07%,1.05%,173.12%,1.53%,0.74%,14.42%,24.26%,28.07%,accel,2,6.0,3.0,1.0,2.0,0.9798280662685944,0.991841491841492,1.0,0.1655011655011655,0.9921328671328672,0.9878877565904276,-0.0093240093240092,1.0,1.0,1.0,0.1666666666666666,0.0,-0.0987272727272728,4.638218396328289,0.07876554583141407,0.15647406157739355,0.6695710455764081,1,0,0.90|0.96|0.78|0.98|0.73|1.83|1.23|1.06|0.56|0.67,14.76|14.72|14.47|14.45|14.28|15.25|15.53|15.60|15.10|14.92,0.81|0.75|1.03|0.75|0.65|0.84|0.86|0.84|0.62|0.76
2026-10-07,2026-10-07T21:09:06Z,all_green,v3,Oil & Gas Refining & Marketing,MPC,MPC,Marathon Petroleum Corp,Oil & Gas Refining & Marketing,USA,124.20B,15.23,"1,923,376",442.26,2.29%,Aug 04/b,S&P 500,8.92,0.25,0.81,9.63,9.69,1.03,47.88%,9.89%,16.84%,1.66,1.80,9.96%,29.05,23.38,449.49%,-15.71%,-22.25%,-,35.37%,-9.26%,13.89%,53.10%,347.24%,331.26%,15.19%,10.70%,8.44%,5.58%,-3.75%,-2.09%,11.85%,11.18%,56.11%,90.65%,171.94%,130.90%,208.88%,14.92,3.95%,0.55,8.55%,18.55%,66.47%,74.63,2.52M,0.76,432.36,435.58,444.99,435.00,2.32,394.35,Oct-06,G7 Releases 100 Million Barrels as Diesel Tops $6 a Gallon,https://finviz.com/news/399099/g7-releases-100-million-barrels-as-diesel-tops-6-a-gallon,China’s fuel-export suspension and TD Cowen target hike lift Marathon Petroleum 5.5%,Energy,15.99,157.36B,1.25,0.89,153.26B,8.55B,80.12%,596.47%,4.07%,1.05%,173.12%,1.53%,0.74%,14.42%,24.26%,28.07%,all_green,1,6.0,3.0,1.0,2.0,0.9798280662685944,0.991841491841492,1.0,0.1655011655011655,0.9921328671328672,0.9878877565904276,-0.0093240093240092,1.0,1.0,1.0,0.1666666666666666,0.0,-0.0987272727272728,4.638218396328289,0.07876554583141407,0.15647406157739355,0.6695710455764081,1,0,0.90|0.96|0.78|0.98|0.73|1.83|1.23|1.06|0.56|0.67,14.76|14.72|14.47|14.45|14.28|15.25|15.53|15.60|15.10|14.92,0.81|0.75|1.03|0.75|0.65|0.84|0.86|0.84|0.62|0.76
2026-10-07,2026-10-07T21:09:06Z,leaders,v3,Oil & Gas Refining & Marketing,VLO,VLO,Valero Energy Corp,Oil & Gas Refining & Marketing,USA,122.11B,17.59,"1,826,764",424.10,1.16%,Oct 22/b,S&P 500,9.21,0.29,0.87,12.07,9.30,0.92,29.30%,11.59%,20.30%,0.42,0.45,2.89%,24.11,20.18,376.95%,-9.05%,-36.08%,-,32.02%,-11.44%,13.60%,49.04%,452.98%,898.48%,12.92%,8.41%,7.60%,5.15%,-1.87%,-3.88%,9.41%,10.77%,50.79%,76.97%,160.52%,159.91%,235.18%,15.11,4.30%,0.58,6.78%,17.09%,60.54%,71.68,3.03M,0.60,419.22,423.24,428.99,421.24,2.39,387.89,Oct-06,G7 Releases 100 Million Barrels as Diesel Tops $6 a Gallon,https://finviz.com/news/399099/g7-releases-100-million-barrels-as-diesel-tops-6-a-gallon,"China’s October fuel-export suspension tightens product markets, lifting Valero 5.4% during regular trading",Energy,15.45,128.82B,1.64,1.23,139.72B,7.19B,87.94%,458.76%,4.33%,0.26%,173.10%,0.20%,0.96%,4.86%,24.06%,12.69%,sustained_strength,1,6.0,3.0,1.0,2.0,0.9798280662685944,0.991841491841492,1.0,0.1655011655011655,0.9921328671328672,0.9878877565904276,-0.0093240093240092,1.0,1.0,1.0,0.1666666666666666,0.0,-0.0987272727272728,4.0966236213846505,0.0634950365236937,0.14595610214365023,0.512905360688286,1,1,1.28|1.17|0.71|0.66|0.89|1.54|1.31|1.11|0.62|0.51,15.47|15.67|15.33|14.95|14.82|15.47|15.85|15.98|15.52|15.11,1.20|1.23|1.14|0.87|0.84|0.88|0.85|0.84|0.63|0.60
2026-10-07,2026-10-07T21:09:06Z,accel,v3,Oil & Gas Refining & Marketing,VLO,VLO,Valero Energy Corp,Oil & Gas Refining & Marketing,USA,122.11B,17.59,"1,826,764",424.10,1.16%,Oct 22/b,S&P 500,9.21,0.29,0.87,12.07,9.30,0.92,29.30%,11.59%,20.30%,0.42,0.45,2.89%,24.11,20.18,376.95%,-9.05%,-36.08%,-,32.02%,-11.44%,13.60%,49.04%,452.98%,898.48%,12.92%,8.41%,7.60%,5.15%,-1.87%,-3.88%,9.41%,10.77%,50.79%,76.97%,160.52%,159.91%,235.18%,15.11,4.30%,0.58,6.78%,17.09%,60.54%,71.68,3.03M,0.60,419.22,423.24,428.99,421.24,2.39,387.89,Oct-06,G7 Releases 100 Million Barrels as Diesel Tops $6 a Gallon,https://finviz.com/news/399099/g7-releases-100-million-barrels-as-diesel-tops-6-a-gallon,"China’s October fuel-export suspension tightens product markets, lifting Valero 5.4% during regular trading",Energy,15.45,128.82B,1.64,1.23,139.72B,7.19B,87.94%,458.76%,4.33%,0.26%,173.10%,0.20%,0.96%,4.86%,24.06%,12.69%,accel,2,6.0,3.0,1.0,2.0,0.9798280662685944,0.991841491841492,1.0,0.1655011655011655,0.9921328671328672,0.9878877565904276,-0.0093240093240092,1.0,1.0,1.0,0.1666666666666666,0.0,-0.0987272727272728,4.0966236213846505,0.0634950365236937,0.14595610214365023,0.512905360688286,1,1,1.28|1.17|0.71|0.66|0.89|1.54|1.31|1.11|0.62|0.51,15.47|15.67|15.33|14.95|14.82|15.47|15.85|15.98|15.52|15.11,1.20|1.23|1.14|0.87|0.84|0.88|0.85|0.84|0.63|0.60
2026-10-07,2026-10-07T21:09:06Z,all_green,v3,Oil & Gas Refining & Marketing,VLO,VLO,Valero Energy Corp,Oil & Gas Refining & Marketing,USA,122.11B,17.59,"1,826,764",424.10,1.16%,Oct 22/b,S&P 500,9.21,0.29,0.87,12.07,9.30,0.92,29.30%,11.59%,20.30%,0.42,0.45,2.89%,24.11,20.18,376.95%,-9.05%,-36.08%,-,32.02%,-11.44%,13.60%,49.04%,452.98%,898.48%,12.92%,8.41%,7.60%,5.15%,-1.87%,-3.88%,9.41%,10.77%,50.79%,76.97%,160.52%,159.91%,235.18%,15.11,4.30%,0.58,6.78%,17.09%,60.54%,71.68,3.03M,0.60,419.22,423.24,428.99,421.24,2.39,387.89,Oct-06,G7 Releases 100 Million Barrels as Diesel Tops $6 a Gallon,https://finviz.com/news/399099/g7-releases-100-million-barrels-as-diesel-tops-6-a-gallon,"China’s October fuel-export suspension tightens product markets, lifting Valero 5.4% during regular trading",Energy,15.45,128.82B,1.64,1.23,139.72B,7.19B,87.94%,458.76%,4.33%,0.26%,173.10%,0.20%,0.96%,4.86%,24.06%,12.69%,all_green,1,6.0,3.0,1.0,2.0,0.9798280662685944,0.991841491841492,1.0,0.1655011655011655,0.9921328671328672,0.9878877565904276,-0.0093240093240092,1.0,1.0,1.0,0.1666666666666666,0.0,-0.0987272727272728,4.0966236213846505,0.0634950365236937,0.14595610214365023,0.512905360688286,1,1,1.28|1.17|0.71|0.66|0.89|1.54|1.31|1.11|0.62|0.51,15.47|15.67|15.33|14.95|14.82|15.47|15.85|15.98|15.52|15.11,1.20|1.23|1.14|0.87|0.84|0.88|0.85|0.84|0.63|0.60
2026-10-07,2026-10-07T21:09:06Z,leaders,v3,Oil & Gas Refining & Marketing,PSX,PSX,Phillips 66,Oil & Gas Refining & Marketing,USA,108.38B,15.46,"1,841,823",271.62,0.68%,Oct 28/b,S&P 500,9.98,0.22,0.71,16.95,10.60,0.82,24.01%,8.98%,14.09%,0.60,0.65,5.70%,17.57,11.09,349.56%,-5.95%,-22.61%,-,44.59%,-8.06%,15.72%,53.04%,344.96%,322.30%,15.60%,7.92%,5.90%,4.62%,-23.92%,-0.30%,6.39%,4.82%,43.09%,61.68%,110.49%,105.20%,148.76%,8.38,3.34%,0.70,3.68%,11.11%,45.95%,68.40,2.87M,0.64,269.79,271.84,275.80,270.48,2.17,261.00,Oct-06,G7 Releases 100 Million Barrels as Diesel Tops $6 a Gallon,https://finviz.com/news/399099/g7-releases-100-million-barrels-as-diesel-tops-6-a-gallon,"Phillips 66 names Chris Chandler executive vice president of Refining effective Jan. 1, 2027, as Rich Harbison retires",Energy,26.44,126.05B,1.32,1.00,153.37B,7.08B,81.28%,242.52%,3.41%,-1.98%,114.31%,-0.08%,0.76%,7.44%,25.45%,18.39%,sustained_strength,1,6.0,3.0,1.0,2.0,0.9798280662685944,0.991841491841492,1.0,0.1655011655011655,0.9921328671328672,0.9878877565904276,-0.0093240093240092,1.0,1.0,1.0,0.1666666666666666,0.0,-0.0987272727272728,3.2409970639085857,0.03549382716049378,0.09999099990999909,0.6348448687350826,1,0,0.90|0.84|0.87|0.54|0.67|1.39|1.31|1.08|0.65|0.63,8.73|8.62|8.54|8.29|8.28|8.54|8.75|8.80|8.57|8.38,0.95|1.15|1.24|0.75|0.87|0.88|0.71|0.69|0.56|0.64
2026-10-07,2026-10-07T21:09:06Z,accel,v3,Oil & Gas Refining & Marketing,PSX,PSX,Phillips 66,Oil & Gas Refining & Marketing,USA,108.38B,15.46,"1,841,823",271.62,0.68%,Oct 28/b,S&P 500,9.98,0.22,0.71,16.95,10.60,0.82,24.01%,8.98%,14.09%,0.60,0.65,5.70%,17.57,11.09,349.56%,-5.95%,-22.61%,-,44.59%,-8.06%,15.72%,53.04%,344.96%,322.30%,15.60%,7.92%,5.90%,4.62%,-23.92%,-0.30%,6.39%,4.82%,43.09%,61.68%,110.49%,105.20%,148.76%,8.38,3.34%,0.70,3.68%,11.11%,45.95%,68.40,2.87M,0.64,269.79,271.84,275.80,270.48,2.17,261.00,Oct-06,G7 Releases 100 Million Barrels as Diesel Tops $6 a Gallon,https://finviz.com/news/399099/g7-releases-100-million-barrels-as-diesel-tops-6-a-gallon,"Phillips 66 names Chris Chandler executive vice president of Refining effective Jan. 1, 2027, as Rich Harbison retires",Energy,26.44,126.05B,1.32,1.00,153.37B,7.08B,81.28%,242.52%,3.41%,-1.98%,114.31%,-0.08%,0.76%,7.44%,25.45%,18.39%,accel,2,6.0,3.0,1.0,2.0,0.9798280662685944,0.991841491841492,1.0,0.1655011655011655,0.9921328671328672,0.9878877565904276,-0.0093240093240092,1.0,1.0,1.0,0.1666666666666666,0.0,-0.0987272727272728,3.2409970639085857,0.03549382716049378,0.09999099990999909,0.6348448687350826,1,0,0.90|0.84|0.87|0.54|0.67|1.39|1.31|1.08|0.65|0.63,8.73|8.62|8.54|8.29|8.28|8.54|8.75|8.80|8.57|8.38,0.95|1.15|1.24|0.75|0.87|0.88|0.71|0.69|0.56|0.64
2026-10-07,2026-10-07T21:09:06Z,all_green,v3,Oil & Gas Refining & Marketing,PSX,PSX,Phillips 66,Oil & Gas Refining & Marketing,USA,108.38B,15.46,"1,841,823",271.62,0.68%,Oct 28/b,S&P 500,9.98,0.22,0.71,16.95,10.60,0.82,24.01%,8.98%,14.09%,0.60,0.65,5.70%,17.57,11.09,349.56%,-5.95%,-22.61%,-,44.59%,-8.06%,15.72%,53.04%,344.96%,322.30%,15.60%,7.92%,5.90%,4.62%,-23.92%,-0.30%,6.39%,4.82%,43.09%,61.68%,110.49%,105.20%,148.76%,8.38,3.34%,0.70,3.68%,11.11%,45.95%,68.40,2.87M,0.64,269.79,271.84,275.80,270.48,2.17,261.00,Oct-06,G7 Releases 100 Million Barrels as Diesel Tops $6 a Gallon,https://finviz.com/news/399099/g7-releases-100-million-barrels-as-diesel-tops-6-a-gallon,"Phillips 66 names Chris Chandler executive vice president of Refining effective Jan. 1, 2027, as Rich Harbison retires",Energy,26.44,126.05B,1.32,1.00,153.37B,7.08B,81.28%,242.52%,3.41%,-1.98%,114.31%,-0.08%,0.76%,7.44%,25.45%,18.39%,all_green,1,6.0,3.0,1.0,2.0,0.9798280662685944,0.991841491841492,1.0,0.1655011655011655,0.9921328671328672,0.9878877565904276,-0.0093240093240092,1.0,1.0,1.0,0.1666666666666666,0.0,-0.0987272727272728,3.2409970639085857,0.03549382716049378,0.09999099990999909,0.6348448687350826,1,0,0.90|0.84|0.87|0.54|0.67|1.39|1.31|1.08|0.65|0.63,8.73|8.62|8.54|8.29|8.28|8.54|8.75|8.80|8.57|8.38,0.95|1.15|1.24|0.75|0.87|0.88|0.71|0.69|0.56|0.64
2026-10-07,2026-10-07T21:09:06Z,leaders,v3,Oil & Gas Refining & Marketing,DINO,DINO,HF Sinclair Corp,Oil & Gas Refining & Marketing,USA,20.56B,11.04,"2,204,425",115.63,0.90%,Oct 28/b,-,8.51,0.47,0.66,8.90,6.01,0.69,19.41%,10.60%,14.15%,0.31,0.32,7.39%,10.48,7.19,245.82%,-22.37%,-40.04%,-,18.14%,-11.07%,19.15%,53.15%,350.42%,2332.69%,16.26%,10.13%,8.58%,6.08%,0.09%,4.02%,7.74%,6.76%,49.16%,98.75%,150.93%,122.45%,122.07%,4.45,4.45%,0.74,4.81%,14.59%,60.29%,67.79,2.77M,0.80,114.60,116.29,117.72,115.26,2.63,107.86,Oct-06,G7 Releases 100 Million Barrels as Diesel Tops $6 a Gallon,https://finviz.com/news/399099/g7-releases-100-million-barrels-as-diesel-tops-6-a-gallon,HF Sinclair commits ~$750M for 15% stake in $5B Western Gateway pipeline JV with Phillips 66 and Kinder Morgan,Energy,9.09,21.60B,1.97,1.10,31.23B,1.90B,88.31%,237.41%,4.27%,-2.33%,152.96%,-0.57%,1.48%,18.56%,18.26%,19.68%,sustained_strength,1,6.0,3.0,1.0,2.0,0.9798280662685944,0.991841491841492,1.0,0.1655011655011655,0.9921328671328672,0.9878877565904276,-0.0093240093240092,1.0,1.0,1.0,0.1666666666666666,0.0,-0.0987272727272728,3.3084081890393784,0.045892567503100876,0.12732350117811325,0.5528089887640435,1,1,0.80|1.00|0.66|0.70|1.12|1.20|1.11|0.97|0.60|0.55,4.76|4.76|4.64|4.54|4.58|4.66|4.70|4.69|4.55|4.45,0.95|0.75|0.91|0.72|0.65|0.89|0.87|0.81|0.62|0.80
2026-10-07,2026-10-07T21:09:06Z,accel,v3,Oil & Gas Refining & Marketing,DINO,DINO,HF Sinclair Corp,Oil & Gas Refining & Marketing,USA,20.56B,11.04,"2,204,425",115.63,0.90%,Oct 28/b,-,8.51,0.47,0.66,8.90,6.01,0.69,19.41%,10.60%,14.15%,0.31,0.32,7.39%,10.48,7.19,245.82%,-22.37%,-40.04%,-,18.14%,-11.07%,19.15%,53.15%,350.42%,2332.69%,16.26%,10.13%,8.58%,6.08%,0.09%,4.02%,7.74%,6.76%,49.16%,98.75%,150.93%,122.45%,122.07%,4.45,4.45%,0.74,4.81%,14.59%,60.29%,67.79,2.77M,0.80,114.60,116.29,117.72,115.26,2.63,107.86,Oct-06,G7 Releases 100 Million Barrels as Diesel Tops $6 a Gallon,https://finviz.com/news/399099/g7-releases-100-million-barrels-as-diesel-tops-6-a-gallon,HF Sinclair commits ~$750M for 15% stake in $5B Western Gateway pipeline JV with Phillips 66 and Kinder Morgan,Energy,9.09,21.60B,1.97,1.10,31.23B,1.90B,88.31%,237.41%,4.27%,-2.33%,152.96%,-0.57%,1.48%,18.56%,18.26%,19.68%,accel,2,6.0,3.0,1.0,2.0,0.9798280662685944,0.991841491841492,1.0,0.1655011655011655,0.9921328671328672,0.9878877565904276,-0.0093240093240092,1.0,1.0,1.0,0.1666666666666666,0.0,-0.0987272727272728,3.3084081890393784,0.045892567503100876,0.12732350117811325,0.5528089887640435,1,1,0.80|1.00|0.66|0.70|1.12|1.20|1.11|0.97|0.60|0.55,4.76|4.76|4.64|4.54|4.58|4.66|4.70|4.69|4.55|4.45,0.95|0.75|0.91|0.72|0.65|0.89|0.87|0.81|0.62|0.80
2026-10-07,2026-10-07T21:09:06Z,all_green,v3,Oil & Gas Refining & Marketing,DINO,DINO,HF Sinclair Corp,Oil & Gas Refining & Marketing,USA,20.56B,11.04,"2,204,425",115.63,0.90%,Oct 28/b,-,8.51,0.47,0.66,8.90,6.01,0.69,19.41%,10.60%,14.15%,0.31,0.32,7.39%,10.48,7.19,245.82%,-22.37%,-40.04%,-,18.14%,-11.07%,19.15%,53.15%,350.42%,2332.69%,16.26%,10.13%,8.58%,6.08%,0.09%,4.02%,7.74%,6.76%,49.16%,98.75%,150.93%,122.45%,122.07%,4.45,4.45%,0.74,4.81%,14.59%,60.29%,67.79,2.77M,0.80,114.60,116.29,117.72,115.26,2.63,107.86,Oct-06,G7 Releases 100 Million Barrels as Diesel Tops $6 a Gallon,https://finviz.com/news/399099/g7-releases-100-million-barrels-as-diesel-tops-6-a-gallon,HF Sinclair commits ~$750M for 15% stake in $5B Western Gateway pipeline JV with Phillips 66 and Kinder Morgan,Energy,9.09,21.60B,1.97,1.10,31.23B,1.90B,88.31%,237.41%,4.27%,-2.33%,152.96%,-0.57%,1.48%,18.56%,18.26%,19.68%,all_green,1,6.0,3.0,1.0,2.0,0.9798280662685944,0.991841491841492,1.0,0.1655011655011655,0.9921328671328672,0.9878877565904276,-0.0093240093240092,1.0,1.0,1.0,0.1666666666666666,0.0,-0.0987272727272728,3.3084081890393784,0.045892567503100876,0.12732350117811325,0.5528089887640435,1,1,0.80|1.00|0.66|0.70|1.12|1.20|1.11|0.97|0.60|0.55,4.76|4.76|4.64|4.54|4.58|4.66|4.70|4.69|4.55|4.45,0.95|0.75|0.91|0.72|0.65|0.89|0.87|0.81|0.62|0.80
2026-10-07,2026-10-07T21:09:06Z,leaders,v3,Oil & Gas Refining & Marketing,SUN,SUN,Sunoco LP,Oil & Gas Refining & Marketing,USA,14.75B,15.79,"572,910",71.99,-1.33%,Aug 04/b,-,7.92,0.15,0.37,8.56,10.47,0.77,14.54%,4.08%,3.93%,1.76,1.78,1.81%,4.56,2.46,249.77%,5.30%,-21.31%,7.19%,53.40%,-0.69%,18.67%,164.55%,185.46%,123.75%,83.34%,9.72%,4.92%,1.58%,0.00%,-0.33%,-1.21%,-6.41%,4.97%,10.13%,37.36%,41.94%,48.80%,2.42,3.08%,0.41,-4.40%,-4.40%,7.67%,43.22,528.27K,1.08,72.96,73.64,73.64,71.00,1.38,83.00,Oct-01,Sunoco LP and SunocoCorp LLC Announce Third Quarter 2026 Earnings Release and Call Timing,https://www.businesswire.com/news/home/20261001533922/en/,First-day TXSE closing-auction imbalance drives Sunoco’s 4.9% after-hours rebound toward prior levels,Energy,19.08,30.32B,1.29,0.83,39.58B,627.00M,47.50%,89.00%,4.27%,-10.26%,48.13%,-2.24%,0.93%,3.04%,-14.05%,29.06%,sustained_strength,1,6.0,3.0,1.0,2.0,0.9798280662685944,0.991841491841492,1.0,0.1655011655011655,0.9921328671328672,0.9878877565904276,-0.0093240093240092,1.0,1.0,1.0,0.1666666666666666,0.0,-0.0987272727272728,-1.3691517687333572,-0.046025104602510414,-0.046025104602510414,1.0909090909090913,0,0,1.33|0.75|0.65|0.78|0.88|1.36|0.72|2.35|1.50|1.09,2.15|2.12|2.07|2.06|2.05|2.10|2.06|2.30|2.40|2.42,1.39|1.35|0.61|1.18|1.01|2.01|0.71|0.78|0.50|1.08
2026-10-07,2026-10-07T21:09:06Z,accel,v3,Oil & Gas Refining & Marketing,SUN,SUN,Sunoco LP,Oil & Gas Refining & Marketing,USA,14.75B,15.79,"572,910",71.99,-1.33%,Aug 04/b,-,7.92,0.15,0.37,8.56,10.47,0.77,14.54%,4.08%,3.93%,1.76,1.78,1.81%,4.56,2.46,249.77%,5.30%,-21.31%,7.19%,53.40%,-0.69%,18.67%,164.55%,185.46%,123.75%,83.34%,9.72%,4.92%,1.58%,0.00%,-0.33%,-1.21%,-6.41%,4.97%,10.13%,37.36%,41.94%,48.80%,2.42,3.08%,0.41,-4.40%,-4.40%,7.67%,43.22,528.27K,1.08,72.96,73.64,73.64,71.00,1.38,83.00,Oct-01,Sunoco LP and SunocoCorp LLC Announce Third Quarter 2026 Earnings Release and Call Timing,https://www.businesswire.com/news/home/20261001533922/en/,First-day TXSE closing-auction imbalance drives Sunoco’s 4.9% after-hours rebound toward prior levels,Energy,19.08,30.32B,1.29,0.83,39.58B,627.00M,47.50%,89.00%,4.27%,-10.26%,48.13%,-2.24%,0.93%,3.04%,-14.05%,29.06%,accel,2,6.0,3.0,1.0,2.0,0.9798280662685944,0.991841491841492,1.0,0.1655011655011655,0.9921328671328672,0.9878877565904276,-0.0093240093240092,1.0,1.0,1.0,0.1666666666666666,0.0,-0.0987272727272728,-1.3691517687333572,-0.046025104602510414,-0.046025104602510414,1.0909090909090913,0,0,1.33|0.75|0.65|0.78|0.88|1.36|0.72|2.35|1.50|1.09,2.15|2.12|2.07|2.06|2.05|2.10|2.06|2.30|2.40|2.42,1.39|1.35|0.61|1.18|1.01|2.01|0.71|0.78|0.50|1.08
2026-10-07,2026-10-07T21:09:06Z,all_green,v3,Oil & Gas Refining & Marketing,SUN,SUN,Sunoco LP,Oil & Gas Refining & Marketing,USA,14.75B,15.79,"572,910",71.99,-1.33%,Aug 04/b,-,7.92,0.15,0.37,8.56,10.47,0.77,14.54%,4.08%,3.93%,1.76,1.78,1.81%,4.56,2.46,249.77%,5.30%,-21.31%,7.19%,53.40%,-0.69%,18.67%,164.55%,185.46%,123.75%,83.34%,9.72%,4.92%,1.58%,0.00%,-0.33%,-1.21%,-6.41%,4.97%,10.13%,37.36%,41.94%,48.80%,2.42,3.08%,0.41,-4.40%,-4.40%,7.67%,43.22,528.27K,1.08,72.96,73.64,73.64,71.00,1.38,83.00,Oct-01,Sunoco LP and SunocoCorp LLC Announce Third Quarter 2026 Earnings Release and Call Timing,https://www.businesswire.com/news/home/20261001533922/en/,First-day TXSE closing-auction imbalance drives Sunoco’s 4.9% after-hours rebound toward prior levels,Energy,19.08,30.32B,1.29,0.83,39.58B,627.00M,47.50%,89.00%,4.27%,-10.26%,48.13%,-2.24%,0.93%,3.04%,-14.05%,29.06%,all_green,1,6.0,3.0,1.0,2.0,0.9798280662685944,0.991841491841492,1.0,0.1655011655011655,0.9921328671328672,0.9878877565904276,-0.0093240093240092,1.0,1.0,1.0,0.1666666666666666,0.0,-0.0987272727272728,-1.3691517687333572,-0.046025104602510414,-0.046025104602510414,1.0909090909090913,0,0,1.33|0.75|0.65|0.78|0.88|1.36|0.72|2.35|1.50|1.09,2.15|2.12|2.07|2.06|2.05|2.10|2.06|2.30|2.40|2.42,1.39|1.35|0.61|1.18|1.01|2.01|0.71|0.78|0.50|1.08
2026-10-07,2026-10-07T21:09:06Z,leaders,v3,Oil & Gas Refining & Marketing,PBF,PBF,PBF Energy Inc,Oil & Gas Refining & Marketing,USA,9.92B,7.40,"2,237,960",83.68,0.97%,Oct 29/b,RUT,4.40,-,0.29,12.69,6.78,0.34,23.55%,9.77%,15.49%,0.36,0.39,29.67%,11.31,10.81,660.93%,-17.84%,-,34.60%,-,-14.44%,14.18%,56.23%,16421.43%,233.66%,13.54%,4.39%,3.17%,3.94%,-32.75%,5.28%,8.73%,9.00%,56.97%,94.47%,208.55%,178.93%,84.20%,4.48,6.24%,0.14,9.30%,14.65%,70.40%,64.52,3.35M,0.67,82.88,83.92,85.75,82.90,3.40,77.69,15 hours,Insiders Are Selling Refiners and Skipping Banks. What Should Investors Do?,https://finance.yahoo.com/markets/stocks/articles/insiders-selling-refiners-skipping-banks-051000959.html,PBF Energy prices $500M 0% senior unsecured exchangeable notes due 2032 with 37.5% exchange premium to redeem 7.875% 2030 notes,Energy,11.09,11.68B,1.33,0.67,34.37B,1.35B,89.86%,478.70%,6.03%,-1.65%,226.62%,-0.29%,1.25%,76.52%,49.93%,21.58%,sustained_strength,1,6.0,3.0,1.0,2.0,0.9798280662685944,0.991841491841492,1.0,0.1655011655011655,0.9921328671328672,0.9878877565904276,-0.0093240093240092,1.0,1.0,1.0,0.1666666666666666,0.0,-0.0987272727272728,2.386751604261418,0.08508691674290947,0.12778020061055392,0.636160714285713,1,0,1.01|1.13|0.60|0.79|0.96|1.14|1.33|1.07|0.60|0.64,4.60|4.65|4.51|4.44|4.48|4.55|4.67|4.69|4.60|4.48,0.94|0.85|0.73|0.77|0.98|1.23|1.19|0.98|0.59|0.67
2026-10-07,2026-10-07T21:09:06Z,accel,v3,Oil & Gas Refining & Marketing,PBF,PBF,PBF Energy Inc,Oil & Gas Refining & Marketing,USA,9.92B,7.40,"2,237,960",83.68,0.97%,Oct 29/b,RUT,4.40,-,0.29,12.69,6.78,0.34,23.55%,9.77%,15.49%,0.36,0.39,29.67%,11.31,10.81,660.93%,-17.84%,-,34.60%,-,-14.44%,14.18%,56.23%,16421.43%,233.66%,13.54%,4.39%,3.17%,3.94%,-32.75%,5.28%,8.73%,9.00%,56.97%,94.47%,208.55%,178.93%,84.20%,4.48,6.24%,0.14,9.30%,14.65%,70.40%,64.52,3.35M,0.67,82.88,83.92,85.75,82.90,3.40,77.69,15 hours,Insiders Are Selling Refiners and Skipping Banks. What Should Investors Do?,https://finance.yahoo.com/markets/stocks/articles/insiders-selling-refiners-skipping-banks-051000959.html,PBF Energy prices $500M 0% senior unsecured exchangeable notes due 2032 with 37.5% exchange premium to redeem 7.875% 2030 notes,Energy,11.09,11.68B,1.33,0.67,34.37B,1.35B,89.86%,478.70%,6.03%,-1.65%,226.62%,-0.29%,1.25%,76.52%,49.93%,21.58%,accel,2,6.0,3.0,1.0,2.0,0.9798280662685944,0.991841491841492,1.0,0.1655011655011655,0.9921328671328672,0.9878877565904276,-0.0093240093240092,1.0,1.0,1.0,0.1666666666666666,0.0,-0.0987272727272728,2.386751604261418,0.08508691674290947,0.12778020061055392,0.636160714285713,1,0,1.01|1.13|0.60|0.79|0.96|1.14|1.33|1.07|0.60|0.64,4.60|4.65|4.51|4.44|4.48|4.55|4.67|4.69|4.60|4.48,0.94|0.85|0.73|0.77|0.98|1.23|1.19|0.98|0.59|0.67
2026-10-07,2026-10-07T21:09:06Z,all_green,v3,Oil & Gas Refining & Marketing,PBF,PBF,PBF Energy Inc,Oil & Gas Refining & Marketing,USA,9.92B,7.40,"2,237,960",83.68,0.97%,Oct 29/b,RUT,4.40,-,0.29,12.69,6.78,0.34,23.55%,9.77%,15.49%,0.36,0.39,29.67%,11.31,10.81,660.93%,-17.84%,-,34.60%,-,-14.44%,14.18%,56.23%,16421.43%,233.66%,13.54%,4.39%,3.17%,3.94%,-32.75%,5.28%,8.73%,9.00%,56.97%,94.47%,208.55%,178.93%,84.20%,4.48,6.24%,0.14,9.30%,14.65%,70.40%,64.52,3.35M,0.67,82.88,83.92,85.75,82.90,3.40,77.69,15 hours,Insiders Are Selling Refiners and Skipping Banks. What Should Investors Do?,https://finance.yahoo.com/markets/stocks/articles/insiders-selling-refiners-skipping-banks-051000959.html,PBF Energy prices $500M 0% senior unsecured exchangeable notes due 2032 with 37.5% exchange premium to redeem 7.875% 2030 notes,Energy,11.09,11.68B,1.33,0.67,34.37B,1.35B,89.86%,478.70%,6.03%,-1.65%,226.62%,-0.29%,1.25%,76.52%,49.93%,21.58%,all_green,1,6.0,3.0,1.0,2.0,0.9798280662685944,0.991841491841492,1.0,0.1655011655011655,0.9921328671328672,0.9878877565904276,-0.0093240093240092,1.0,1.0,1.0,0.1666666666666666,0.0,-0.0987272727272728,2.386751604261418,0.08508691674290947,0.12778020061055392,0.636160714285713,1,0,1.01|1.13|0.60|0.79|0.96|1.14|1.33|1.07|0.60|0.64,4.60|4.65|4.51|4.44|4.48|4.55|4.67|4.69|4.60|4.48,0.94|0.85|0.73|0.77|0.98|1.23|1.19|0.98|0.59|0.67
2026-10-07,2026-10-07T21:09:06Z,leaders,v3,Oil & Gas Refining & Marketing,UGP,UGP,Ultrapar Participacoes SA ADR,Oil & Gas Refining & Marketing,Brazil,8.29B,12.79,"3,583,950",7.74,0.00%,Aug 12/a,-,12.51,0.80,0.29,7.42,5.95,0.37,21.75%,7.46%,10.48%,0.82,1.09,24.57%,0.61,0.28,92.84%,-28.29%,8.67%,20.85%,15.68%,-2.87%,12.16%,20.89%,138.38%,31.82%,20.26%,8.45%,5.04%,2.28%,-,-1.22%,5.74%,3.89%,33.22%,37.72%,105.31%,102.09%,119.26%,0.27,3.00%,0.83,3.21%,11.77%,37.51%,65.85,4.02M,0.89,7.74,7.90,7.97,7.72,2.00,7.25,Aug-14,Ultrapar Participacoes SA (UGP) (Q2 2026) Earnings Call Highlights: Record Net Income and Cash ...,https://finance.yahoo.com/markets/stocks/articles/ultrapar-participacoes-sa-ugp-q2-010729604.html,Unexpected Bolsonaro first-round election lead lifts Ultrapar ADR 7.8% in early pre-market,Energy,4.64,10.68B,1.64,1.26,29.04B,663.19M,5.48%,208.67%,3.86%,-6.52%,115.00%,-2.03%,2.07%,37.95%,9.88%,-1.27%,sustained_strength,1,6.0,3.0,1.0,2.0,0.9798280662685944,0.991841491841492,1.0,0.1655011655011655,0.9921328671328672,0.9878877565904276,-0.0093240093240092,1.0,1.0,1.0,0.1666666666666666,0.0,-0.0987272727272728,3.0187587605499373,0.031101637438232733,0.10530553815871875,0.9259259259259258,1,0,1.00|1.30|0.65|1.35|0.91|0.55|1.35|2.15|0.85|0.93,0.21|0.23|0.23|0.23|0.23|0.22|0.23|0.27|0.27|0.27,0.72|1.80|1.04|1.59|1.12|1.13|1.44|2.26|1.32|0.89
2026-10-07,2026-10-07T21:09:06Z,accel,v3,Oil & Gas Refining & Marketing,UGP,UGP,Ultrapar Participacoes SA ADR,Oil & Gas Refining & Marketing,Brazil,8.29B,12.79,"3,583,950",7.74,0.00%,Aug 12/a,-,12.51,0.80,0.29,7.42,5.95,0.37,21.75%,7.46%,10.48%,0.82,1.09,24.57%,0.61,0.28,92.84%,-28.29%,8.67%,20.85%,15.68%,-2.87%,12.16%,20.89%,138.38%,31.82%,20.26%,8.45%,5.04%,2.28%,-,-1.22%,5.74%,3.89%,33.22%,37.72%,105.31%,102.09%,119.26%,0.27,3.00%,0.83,3.21%,11.77%,37.51%,65.85,4.02M,0.89,7.74,7.90,7.97,7.72,2.00,7.25,Aug-14,Ultrapar Participacoes SA (UGP) (Q2 2026) Earnings Call Highlights: Record Net Income and Cash ...,https://finance.yahoo.com/markets/stocks/articles/ultrapar-participacoes-sa-ugp-q2-010729604.html,Unexpected Bolsonaro first-round election lead lifts Ultrapar ADR 7.8% in early pre-market,Energy,4.64,10.68B,1.64,1.26,29.04B,663.19M,5.48%,208.67%,3.86%,-6.52%,115.00%,-2.03%,2.07%,37.95%,9.88%,-1.27%,accel,2,6.0,3.0,1.0,2.0,0.9798280662685944,0.991841491841492,1.0,0.1655011655011655,0.9921328671328672,0.9878877565904276,-0.0093240093240092,1.0,1.0,1.0,0.1666666666666666,0.0,-0.0987272727272728,3.0187587605499373,0.031101637438232733,0.10530553815871875,0.9259259259259258,1,0,1.00|1.30|0.65|1.35|0.91|0.55|1.35|2.15|0.85|0.93,0.21|0.23|0.23|0.23|0.23|0.22|0.23|0.27|0.27|0.27,0.72|1.80|1.04|1.59|1.12|1.13|1.44|2.26|1.32|0.89
2026-10-07,2026-10-07T21:09:06Z,all_green,v3,Oil & Gas Refining & Marketing,UGP,UGP,Ultrapar Participacoes SA ADR,Oil & Gas Refining & Marketing,Brazil,8.29B,12.79,"3,583,950",7.74,0.00%,Aug 12/a,-,12.51,0.80,0.29,7.42,5.95,0.37,21.75%,7.46%,10.48%,0.82,1.09,24.57%,0.61,0.28,92.84%,-28.29%,8.67%,20.85%,15.68%,-2.87%,12.16%,20.89%,138.38%,31.82%,20.26%,8.45%,5.04%,2.28%,-,-1.22%,5.74%,3.89%,33.22%,37.72%,105.31%,102.09%,119.26%,0.27,3.00%,0.83,3.21%,11.77%,37.51%,65.85,4.02M,0.89,7.74,7.90,7.97,7.72,2.00,7.25,Aug-14,Ultrapar Participacoes SA (UGP) (Q2 2026) Earnings Call Highlights: Record Net Income and Cash ...,https://finance.yahoo.com/markets/stocks/articles/ultrapar-participacoes-sa-ugp-q2-010729604.html,Unexpected Bolsonaro first-round election lead lifts Ultrapar ADR 7.8% in early pre-market,Energy,4.64,10.68B,1.64,1.26,29.04B,663.19M,5.48%,208.67%,3.86%,-6.52%,115.00%,-2.03%,2.07%,37.95%,9.88%,-1.27%,all_green,1,6.0,3.0,1.0,2.0,0.9798280662685944,0.991841491841492,1.0,0.1655011655011655,0.9921328671328672,0.9878877565904276,-0.0093240093240092,1.0,1.0,1.0,0.1666666666666666,0.0,-0.0987272727272728,3.0187587605499373,0.031101637438232733,0.10530553815871875,0.9259259259259258,1,0,1.00|1.30|0.65|1.35|0.91|0.55|1.35|2.15|0.85|0.93,0.21|0.23|0.23|0.23|0.23|0.22|0.23|0.27|0.27|0.27,0.72|1.80|1.04|1.59|1.12|1.13|1.44|2.26|1.32|0.89
2026-10-07,2026-10-07T21:09:06Z,leaders,v3,Oil & Gas Refining & Marketing,CVI,CVI,CVR Energy Inc,Oil & Gas Refining & Marketing,USA,5.77B,83.57,"621,635",57.38,-0.07%,Jul 29/a,RUT,16.35,-,0.68,16.43,7.11,0.83,13.93%,1.71%,3.01%,3.37,3.43,-,0.69,1.77,237.34%,109.39%,-61.22%,-,-,-13.05%,12.75%,55.48%,97.37%,120.72%,17.88%,8.55%,6.80%,0.81%,0.00%,1.94%,12.53%,24.41%,83.44%,75.58%,125.55%,57.46%,96.47%,2.71,5.67%,0.87,8.98%,31.25%,75.24%,78.76,1.04M,0.60,57.42,57.42,58.92,56.81,4.14,37.60,Sep-28,These Energy Stocks Just Delivered Massive September Gains,https://finance.yahoo.com/energy/articles/energy-stocks-just-delivered-massive-144107564.html,"Icahn Enterprises asset-sale gain spotlights large CVI stake, lifting shares 11%",Energy,7.83,7.05B,1.42,0.92,8.47B,69.00M,32.80%,287.80%,6.10%,-2.02%,192.46%,-0.07%,0.00%,-,31.68%,23.09%,sustained_strength,1,6.0,3.0,1.0,2.0,0.9798280662685944,0.991841491841492,1.0,0.1655011655011655,0.9921328671328672,0.9878877565904276,-0.0093240093240092,1.0,1.0,1.0,0.1666666666666666,0.0,-0.0987272727272728,5.041293270075559,0.08240044044778871,0.23809523809523814,0.7785977859778596,1,0,0.77|1.02|1.20|0.80|0.94|1.45|1.27|1.30|1.06|0.78,2.51|2.51|2.55|2.51|2.53|2.62|2.67|2.74|2.75|2.71,0.86|1.11|1.16|0.99|1.05|0.93|0.76|0.81|0.86|0.60
2026-10-07,2026-10-07T21:09:06Z,accel,v3,Oil & Gas Refining & Marketing,CVI,CVI,CVR Energy Inc,Oil & Gas Refining & Marketing,USA,5.77B,83.57,"621,635",57.38,-0.07%,Jul 29/a,RUT,16.35,-,0.68,16.43,7.11,0.83,13.93%,1.71%,3.01%,3.37,3.43,-,0.69,1.77,237.34%,109.39%,-61.22%,-,-,-13.05%,12.75%,55.48%,97.37%,120.72%,17.88%,8.55%,6.80%,0.81%,0.00%,1.94%,12.53%,24.41%,83.44%,75.58%,125.55%,57.46%,96.47%,2.71,5.67%,0.87,8.98%,31.25%,75.24%,78.76,1.04M,0.60,57.42,57.42,58.92,56.81,4.14,37.60,Sep-28,These Energy Stocks Just Delivered Massive September Gains,https://finance.yahoo.com/energy/articles/energy-stocks-just-delivered-massive-144107564.html,"Icahn Enterprises asset-sale gain spotlights large CVI stake, lifting shares 11%",Energy,7.83,7.05B,1.42,0.92,8.47B,69.00M,32.80%,287.80%,6.10%,-2.02%,192.46%,-0.07%,0.00%,-,31.68%,23.09%,accel,2,6.0,3.0,1.0,2.0,0.9798280662685944,0.991841491841492,1.0,0.1655011655011655,0.9921328671328672,0.9878877565904276,-0.0093240093240092,1.0,1.0,1.0,0.1666666666666666,0.0,-0.0987272727272728,5.041293270075559,0.08240044044778871,0.23809523809523814,0.7785977859778596,1,0,0.77|1.02|1.20|0.80|0.94|1.45|1.27|1.30|1.06|0.78,2.51|2.51|2.55|2.51|2.53|2.62|2.67|2.74|2.75|2.71,0.86|1.11|1.16|0.99|1.05|0.93|0.76|0.81|0.86|0.60
2026-10-07,2026-10-07T21:09:06Z,all_green,v3,Oil & Gas Refining & Marketing,CVI,CVI,CVR Energy Inc,Oil & Gas Refining & Marketing,USA,5.77B,83.57,"621,635",57.38,-0.07%,Jul 29/a,RUT,16.35,-,0.68,16.43,7.11,0.83,13.93%,1.71%,3.01%,3.37,3.43,-,0.69,1.77,237.34%,109.39%,-61.22%,-,-,-13.05%,12.75%,55.48%,97.37%,120.72%,17.88%,8.55%,6.80%,0.81%,0.00%,1.94%,12.53%,24.41%,83.44%,75.58%,125.55%,57.46%,96.47%,2.71,5.67%,0.87,8.98%,31.25%,75.24%,78.76,1.04M,0.60,57.42,57.42,58.92,56.81,4.14,37.60,Sep-28,These Energy Stocks Just Delivered Massive September Gains,https://finance.yahoo.com/energy/articles/energy-stocks-just-delivered-massive-144107564.html,"Icahn Enterprises asset-sale gain spotlights large CVI stake, lifting shares 11%",Energy,7.83,7.05B,1.42,0.92,8.47B,69.00M,32.80%,287.80%,6.10%,-2.02%,192.46%,-0.07%,0.00%,-,31.68%,23.09%,all_green,1,6.0,3.0,1.0,2.0,0.9798280662685944,0.991841491841492,1.0,0.1655011655011655,0.9921328671328672,0.9878877565904276,-0.0093240093240092,1.0,1.0,1.0,0.1666666666666666,0.0,-0.0987272727272728,5.041293270075559,0.08240044044778871,0.23809523809523814,0.7785977859778596,1,0,0.77|1.02|1.20|0.80|0.94|1.45|1.27|1.30|1.06|0.78,2.51|2.51|2.55|2.51|2.53|2.62|2.67|2.74|2.75|2.71,0.86|1.11|1.16|0.99|1.05|0.93|0.76|0.81|0.86|0.60
2026-10-07,2026-10-07T21:09:06Z,leaders,v3,Oil & Gas Refining & Marketing,DK,DK,Delek US Holdings Inc,Oil & Gas Refining & Marketing,USA,4.62B,21.22,"1,165,857",75.46,-0.28%,Aug 05/b,RUT,9.16,-,0.38,6.61,6.50,0.62,212.71%,3.09%,6.59%,17.26,17.45,1.86%,3.56,6.29,127.70%,-45.17%,-,46.11%,-,-19.09%,7.99%,47.83%,254.26%,126.64%,11.40%,7.51%,6.06%,1.86%,-27.81%,-2.13%,5.73%,-0.28%,34.53%,76.56%,154.42%,139.33%,204.03%,3.89,5.35%,0.60,1.99%,7.32%,53.66%,56.93,1.87M,0.62,75.67,76.14,77.23,74.69,2.08,75.46,Sep-24,"Delek US Holdings, Inc. Announces Pricing of $400 Million of Convertible Senior Notes",https://finviz.com/news/395481/delek-us-holdings-inc-announces-pricing-of-400-million-of-convertible-senior-notes,"Delek US Holdings details $400 million private 2031 convertible senior notes offering, with $60 million option for capped calls and debt repayment",Energy,7.35,7.48B,0.76,0.47,12.06B,224.50M,102.75%,307.17%,5.36%,-8.28%,191.91%,-0.89%,0.62%,35.50%,105.57%,18.78%,sustained_strength,1,6.0,3.0,1.0,2.0,0.9798280662685944,0.991841491841492,1.0,0.1655011655011655,0.9921328671328672,0.9878877565904276,-0.0093240093240092,1.0,1.0,1.0,0.1666666666666666,0.0,-0.0987272727272728,1.323115071855834,0.019511716834983896,0.06820723071188968,0.6529562982005157,1,1,0.62|0.68|0.49|0.77|1.16|1.16|0.84|0.66|0.78|0.65,4.47|4.36|4.19|4.12|4.17|4.22|4.17|4.07|4.00|3.89,3.16|3.29|1.35|0.92|1.10|0.96|0.93|0.83|0.77|0.62
2026-10-07,2026-10-07T21:09:06Z,accel,v3,Oil & Gas Refining & Marketing,DK,DK,Delek US Holdings Inc,Oil & Gas Refining & Marketing,USA,4.62B,21.22,"1,165,857",75.46,-0.28%,Aug 05/b,RUT,9.16,-,0.38,6.61,6.50,0.62,212.71%,3.09%,6.59%,17.26,17.45,1.86%,3.56,6.29,127.70%,-45.17%,-,46.11%,-,-19.09%,7.99%,47.83%,254.26%,126.64%,11.40%,7.51%,6.06%,1.86%,-27.81%,-2.13%,5.73%,-0.28%,34.53%,76.56%,154.42%,139.33%,204.03%,3.89,5.35%,0.60,1.99%,7.32%,53.66%,56.93,1.87M,0.62,75.67,76.14,77.23,74.69,2.08,75.46,Sep-24,"Delek US Holdings, Inc. Announces Pricing of $400 Million of Convertible Senior Notes",https://finviz.com/news/395481/delek-us-holdings-inc-announces-pricing-of-400-million-of-convertible-senior-notes,"Delek US Holdings details $400 million private 2031 convertible senior notes offering, with $60 million option for capped calls and debt repayment",Energy,7.35,7.48B,0.76,0.47,12.06B,224.50M,102.75%,307.17%,5.36%,-8.28%,191.91%,-0.89%,0.62%,35.50%,105.57%,18.78%,accel,2,6.0,3.0,1.0,2.0,0.9798280662685944,0.991841491841492,1.0,0.1655011655011655,0.9921328671328672,0.9878877565904276,-0.0093240093240092,1.0,1.0,1.0,0.1666666666666666,0.0,-0.0987272727272728,1.323115071855834,0.019511716834983896,0.06820723071188968,0.6529562982005157,1,1,0.62|0.68|0.49|0.77|1.16|1.16|0.84|0.66|0.78|0.65,4.47|4.36|4.19|4.12|4.17|4.22|4.17|4.07|4.00|3.89,3.16|3.29|1.35|0.92|1.10|0.96|0.93|0.83|0.77|0.62
2026-10-07,2026-10-07T21:09:06Z,all_green,v3,Oil & Gas Refining & Marketing,DK,DK,Delek US Holdings Inc,Oil & Gas Refining & Marketing,USA,4.62B,21.22,"1,165,857",75.46,-0.28%,Aug 05/b,RUT,9.16,-,0.38,6.61,6.50,0.62,212.71%,3.09%,6.59%,17.26,17.45,1.86%,3.56,6.29,127.70%,-45.17%,-,46.11%,-,-19.09%,7.99%,47.83%,254.26%,126.64%,11.40%,7.51%,6.06%,1.86%,-27.81%,-2.13%,5.73%,-0.28%,34.53%,76.56%,154.42%,139.33%,204.03%,3.89,5.35%,0.60,1.99%,7.32%,53.66%,56.93,1.87M,0.62,75.67,76.14,77.23,74.69,2.08,75.46,Sep-24,"Delek US Holdings, Inc. Announces Pricing of $400 Million of Convertible Senior Notes",https://finviz.com/news/395481/delek-us-holdings-inc-announces-pricing-of-400-million-of-convertible-senior-notes,"Delek US Holdings details $400 million private 2031 convertible senior notes offering, with $60 million option for capped calls and debt repayment",Energy,7.35,7.48B,0.76,0.47,12.06B,224.50M,102.75%,307.17%,5.36%,-8.28%,191.91%,-0.89%,0.62%,35.50%,105.57%,18.78%,all_green,1,6.0,3.0,1.0,2.0,0.9798280662685944,0.991841491841492,1.0,0.1655011655011655,0.9921328671328672,0.9878877565904276,-0.0093240093240092,1.0,1.0,1.0,0.1666666666666666,0.0,-0.0987272727272728,1.323115071855834,0.019511716834983896,0.06820723071188968,0.6529562982005157,1,1,0.62|0.68|0.49|0.77|1.16|1.16|0.84|0.66|0.78|0.65,4.47|4.36|4.19|4.12|4.17|4.22|4.17|4.07|4.00|3.89,3.16|3.29|1.35|0.92|1.10|0.96|0.93|0.83|0.77|0.62
2026-10-07,2026-10-07T21:09:06Z,leaders,v3,Oil & Gas Refining & Marketing,PARR,PARR,Par Pacific Holdings Inc,Oil & Gas Refining & Marketing,USA,4.31B,5.03,"697,725",86.12,-0.91%,Aug 04/a,RUT,6.33,8.55,0.50,9.84,4.24,0.63,54.74%,20.33%,28.53%,0.51,0.66,-,17.14,6.06,183.88%,-36.60%,5.59%,-,0.74%,0.65%,19.02%,56.80%,699.13%,6869.78%,13.19%,14.51%,13.31%,9.94%,-12.82%,-3.93%,5.51%,4.92%,31.40%,41.85%,145.08%,144.94%,165.15%,4.46,5.43%,0.81,4.37%,7.56%,42.73%,59.06,989.22K,0.71,86.91,87.21,89.45,85.01,1.43,85.86,Sep-28,"Par Pacific Appoints Jerry Stumbo Executive Vice President, Refining and Logistics",https://finviz.com/news/395997/par-pacific-appoints-jerry-stumbo-executive-vice-president-refining-and-logistics,"Par Pacific affiliate Laramie Energy to sell oil and gas assets in $485 million deal, Par expects about $146 million in proceeds",Energy,23.09,5.47B,1.84,0.76,8.62B,856.91M,101.69%,468.82%,5.95%,-3.06%,159.32%,-1.25%,0.35%,-,22.80%,23.66%,sustained_strength,1,6.0,3.0,1.0,2.0,0.9798280662685944,0.991841491841492,1.0,0.1655011655011655,0.9921328671328672,0.9878877565904276,-0.0093240093240092,1.0,1.0,1.0,0.1666666666666666,0.0,-0.0987272727272728,1.3571884792219453,0.04187026923445448,0.07028635180364463,0.9955156950672641,1,0,0.88|0.96|0.46|0.77|1.18|1.27|1.09|1.06|0.86|1.00,4.49|4.48|4.30|4.23|4.36|4.45|4.49|4.51|4.46|4.46,1.02|0.89|0.67|0.75|1.07|0.99|0.82|0.76|0.66|0.71
2026-10-07,2026-10-07T21:09:06Z,accel,v3,Oil & Gas Refining & Marketing,PARR,PARR,Par Pacific Holdings Inc,Oil & Gas Refining & Marketing,USA,4.31B,5.03,"697,725",86.12,-0.91%,Aug 04/a,RUT,6.33,8.55,0.50,9.84,4.24,0.63,54.74%,20.33%,28.53%,0.51,0.66,-,17.14,6.06,183.88%,-36.60%,5.59%,-,0.74%,0.65%,19.02%,56.80%,699.13%,6869.78%,13.19%,14.51%,13.31%,9.94%,-12.82%,-3.93%,5.51%,4.92%,31.40%,41.85%,145.08%,144.94%,165.15%,4.46,5.43%,0.81,4.37%,7.56%,42.73%,59.06,989.22K,0.71,86.91,87.21,89.45,85.01,1.43,85.86,Sep-28,"Par Pacific Appoints Jerry Stumbo Executive Vice President, Refining and Logistics",https://finviz.com/news/395997/par-pacific-appoints-jerry-stumbo-executive-vice-president-refining-and-logistics,"Par Pacific affiliate Laramie Energy to sell oil and gas assets in $485 million deal, Par expects about $146 million in proceeds",Energy,23.09,5.47B,1.84,0.76,8.62B,856.91M,101.69%,468.82%,5.95%,-3.06%,159.32%,-1.25%,0.35%,-,22.80%,23.66%,accel,2,6.0,3.0,1.0,2.0,0.9798280662685944,0.991841491841492,1.0,0.1655011655011655,0.9921328671328672,0.9878877565904276,-0.0093240093240092,1.0,1.0,1.0,0.1666666666666666,0.0,-0.0987272727272728,1.3571884792219453,0.04187026923445448,0.07028635180364463,0.9955156950672641,1,0,0.88|0.96|0.46|0.77|1.18|1.27|1.09|1.06|0.86|1.00,4.49|4.48|4.30|4.23|4.36|4.45|4.49|4.51|4.46|4.46,1.02|0.89|0.67|0.75|1.07|0.99|0.82|0.76|0.66|0.71
2026-10-07,2026-10-07T21:09:06Z,all_green,v3,Oil & Gas Refining & Marketing,PARR,PARR,Par Pacific Holdings Inc,Oil & Gas Refining & Marketing,USA,4.31B,5.03,"697,725",86.12,-0.91%,Aug 04/a,RUT,6.33,8.55,0.50,9.84,4.24,0.63,54.74%,20.33%,28.53%,0.51,0.66,-,17.14,6.06,183.88%,-36.60%,5.59%,-,0.74%,0.65%,19.02%,56.80%,699.13%,6869.78%,13.19%,14.51%,13.31%,9.94%,-12.82%,-3.93%,5.51%,4.92%,31.40%,41.85%,145.08%,144.94%,165.15%,4.46,5.43%,0.81,4.37%,7.56%,42.73%,59.06,989.22K,0.71,86.91,87.21,89.45,85.01,1.43,85.86,Sep-28,"Par Pacific Appoints Jerry Stumbo Executive Vice President, Refining and Logistics",https://finviz.com/news/395997/par-pacific-appoints-jerry-stumbo-executive-vice-president-refining-and-logistics,"Par Pacific affiliate Laramie Energy to sell oil and gas assets in $485 million deal, Par expects about $146 million in proceeds",Energy,23.09,5.47B,1.84,0.76,8.62B,856.91M,101.69%,468.82%,5.95%,-3.06%,159.32%,-1.25%,0.35%,-,22.80%,23.66%,all_green,1,6.0,3.0,1.0,2.0,0.9798280662685944,0.991841491841492,1.0,0.1655011655011655,0.9921328671328672,0.9878877565904276,-0.0093240093240092,1.0,1.0,1.0,0.1666666666666666,0.0,-0.0987272727272728,1.3571884792219453,0.04187026923445448,0.07028635180364463,0.9955156950672641,1,0,0.88|0.96|0.46|0.77|1.18|1.27|1.09|1.06|0.86|1.00,4.49|4.48|4.30|4.23|4.36|4.45|4.49|4.51|4.46|4.46,1.02|0.89|0.67|0.75|1.07|0.99|0.82|0.76|0.66|0.71
2026-10-07,2026-10-07T21:09:06Z,leaders,v3,Oil & Gas Refining & Marketing,DKL,DKL,Delek Logistics Partners LP,Oil & Gas Refining & Marketing,USA,3.23B,19.43,"65,158",55.97,-0.44%,Aug 05/b,-,13.06,0.93,2.70,23.72,17.06,4.69,439.37%,5.48%,6.62%,-,-,4.45%,2.88,0.97,-7.17%,39.95%,-3.40%,-4.66%,14.11%,-0.98%,12.17%,56.18%,-34.94%,-2.37%,30.33%,17.33%,15.39%,12.85%,0.04%,0.73%,5.19%,0.27%,2.53%,14.81%,25.44%,24.43%,34.19%,1.23,2.04%,0.41,1.07%,0.26%,6.70%,54.43,169.84K,0.38,56.22,56.00,56.10,55.04,3.00,53.17,Sep-24,"Delek US Holdings, Inc. Announces Pricing of $400 Million of Convertible Senior Notes",https://finviz.com/news/395481/delek-us-holdings-inc-announces-pricing-of-400-million-of-convertible-senior-notes,"Delek Logistics Partners, LP announces the closing of its public offering of common units and the full exercise of the underwriters’ option to purchase additional units.",Energy,235.95,5.63B,0.96,0.91,1.20B,154.07M,20.08%,17.49%,2.01%,-8.99%,32.16%,-0.05%,-0.39%,4.23%,-41.82%,31.03%,sustained_strength,1,6.0,3.0,1.0,2.0,0.9798280662685944,0.991841491841492,1.0,0.1655011655011655,0.9921328671328672,0.9878877565904276,-0.0093240093240092,1.0,1.0,1.0,0.1666666666666666,0.0,-0.0987272727272728,0.11800375933142868,0.010586722073810192,0.002593257530420891,0.8617886178861808,1,0,0.33|0.62|0.73|0.46|0.50|1.28|0.69|0.94|0.95|0.86,1.38|1.38|1.35|1.29|1.25|1.27|1.24|1.24|1.23|1.23,0.62|0.69|1.16|0.78|0.84|2.05|0.45|0.44|0.18|0.38
2026-10-07,2026-10-07T21:09:06Z,accel,v3,Oil & Gas Refining & Marketing,DKL,DKL,Delek Logistics Partners LP,Oil & Gas Refining & Marketing,USA,3.23B,19.43,"65,158",55.97,-0.44%,Aug 05/b,-,13.06,0.93,2.70,23.72,17.06,4.69,439.37%,5.48%,6.62%,-,-,4.45%,2.88,0.97,-7.17%,39.95%,-3.40%,-4.66%,14.11%,-0.98%,12.17%,56.18%,-34.94%,-2.37%,30.33%,17.33%,15.39%,12.85%,0.04%,0.73%,5.19%,0.27%,2.53%,14.81%,25.44%,24.43%,34.19%,1.23,2.04%,0.41,1.07%,0.26%,6.70%,54.43,169.84K,0.38,56.22,56.00,56.10,55.04,3.00,53.17,Sep-24,"Delek US Holdings, Inc. Announces Pricing of $400 Million of Convertible Senior Notes",https://finviz.com/news/395481/delek-us-holdings-inc-announces-pricing-of-400-million-of-convertible-senior-notes,"Delek Logistics Partners, LP announces the closing of its public offering of common units and the full exercise of the underwriters’ option to purchase additional units.",Energy,235.95,5.63B,0.96,0.91,1.20B,154.07M,20.08%,17.49%,2.01%,-8.99%,32.16%,-0.05%,-0.39%,4.23%,-41.82%,31.03%,accel,2,6.0,3.0,1.0,2.0,0.9798280662685944,0.991841491841492,1.0,0.1655011655011655,0.9921328671328672,0.9878877565904276,-0.0093240093240092,1.0,1.0,1.0,0.1666666666666666,0.0,-0.0987272727272728,0.11800375933142868,0.010586722073810192,0.002593257530420891,0.8617886178861808,1,0,0.33|0.62|0.73|0.46|0.50|1.28|0.69|0.94|0.95|0.86,1.38|1.38|1.35|1.29|1.25|1.27|1.24|1.24|1.23|1.23,0.62|0.69|1.16|0.78|0.84|2.05|0.45|0.44|0.18|0.38
2026-10-07,2026-10-07T21:09:06Z,all_green,v3,Oil & Gas Refining & Marketing,DKL,DKL,Delek Logistics Partners LP,Oil & Gas Refining & Marketing,USA,3.23B,19.43,"65,158",55.97,-0.44%,Aug 05/b,-,13.06,0.93,2.70,23.72,17.06,4.69,439.37%,5.48%,6.62%,-,-,4.45%,2.88,0.97,-7.17%,39.95%,-3.40%,-4.66%,14.11%,-0.98%,12.17%,56.18%,-34.94%,-2.37%,30.33%,17.33%,15.39%,12.85%,0.04%,0.73%,5.19%,0.27%,2.53%,14.81%,25.44%,24.43%,34.19%,1.23,2.04%,0.41,1.07%,0.26%,6.70%,54.43,169.84K,0.38,56.22,56.00,56.10,55.04,3.00,53.17,Sep-24,"Delek US Holdings, Inc. Announces Pricing of $400 Million of Convertible Senior Notes",https://finviz.com/news/395481/delek-us-holdings-inc-announces-pricing-of-400-million-of-convertible-senior-notes,"Delek Logistics Partners, LP announces the closing of its public offering of common units and the full exercise of the underwriters’ option to purchase additional units.",Energy,235.95,5.63B,0.96,0.91,1.20B,154.07M,20.08%,17.49%,2.01%,-8.99%,32.16%,-0.05%,-0.39%,4.23%,-41.82%,31.03%,all_green,1,6.0,3.0,1.0,2.0,0.9798280662685944,0.991841491841492,1.0,0.1655011655011655,0.9921328671328672,0.9878877565904276,-0.0093240093240092,1.0,1.0,1.0,0.1666666666666666,0.0,-0.0987272727272728,0.11800375933142868,0.010586722073810192,0.002593257530420891,0.8617886178861808,1,0,0.33|0.62|0.73|0.46|0.50|1.28|0.69|0.94|0.95|0.86,1.38|1.38|1.35|1.29|1.25|1.27|1.24|1.24|1.23|1.23,0.62|0.69|1.16|0.78|0.84|2.05|0.45|0.44|0.18|0.38
2026-10-07,2026-10-07T21:09:06Z,leaders,v3,Software - Infrastructure,MSFT,MSFT,Microsoft Corp,Software - Infrastructure,USA,3933.76B,29.52,"16,046,289",529.76,0.09%,Jul 29/a,"DJIA, NDX, S&P 500",22.54,1.22,11.85,58.72,20.06,12.01,34.04%,19.42%,24.22%,0.25,0.29,10.20%,17.95,4.71,14.26%,19.04%,22.83%,17.38%,18.54%,16.12%,14.57%,17.75%,31.65%,31.42%,17.79%,67.94%,46.78%,40.31%,-0.15%,0.23%,3.29%,7.25%,37.83%,41.52%,9.54%,1.10%,61.88%,11.39,2.02%,1.05,4.57%,6.78%,22.19%,68.14,28.02M,0.57,529.30,530.72,531.73,524.69,1.19,582.40,53 min,Microsoft announces quarterly earnings release date,https://finviz.com/news/400058/microsoft-announces-quarterly-earnings-release-date,"Microsoft launches Nvidia-powered Surface Laptop Ultra with Arm-based RTX Spark chip and $2,599 starting price",Technology,51.19,3985.73B,1.23,1.22,331.84B,133.75B,76.67%,79.67%,1.81%,-4.33%,51.71%,-0.18%,0.27%,10.20%,11.81%,2.72%,sustained_strength,2,12.0,4.0,2.0,6.0,0.8233816684649639,0.8438228438228439,0.9513888888888888,0.0372960372960374,0.8793706293706294,0.9757755131808548,0.0990675990675989,0.8333333333333334,1.0,0.8333333333333334,0.1666666666666667,0.0,0.4209090909090909,2.9532160271107952,0.04370278282490209,0.06349503652369368,0.6180860403863006,1,0,0.70|1.88|0.93|0.95|0.81|0.91|0.76|0.92|0.59|0.62,10.98|11.78|11.93|11.88|11.81|11.73|11.59|11.82|11.72|11.39,0.50|1.16|0.61|0.72|0.93|0.68|0.62|0.94|0.75|0.57
2026-10-07,2026-10-07T21:09:06Z,leaders,v3,Software - Infrastructure,PLTR,PLTR,Palantir Technologies Inc,Software - Infrastructure,USA,466.48B,165.42,"15,676,500",194.12,1.07%,Aug 03/a,"NDX, S&P 500",84.79,1.29,75.78,138.91,171.78,74.30,38.42%,31.68%,30.21%,0.02,0.02,-,1.17,0.41,113.07%,43.27%,-,-,65.82%,32.92%,32.58%,92.83%,224.24%,285.33%,78.92%,84.80%,42.80%,49.00%,-0.89%,2.97%,3.78%,13.99%,50.43%,37.91%,9.21%,6.56%,1068.69%,6.00,3.06%,1.63,5.93%,11.74%,27.52%,66.16,34.00M,0.46,192.07,192.71,194.70,190.11,1.89,202.69,2 hours,"Dan Ives Thinks AI Buildout Still In Early Stages, With NVDA, MSFT, PLTR, AAPL And CRWD As Top AI Picks",https://finance.yahoo.com/technology/ai/articles/dan-ives-thinks-ai-buildout-190018254.html,"Tech analyst Dan Ives names Palantir a top AI pick, sets $250 price target",Technology,49.53,457.38B,7.23,7.23,6.16B,3.02B,62.73%,718.04%,2.67%,-6.46%,82.50%,0.73%,0.33%,-,18.98%,6.80%,sustained_strength,2,12.0,4.0,2.0,6.0,0.8233816684649639,0.8438228438228439,0.9513888888888888,0.0372960372960374,0.8793706293706294,0.9757755131808548,0.0990675990675989,0.8333333333333334,1.0,0.8333333333333334,0.1666666666666667,0.0,0.4209090909090909,3.3992136507368307,0.05598036439157919,0.10506533023089318,0.7649999999999958,1,0,0.91|0.71|0.69|0.59|0.63|0.83|1.04|0.82|0.71|0.76,7.04|6.88|6.72|6.51|6.34|6.25|6.27|6.19|6.11|6.00,0.59|0.47|0.49|0.40|0.50|0.50|0.51|0.51|0.51|0.46
2026-10-07,2026-10-07T21:09:06Z,leaders,v3,Software - Infrastructure,ORCL,ORCL,Oracle Corp,Software - Infrastructure,USA,434.09B,22.51,"15,638,837",143.56,-0.84%,Sep 10/a,S&P 500,13.03,0.49,6.05,-,16.12,7.96,41.62%,7.82%,8.46%,2.35,2.53,13.97%,6.38,1.89,6.65%,35.41%,23.77%,5.08%,26.55%,10.48%,10.72%,29.61%,55.01%,45.95%,21.62%,61.93%,34.24%,26.10%,-0.03%,3.54%,4.56%,-11.67%,-0.46%,-0.07%,-26.35%,-49.49%,30.56%,6.31,4.19%,1.78,0.13%,-1.07%,-11.55%,49.67,32.16M,0.49,144.77,142.54,144.70,141.37,1.58,242.84,7 hours,Ray Dalio warns AI bubble is nearing a breaking point as debt and rates rise,https://finance.yahoo.com/technology/ai/articles/ray-dalio-warns-ai-bubble-133000284.html,"Oracle to buy power from Wisconsin's Point Beach nuclear plant, absorb about $300 million in state energy costs for Project Lighthouse",Technology,11.71,571.53B,1.17,1.17,71.78B,18.74B,44.01%,55.52%,2.97%,-55.49%,25.38%,0.72%,-1.54%,13.72%,10.41%,1.10%,sustained_strength,2,12.0,4.0,2.0,6.0,0.8233816684649639,0.8438228438228439,0.9513888888888888,0.0372960372960374,0.8793706293706294,0.9757755131808548,0.0990675990675989,0.8333333333333334,1.0,0.8333333333333334,0.1666666666666667,0.0,0.4209090909090909,-0.24607067412117997,0.001298312194147636,-0.010815728292732276,0.5277337559429452,0,0,0.52|0.69|0.63|0.93|1.53|0.72|0.67|0.64|0.47|0.53,7.37|7.21|7.05|7.34|7.28|6.88|6.87|6.69|6.53|6.31,0.67|0.94|0.68|1.71|1.38|0.77|1.08|0.55|0.62|0.49
2026-10-07,2026-10-07T21:09:06Z,leaders,v3,Software - Infrastructure,PANW,PANW,Palo Alto Networks Inc,Software - Infrastructure,USA,331.76B,791.36,"3,887,236",405.57,-3.42%,Sep 01/a,"NDX, S&P 500",83.43,6.10,28.90,80.66,144.46,28.85,1.74%,0.85%,1.02%,0.09,0.09,-,0.51,0.97,9.02%,16.12%,-14.48%,-,13.67%,18.54%,21.95%,34.45%,-196.42%,-68.55%,24.49%,65.48%,5.42%,2.67%,-1.96%,2.02%,2.08%,20.35%,19.88%,133.38%,120.18%,92.18%,228.81%,17.14,4.46%,0.95,6.08%,10.42%,59.85%,60.11,6.27M,0.62,419.91,413.41,416.60,404.63,1.67,403.73,2 hours,"Top Stock Reports for AMD, Palo Alto & ConocoPhillips",https://finviz.com/news/400101/top-stock-reports-for-amd-palo-alto-conocophillips,"OpenAI agent-access disclosure extends cybersecurity rally, lifting Palo Alto 5% alongside peers",Technology,107.85,331.25B,0.82,0.82,11.48B,307.00M,84.42%,392.91%,3.31%,-6.19%,190.58%,-1.90%,-1.55%,-,4.35%,1.74%,sustained_strength,2,12.0,4.0,2.0,6.0,0.8233816684649639,0.8438228438228439,0.9513888888888888,0.0372960372960374,0.8793706293706294,0.9757755131808548,0.0990675990675989,0.8333333333333334,1.0,0.8333333333333334,0.1666666666666667,0.0,0.4209090909090909,2.232929345617255,0.05731523378582205,0.09436696250679232,0.6983663943990681,1,0,0.48|0.81|1.48|0.77|0.88|0.66|0.55|0.53|1.18|0.70,17.90|17.78|18.45|18.16|18.02|17.56|17.25|16.65|17.28|17.14,0.60|0.73|0.91|0.78|0.94|0.83|0.77|0.70|0.86|0.62
2026-10-07,2026-10-07T21:09:06Z,leaders,v3,Software - Infrastructure,CRWD,CRWD,Crowdstrike Holdings Inc,Software - Infrastructure,USA,271.79B,7435.29,"8,768,162",265.44,-4.81%,Aug 26/a,"NDX, S&P 500",166.03,5.45,50.37,178.15,1004.79,49.58,0.85%,0.35%,0.64%,0.16,0.16,-,0.04,0.31,34.36%,27.60%,6.21%,-8.78%,30.46%,29.01%,40.64%,25.83%,106.56%,112.37%,24.30%,75.12%,-1.23%,0.70%,-6.41%,3.14%,0.26%,26.39%,33.79%,148.94%,126.50%,119.09%,500.92%,11.50,4.55%,1.18,5.51%,17.85%,70.34%,61.30,9.55M,0.92,278.86,276.80,276.90,264.50,1.64,242.83,39 min,"CrowdStrike Holdings Inc. Cl A stock falls Wednesday, underperforms market",https://www.marketwatch.com/data-news/crowdstrike-holdings-inc-cl-a-stock-falls-wednesday-underperforms-market-02d7fc34-3da23f9a7deb?mod=mw_FV,"Wedbush's Dan Ives names CrowdStrike a top AI beneficiary, sets bullish $335 price target",Technology,53.33,267.55B,1.48,1.48,5.40B,37.77M,77.30%,324.91%,3.01%,-7.51%,209.80%,-4.10%,-0.74%,-,6.31%,2.14%,sustained_strength,2,12.0,4.0,2.0,6.0,0.8233816684649639,0.8438228438228439,0.9513888888888888,0.0372960372960374,0.8793706293706294,0.9757755131808548,0.0990675990675989,0.8333333333333334,1.0,0.8333333333333334,0.1666666666666667,0.0,0.4209090909090909,3.496046189887663,0.052222538148042764,0.15146372507424702,1.0782608695652154,1,0,0.43|0.69|1.16|0.98|0.62|0.85|0.51|0.53|0.97|1.08,12.40|12.11|12.26|12.23|11.89|11.75|11.44|11.05|11.28|11.50,0.82|0.75|0.88|0.70|0.89|0.71|0.60|0.50|0.83|0.92
2026-10-07,2026-10-07T21:09:06Z,leaders,v3,Software - Infrastructure,FTNT,FTNT,Fortinet Inc,Software - Infrastructure,USA,138.88B,66.69,"3,857,183",189.28,-1.04%,Oct 28/a,"NDX, S&P 500",50.14,3.21,18.45,44.55,52.12,17.97,117.44%,19.73%,103.55%,0.32,0.32,-,2.84,0.86,24.99%,9.43%,31.56%,32.99%,15.64%,15.46%,21.25%,25.64%,43.86%,12.93%,18.77%,80.20%,32.37%,28.17%,-0.43%,-0.90%,5.88%,20.20%,15.60%,126.66%,138.36%,122.89%,215.84%,6.22,3.57%,1.01,7.93%,14.13%,57.48%,68.91,4.64M,0.83,191.27,191.26,192.23,188.04,2.91,168.18,2 hours,What Is The Case For Waiting On Cisco Stock?,https://finance.yahoo.com/markets/stocks/articles/case-waiting-cisco-stock-182947367.html,Fortinet opens $60 million Innovation Hub and cloud point-of-presence facility in New York City,Technology,34.13,135.30B,1.28,1.19,7.53B,2.12B,72.12%,205.67%,2.78%,-1.63%,157.35%,-1.04%,-0.00%,-,20.58%,8.44%,sustained_strength,2,12.0,4.0,2.0,6.0,0.8233816684649639,0.8438228438228439,0.9513888888888888,0.0372960372960374,0.8793706293706294,0.9757755131808548,0.0990675990675989,0.8333333333333334,1.0,0.8333333333333334,0.1666666666666667,0.0,0.4209090909090909,3.7675297222690984,0.07347354766978598,0.1238061859283273,0.6736334405144692,1,0,0.67|0.73|1.08|0.64|0.88|0.77|0.48|0.84|0.93|0.67,6.85|6.78|6.82|6.63|6.57|6.46|6.31|6.23|6.38|6.22,0.75|0.50|0.57|0.51|0.65|0.63|0.73|0.65|0.91|0.83
2026-10-07,2026-10-07T21:09:06Z,leaders,v3,Software - Infrastructure,NET,NET,Cloudflare Inc,Software - Infrastructure,USA,122.12B,-,"2,323,090",342.97,-3.39%,Aug 06/a,-,205.00,6.00,48.61,387.86,849.80,48.35,-14.43%,-3.43%,-5.46%,1.33,2.18,-,-0.58,0.34,35.65%,32.62%,20.88%,5.92%,34.18%,30.51%,38.13%,35.87%,-230.37%,-72.17%,33.53%,72.55%,-7.88%,-8.21%,-4.07%,0.85%,-1.24%,20.64%,24.35%,62.35%,73.96%,57.77%,448.31%,15.92,5.19%,1.34,0.38%,9.56%,44.36%,54.74,3.40M,0.68,355.01,353.04,353.04,341.78,1.92,346.79,6 hours,BeInCrypto Launches The State of AI Agent Payments 2026 Report at TOKEN2049 Singapore,https://finance.yahoo.com/markets/crypto/articles/beincrypto-launches-state-ai-agent-142111620.html,"Cloudflare announces general availability of Cloudflare Basin, an open serverless data platform built on Apache Iceberg and R2",Technology,29.25,121.48B,1.82,1.82,2.51B,-206.28M,81.70%,150.49%,3.85%,-7.39%,115.94%,-2.85%,-0.56%,-,8.05%,4.72%,sustained_strength,2,12.0,4.0,2.0,6.0,0.8233816684649639,0.8438228438228439,0.9513888888888888,0.0372960372960374,0.8793706293706294,0.9757755131808548,0.0990675990675989,0.8333333333333334,1.0,0.8333333333333334,0.1666666666666667,0.0,0.4209090909090909,1.87983156931059,0.0037856146642757343,0.08725812340270167,0.707286432160807,1,0,1.10|1.10|1.02|0.50|0.68|0.71|0.63|1.09|1.00|0.71,17.73|17.88|17.91|17.25|16.84|16.47|16.02|16.13|16.13|15.92,0.92|0.92|0.82|0.63|0.77|0.82|0.84|0.94|0.76|0.68
2026-10-07,2026-10-07T21:09:06Z,leaders,v3,Software - Infrastructure,SNPS,SNPS,Synopsys Inc,Software - Infrastructure,USA,96.33B,88.80,"1,631,874",502.67,-0.49%,Aug 26/a,"NDX, S&P 500",27.01,1.29,10.24,35.06,34.26,11.01,3.66%,2.24%,2.64%,0.31,0.35,-,5.66,4.12,17.25%,22.94%,8.63%,13.58%,21.00%,11.62%,13.86%,42.21%,89.21%,-55.91%,46.33%,62.88%,12.10%,11.44%,-1.23%,1.89%,15.57%,28.22%,13.37%,22.55%,7.01%,5.20%,6.21%,19.01,3.90%,1.21,18.17%,21.24%,12.83%,74.96,2.00M,0.81,505.17,505.35,509.50,499.00,1.33,580.26,Oct-06,Is PTC Stock Increasing Your Market Risk?,https://finance.yahoo.com/markets/stocks/articles/ptc-stock-increasing-market-risk-123019310.html,"Synopsys announces a $1 billion accelerated share repurchase agreement with JPMorgan, receiving an initial delivery of approximately 1.7 million shares of its stock.",Technology,26.68,103.56B,1.33,1.23,9.41B,1.08B,90.54%,68.47%,5.62%,-6.82%,38.65%,-0.53%,0.04%,-,6.64%,1.61%,sustained_strength,2,12.0,4.0,2.0,6.0,0.8233816684649639,0.8438228438228439,0.9513888888888888,0.0372960372960374,0.8793706293706294,0.9757755131808548,0.0990675990675989,0.8333333333333334,1.0,0.8333333333333334,0.1666666666666667,0.0,0.4209090909090909,4.632436070477066,0.1537615299991538,0.17518970636753545,0.5523408732246186,0,1,3.14|1.33|0.71|1.82|0.88|1.34|1.07|0.55,15.80|16.40|16.05|19.22|19.05|19.56|19.66|19.01,2.07|1.00|0.86|3.58|1.71|1.43|1.38|0.81
2026-10-07,2026-10-07T21:09:06Z,leaders,v3,Software - Infrastructure,NBIS,NBIS,Nebius Group NV,Software - Infrastructure,Netherlands,64.47B,-,"17,743,426",237.15,-5.09%,Aug 12/b,NDX,-,-,47.58,-,529.34,49.06,0.87%,0.37%,0.30%,0.97,0.97,-,-0.13,-0.79,-12.19%,-72.63%,-39.46%,-19.43%,28.03%,-58.59%,-29.39%,454.04%,-127.74%,-71.23%,460.89%,18.81%,-49.34%,4.55%,-2.80%,27.15%,0.54%,-2.76%,9.69%,89.72%,183.32%,101.49%,1152.11%,16.36,6.43%,4.31,3.13%,6.66%,39.36%,52.92,20.02M,0.89,249.87,242.33,243.62,234.03,1.88,288.45,Oct-06,Nebius Stock Rallies With AI Infrastructure Peers Even As COO Cuts Stake: Retail Mood Improves,https://finance.yahoo.com/markets/stocks/articles/nebius-stock-rallies-ai-infrastructure-015955175.html,Easing yields and broad AI rally lift Nebius 7.4% alongside CoreWeave and Arista,Technology,8.02,66.49B,4.03,8.33,1.36B,61.60M,63.24%,198.30%,6.13%,-20.91%,222.57%,-2.14%,-3.02%,-,83.36%,2.18%,sustained_strength,2,12.0,4.0,2.0,6.0,0.8233816684649639,0.8438228438228439,0.9513888888888888,0.0372960372960374,0.8793706293706294,0.9757755131808548,0.0990675990675989,0.8333333333333334,1.0,0.8333333333333334,0.1666666666666667,0.0,0.4209090909090909,0.9051331677056226,0.03035004363424819,0.06244140258766175,0.5861858190709048,1,1,1.16|0.69|1.02|0.81|0.94|0.69|0.81|0.88|1.10|0.59,17.01|16.62|16.64|16.53|16.45|16.07|16.07|15.92|16.40|16.36,1.19|0.54|0.62|0.64|0.72|0.60|0.61|0.75|1.08|0.89
2026-10-07,2026-10-07T21:09:06Z,leaders,v3,Software - Infrastructure,CRWV,CRWV,CoreWeave Inc,Software - Infrastructure,USA,48.78B,-,"19,704,458",88.45,-3.57%,Aug 11/a,NDX,-,-,6.43,-,24.99,12.38,-43.60%,-3.73%,-3.97%,8.66,10.27,-,-3.66,-1.26,-165.68%,52.92%,-231.46%,-,-,586.92%,-,112.32%,-79.20%,-47.09%,115.26%,24.39%,-3.03%,-25.41%,-18.44%,33.54%,1.53%,-11.40%,-1.39%,-0.51%,23.52%,-31.34%,-,5.05,5.37%,7.30,2.42%,0.68%,-4.49%,51.32,27.81M,0.71,91.72,90.18,90.40,87.51,1.76,141.55,1 hour,CoreWeaves $2.6 Billion AI Loan Has a Hidden Risk: Uptime Failures Could Force Early Debt Paydowns,https://finance.yahoo.com/technology/ai/articles/coreweave-2-6-billion-ai-193653328.html,"CoreWeave, AdaniConneX to invest several billion dollars in Navi Mumbai AI data center campus with 240 MW capacity",Technology,7.61,93.98B,0.46,0.46,7.59B,-1.93B,61.73%,-,4.67%,-42.26%,46.08%,-1.91%,-1.68%,-,14.52%,0.80%,sustained_strength,2,12.0,4.0,2.0,6.0,0.8233816684649639,0.8438228438228439,0.9513888888888888,0.0372960372960374,0.8793706293706294,0.9757755131808548,0.0990675990675989,0.8333333333333334,1.0,0.8333333333333334,0.1666666666666667,0.0,0.4209090909090909,0.11829657339988969,0.023628197617652745,0.006754072308303481,0.5722772277227725,0,1,0.93|0.75|0.87|0.99|0.63|0.84|0.82|0.74|0.90|0.57,5.58|5.47|5.42|5.41|5.30|5.23|5.16|5.06|5.12|5.05,1.18|0.82|0.68|0.91|0.78|0.72|0.84|0.66|1.16|0.71
2026-10-07,2026-10-07T21:09:06Z,leaders,v3,Software - Infrastructure,NTAP,NTAP,Netapp Inc,Software - Infrastructure,USA,46.31B,33.28,"3,002,470",235.77,3.20%,Sep 02/a,S&P 500,21.18,1.38,6.26,28.07,21.48,6.12,114.82%,13.74%,41.30%,1.30,1.69,1.61%,7.08,2.60,23.00%,11.32%,3.11%,14.47%,15.38%,2.88%,3.84%,30.12%,63.36%,24.60%,12.15%,70.54%,26.04%,19.18%,-25.83%,-4.83%,12.23%,24.66%,37.29%,137.03%,120.16%,99.82%,212.40%,8.58,3.94%,1.51,15.40%,20.38%,67.78%,77.88,2.59M,1.16,228.45,232.00,238.07,230.83,2.39,212.53,1 hour,SanDisk's Forecast And Its Chart Now Say The Same Thing. Pay Attention.,https://finance.yahoo.com/markets/stocks/articles/sandisks-forecast-chart-now-same-200512874.html,"Evercore ISI upgrades NetApp (NTAP) to Outperform, raises price target to $300 from $210",Technology,12.91,45.26B,1.24,1.16,7.39B,1.42B,102.00%,158.66%,4.52%,1.67%,151.65%,1.63%,1.55%,1.32%,21.55%,10.24%,sustained_strength,2,12.0,4.0,2.0,6.0,0.8233816684649639,0.8438228438228439,0.9513888888888888,0.0372960372960374,0.8793706293706294,0.9757755131808548,0.0990675990675989,0.8333333333333334,1.0,0.8333333333333334,0.1666666666666667,0.0,0.4209090909090909,4.6521220099056935,0.1334488734835355,0.16929722545273296,0.8438228438228416,1,0,1.35|0.65|0.66|1.18|0.98|0.93|1.86|1.36|0.77|0.84,8.11|7.89|7.69|7.81|7.79|7.75|8.40|8.64|8.50|8.58,0.91|0.56|1.16|1.07|1.25|0.91|1.99|1.30|1.09|1.16
2026-10-07,2026-10-07T21:09:06Z,leaders,v3,Software - Infrastructure,XYZ,XYZ,Block Inc,Software - Infrastructure,USA,45.70B,135.43,"3,005,574",76.07,-0.61%,Aug 05/a,S&P 500,14.51,0.36,1.83,11.77,9.46,1.81,1.62%,0.94%,1.25%,0.30,0.33,-,0.56,1.03,71.21%,29.19%,-,36.61%,40.30%,11.33%,20.56%,9.30%,-83.27%,-87.94%,5.07%,45.81%,17.59%,1.43%,-1.48%,1.02%,3.45%,-5.03%,-1.74%,21.07%,16.87%,-3.73%,73.56%,2.22,2.67%,2.60,-0.36%,-4.21%,8.18%,46.60,4.46M,0.67,76.54,75.00,76.40,75.00,1.52,99.38,7 hours,Robinhood Markets Adds $25 Million Of Bitcoin To Its Balance Sheet,https://finance.yahoo.com/markets/crypto/articles/robinhood-markets-adds-25-million-134600938.html,"Baird names Block Inc. a “Bullish Fresh Pick,” raises price target to $106 and reiterates Outperform rating ahead of Q3 earnings",Technology,6.05,45.28B,2.21,2.19,25.04B,357.14M,75.40%,-69.47%,2.55%,-12.48%,57.79%,1.43%,-2.01%,-,17.09%,2.22%,sustained_strength,2,12.0,4.0,2.0,6.0,0.8233816684649639,0.8438228438228439,0.9513888888888888,0.0372960372960374,0.8793706293706294,0.9757755131808548,0.0990675990675989,0.8333333333333334,1.0,0.8333333333333334,0.1666666666666667,0.0,0.4209090909090909,-1.5059909580736388,-0.0036130068245685282,-0.04395030796534086,0.6306306306306332,0,0,0.96|0.73|0.83|0.67|0.62|0.90|0.84|1.13|0.53|0.63,2.50|2.45|2.51|2.44|2.37|2.36|2.33|2.35|2.27|2.22,0.77|0.70|1.18|1.11|1.12|0.83|0.85|0.86|0.64|0.67
2026-10-07,2026-10-07T21:09:06Z,leaders,v3,Software - Infrastructure,TWLO,TWLO,Twilio Inc,Software - Infrastructure,USA,41.93B,37.99,"3,480,446",273.00,-2.64%,Aug 06/a,S&P 500,40.27,2.43,7.52,42.41,78.90,7.24,13.50%,11.11%,11.47%,0.12,0.12,-,7.19,1.47,21.26%,14.32%,-,-,16.55%,9.82%,23.53%,22.03%,4659.40%,5490.04%,17.82%,47.90%,5.93%,20.62%,-81.47%,1.17%,-6.65%,20.86%,24.89%,110.63%,91.93%,153.84%,380.21%,15.00,5.68%,1.44,1.14%,12.50%,53.11%,53.05,2.84M,1.22,280.41,278.36,279.04,272.05,1.67,267.41,3 hours,"Twilio shares up 97% this year as investors focus on third-quarter gross profit growth, Jefferies says",https://finance.yahoo.com/markets/stocks/articles/twilio-shares-97-investors-focus-180800362.html,"S&P Dow Jones Indices announced that Twilio will be added to the S&P 500, replacing Warner Bros. Discovery, effective prior to the market open on October 6.",Technology,15.78,40.34B,4.62,4.62,5.57B,1.15B,91.55%,-15.78%,6.26%,-11.48%,161.24%,-1.93%,-0.73%,-,11.06%,4.76%,sustained_strength,2,12.0,4.0,2.0,6.0,0.8233816684649639,0.8438228438228439,0.9513888888888888,0.0372960372960374,0.8793706293706294,0.9757755131808548,0.0990675990675989,0.8333333333333334,1.0,0.8333333333333334,0.1666666666666667,0.0,0.4209090909090909,2.022222222222223,0.011271504844769725,0.11111111111111115,0.4660000000000006,1,1,1.54|1.81|1.58|0.76|0.65|1.31|0.97|1.25|1.96|0.47,12.85|13.80|14.44|14.18|13.80|14.13|14.09|14.37|15.51|15.00,1.73|1.96|1.24|1.26|1.72|1.14|1.62|15.16|1.44|1.22
2026-10-07,2026-10-07T21:09:06Z,leaders,v3,Software - Infrastructure,OKTA,OKTA,Okta Inc,Software - Infrastructure,USA,38.11B,131.70,"2,259,293",218.00,-0.31%,Aug 26/a,-,50.16,4.25,12.40,38.93,113.86,11.67,4.31%,3.17%,4.21%,0.01,0.01,-,1.66,0.93,12.24%,10.63%,-,-,11.81%,16.25%,28.43%,10.58%,75.23%,74.46%,11.22%,78.13%,7.68%,9.63%,-3.54%,-1.81%,4.25%,30.08%,46.47%,186.69%,152.11%,139.85%,171.08%,9.06,5.02%,0.74,9.95%,28.53%,91.12%,70.71,3.48M,0.65,218.67,218.50,219.24,215.12,1.63,216.45,7 hours,Are You Overpaying For CrowdStrike Stock Versus Its Rivals?,https://finance.yahoo.com/markets/stocks/articles/overpaying-crowdstrike-stock-versus-rivals-140408065.html,"Citizens raises Okta price target to $225 and reiterates Outperform, citing AI-driven identity security as a catalyst for durable growth re-acceleration.",Technology,16.58,35.86B,1.44,1.44,3.07B,296.00M,94.26%,-6.82%,3.88%,-3.73%,247.91%,-0.23%,-0.08%,-,8.77%,1.51%,sustained_strength,2,12.0,4.0,2.0,6.0,0.8233816684649639,0.8438228438228439,0.9513888888888888,0.0372960372960374,0.8793706293706294,0.9757755131808548,0.0990675990675989,0.8333333333333334,1.0,0.8333333333333334,0.1666666666666667,0.0,0.4209090909090909,5.341036673995247,0.09049567985447926,0.22197152415778412,0.45474613686534265,1,1,1.18|1.01|1.28|0.81|0.76|0.89|0.66|0.92|1.03|0.45,9.78|9.91|10.13|9.99|9.81|9.72|9.47|9.42|9.44|9.06,1.50|1.14|1.04|0.84|0.94|0.91|0.59|0.90|0.89|0.65
2026-10-07,2026-10-07T21:09:06Z,leaders,v3,Software - Infrastructure,ZS,ZS,Zscaler Inc,Software - Infrastructure,USA,34.82B,-,"2,684,578",213.55,0.61%,Sep 03/a,-,38.12,2.37,10.39,44.69,485.55,9.90,-2.87%,-0.88%,-1.44%,0.69,0.71,-,-0.40,1.16,15.91%,14.80%,34.39%,27.23%,16.07%,27.51%,37.87%,24.88%,81.48%,-47.39%,25.42%,76.38%,-3.65%,-1.88%,-0.09%,-7.27%,7.09%,31.87%,45.15%,54.91%,-5.06%,-27.05%,30.54%,9.47,4.91%,0.86,7.86%,16.81%,28.56%,64.29,2.83M,0.95,212.25,216.46,216.50,209.70,1.57,232.48,4 hours,"Zscalers $10 billion long-term ARR target looks ambitious, says Jefferies",https://finance.yahoo.com/technology/ai/articles/zscaler-10-billion-long-term-164700876.html,"Multiple Wall Street firms raise Zscaler price targets after investor day on stronger AI security, ARR and FCF outlook",Technology,10.02,33.20B,1.63,1.63,3.35B,-63.18M,51.82%,-20.87%,3.68%,-36.63%,86.30%,-1.34%,1.98%,-,9.32%,2.42%,sustained_strength,2,12.0,4.0,2.0,6.0,0.8233816684649639,0.8438228438228439,0.9513888888888888,0.0372960372960374,0.8793706293706294,0.9757755131808548,0.0990675990675989,0.8333333333333334,1.0,0.8333333333333334,0.1666666666666667,0.0,0.4209090909090909,3.245168757972743,0.07287224179491929,0.143908911908227,0.7180570221752915,1,0,0.68|1.48|1.37|0.61|0.60|0.52|0.73|0.88|1.08|0.72,9.39|10.29|10.58|10.28|9.97|9.61|9.42|9.36|9.67|9.47,0.87|2.39|1.32|0.60|0.74|0.51|0.64|0.85|1.52|0.95
2026-10-07,2026-10-07T21:09:06Z,leaders,v3,Software - Infrastructure,MDB,MDB,MongoDB Inc,Software - Infrastructure,USA,29.24B,512.32,"1,304,999",363.03,0.64%,Sep 01/a,-,46.07,1.81,10.51,44.38,1201.97,9.66,1.99%,1.61%,1.95%,0.01,0.02,-,0.71,1.61,31.97%,20.15%,44.17%,28.00%,25.47%,24.26%,33.07%,30.50%,186.04%,175.07%,25.45%,72.55%,-0.54%,2.12%,-5.67%,2.15%,4.14%,1.97%,0.04%,45.03%,-13.50%,14.00%,2.66%,24.30,5.89%,1.75,-3.93%,-7.62%,6.15%,45.16,2.11M,0.62,360.71,362.13,367.44,357.36,1.50,458.69,Oct-05,Meta Muse: Sparking the AI Revolution,https://finviz.com/news/398813/meta-muse-sparking-the-ai-revolution,MongoDB authorizes an additional $1 billion share repurchase program in an SEC filing today,Technology,12.13,26.89B,4.66,4.66,2.78B,58.90M,93.29%,-23.23%,5.79%,-23.27%,68.32%,0.25%,0.39%,-,17.62%,5.00%,sustained_strength,2,12.0,4.0,2.0,6.0,0.8233816684649639,0.8438228438228439,0.9513888888888888,0.0372960372960374,0.8793706293706294,0.9757755131808548,0.0990675990675989,0.8333333333333334,1.0,0.8333333333333334,0.1666666666666667,0.0,0.4209090909090909,-1.232290939998236,-0.040907671489538826,-0.08248538644728297,0.41481481481481414,0,1,0.50|1.10|1.59|1.01|1.08|0.50|0.91|0.60|0.60|0.41,21.27|21.44|27.80|27.81|28.20|27.16|26.97|26.15|25.40|24.30,0.73|0.84|10.82|4.99|3.15|1.27|1.30|1.41|0.76|0.62
2026-10-07,2026-10-07T21:09:06Z,leaders,v3,Software - Infrastructure,VRSN,VRSN,Verisign Inc,Software - Infrastructure,USA,26.57B,31.93,"1,731,865",294.22,0.38%,Oct 22/a,S&P 500,26.50,2.07,15.56,24.92,23.50,16.32,-,52.95%,-,-,-,-,9.21,2.46,11.17%,13.38%,12.16%,4.49%,12.82%,5.15%,5.54%,6.03%,7.71%,10.11%,6.86%,88.47%,67.86%,49.77%,-9.36%,-1.17%,4.33%,4.26%,8.98%,8.61%,21.10%,8.85%,41.99%,7.09,2.37%,0.68,0.42%,1.40%,10.35%,54.36,771.71K,2.24,293.10,293.20,299.10,292.95,2.50,334.25,Oct-01,Verisign to Report Third Quarter 2026 Financial Results,https://www.businesswire.com/news/home/20261001026224/en/,"Verisign surges 7% after Q2 earnings beat, raised guidance",Technology,25.69,27.87B,0.59,0.59,1.71B,850.00M,100.06%,40.35%,2.12%,-5.84%,40.87%,0.35%,0.03%,-,-1.64%,0.32%,sustained_strength,2,12.0,4.0,2.0,6.0,0.8233816684649639,0.8438228438228439,0.9513888888888888,0.0372960372960374,0.8793706293706294,0.9757755131808548,0.0990675990675989,0.8333333333333334,1.0,0.8333333333333334,0.1666666666666667,0.0,0.4209090909090909,0.5729490935089289,0.004182433778131844,0.013806706114398427,0.8674188998589611,1,0,0.83|0.74|0.63|0.65|0.92|0.91|0.55|1.03|0.62|0.87,7.98|7.82|7.77|7.70|7.66|7.61|7.36|7.37|7.16|7.09,0.79|0.77|0.62|0.92|1.01|0.83|1.65|1.49|1.16|2.24
2026-10-07,2026-10-07T21:09:06Z,leaders,v3,Software - Infrastructure,FFIV,FFIV,F5 Inc,Software - Infrastructure,USA,26.43B,37.17,"454,868",466.65,-0.67%,Jul 27/a,S&P 500,25.89,3.09,7.99,27.25,25.93,7.58,19.83%,11.23%,17.83%,0.06,0.07,-,12.55,4.26,9.63%,3.99%,30.80%,18.69%,8.38%,4.63%,5.61%,10.85%,11.43%,10.59%,9.41%,80.60%,24.96%,21.95%,-11.42%,-7.67%,4.82%,19.77%,8.44%,53.12%,82.81%,41.08%,198.52%,12.89,3.16%,1.04,6.02%,12.38%,34.02%,67.38,581.40K,0.78,469.79,468.57,472.25,465.01,2.38,440.11,7 hours,F5 Cloud-Native Network Functions Target Kubernetes Efficiency for Service Providers,https://finviz.com/news/399920/f5-cloud-native-network-functions-target-kubernetes-efficiency-for-service-providers,"F5 Inc. announces a strategic partnership with Omnissa to provide secure, high-performance digital workspaces for joint customers.",Technology,16.46,25.07B,1.64,1.57,3.31B,726.51M,100.27%,130.47%,2.41%,-1.13%,108.55%,-0.41%,-0.26%,-,18.26%,3.65%,sustained_strength,2,12.0,4.0,2.0,6.0,0.8233816684649639,0.8438228438228439,0.9513888888888888,0.0372960372960374,0.8793706293706294,0.9757755131808548,0.0990675990675989,0.8333333333333334,1.0,0.8333333333333334,0.1666666666666667,0.0,0.4209090909090909,3.988136090961465,0.056781739294472715,0.11016195052500437,0.5616757176105515,1,1,0.91|0.75|1.25|0.94|0.71|0.76|1.01|0.65|0.88|0.56,13.95|13.69|13.95|13.89|13.73|13.48|13.67|13.31|13.32|12.89,0.92|0.71|0.78|1.12|0.73|0.94|1.09|0.65|0.89|0.78
2026-10-07,2026-10-07T21:09:06Z,leaders,v3,Software - Infrastructure,CPAY,CPAY,Corpay Inc,Software - Infrastructure,USA,26.42B,24.46,"594,017",402.43,-1.07%,Aug 05/a,S&P 500,12.79,0.64,5.26,16.13,9.94,5.43,30.39%,4.67%,11.77%,1.72,3.00,-,16.45,7.19,28.12%,14.90%,6.64%,13.14%,19.93%,9.73%,13.65%,21.49%,-6.97%,11.15%,20.36%,73.16%,45.75%,22.61%,-12.75%,-1.65%,3.56%,-1.13%,14.60%,32.41%,33.73%,39.24%,58.10%,8.24,1.84%,0.96,0.63%,-0.19%,15.59%,52.41,494.47K,1.20,406.79,405.07,407.52,399.64,1.55,459.12,Oct-06,Corpay Cross-Border Extends Exclusive Partnership with WBSC,https://www.businesswire.com/news/home/20261006279113/en/,"Corpay proposes $100 million FTC settlement over U.S. Vehicle Payments marketing, says no material impact expected",Technology,2.60,27.24B,0.97,0.97,5.02B,1.13B,100.49%,52.56%,2.23%,-5.86%,59.16%,-0.65%,-0.42%,-,6.31%,2.99%,sustained_strength,2,12.0,4.0,2.0,6.0,0.8233816684649639,0.8438228438228439,0.9513888888888888,0.0372960372960374,0.8793706293706294,0.9757755131808548,0.0990675990675989,0.8333333333333334,1.0,0.8333333333333334,0.1666666666666667,0.0,0.4209090909090909,-0.09296996818226405,0.006260558481566154,-0.0019036168720568938,0.95631067961165,0,0,0.65|0.51|0.92|0.70|0.97|1.22|1.02|1.40|0.64|0.96,8.50|8.19|8.14|8.10|8.08|8.22|8.23|8.50|8.27|8.24,0.84|0.79|0.93|1.19|1.63|1.14|1.16|0.97|0.75|1.20
2026-10-07,2026-10-07T21:09:06Z,leaders,v3,Software - Infrastructure,RBRK,RBRK,Rubrik Inc,Software - Infrastructure,USA,25.65B,-,"2,355,689",123.73,-1.65%,Aug 27/a,-,161.16,-,16.63,89.24,-,16.24,-,-9.72%,-40.16%,-,-,-,-1.26,0.08,5132.46%,52.56%,-3.99%,-7.95%,-,29.95%,27.69%,37.89%,39.09%,46.36%,42.45%,80.21%,-18.31%,-16.50%,-1.01%,4.97%,8.09%,35.03%,39.41%,139.65%,61.78%,55.64%,-,5.19,5.08%,1.13,11.92%,24.68%,70.47%,69.12,3.18M,0.74,125.80,123.63,125.73,121.50,1.10,120.15,Oct-06,Cybersecurity stocks hit new highs as AI agents spark 'biggest risk today': Chart of the Day,https://finance.yahoo.com/markets/stocks/article/cybersecurity-stocks-hit-new-highs-as-ai-agents-spark-biggest-risk-today-chart-of-the-day-115446641.html,Rubrik unveils AI security tools MCP and Code Guardian to expand Anthropic-powered agentic cyber resilience platform,Technology,14.68,25.05B,1.56,1.55,1.54B,-254.43M,62.26%,-,3.18%,-3.26%,192.85%,0.08%,-1.72%,-,411.51%,7.81%,sustained_strength,2,12.0,4.0,2.0,6.0,0.8233816684649639,0.8438228438228439,0.9513888888888888,0.0372960372960374,0.8793706293706294,0.9757755131808548,0.0990675990675989,0.8333333333333334,1.0,0.8333333333333334,0.1666666666666667,0.0,0.4209090909090909,4.719065624955569,0.10650464617583986,0.19794674366377923,0.8150289017341048,1,0,0.51|0.85|1.38|0.62|0.43|0.65|0.62|1.19|0.64|0.82,5.77|5.70|5.87|5.71|5.47|5.32|5.19|5.27|5.26|5.19,0.53|0.98|0.82|0.62|0.73|0.64|0.99|1.29|0.80|0.74
2026-10-07,2026-10-07T21:09:06Z,leaders,v3,Software - Infrastructure,IOT,IOT,Samsara Inc,Software - Infrastructure,USA,23.72B,263.05,"4,096,683",40.51,-2.95%,Sep 03/a,-,42.74,1.52,12.84,92.86,113.87,12.43,6.43%,3.64%,5.46%,0.04,0.04,-,0.15,0.19,38.06%,22.60%,67.91%,48.51%,28.16%,35.37%,45.30%,29.88%,193.54%,200.06%,29.50%,76.38%,1.05%,4.90%,-3.20%,8.48%,6.24%,0.90%,9.52%,38.26%,14.27%,4.62%,57.63%,1.99,4.86%,1.36,2.03%,2.64%,20.27%,53.41,6.04M,0.68,41.74,41.60,41.93,40.18,1.48,51.83,Oct-05,"Samsara positioned for growth as AI expands value of proprietary data, Jefferies says",https://finance.yahoo.com/technology/ai/articles/samsara-positioned-growth-ai-expands-171700218.html,Jefferies initiates Samsara coverage with Buy rating and $50 price target,Technology,28.51,22.96B,1.37,1.31,1.85B,90.55M,68.18%,-,4.24%,-14.66%,73.27%,-2.62%,-0.34%,-,25.00%,5.20%,sustained_strength,2,12.0,4.0,2.0,6.0,0.8233816684649639,0.8438228438228439,0.9513888888888888,0.0372960372960374,0.8793706293706294,0.9757755131808548,0.0990675990675989,0.8333333333333334,1.0,0.8333333333333334,0.1666666666666667,0.0,0.4209090909090909,0.5235961569343188,0.019896108987552712,0.02572096648480115,0.8793969849246231,1,0,0.69|1.00|0.93|0.63|0.56|1.19|0.50|1.17|0.77|0.88,2.13|2.13|2.12|2.06|1.99|2.02|1.97|2.05|2.01|1.99,0.83|0.85|0.73|0.92|0.74|0.75|0.95|1.34|0.74|0.68
2026-10-07,2026-10-07T21:09:06Z,leaders,v3,Software - Infrastructure,GPN,GPN,Global Payments Inc,Software - Infrastructure,USA,21.46B,25.44,"1,482,838",81.08,-0.87%,Aug 05/b,S&P 500,5.04,0.33,2.10,26.08,8.73,3.94,2.18%,0.89%,1.69%,0.93,1.02,5.09%,3.19,3.58,11.68%,17.78%,142.72%,24.36%,15.40%,-4.96%,0.75%,69.71%,-57.11%,-43.97%,7.48%,63.89%,20.57%,7.40%,0.00%,6.07%,-0.72%,-9.33%,9.01%,24.60%,4.75%,-7.97%,-29.32%,2.51,2.83%,0.87,-4.17%,-7.74%,6.02%,39.70,2.82M,0.53,81.79,81.27,82.43,81.04,2.35,104.28,Oct-05,Global Payments Inc. stock outperforms competitors on strong trading day,https://www.marketwatch.com/data-news/global-payments-inc-stock-outperforms-competitors-on-strong-trading-day-22c7b530-77e2eb45b754?mod=mw_FV,No clear catalyst identified; Global Payments gains 4.9% alongside broad payments-sector rebound,Technology,3.77,40.18B,0.82,0.82,10.19B,754.02M,93.12%,-49.28%,3.62%,-15.44%,32.57%,-0.23%,-0.64%,0.00%,0.18%,-0.14%,sustained_strength,2,12.0,4.0,2.0,6.0,0.8233816684649639,0.8438228438228439,0.9513888888888888,0.0372960372960374,0.8793706293706294,0.9757755131808548,0.0990675990675989,0.8333333333333334,1.0,0.8333333333333334,0.1666666666666667,0.0,0.4209090909090909,-2.709989005607748,-0.043514557028070534,-0.08389334489486243,0.5537848605577692,0,1,0.90|0.72|0.75|0.71|0.99|1.25|1.02|1.66|0.66|0.55,2.57|2.51|2.53|2.48|2.48|2.53|2.53|2.67|2.60|2.51,0.74|0.72|0.63|0.62|0.81|0.94|0.87|0.85|0.63|0.53
2026-10-07,2026-10-07T21:09:06Z,leaders,v3,Software - Infrastructure,NTNX,NTNX,Nutanix Inc,Software - Infrastructure,USA,19.87B,14.22,"2,953,276",73.42,0.01%,Aug 26/a,-,27.30,1.69,6.96,23.63,50.21,6.67,37460.21%,36.06%,68.91%,2.11,2.17,-,5.16,0.61,14.08%,15.57%,-,-,16.14%,15.27%,15.40%,15.89%,3149.18%,692.05%,12.44%,86.78%,10.80%,52.81%,-1.41%,7.63%,4.27%,8.79%,32.22%,86.30%,42.04%,4.98%,102.09%,1.91,2.66%,0.71,5.31%,9.66%,44.33%,71.26,2.73M,1.08,73.41,73.80,74.30,73.01,1.95,78.08,Sep-24,What Are Everpure Stock Bulls Not Worried About?,https://finance.yahoo.com/markets/stocks/articles/everpure-stock-bulls-not-worried-000414357.html,"Nutanix discloses in an SEC filing that President and Chief Commercial Officer Tarkan Maner will step down from his role effective October 2, 2026.",Technology,8.41,19.03B,1.71,1.71,2.85B,1.51B,94.30%,100.55%,2.18%,-1.34%,115.88%,-0.51%,0.53%,-,22.45%,2.55%,sustained_strength,2,12.0,4.0,2.0,6.0,0.8233816684649639,0.8438228438228439,0.9513888888888888,0.0372960372960374,0.8793706293706294,0.9757755131808548,0.0990675990675989,0.8333333333333334,1.0,0.8333333333333334,0.1666666666666667,0.0,0.4209090909090909,3.3861788889599738,0.05042256195992784,0.0880904614262265,0.675392670157064,1,0,0.64|0.77|1.47|1.15|0.66|1.03|0.47|0.95|0.73|0.68,2.05|2.01|2.09|2.11|2.06|2.06|2.00|2.00|1.96|1.91,0.85|0.60|0.62|0.81|0.80|0.86|0.71|1.24|1.56|1.08
2026-10-07,2026-10-07T21:09:06Z,leaders,v3,Software - Infrastructure,TOST,TOST,Toast Inc,Software - Infrastructure,USA,17.75B,39.03,"7,419,930",30.55,0.99%,Aug 04/a,-,17.69,0.58,2.61,30.82,32.79,2.36,25.16%,16.34%,23.77%,0.00,0.00,-,0.78,0.37,40.63%,25.69%,-,-,30.63%,31.10%,49.53%,23.10%,97.43%,111.91%,23.04%,26.68%,6.39%,7.14%,-0.72%,6.30%,5.38%,-8.23%,5.89%,16.56%,-13.97%,-17.81%,78.86%,1.08,3.35%,1.77,0.10%,-7.19%,2.87%,45.57,9.30M,0.80,30.25,30.13,31.09,30.05,1.79,38.89,Oct-06,"New Toast IQ Team and Expanded Toast IQ Grow Help Businesses Drive Profits, Attract Guests, and Manage Labor",https://finviz.com/news/399203/new-toast-iq-team-and-expanded-toast-iq-grow-help-businesses-drive-profits-attract-guests-and-manage-labor,Toast launches Toast IQ Team labor management solution and expands Toast IQ Grow AI marketing platform,Technology,10.36,16.04B,2.30,2.11,6.80B,486.00M,83.12%,-42.36%,4.00%,-23.10%,37.24%,1.39%,-0.40%,-,11.73%,1.87%,sustained_strength,2,12.0,4.0,2.0,6.0,0.8233816684649639,0.8438228438228439,0.9513888888888888,0.0372960372960374,0.8793706293706294,0.9757755131808548,0.0990675990675989,0.8333333333333334,1.0,0.8333333333333334,0.1666666666666667,0.0,0.4209090909090909,-2.191399593753865,0.0009990009990008713,-0.07747010020471928,0.9629629629629621,0,0,0.77|0.65|0.78|0.69|1.40|0.68|1.18|1.46|0.61|0.96,1.12|1.10|1.08|1.06|1.09|1.06|1.08|1.12|1.09|1.08,0.80|0.79|0.79|0.62|1.24|0.83|1.03|1.33|0.60|0.80
2026-10-07,2026-10-07T21:09:06Z,leaders,v3,Software - Infrastructure,KSPI,KSPI,Kaspi.kz JSC ADR,Software - Infrastructure,Kazakhstan,17.46B,8.36,"281,739",91.87,-1.38%,Aug 10/b,-,6.16,0.50,1.99,6.48,-,-,45.35%,9.45%,30.93%,0.23,0.23,-15.83%,10.99,3.44,3.08%,16.56%,17.78%,26.88%,12.26%,39.77%,38.04%,24.19%,8.27%,-3.58%,38.98%,-,30.37%,24.00%,0.00%,-1.00%,-2.33%,-14.31%,3.69%,20.25%,17.59%,19.54%,-6.24%,2.82,2.97%,0.89,-4.05%,-6.37%,7.64%,37.08,535.56K,0.53,93.16,92.70,93.55,90.84,1.75,109.20,Sep-10,Kaspi.kz JSC's Dividend Analysis,https://finance.yahoo.com/markets/stocks/articles/kaspi-kz-jscs-dividend-analysis-110727957.html,"Kaspi.kz shareholders approve 2Q 2026 dividend of KZT 1,000 per share",Technology,-,-,1.08,-,8.77B,2.11B,25.59%,-16.99%,2.88%,-16.44%,33.94%,-0.90%,-0.49%,-21.15%,3.45%,2.13%,sustained_strength,2,12.0,4.0,2.0,6.0,0.8233816684649639,0.8438228438228439,0.9513888888888888,0.0372960372960374,0.8793706293706294,0.9757755131808548,0.0990675990675989,0.8333333333333334,1.0,0.8333333333333334,0.1666666666666667,0.0,0.4209090909090909,-2.216404468168428,-0.042209484106305324,-0.06803374986649577,0.9609929078014163,0,0,0.63|1.05|0.75|0.90|0.71|1.05|1.27|0.81|0.78|0.96,2.93|2.95|2.89|2.87|2.81|2.85|2.92|2.87|2.83|2.82,1.17|0.78|0.65|0.60|0.93|1.37|0.83|1.19|1.14|0.53
2026-10-07,2026-10-07T21:09:06Z,leaders,v3,Software - Infrastructure,AKAM,AKAM,Akamai Technologies Inc,Software - Infrastructure,USA,15.03B,37.74,"3,868,084",104.61,-3.69%,Aug 06/a,S&P 500,15.48,2.41,3.48,23.87,16.90,4.86,8.92%,3.21%,3.42%,1.53,1.97,-,2.77,1.67,-6.21%,1.22%,-1.97%,-1.83%,6.43%,5.18%,5.64%,5.38%,-27.57%,-0.31%,5.87%,53.37%,11.92%,9.51%,-0.55%,3.52%,-1.64%,-0.95%,-19.23%,-9.82%,19.90%,36.57%,-1.09%,5.90,5.58%,0.63,-4.04%,-6.17%,-6.57%,42.60,4.19M,0.92,108.62,107.18,107.62,103.95,1.85,161.65,Oct-02,The New Math of AI: Are Those Trillion-Dollar Numbers for Real?,https://www.barrons.com/articles/anthropic-ipo-new-math-ai-trillion-dollar-numbers-a906bbb0?mod=bar_FV,"UBS joins JPMorgan, Piper Sandler and BofA in raising Akamai price targets after $11.6B Anthropic cloud deal",Technology,4.48,21.02B,1.61,1.61,4.32B,410.96M,114.49%,0.83%,4.35%,-36.77%,47.71%,-2.40%,-1.33%,-,1.00%,0.77%,sustained_strength,2,12.0,4.0,2.0,6.0,0.8233816684649639,0.8438228438228439,0.9513888888888888,0.0372960372960374,0.8793706293706294,0.9757755131808548,0.0990675990675989,0.8333333333333334,1.0,0.8333333333333334,0.1666666666666667,0.0,0.4209090909090909,-1.1659089554314772,-0.04210087536473535,-0.06575722050516887,0.622033898305085,0,0,1.35|2.22|0.96|0.87|1.09|0.64|0.73|0.53|0.68|0.62,5.71|6.59|6.57|6.51|6.55|6.37|6.36|6.14|5.99|5.90,1.97|8.89|2.05|1.48|1.52|1.34|1.20|0.86|0.67|0.92
2026-10-07,2026-10-07T21:09:06Z,leaders,v3,Software - Infrastructure,DOCN,DOCN,DigitalOcean Holdings Inc,Software - Infrastructure,USA,14.97B,58.03,"1,385,203",127.28,-2.85%,Aug 04/b,-,71.15,6.69,14.80,83.42,50.27,16.00,62.27%,9.71%,10.05%,1.52,2.13,-,2.19,0.32,-31.08%,22.44%,-,-,10.64%,16.08%,23.14%,28.57%,-24.45%,83.31%,21.41%,57.22%,14.80%,23.27%,-15.41%,2.64%,-4.58%,0.47%,-9.63%,42.40%,164.51%,232.41%,453.63%,8.66,7.27%,1.63,-4.79%,1.40%,19.27%,46.25,2.89M,0.48,131.01,128.00,131.01,126.90,1.50,177.06,Oct-01,"DigitalOcean Introduces Agent Droplets: Everything an AI Agent Needs, One Simple Monthly Price",https://www.businesswire.com/news/home/20261001453753/en/,"DigitalOcean today launched Managed Agents, a new service that unifies agent execution, tool access and inference on its cloud platform.",Technology,19.51,16.18B,1.31,1.31,1.01B,235.24M,82.25%,49.41%,6.15%,-32.12%,243.16%,-0.56%,-2.30%,-,72.94%,0.77%,sustained_strength,2,12.0,4.0,2.0,6.0,0.8233816684649639,0.8438228438228439,0.9513888888888888,0.0372960372960374,0.8793706293706294,0.9757755131808548,0.0990675990675989,0.8333333333333334,1.0,0.8333333333333334,0.1666666666666667,0.0,0.4209090909090909,0.20292350510861765,-0.0503098414032141,0.013806706114398404,0.4745958429561184,1,1,0.76|0.83|0.58|0.89|0.59|0.97|1.16|0.49|1.38|0.47,9.69|9.57|9.37|9.28|9.00|8.98|9.09|8.75|9.01|8.66,0.53|0.60|0.56|0.62|0.48|0.49|0.66|0.60|0.63|0.48
2026-10-07,2026-10-07T21:09:06Z,leaders,v3,Software - Infrastructure,GEN,GEN,Gen Digital Inc,Software - Infrastructure,USA,13.40B,13.00,"14,779,998",22.39,-1.80%,Aug 06/a,S&P 500,6.76,0.55,2.64,8.66,7.88,4.14,41.94%,6.58%,9.90%,3.00,3.08,0.00%,1.72,0.72,14.49%,12.93%,-10.08%,11.23%,12.25%,14.42%,14.41%,6.28%,64.79%,79.73%,20.16%,73.68%,42.80%,20.73%,-1.09%,2.33%,1.68%,-24.89%,-13.85%,18.53%,-17.65%,-17.99%,29.05%,1.15,4.70%,1.30,-13.14%,-19.29%,-8.70%,32.58,7.27M,2.03,22.80,22.57,22.75,21.77,2.38,33.50,Sep-30,Gen Digital Inc. stock outperforms competitors on strong trading day,https://www.marketwatch.com/data-news/gen-digital-inc-stock-outperforms-competitors-on-strong-trading-day-b9086f52-28b494764ba6?mod=mw_FV,Gen Digital's Engine unit launches Savvy insurance shopping website built for AI agents,Technology,23.76,21.01B,0.47,0.47,5.08B,1.05B,93.74%,-12.98%,4.34%,-29.25%,25.93%,-0.80%,-1.01%,0.00%,3.12%,1.85%,sustained_strength,2,12.0,4.0,2.0,6.0,0.8233816684649639,0.8438228438228439,0.9513888888888888,0.0372960372960374,0.8793706293706294,0.9757755131808548,0.0990675990675989,0.8333333333333334,1.0,0.8333333333333334,0.1666666666666667,0.0,0.4209090909090909,-4.653300867841387,-0.15127791848952327,-0.23900384091190685,0.8521739130434787,0,0,2.74|1.17|3.25|1.27|1.25|0.59|0.79|0.55|0.58|0.85,1.02|1.04|1.25|1.28|1.30|1.26|1.24|1.20|1.16|1.15,2.26|1.85|5.70|4.97|2.85|1.58|1.73|1.65|1.11|2.03
2026-10-07,2026-10-07T21:09:06Z,leaders,v3,Software - Infrastructure,GDDY,GDDY,Godaddy Inc,Software - Infrastructure,USA,12.31B,14.41,"1,477,477",97.21,-0.99%,Jul 30/a,S&P 500,10.58,0.57,2.41,7.23,10.87,2.94,442.86%,11.19%,23.75%,571.10,573.34,-,6.74,1.89,19.00%,24.19%,41.82%,-,18.53%,6.60%,8.35%,6.50%,29.66%,18.20%,7.50%,60.58%,25.22%,17.83%,-4.87%,-6.60%,1.78%,4.66%,10.63%,20.28%,-21.66%,-28.14%,30.69%,4.25,4.77%,0.98,-1.11%,0.51%,4.52%,49.53,2.14M,0.69,98.18,98.16,98.78,96.74,2.38,106.20,Oct-06,The Holiday Business You Can Still Start Before Black Friday,https://finviz.com/news/399424/the-holiday-business-you-can-still-start-before-black-friday,"GoDaddy launches Node.js Hosting, a web app and API platform with free preview tiers for developers and AI tools",Technology,10.65,15.00B,0.63,0.63,5.11B,910.30M,109.02%,38.75%,2.91%,-30.29%,35.79%,-0.97%,-0.02%,-,8.01%,0.27%,sustained_strength,2,12.0,4.0,2.0,6.0,0.8233816684649639,0.8438228438228439,0.9513888888888888,0.0372960372960374,0.8793706293706294,0.9757755131808548,0.0990675990675989,0.8333333333333334,1.0,0.8333333333333334,0.1666666666666667,0.0,0.4209090909090909,0.1160600935230337,-0.011224592982101305,0.005074121977912697,0.4800000000000015,1,0,2.82|0.74|0.49|0.54|0.56|0.70|0.38|0.74|0.57|0.48,5.54|5.46|5.34|5.15|4.98|4.87|4.65|4.56|4.42|4.25,4.54|1.23|1.04|1.01|0.79|0.60|0.80|0.72|0.76|0.69
2026-10-07,2026-10-07T21:09:06Z,leaders,v3,Software - Infrastructure,SAIL,SAIL,Sailpoint Inc,Software - Infrastructure,USA,11.18B,-,"6,713,467",19.58,-1.66%,Sep 09/b,-,48.69,1.71,9.59,61.40,-,9.33,-2.88%,-2.62%,-2.87%,0.00,0.00,-,-0.35,0.08,35.45%,23.72%,20.31%,-47.01%,28.49%,24.68%,24.22%,16.82%,-366.32%,70.24%,20.13%,58.00%,-18.77%,-16.92%,-0.21%,2.60%,-3.83%,10.06%,31.85%,57.78%,-3.21%,-11.00%,-,1.16,6.39%,2.13,-2.92%,2.19%,22.01%,47.91,4.31M,1.56,19.91,20.37,20.53,19.49,1.54,22.00,4 hours,SailPoint CEO: AI agents need a 'kill switch' to stop the worst from happening,https://finance.yahoo.com/technology/ai/article/sailpoint-ceo-ai-agents-need-a-kill-switch-to-stop-the-worst-from-happening-164054656.html,"SailPoint unveils new AI-driven identity security capabilities, including Autonomous Agents and IdentityIQ 9.0, at Navigate 2026",Technology,35.70,10.87B,1.23,1.23,1.17B,-197.22M,17.62%,-,5.25%,-18.08%,90.10%,-3.88%,2.31%,-,13.78%,-0.46%,sustained_strength,2,12.0,4.0,2.0,6.0,0.8233816684649639,0.8438228438228439,0.9513888888888888,0.0372960372960374,0.8793706293706294,0.9757755131808548,0.0990675990675989,0.8333333333333334,1.0,0.8333333333333334,0.1666666666666667,0.0,0.4209090909090909,0.36173490219368276,-0.030078285949732098,0.021430668362853525,0.8965517241379334,1,0,0.91|1.28|0.86|0.60|0.61|0.85|0.92|0.93|1.17|0.90,1.24|1.27|1.25|1.22|1.18|1.17|1.16|1.15|1.17|1.16,1.74|0.86|0.86|0.75|1.37|2.08|1.62|0.87|1.54|1.56
2026-10-07,2026-10-07T21:09:06Z,leaders,v3,Software - Infrastructure,PAYP,PAYP,PayPay Corp ADR,Software - Infrastructure,Japan,10.26B,12.44,"805,521",15.35,-1.03%,Jul 31/b,-,13.80,1.30,3.98,-,16.13,4.72,49.00%,2.59%,16.75%,0.91,1.85,-,1.23,0.20,-25.02%,34.62%,-,-,10.61%,19.37%,-,16.42%,47.22%,-,-,58.55%,23.55%,31.56%,0.00%,0.04%,-2.23%,-12.59%,-1.79%,-24.61%,-19.21%,-,-,0.62,4.00%,-,-8.18%,-4.13%,-12.00%,40.71,811.20K,0.99,15.51,15.38,15.68,15.30,1.50,22.99,4 hours,These 7 major S&P 500 stocks need to rally at least 200% to reclaim their peaks,https://finance.yahoo.com/markets/article/these-7-major-sp-500-stocks-need-to-rally-at-least-200-to-reclaim-their-peaks-161550241.html,"PayPay Corp ADR reports fiscal Q1 2027 results with non-GAAP EPS $0.17 and revenue $689.5M, beats EPS and revenue estimates",Technology,3.40,12.18B,2.26,2.26,2.58B,813.70M,3.76%,-,3.38%,-38.33%,27.17%,-0.20%,-0.84%,-,2.85%,0.14%,sustained_strength,2,12.0,4.0,2.0,6.0,0.8233816684649639,0.8438228438228439,0.9513888888888888,0.0372960372960374,0.8793706293706294,0.9757755131808548,0.0990675990675989,0.8333333333333334,1.0,0.8333333333333334,0.1666666666666667,0.0,0.4209090909090909,-1.0665568629562214,-0.08908734480505338,-0.04307916970898093,0.61290322580645,0,0,0.72|0.56|0.92|0.59|0.46|1.28|0.74|0.71|0.63|0.61,0.76|0.73|0.73|0.71|0.68|0.69|0.68|0.66|0.64|0.62,0.49|0.56|1.16|0.82|1.06|1.08|0.85|0.45|0.64|0.99
2026-10-07,2026-10-07T21:09:06Z,leaders,v3,Software - Infrastructure,S,S,SentinelOne Inc,Software - Infrastructure,USA,8.81B,-,"8,035,523",25.31,-1.90%,Aug 27/a,-,54.27,1.17,8.02,283.53,-,7.41,-23.01%,-14.37%,-23.48%,0.00,0.00,-,-1.01,0.09,59.57%,46.13%,-0.06%,-27.12%,46.48%,33.36%,60.83%,20.56%,-25.69%,23.48%,21.09%,72.31%,-26.28%,-30.95%,-6.35%,2.36%,6.52%,30.26%,34.20%,87.48%,68.73%,46.72%,49.67%,1.05,4.77%,0.61,8.00%,15.31%,50.22%,64.27,8.00M,1.00,25.80,25.52,25.62,25.07,2.00,24.68,Oct-06,"Nike downgraded, Home Depot initiated: Wall Street's top analyst calls",https://finance.yahoo.com/markets/stocks/articles/nike-downgraded-home-depot-initiated-135003499.html,"FBN Securities downgrades SentinelOne to Sector Perform from Outperform, keeps $24 target on valuation concerns",Technology,13.25,8.14B,1.34,1.34,1.10B,-340.09M,80.32%,-55.41%,3.58%,-3.89%,114.31%,-0.82%,-1.09%,-,11.89%,0.60%,sustained_strength,2,12.0,4.0,2.0,6.0,0.8233816684649639,0.8438228438228439,0.9513888888888888,0.0372960372960374,0.8793706293706294,0.9757755131808548,0.0990675990675989,0.8333333333333334,1.0,0.8333333333333334,0.1666666666666667,0.0,0.4209090909090909,3.200450132355431,0.0740740740740741,0.1327725262336311,0.5238095238095245,1,1,0.51|1.68|1.09|0.83|0.61|1.13|0.73|0.51|0.93|0.52,1.09|1.15|1.16|1.15|1.12|1.13|1.13|1.09|1.08|1.05,0.78|1.33|0.81|0.88|1.13|1.13|1.42|1.05|1.15|1.00
2026-10-07,2026-10-07T21:09:06Z,leaders,v3,Software - Infrastructure,GTLB,GTLB,Gitlab Inc,Software - Infrastructure,USA,8.66B,-,"2,403,901",51.99,0.70%,Sep 01/a,-,50.06,5.31,8.21,40.54,-,7.06,-5.88%,-3.33%,-5.69%,0.00,0.00,-,-0.31,0.20,-9.75%,19.89%,33.89%,24.18%,9.43%,31.06%,44.39%,21.31%,-293.51%,-1190.91%,22.99%,85.77%,-8.07%,-4.99%,-10.44%,1.35%,10.03%,10.27%,53.54%,143.63%,38.53%,12.65%,12.00%,2.06,3.96%,1.00,6.21%,16.54%,59.86%,66.92,4.72M,0.51,51.63,51.61,52.53,51.32,2.52,55.71,Sep-03,"Why Did PFE, GTLB, COP Stocks Jump To 52-Week Highs Today?",https://finance.yahoo.com/m/82cb7591-b0bc-3f19-a470-f5f17046eb56/why-did-pfe%2C-gtlb%2C-cop-stocks.html,"GitLab beats Q2 estimates, raises FY27 outlook as William Blair upgrades to Outperform from Market Perform on AI progress",Technology,6.89,7.45B,2.35,2.35,1.06B,-52.69M,86.23%,-,4.57%,-6.41%,177.58%,0.74%,-0.04%,-,33.48%,4.80%,sustained_strength,2,12.0,4.0,2.0,6.0,0.8233816684649639,0.8438228438228439,0.9513888888888888,0.0372960372960374,0.8793706293706294,0.9757755131808548,0.0990675990675989,0.8333333333333334,1.0,0.8333333333333334,0.1666666666666667,0.0,0.4209090909090909,3.5818969610834066,0.05846907070897283,0.1419255191350609,0.5873786407766994,1,1,0.59|0.87|1.07|0.77|0.80|1.27|1.07|0.99|1.19|0.59,2.08|2.06|2.10|2.07|2.04|2.09|2.10|2.10|2.13|2.06,1.30|0.82|1.10|0.89|0.75|0.98|0.63|0.68|0.91|0.51
2026-10-07,2026-10-07T21:09:06Z,leaders,v3,Software - Infrastructure,ZETA,ZETA,Zeta Global Holdings Corp,Software - Infrastructure,USA,8.47B,-,"6,966,737",33.74,2.40%,Aug 04/a,RUT,28.11,1.11,5.39,37.74,61.38,5.33,-0.27%,-0.17%,-0.19%,0.23,0.24,-,-0.01,0.28,32.92%,23.70%,58.59%,17.79%,25.23%,30.21%,28.80%,43.55%,154.07%,94.31%,35.91%,54.19%,3.40%,-0.14%,-0.03%,1.43%,6.87%,9.58%,53.92%,114.63%,65.80%,69.04%,296.94%,1.47,4.66%,1.24,9.11%,15.56%,56.96%,69.32,7.78M,0.90,32.95,33.16,33.84,32.42,1.47,32.43,1 hour,Zeta Global Announces Palantir's Dr. Alex Karp and Zetas David A. Steinberg Will Discuss Data Sovereignty and Enterprise AI at Zeta Live 2026,https://www.businesswire.com/news/home/20261007511332/en/,Zeta Global to acquire data infrastructure firm Digital Audience,Technology,27.32,8.38B,2.38,2.38,1.57B,-2.17M,75.99%,322.28%,5.33%,-3.05%,134.88%,1.75%,0.64%,-,10.93%,5.27%,sustained_strength,2,12.0,4.0,2.0,6.0,0.8233816684649639,0.8438228438228439,0.9513888888888888,0.0372960372960374,0.8793706293706294,0.9757755131808548,0.0990675990675989,0.8333333333333334,1.0,0.8333333333333334,0.1666666666666667,0.0,0.4209090909090909,3.0905075079529905,0.0834937219319952,0.1346486673589477,0.9659863945578243,1,0,0.82|0.97|0.96|0.73|1.92|0.77|0.55|1.56|0.74|0.97,1.42|1.42|1.42|1.39|1.51|1.49|1.44|1.51|1.48|1.47,0.70|0.56|0.70|0.47|1.45|0.83|0.77|1.15|0.89|0.90
2026-10-07,2026-10-07T21:09:06Z,leaders,v3,Software - Infrastructure,NTSK,NTSK,Netskope Inc,Software - Infrastructure,USA,7.86B,-,"4,486,374",19.24,-2.04%,Sep 02/a,-,463.50,-,9.79,-,-,9.38,-,-58.05%,-83.88%,4.60,4.67,-,-1.86,-0.04,68.97%,127.87%,-37.46%,-,-,32.00%,-,29.15%,-15.79%,-124.09%,30.40%,69.90%,-94.23%,-91.84%,-2.22%,11.48%,10.32%,34.08%,54.91%,105.56%,9.69%,-12.66%,-,0.99,6.03%,3.05,8.86%,22.73%,50.46%,66.77,5.62M,0.80,19.64,19.48,19.61,19.05,1.32,18.56,Oct-06,"Netskope Unveils AgentSkope Marketplace, Streamlining How Teams Buy, Deploy, and Scale AI Agents",https://finviz.com/news/399326/netskope-unveils-agentskope-marketplace-streamlining-how-teams-buy-deploy-and-scale-ai-agents,Netskope launches AgentSkope Marketplace for centrally managing AI security and networking agents,Technology,7.37,7.53B,1.93,1.92,802.64M,-737.16M,43.34%,-,6.00%,-22.98%,151.01%,-1.23%,-0.81%,-,55.75%,2.95%,sustained_strength,2,12.0,4.0,2.0,6.0,0.8233816684649639,0.8438228438228439,0.9513888888888888,0.0372960372960374,0.8793706293706294,0.9757755131808548,0.0990675990675989,0.8333333333333334,1.0,0.8333333333333334,0.1666666666666667,0.0,0.4209090909090909,3.599304377598193,0.08138893992283673,0.18520329177870123,0.5656565656565644,1,1,0.59|1.06|0.97|1.03|0.71|1.39|0.87|0.97|1.58|0.57,0.94|0.95|0.95|0.95|0.93|0.95|0.95|0.94|1.02|0.99,1.18|1.07|0.89|1.06|0.78|1.33|0.87|0.58|1.92|0.80
2026-10-07,2026-10-07T21:09:06Z,leaders,v3,Software - Infrastructure,DBX,DBX,Dropbox Inc,Software - Infrastructure,USA,7.19B,18.37,"2,800,818",33.08,-1.93%,Aug 06/a,-,10.01,1.15,2.84,7.47,12.16,3.97,-,15.80%,28.10%,-,-,-,1.80,0.73,7.71%,8.01%,14.53%,-,8.67%,2.74%,5.66%,0.93%,-6.94%,9.77%,-0.05%,79.59%,26.50%,17.49%,-1.22%,-3.70%,-2.27%,-2.16%,12.48%,45.73%,18.99%,13.64%,19.72%,1.24,3.62%,0.63,-4.69%,-4.13%,16.99%,43.65,4.19M,0.67,33.73,33.73,34.00,32.94,3.50,31.80,Oct-06,Best Application Software Stocks: Citis Latest Top Picks,https://finance.yahoo.com/markets/stocks/articles/best-application-software-stocks-citi-135102366.html,"Citi downgrades Dropbox to Sell, cuts price target to $29 on concerns AI storage pivot success is already priced in",Technology,6.46,10.05B,1.06,1.06,2.53B,442.80M,84.14%,14.23%,3.65%,-13.34%,52.48%,-1.93%,0.00%,-,1.53%,0.77%,sustained_strength,2,12.0,4.0,2.0,6.0,0.8233816684649639,0.8438228438228439,0.9513888888888888,0.0372960372960374,0.8793706293706294,0.9757755131808548,0.0990675990675989,0.8333333333333334,1.0,0.8333333333333334,0.1666666666666667,0.0,0.4209090909090909,-1.1492410757847507,-0.049207848074703645,-0.04307916970898098,0.8548387096774211,0,0,1.00|0.47|0.70|1.00|1.42|0.95|0.50|0.67|1.14|0.85,1.34|1.29|1.28|1.28|1.33|1.32|1.27|1.24|1.25|1.24,1.64|0.98|1.35|1.05|1.35|1.15|0.63|0.98|0.79|0.67
2026-10-07,2026-10-07T21:09:06Z,leaders,v3,Software - Infrastructure,PATH,PATH,UiPath Inc,Software - Infrastructure,USA,6.81B,19.45,"22,775,479",13.07,-0.23%,Sep 03/a,-,14.22,1.07,3.96,18.77,30.07,3.26,20.03%,13.16%,17.93%,0.04,0.04,-,0.67,0.19,9.27%,16.81%,-,-,13.32%,15.01%,21.53%,13.42%,2279.31%,1765.75%,14.98%,82.14%,9.37%,21.03%,-1.44%,9.92%,1.79%,-6.71%,10.76%,25.79%,-20.26%,-11.81%,-21.83%,0.66,4.98%,1.06,-1.49%,-11.00%,3.44%,42.91,66.49M,0.34,13.10,13.13,13.21,12.94,2.79,15.78,8 hours,UiPath Recognized as a Leader in Analyst Evaluation for Adaptive Process Orchestration Software,https://finviz.com/news/399825/uipath-recognized-as-a-leader-in-analyst-evaluation-for-adaptive-process-orchestration-software,"UiPath announces that its Test Cloud offering is now available on Oracle Marketplace, formally expanding distribution of the product to Oracle’s cloud customer base.",Technology,5.30,5.61B,2.28,2.28,1.72B,361.92M,68.21%,-75.02%,3.82%,-34.12%,42.06%,-0.46%,0.23%,-,1.01%,3.14%,sustained_strength,2,12.0,4.0,2.0,6.0,0.8233816684649639,0.8438228438228439,0.9513888888888888,0.0372960372960374,0.8793706293706294,0.9757755131808548,0.0990675990675989,0.8333333333333334,1.0,0.8333333333333334,0.1666666666666667,0.0,0.4209090909090909,-2.4475655430711605,-0.015125367982945852,-0.12359550561797751,0.4090909090909111,0,1,0.77|0.56|0.95|0.46|0.87|0.66|0.54|0.61|0.59|0.41,0.84|0.81|0.82|0.78|0.78|0.76|0.74|0.72|0.69|0.66,0.70|0.65|0.71|0.52|0.61|0.62|0.29|0.44|0.27|0.34
2026-10-07,2026-10-07T21:09:06Z,leaders,v3,Software - Infrastructure,QLYS,QLYS,Qualys Inc,Software - Infrastructure,USA,6.74B,33.73,"742,645",194.75,-2.59%,Aug 04/a,RUT,22.99,2.83,9.55,21.46,24.51,9.02,38.59%,19.92%,34.02%,0.08,0.09,-,5.77,1.96,10.79%,8.14%,25.61%,19.39%,8.11%,11.10%,13.07%,11.92%,15.53%,14.48%,10.71%,83.56%,35.04%,29.28%,-20.47%,-1.25%,4.03%,14.34%,22.18%,122.93%,46.54%,52.55%,20.99%,8.94,5.37%,0.57,7.48%,9.38%,51.47%,59.91,728.11K,1.02,199.93,198.33,199.79,190.21,2.79,179.75,7 hours,Are You Overpaying For CrowdStrike Stock Versus Its Rivals?,https://finance.yahoo.com/markets/stocks/articles/overpaying-crowdstrike-stock-versus-rivals-140408065.html,CalSTRS massive stake increase to 16.33% drives QLYS 12.7% surge,Technology,15.80,6.36B,1.38,1.38,705.41M,206.54M,108.31%,72.85%,4.30%,-4.72%,161.37%,-1.81%,-0.80%,-,11.24%,2.02%,sustained_strength,2,12.0,4.0,2.0,6.0,0.8233816684649639,0.8438228438228439,0.9513888888888888,0.0372960372960374,0.8793706293706294,0.9757755131808548,0.0990675990675989,0.8333333333333334,1.0,0.8333333333333334,0.1666666666666667,0.0,0.4209090909090909,1.86812041676433,0.06959434313360616,0.08575607972206988,1.0715883668903785,1,0,0.79|1.07|0.82|0.85|1.28|0.71|0.72|0.72|0.97|1.07,9.30|9.41|9.28|9.17|9.38|9.18|9.09|8.90|8.88|8.94,0.50|0.77|0.77|0.65|0.88|0.88|0.64|1.06|1.01|1.02
2026-10-07,2026-10-07T21:09:06Z,leaders,v3,Software - Infrastructure,WEX,WEX,WEX Inc,Software - Infrastructure,USA,5.79B,16.92,"521,760",169.96,-0.89%,Jul 22/a,-,7.98,0.59,2.07,53.39,4.20,1.59,30.19%,2.25%,7.20%,2.62,3.98,-,10.04,5.63,25.20%,5.62%,23.44%,-,13.63%,4.22%,11.27%,14.24%,57.05%,27.03%,7.46%,57.37%,25.96%,12.56%,-6.88%,2.06%,0.75%,-9.28%,10.49%,7.35%,14.08%,7.99%,-7.64%,5.68,3.08%,0.95,-6.97%,-9.76%,4.93%,34.97,647.22K,0.81,171.48,171.35,172.85,169.03,2.61,191.50,Sep-30,"WEX Expands AI-Powered Claims Tool Beyond FSAs Following 600,000 Automated Approvals in First Year",https://finviz.com/news/397148/wex-expands-ai-powered-claims-tool-beyond-fsas-following-600000-automated-approvals-in-first-year,"CalSTRS builds massive 15.73% WEX stake in Q2, fueling 4.82% gain",Technology,0.86,4.44B,1.04,1.04,2.79B,350.70M,117.34%,-6.74%,2.96%,-16.68%,35.65%,-0.81%,-0.08%,-,5.37%,1.72%,sustained_strength,2,12.0,4.0,2.0,6.0,0.8233816684649639,0.8438228438228439,0.9513888888888888,0.0372960372960374,0.8793706293706294,0.9757755131808548,0.0990675990675989,0.8333333333333334,1.0,0.8333333333333334,0.1666666666666667,0.0,0.4209090909090909,-3.236302567176107,-0.07492206815005907,-0.10815602836879434,0.6725352112676045,0,0,0.73|1.72|0.72|1.12|0.93|0.83|0.76|1.06|0.56|0.67,5.90|6.25|6.12|6.17|6.14|6.06|5.95|6.02|5.82|5.68,0.63|1.08|0.87|1.01|1.16|1.13|0.82|0.91|0.67|0.81
2026-10-07,2026-10-07T21:09:06Z,leaders,v3,Software - Infrastructure,VRNS,VRNS,Varonis Systems Inc,Software - Infrastructure,USA,5.62B,-,"1,643,876",48.96,-0.24%,Jul 28/a,RUT,118.42,2.09,8.16,46.12,-,7.91,-35.97%,-8.65%,-14.72%,1.16,1.19,-,-1.22,0.03,-17.02%,176.81%,0.27%,-2.55%,56.53%,9.55%,16.30%,18.84%,-27.53%,-33.39%,15.86%,77.10%,-24.01%,-20.50%,0.00%,2.32%,3.18%,7.70%,6.88%,114.64%,49.27%,-18.37%,58.19%,1.77,3.60%,0.77,3.11%,9.21%,42.99%,60.43,1.77M,0.93,49.08,49.03,49.67,47.92,1.69,52.43,Sep-21,Varonis Recognized as a Pace Setter in the Gartner Emerging Market Quadrant for AI Application Security - Established Vendors,https://finviz.com/news/393857/varonis-recognized-as-a-pace-setter-in-the-gartner-emerging-market-quadrant-for-ai-application-security-established-vendors,"Varonis Systems launches Data Lifecycle Management capability to automatically identify and remove redundant, obsolete, and trivial enterprise data across customer environments",Technology,8.05,5.45B,1.65,1.65,689.56M,-141.38M,99.90%,-20.97%,2.45%,-23.38%,148.53%,-0.14%,-0.10%,-,406.33%,1.80%,sustained_strength,2,12.0,4.0,2.0,6.0,0.8233816684649639,0.8438228438228439,0.9513888888888888,0.0372960372960374,0.8793706293706294,0.9757755131808548,0.0990675990675989,0.8333333333333334,1.0,0.8333333333333334,0.1666666666666667,0.0,0.4209090909090909,2.3327347871229303,0.030161962952186844,0.0843329365442726,0.9887005649717514,1,0,0.82|0.93|1.76|1.11|0.61|0.81|0.59|0.61|0.48|0.99,2.39|1.88|1.99|2.01|1.95|1.92|1.86|1.81|1.77|1.77,0.77|0.83|0.96|0.64|0.66|0.79|0.56|0.60|0.90|0.93
2026-10-07,2026-10-07T21:09:06Z,leaders,v3,Diagnostics & Research,TMO,TMO,Thermo Fisher Scientific Inc,Diagnostics & Research,USA,244.79B,35.61,"1,820,873",662.06,0.83%,Oct 21/b,S&P 500,24.13,2.46,5.28,33.45,24.05,6.12,13.51%,6.50%,7.59%,0.74,0.81,14.34%,18.59,6.40,9.80%,9.27%,0.18%,2.11%,9.82%,-0.27%,6.70%,10.49%,9.38%,7.47%,7.23%,40.19%,19.09%,15.04%,-9.70%,-0.33%,-1.92%,9.79%,26.18%,31.50%,14.26%,22.79%,32.80%,18.33,2.58%,0.85,1.09%,6.22%,21.68%,56.59,2.06M,0.88,656.58,662.40,671.66,651.12,1.53,672.46,1 hour,Quantum BioPharma (QNTM) Enlists Thermo Fisher's Clinical Research Business to Launch Phase 2 Lucid-MS Trial,https://finance.yahoo.com/healthcare/articles/quantum-biopharma-qntm-enlists-thermo-193000602.html,"Thermo Fisher sees AI-driven pharma R&D boosting organic growth to 4% in H2 2026, 7% by 2028",Healthcare,60.07,283.40B,1.55,1.18,46.34B,6.97B,94.24%,13.46%,3.46%,-4.65%,52.10%,-0.05%,0.89%,12.75%,5.43%,2.46%,sustained_strength,3,13.0,2.0,3.0,8.0,0.7347999623289118,0.7645687645687645,0.8958333333333334,-0.127039627039627,0.8208041958041957,0.9610645848753144,-0.3799533799533801,0.8333333333333334,1.0,0.8333333333333334,-0.1666666666666666,0.0,-0.0072121212121212,2.1150418851937616,0.010782471065387239,0.05855771041235182,1.1205673758865229,1,0,1.70|0.85|1.15|0.67|0.78|1.34|0.72|1.74|2.19|1.12,15.93|15.78|15.97|15.57|15.32|15.89|15.55|16.49|18.16|18.33,0.99|0.99|0.91|0.90|1.13|1.16|0.81|1.04|1.34|0.88
2026-10-07,2026-10-07T21:09:06Z,leaders,v3,Diagnostics & Research,DHR,DHR,Danaher Corp,Diagnostics & Research,USA,153.60B,38.79,"3,974,063",218.49,1.34%,Oct 21/b,S&P 500,23.49,2.49,6.12,28.10,22.56,7.05,7.61%,4.59%,5.15%,0.48,0.53,12.20%,5.63,1.92,9.07%,9.31%,-19.39%,0.65%,9.45%,-2.67%,1.97%,5.54%,59.30%,19.34%,4.56%,58.97%,21.19%,15.95%,-0.09%,-0.90%,-1.38%,6.46%,11.49%,11.37%,-4.56%,4.66%,0.58%,6.58,2.85%,0.78,1.42%,3.96%,8.42%,53.90,4.66M,0.85,215.61,217.77,220.48,214.39,1.36,239.14,2 hours,"Top Stock Reports for AMD, Palo Alto & ConocoPhillips",https://finviz.com/news/400101/top-stock-reports-for-amd-palo-alto-conocophillips,Danaher to launch first AI-powered autonomous research lab early next year to speed discovery of custom antibodies and molecular tools,Healthcare,35.33,177.12B,1.65,1.25,25.11B,4.00B,84.55%,-18.54%,3.97%,-10.01%,35.77%,0.33%,1.00%,8.58%,4.83%,2.35%,sustained_strength,3,13.0,2.0,3.0,8.0,0.7347999623289118,0.7645687645687645,0.8958333333333334,-0.127039627039627,0.8208041958041957,0.9610645848753144,-0.3799533799533801,0.8333333333333334,1.0,0.8333333333333334,-0.1666666666666666,0.0,-0.0072121212121212,1.2648370720092268,0.014001183198580177,0.038091573682185506,0.9255319148936175,1,0,1.29|0.57|1.08|0.73|1.12|1.78|0.68|1.41|1.89|0.93,5.94|5.76|5.79|5.68|5.73|6.09|5.96|6.16|6.61|6.58,1.32|0.94|1.05|0.77|1.13|1.13|0.83|0.66|0.78|0.85
2026-10-07,2026-10-07T21:09:06Z,leaders,v3,Diagnostics & Research,NTRA,NTRA,Natera Inc,Diagnostics & Research,USA,57.02B,-,"2,816,266",395.56,-1.27%,Aug 06/a,-,-,-,21.06,677.17,-,20.75,-12.54%,-8.71%,-9.79%,0.08,0.13,-,-1.37,-0.26,7.04%,84.89%,35.09%,11.70%,-,41.14%,42.61%,37.71%,36.85%,28.02%,37.82%,64.74%,-10.56%,-7.11%,-6.21%,1.38%,-4.29%,22.03%,40.34%,87.62%,72.67%,134.71%,808.29%,16.00,4.08%,1.54,2.98%,16.32%,57.11%,59.90,1.42M,1.98,400.65,393.02,401.09,383.45,1.44,379.93,9 hours,"Natera Announces Randomized, Signatera-Guided Interventional Study in Melanoma",https://finviz.com/news/399773/natera-announces-randomized-signatera-guided-interventional-study-in-melanoma,Natera announces the launch of a randomized interventional study using its Signatera test to guide treatment decisions in melanoma.,Healthcare,52.24,56.16B,3.00,2.85,2.71B,-192.35M,92.71%,239.30%,5.33%,-9.57%,136.40%,0.65%,-1.90%,-,4.84%,13.84%,sustained_strength,3,13.0,2.0,3.0,8.0,0.7347999623289118,0.7645687645687645,0.8958333333333334,-0.127039627039627,0.8208041958041957,0.9610645848753144,-0.3799533799533801,0.8333333333333334,1.0,0.8333333333333334,-0.1666666666666666,0.0,-0.0072121212121212,3.468631361760661,0.028937657797630592,0.14030261348005504,1.1024999999999991,1,0,1.81|0.63|0.85|0.96|1.09|1.21|0.94|1.59|2.69|1.10,13.51|13.14|12.99|12.95|13.04|13.25|13.19|13.81|15.87|16.00,1.38|1.14|1.18|1.50|1.35|1.35|1.56|1.45|1.78|1.98
2026-10-07,2026-10-07T21:09:06Z,leaders,v3,Diagnostics & Research,A,A,Agilent Technologies Inc,Diagnostics & Research,USA,47.67B,33.29,"2,555,367",169.09,-0.14%,Aug 26/a,S&P 500,25.08,2.50,6.47,37.63,24.36,6.76,20.97%,11.00%,13.08%,0.50,0.54,6.58%,5.08,1.73,10.95%,8.71%,3.03%,14.68%,10.03%,0.48%,5.41%,8.06%,8.50%,19.07%,8.60%,53.72%,24.09%,19.53%,-0.23%,1.09%,-1.87%,15.14%,26.57%,44.62%,24.27%,22.03%,52.83%,5.11,3.02%,1.24,3.72%,9.52%,26.84%,60.91,2.26M,1.13,169.33,169.88,171.27,166.52,1.84,178.17,Oct-01,Agilent Introduces the NovoStation Sample Preparation System for Automated Flow Cytometry Workflows,https://finviz.com/news/397670/agilent-introduces-the-novostation-sample-preparation-system-for-automated-flow-cytometry-workflows,Agilent launches NovoStation Sample Preparation System to automate and standardize high-throughput flow cytometry with NovoCyte instruments,Healthcare,27.12,49.86B,2.05,1.56,7.37B,1.44B,95.51%,8.87%,3.28%,-4.50%,56.06%,-0.47%,0.32%,5.63%,8.85%,1.98%,sustained_strength,3,13.0,2.0,3.0,8.0,0.7347999623289118,0.7645687645687645,0.8958333333333334,-0.127039627039627,0.8208041958041957,0.9610645848753144,-0.3799533799533801,0.8333333333333334,1.0,0.8333333333333334,-0.1666666666666666,0.0,-0.0072121212121212,2.8763420955201764,0.03586579251831851,0.08692476260043823,0.9295499021526418,1,0,2.23|0.72|1.30|0.78|0.78|1.31|0.80|1.01|1.63|0.93,5.01|4.90|5.01|4.93|4.85|4.97|4.89|4.89|5.14|5.11,1.36|1.14|0.97|0.91|1.15|1.23|1.01|0.78|0.83|1.13
2026-10-07,2026-10-07T21:09:06Z,leaders,v3,Diagnostics & Research,WAT,WAT,Waters Corp,Diagnostics & Research,USA,42.84B,108.87,"770,876",435.99,-0.10%,Aug 04/b,S&P 500,26.44,2.22,9.22,114.19,41.07,10.28,1.91%,1.13%,0.81%,0.34,0.36,-,4.00,4.00,11.04%,13.11%,-2.83%,5.19%,11.91%,2.12%,6.00%,113.27%,-156.16%,-63.86%,52.47%,41.95%,11.83%,3.58%,-2.57%,1.29%,-0.77%,8.21%,15.61%,36.88%,14.79%,36.95%,63.05%,12.86,2.72%,1.17,2.22%,5.35%,19.63%,58.44,771.26K,1.00,436.43,436.00,440.37,427.41,1.81,459.82,Oct-06,"CellCarta, Waters Corporation collaborate on companion diagnostics",https://finance.yahoo.com/healthcare/articles/cellcarta-waters-corporation-collaborate-companion-102852894.html,"Waters launches BD FACSDiscover A7 Cell Analyzer globally, expanding spectral flow cytometry platform for academic, pharma and CRO customers",Healthcare,79.47,47.75B,1.86,1.29,4.64B,166.14M,102.12%,25.90%,3.41%,-4.08%,54.19%,-0.00%,-0.10%,-,1.32%,1.40%,sustained_strength,3,13.0,2.0,3.0,8.0,0.7347999623289118,0.7645687645687645,0.8958333333333334,-0.127039627039627,0.8208041958041957,0.9610645848753144,-0.3799533799533801,0.8333333333333334,1.0,0.8333333333333334,-0.1666666666666666,0.0,-0.0072121212121212,1.721689384640256,0.021717863431813686,0.05078310393925019,1.007776049766717,1,0,1.59|0.90|1.78|0.56|0.78|1.13|0.85|1.47|1.78|1.01,11.51|11.43|12.15|11.75|11.55|11.78|11.64|12.08|12.86|12.86,1.28|0.82|1.22|0.80|0.85|1.06|0.82|1.32|1.38|1.00
2026-10-07,2026-10-07T21:09:06Z,leaders,v3,Diagnostics & Research,IQV,IQV,IQVIA Holdings Inc,Diagnostics & Research,USA,42.48B,32.02,"1,406,049",258.11,-0.72%,Oct 27/b,S&P 500,17.91,1.68,2.50,19.45,16.02,3.34,23.01%,4.70%,6.83%,2.26,2.63,-,8.06,3.27,8.79%,11.13%,11.05%,40.52%,10.68%,4.18%,7.50%,8.84%,-0.36%,16.68%,8.22%,26.02%,13.90%,8.09%,-6.89%,-1.58%,-3.99%,-0.42%,23.52%,49.59%,14.51%,28.50%,29.94%,7.56,2.65%,1.16,-3.04%,0.75%,25.04%,45.88,1.44M,0.98,259.98,261.41,261.41,255.05,1.48,293.50,54 min,IQVIA Launches IQVIA Life Science Models to Help Life Sciences Companies Predict Clinical Trial Outcomes,https://finviz.com/news/400066/iqvia-launches-iqvia-life-science-models-to-help-life-sciences-companies-predict-clinical-trial-outcomes,IQVIA launches Life Science Models and Explorer AI platforms at TechIQ 2026 for clinical trial prediction and commercial analytics,Healthcare,20.43,56.78B,0.71,0.71,16.99B,1.38B,102.14%,5.86%,3.30%,-6.95%,67.06%,-1.26%,0.55%,-,3.88%,1.53%,sustained_strength,3,13.0,2.0,3.0,8.0,0.7347999623289118,0.7645687645687645,0.8958333333333334,-0.127039627039627,0.8208041958041957,0.9610645848753144,-0.3799533799533801,0.8333333333333334,1.0,0.8333333333333334,-0.1666666666666666,0.0,-0.0072121212121212,0.25415534286501934,-0.03135313531353144,0.0074441687344912865,0.8412698412698432,1,0,1.47|0.77|0.95|1.00|0.79|1.33|0.70|1.18|1.89|0.84,7.24|7.13|7.10|7.10|6.99|7.17|7.01|7.13|7.66|7.56,1.30|0.76|1.12|0.81|1.06|1.02|0.95|1.18|0.77|0.98
2026-10-07,2026-10-07T21:09:06Z,leaders,v3,Diagnostics & Research,ILMN,ILMN,Illumina Inc,Diagnostics & Research,USA,40.43B,49.90,"2,948,761",267.76,-2.11%,Jul 30/a,S&P 500,43.99,3.40,8.99,43.43,35.84,9.30,32.38%,12.95%,17.25%,0.69,0.89,-,5.37,1.36,10.65%,13.66%,-,4.22%,12.93%,-1.82%,6.02%,9.84%,-9.61%,-31.78%,4.97%,66.81%,19.87%,18.35%,-87.13%,-0.56%,-2.16%,26.86%,38.19%,109.19%,104.15%,176.95%,96.77%,14.11,5.52%,1.45,6.49%,19.50%,62.36%,59.47,2.66M,1.11,273.54,271.21,276.20,260.45,2.42,232.47,Oct-05,Illumina Inc. stock outperforms competitors on strong trading day,https://www.marketwatch.com/data-news/illumina-inc-stock-outperforms-competitors-on-strong-trading-day-3fa120df-31d33f18c260?mod=mw_FV,UBS upgrade and nearing S&P 500 inclusion drive ILMN's 8% surge,Healthcare,34.62,41.79B,1.80,1.40,4.50B,825.00M,104.88%,-31.81%,6.75%,-13.44%,204.27%,-1.27%,-0.85%,-,6.83%,2.51%,sustained_strength,3,13.0,2.0,3.0,8.0,0.7347999623289118,0.7645687645687645,0.8958333333333334,-0.127039627039627,0.8208041958041957,0.9610645848753144,-0.3799533799533801,0.8333333333333334,1.0,0.8333333333333334,-0.1666666666666666,0.0,-0.0072121212121212,3.0966020122824567,0.06094468964221993,0.16317991631799172,1.1162296243798724,1,0,2.32|0.81|1.11|1.03|0.86|0.82|0.86|2.03|2.70|1.12,11.65|11.48|11.57|11.60|11.48|11.32|11.20|12.16|13.99|14.11,1.38|1.99|1.16|0.87|1.14|0.75|1.09|1.63|1.67|1.11
2026-10-07,2026-10-07T21:09:06Z,leaders,v3,Diagnostics & Research,MTD,MTD,Mettler-Toledo International Inc,Diagnostics & Research,USA,30.73B,34.51,"227,195",1533.48,0.03%,Jul 30/a,S&P 500,29.65,2.90,7.43,35.56,25.12,7.93,-,25.61%,44.02%,159.49,164.74,-,44.43,12.12,10.77%,9.26%,3.07%,11.04%,10.23%,0.90%,5.47%,4.48%,18.37%,12.43%,6.91%,58.35%,28.41%,21.91%,-2.79%,1.17%,1.49%,15.69%,19.06%,15.93%,9.99%,17.14%,41.76%,44.60,3.11%,1.19,5.81%,8.02%,16.10%,64.64,182.92K,1.24,1533.07,1532.82,1551.17,1516.54,2.65,1506.25,Sep-02,"Redburn starts Mettler-Toledo at Sell, sees valuation outpacing growth",https://finance.yahoo.com/markets/stocks/articles/redburn-starts-mettler-toledo-sell-160206384.html,"Goldman's $1,510 target raise extends Mettler-Toledo rally 4.7% through Tuesday's regular session",Healthcare,598.01,32.79B,1.12,0.78,4.13B,905.61M,106.12%,9.20%,3.56%,-3.29%,49.89%,0.04%,-0.02%,-,5.59%,-0.04%,sustained_strength,3,13.0,2.0,3.0,8.0,0.7347999623289118,0.7645687645687645,0.8958333333333334,-0.127039627039627,0.8208041958041957,0.9610645848753144,-0.3799533799533801,0.8333333333333334,1.0,0.8333333333333334,-0.1666666666666666,0.0,-0.0072121212121212,2.552780376993799,0.05490974388054068,0.074245510090724,0.7764573991031415,1,0,1.50|0.73|1.43|0.71|1.07|1.39|0.53|1.54|1.61|0.78,41.81|40.97|42.36|41.43|41.64|42.93|41.42|43.22|45.36|44.60,1.34|0.66|0.98|0.77|0.83|0.91|0.71|0.92|1.08|1.24
2026-10-07,2026-10-07T21:09:06Z,leaders,v3,Diagnostics & Research,LH,LH,Labcorp Holdings Inc,Diagnostics & Research,USA,25.30B,25.80,"542,971",311.97,0.08%,Oct 28/b,S&P 500,15.70,1.63,1.76,21.90,13.74,2.23,11.74%,5.48%,6.60%,0.76,0.79,-,12.09,4.65,11.63%,8.27%,-9.18%,-8.01%,9.61%,5.55%,-0.04%,5.78%,28.47%,33.31%,6.41%,26.82%,11.35%,6.99%,-4.98%,0.18%,1.25%,-3.97%,12.37%,13.56%,24.35%,11.57%,54.91%,6.81,2.39%,0.89,-0.21%,-2.43%,10.95%,47.33,735.38K,0.74,311.71,312.04,315.08,311.21,1.71,347.60,Sep-30,"Labcorp to Announce Third Quarter 2026 Financial Results on October 28, 2026",https://finviz.com/news/397062/labcorp-to-announce-third-quarter-2026-financial-results-on-october-28-2026,Sharp pork cutout drop and weak August exports pressure lean hogs lower,Healthcare,178.43,31.94B,1.80,1.53,14.35B,1.00B,101.18%,30.02%,1.88%,-8.73%,27.58%,-0.02%,0.11%,10.06%,4.41%,0.59%,sustained_strength,3,13.0,2.0,3.0,8.0,0.7347999623289118,0.7645687645687645,0.8958333333333334,-0.127039627039627,0.8208041958041957,0.9610645848753144,-0.3799533799533801,0.8333333333333334,1.0,0.8333333333333334,-0.1666666666666666,0.0,-0.0072121212121212,-1.140921303986429,-0.0021044192804890996,-0.024905196269345068,0.5682819383259919,0,0,0.78|0.71|0.72|0.44|0.62|0.78|0.92|0.57|1.11|0.57,8.26|8.08|7.91|7.59|7.37|7.25|7.21|6.97|7.04|6.81,1.07|1.11|1.06|0.83|0.88|0.77|0.81|0.97|1.36|0.74
2026-10-07,2026-10-07T21:09:06Z,leaders,v3,Diagnostics & Research,DGX,DGX,Quest Diagnostics Inc,Diagnostics & Research,USA,25.06B,24.09,"927,411",227.06,-0.58%,Oct 22/b,S&P 500,18.83,1.89,2.17,18.58,13.79,2.70,14.35%,6.43%,7.72%,0.82,0.85,7.39%,9.43,2.87,13.64%,7.73%,3.08%,-3.64%,9.96%,3.74%,3.18%,10.21%,14.54%,12.51%,9.87%,31.87%,14.56%,9.15%,-9.00%,0.95%,-2.58%,-3.58%,9.14%,14.21%,30.85%,24.83%,82.72%,5.24,2.29%,0.55,-4.04%,-4.45%,9.77%,37.36,1.04M,0.90,228.39,228.51,229.80,226.81,2.20,251.21,Oct-01,Apple's Betting Improved Heart and Health Insights Will Boost Watch Sales,https://www.barrons.com/articles/apples-watch-health-heart-siri-stock-1296956c?mod=bar_FV,"Quest Diagnostics Haystack MRD ctDNA assay shows 100% specificity, up to 100% sensitivity for colorectal cancer recurrence in peer‑reviewed study",Healthcare,40.03,31.20B,1.59,1.46,11.56B,1.06B,97.87%,58.23%,2.07%,-8.75%,32.65%,-0.63%,0.05%,6.62%,10.53%,2.36%,sustained_strength,3,13.0,2.0,3.0,8.0,0.7347999623289118,0.7645687645687645,0.8958333333333334,-0.127039627039627,0.8208041958041957,0.9610645848753144,-0.3799533799533801,0.8333333333333334,1.0,0.8333333333333334,-0.1666666666666666,0.0,-0.0072121212121212,-2.0180813370562554,-0.04210087536473532,-0.046572475143903724,0.5706106870229025,0,0,0.63|0.48|0.76|1.17|1.07|0.52|0.85|0.69|1.17|0.57,5.95|5.72|5.62|5.69|5.72|5.52|5.46|5.33|5.41|5.24,0.92|0.74|1.03|1.54|1.08|0.98|1.08|1.00|1.75|0.90
2026-10-07,2026-10-07T21:09:06Z,leaders,v3,Diagnostics & Research,GH,GH,Guardant Health Inc,Diagnostics & Research,USA,22.59B,-,"2,200,599",168.33,-1.38%,Jul 30/a,-,-,-,19.09,-,-,19.64,-,-27.95%,-31.35%,-,-,-,-3.50,-0.75,1.97%,37.57%,19.67%,-4.99%,58.58%,29.75%,27.92%,44.33%,-12.34%,-4.60%,42.74%,65.01%,-39.70%,-38.33%,-14.39%,-1.94%,-5.62%,4.57%,2.59%,81.31%,64.80%,165.34%,491.05%,8.47,4.88%,1.67,-3.55%,0.72%,34.57%,46.37,2.04M,1.08,170.69,166.50,171.55,165.00,1.41,203.79,Oct-05,Guardant Health COSMOS Study Published in Cancer Research Communications Validates Utility of Guardant Reveal Liquid Biopsy Test for Predicting Recurrence in Melanoma,https://finviz.com/news/398821/guardant-health-cosmos-study-published-in-cancer-research-communications-validates-utility-of-guardant-reveal-liquid-biopsy-test-for-predicting-recurrence-in-melanoma,No clear catalyst identified; peer selloff reverses Guardant Health’s prior-session gain during Tuesday trading,Healthcare,21.44,23.23B,4.03,3.71,1.18B,-453.44M,101.02%,50.85%,5.96%,-11.89%,175.95%,1.10%,-2.45%,-,-18.14%,6.60%,sustained_strength,3,13.0,2.0,3.0,8.0,0.7347999623289118,0.7645687645687645,0.8958333333333334,-0.127039627039627,0.8208041958041957,0.9610645848753144,-0.3799533799533801,0.8333333333333334,1.0,0.8333333333333334,-0.1666666666666666,0.0,-0.0072121212121212,0.14206755047249206,-0.0368066355624676,0.007148530579825389,0.7733175914994109,1,0,1.03|0.69|0.70|0.83|0.67|0.94|0.97|1.48|2.44|0.77,8.08|7.89|7.71|7.62|7.43|7.40|7.38|7.66|8.61|8.47,1.04|0.64|0.54|0.76|0.73|0.92|0.80|0.86|1.68|1.08
2026-10-07,2026-10-07T21:09:06Z,leaders,v3,Diagnostics & Research,RVTY,RVTY,Revvity Inc,Diagnostics & Research,USA,17.14B,72.95,"2,233,725",153.60,0.20%,Aug 04/b,S&P 500,26.09,3.06,5.89,30.71,22.57,6.68,3.21%,1.94%,2.38%,0.38,0.46,0.00%,2.11,1.30,5.86%,9.90%,-22.75%,-20.40%,8.53%,-4.82%,-5.47%,1.31%,-0.88%,-10.40%,4.05%,48.19%,15.45%,8.18%,-1.73%,-1.15%,0.46%,20.87%,35.99%,69.91%,58.76%,68.44%,42.83%,5.83,4.02%,1.09,5.85%,17.70%,43.38%,66.39,1.76M,1.27,153.30,153.03,156.01,149.25,2.57,138.64,Oct-06,Revvity to Host Investor Day,https://finviz.com/news/399147/revvity-to-host-investor-day,Revvity launches CE‑IVDR‑certified GSP T1D 3plex autoantibody screening kit for type 1 diabetes risk detection,Healthcare,16.74,19.46B,1.80,1.50,2.91B,238.07M,97.24%,-10.18%,5.23%,-7.61%,89.12%,0.37%,-0.18%,0.00%,16.16%,1.14%,sustained_strength,3,13.0,2.0,3.0,8.0,0.7347999623289118,0.7645687645687645,0.8958333333333334,-0.127039627039627,0.8208041958041957,0.9610645848753144,-0.3799533799533801,0.8333333333333334,1.0,0.8333333333333334,-0.1666666666666666,0.0,-0.0072121212121212,3.962045552914566,0.05526688710439302,0.15038232795242135,1.1595197255574599,1,0,2.14|1.02|0.62|0.80|1.15|1.46|0.98|1.39|2.57|1.16,4.89|4.89|4.76|4.69|4.75|4.92|4.91|5.07|5.76|5.83,1.48|1.12|0.87|0.95|2.64|1.45|0.71|0.89|1.54|1.27
2026-10-07,2026-10-07T21:09:06Z,leaders,v3,Diagnostics & Research,MEDP,MEDP,Medpace Holdings Inc,Diagnostics & Research,USA,16.87B,35.44,"207,570",604.25,0.22%,Oct 21/a,-,31.22,2.58,6.06,23.87,27.01,5.93,162.15%,27.09%,88.72%,0.28,0.33,-,17.05,4.44,15.23%,9.93%,28.02%,31.79%,12.08%,20.12%,22.27%,17.24%,37.23%,25.88%,24.67%,27.76%,20.97%,17.67%,-6.26%,1.90%,-3.19%,2.26%,12.84%,16.06%,7.58%,13.61%,145.55%,19.15,2.83%,1.12,-1.18%,0.46%,15.19%,48.78,278.78K,0.74,602.90,600.00,615.63,596.08,2.94,613.25,Sep-22,"Medpace Holdings, Inc. to Report Third Quarter 2026 Financial Results on October 21, 2026",https://www.businesswire.com/news/home/20260922363996/en/,Jefferies demand improvement note and momentum from Q2 beat drive MEDP higher,Healthcare,33.55,16.51B,0.73,0.73,2.78B,491.50M,89.58%,212.82%,4.38%,-10.86%,62.00%,0.71%,-0.48%,-,6.84%,2.58%,sustained_strength,3,13.0,2.0,3.0,8.0,0.7347999623289118,0.7645687645687645,0.8958333333333334,-0.127039627039627,0.8208041958041957,0.9610645848753144,-0.3799533799533801,0.8333333333333334,1.0,0.8333333333333334,-0.1666666666666666,0.0,-0.0072121212121212,0.14448159874498567,-0.011940902651285265,0.0045789368903044695,1.0208877284595277,1,0,1.00|0.79|0.87|0.82|0.94|1.90|1.33|1.26|2.16|1.02,16.00|15.75|15.59|15.38|15.31|16.45|16.87|17.42|19.12|19.15,1.06|0.80|0.85|0.89|1.09|0.83|1.09|1.23|0.79|0.74
2026-10-07,2026-10-07T21:09:06Z,leaders,v3,Diagnostics & Research,CRL,CRL,Charles River Laboratories International Inc,Diagnostics & Research,USA,14.34B,-,"1,242,350",300.30,-1.53%,Aug 05/b,S&P 500,23.43,1.98,3.58,38.68,20.52,4.30,-7.70%,-3.16%,-4.06%,1.07,1.07,-,-4.85,2.96,10.53%,12.80%,-,-,11.83%,0.33%,6.55%,-2.72%,-102.91%,-268.79%,-0.74%,32.63%,13.51%,-5.96%,-23.69%,-1.79%,1.79%,6.96%,28.55%,71.53%,50.54%,76.54%,55.23%,11.96,3.78%,1.40,4.68%,7.04%,41.90%,58.51,938.22K,1.32,304.96,303.38,305.18,294.28,1.81,322.20,Oct-06,Charles River and Autolomous Partner to Transform Laboratory Execution Systems,https://finviz.com/news/399218/charles-river-and-autolomous-partner-to-transform-laboratory-execution-systems,Charles River launches Apollo Orchestrate to automate biologics testing workflows across global GMP sites,Healthcare,66.23,17.20B,1.35,1.04,4.00B,-238.46M,121.35%,-27.91%,5.19%,-9.90%,105.41%,-1.02%,-0.52%,-,10.13%,2.75%,sustained_strength,3,13.0,2.0,3.0,8.0,0.7347999623289118,0.7645687645687645,0.8958333333333334,-0.127039627039627,0.8208041958041957,0.9610645848753144,-0.3799533799533801,0.8333333333333334,1.0,0.8333333333333334,-0.1666666666666666,0.0,-0.0072121212121212,1.651394033924744,0.04470768055024843,0.06576980568011967,0.9113712374581968,1,0,2.05|0.78|0.77|0.88|0.57|1.26|0.51|1.94|2.76|0.91,10.45|10.27|10.09|10.00|9.68|9.87|9.52|10.41|12.05|11.96,1.69|0.88|0.96|0.71|0.86|0.89|0.49|1.43|2.09|1.32
2026-10-07,2026-10-07T21:09:06Z,leaders,v3,Diagnostics & Research,ICLR,ICLR,Icon Plc,Diagnostics & Research,Ireland,12.66B,297.84,"745,435",164.08,1.48%,Jul 29/a,-,13.81,6.55,1.53,14.16,12.24,1.84,0.45%,0.26%,0.37%,0.24,0.38,-,0.55,2.66,-15.47%,12.16%,-22.33%,-14.31%,2.11%,2.15%,24.15%,1.20%,-63.33%,-94.18%,2.08%,19.45%,10.14%,0.51%,-2.84%,0.21%,-3.48%,3.63%,-2.78%,54.01%,-9.95%,-12.09%,-31.57%,7.32,4.26%,1.22,-2.47%,-1.69%,12.22%,47.07,810.28K,0.92,161.69,160.93,165.22,157.38,2.05,186.25,Aug-20,"ICON Releases 2025 ICON Cares Report, Highlighting Progress in Patient Impact, Innovation and Sustainability",https://finviz.com/news/384142/icon-releases-2025-icon-cares-report-highlighting-progress-in-patient-impact-innovation-and-sustainability,Charles River’s bullish Investor Day lifts ICON 4.8% with drug-development services peers,Healthcare,13.64,15.26B,0.95,0.95,8.29B,42.34M,105.23%,-38.22%,5.18%,-19.53%,146.48%,1.96%,-0.47%,-,0.57%,2.95%,sustained_strength,3,13.0,2.0,3.0,8.0,0.7347999623289118,0.7645687645687645,0.8958333333333334,-0.127039627039627,0.8208041958041957,0.9610645848753144,-0.3799533799533801,0.8333333333333334,1.0,0.8333333333333334,-0.1666666666666666,0.0,-0.0072121212121212,-0.3853306675159946,-0.025325540859222853,-0.017190519784355682,1.0710382513661207,0,0,1.65|0.68|0.98|1.05|0.79|1.38|0.47|1.18|2.27|1.07,6.80|6.64|6.63|6.65|6.55|6.74|6.48|6.57|7.28|7.32,1.91|1.16|1.65|1.77|1.04|0.83|0.84|1.16|1.22|0.92
2026-10-07,2026-10-07T21:09:06Z,leaders,v3,Diagnostics & Research,QGEN,QGEN,Qiagen NV,Diagnostics & Research,Netherlands,9.23B,22.75,"2,578,604",44.79,-1.88%,Aug 05/a,-,17.09,2.68,4.39,20.62,14.01,4.80,11.93%,6.99%,8.21%,0.48,0.49,-,1.97,0.62,2.30%,7.63%,-0.15%,3.60%,6.37%,-0.81%,2.25%,0.28%,7.13%,9.52%,2.96%,61.80%,24.62%,19.49%,0.00%,-3.43%,2.35%,5.69%,6.67%,8.53%,-0.30%,-4.20%,10.60%,1.43,2.71%,0.59,2.18%,3.45%,5.50%,54.19,2.77M,0.93,45.65,45.61,46.09,44.78,2.25,46.97,Oct-06,QIAGEN Expands AI-Powered Bioinformatics for Research and Drug Discovery,https://www.businesswire.com/news/home/20261006274304/en/,Qiagen launches AI-powered IPA Investigator and QIAGEN Discovery Platform to accelerate biological data analysis and drug discovery workflows,Healthcare,11.63,10.08B,2.85,2.31,2.10B,409.32M,77.77%,-12.35%,4.55%,-22.53%,37.69%,-1.80%,-0.09%,-,3.61%,1.43%,sustained_strength,3,13.0,2.0,3.0,8.0,0.7347999623289118,0.7645687645687645,0.8958333333333334,-0.127039627039627,0.8208041958041957,0.9610645848753144,-0.3799533799533801,0.8333333333333334,1.0,0.8333333333333334,-0.1666666666666666,0.0,-0.0072121212121212,1.0445605626852608,0.021334899197494664,0.03334944417593041,0.9160839160839177,1,0,0.99|0.68|0.97|0.53|0.80|1.58|2.46|1.11|1.40|0.92,1.22|1.19|1.20|1.18|1.17|1.22|1.39|1.40|1.44|1.43,0.62|0.51|1.02|1.57|0.85|0.96|1.68|1.11|1.05|0.93
2026-10-07,2026-10-07T21:09:06Z,leaders,v3,Diagnostics & Research,GRAL,GRAL,GRAIL Inc,Diagnostics & Research,USA,5.94B,-,"991,098",132.90,-3.19%,Aug 05/a,RUT,-,-,35.92,-,-,31.26,-16.12%,-14.12%,-14.93%,0.03,0.04,-,-9.75,-2.50,13.41%,-6.11%,60.02%,-41.05%,4.36%,38.37%,-,25.72%,19.70%,24.60%,23.07%,-36.99%,-323.02%,-236.95%,-10.46%,5.97%,-5.15%,68.02%,75.35%,161.72%,55.28%,111.56%,-,10.67,8.83%,2.79,21.01%,50.25%,78.63%,64.46,938.96K,1.06,137.28,134.00,139.00,130.56,2.33,112.40,Oct-05,GRAIL to Present New Data From NHS-Galleri and PATHFINDER 2 at EDCC and ESMO Congress 2026,https://finviz.com/news/398847/grail-to-present-new-data-from-nhs-galleri-and-pathfinder-2-at-edcc-and-esmo-congress-2026,FDA advisory panel backing for Galleri drives GRAIL 14% higher in regular trading,Healthcare,6.89,5.17B,10.95,10.74,165.26M,-391.59M,85.85%,-,11.88%,-20.17%,220.24%,-0.82%,-2.39%,-,3.60%,5.42%,sustained_strength,3,13.0,2.0,3.0,8.0,0.7347999623289118,0.7645687645687645,0.8958333333333334,-0.127039627039627,0.8208041958041957,0.9610645848753144,-0.3799533799533801,0.8333333333333334,1.0,0.8333333333333334,-0.1666666666666666,0.0,-0.0072121212121212,4.16564395173929,0.17362201470952815,0.3344425956738768,0.7910028116213681,1,1,3.32|1.17|0.97|1.21|1.81|1.10|1.03|1.74|2.83|0.79,7.48|7.91|7.89|8.02|8.55|8.62|8.79|9.31|10.84|10.67,4.34|1.52|1.29|1.08|2.24|1.23|0.98|1.63|2.24|1.06
2026-10-07,2026-10-07T21:09:06Z,leaders,v3,Diagnostics & Research,RDNT,RDNT,Radnet Inc,Diagnostics & Research,USA,5.40B,-,"398,598",68.61,-2.38%,Aug 09/a,RUT,77.38,1.85,2.38,74.61,25.91,3.15,-2.08%,-0.55%,-0.66%,1.90,1.99,-,-0.28,0.22,31.87%,72.41%,-,3.18%,41.72%,12.57%,13.74%,24.99%,-50.05%,-37.55%,18.92%,4.63%,4.63%,-0.93%,-0.62%,3.81%,-0.48%,-4.67%,4.05%,22.72%,-3.84%,-11.94%,131.17%,2.56,3.67%,1.43,-5.52%,-5.90%,4.82%,40.68,718.92K,0.55,70.28,69.57,70.66,68.45,1.11,94.62,Oct-01,RadNet and WIN-NextGen Form a Collaboration to Inspire the Next Generation of Medical Imaging Professionals,https://finviz.com/news/397469/radnet-and-win-nextgen-form-a-collaboration-to-inspire-the-next-generation-of-medical-imaging-professionals,"RadNet posts record Q2 revenue and EBITDA, raises imaging guidance, sees near-neutral Medicare 2027 impact",Healthcare,7.43,7.16B,1.48,1.48,2.27B,-21.12M,103.92%,137.73%,3.42%,-20.07%,35.01%,-1.38%,-1.01%,-,43.99%,1.94%,sustained_strength,3,13.0,2.0,3.0,8.0,0.7347999623289118,0.7645687645687645,0.8958333333333334,-0.127039627039627,0.8208041958041957,0.9610645848753144,-0.3799533799533801,0.8333333333333334,1.0,0.8333333333333334,-0.1666666666666666,0.0,-0.0072121212121212,-1.6803890475557914,-0.05842506350550378,-0.06269925611052071,0.8632812499999976,0,0,1.03|0.73|1.22|1.15|0.73|0.91|1.09|0.94|0.81|0.86,2.66|2.61|2.65|2.68|2.63|2.61|2.64|2.62|2.59|2.56,0.94|0.75|0.66|0.66|0.82|1.24|0.77|0.93|0.40|0.55
2026-10-07,2026-10-07T21:09:06Z,leaders,v3,Diagnostics & Research,SHC,SHC,Sotera Health Co,Diagnostics & Research,USA,5.11B,31.48,"1,609,459",17.90,-1.92%,Aug 06/b,-,16.64,1.47,4.20,46.53,12.18,5.77,27.78%,5.01%,5.62%,3.37,3.41,-,0.57,0.27,14.54%,9.22%,-,-,11.29%,5.05%,7.30%,9.18%,567.38%,576.89%,8.15%,53.97%,36.90%,13.44%,-89.71%,1.22%,-3.19%,-3.71%,-2.66%,17.45%,1.47%,11.32%,24.13%,0.50,2.47%,1.94,-3.29%,-4.14%,5.24%,39.78,2.55M,0.63,18.25,18.13,18.69,17.87,1.45,22.72,Aug-06,Sotera Health Company Q2 2026 Earnings Call Summary,https://finance.yahoo.com/m/5f226455-ccb5-3844-91ea-c0b8411ce832/sotera-health-company-q2-2026.html,No clear catalyst identified; conflicting after-hours data suggests a possible isolated SHC trade print,Healthcare,14.32,7.02B,2.80,2.53,1.22B,163.48M,103.26%,-30.86%,2.85%,-9.82%,36.75%,-1.27%,-0.66%,-,8.83%,3.77%,sustained_strength,3,13.0,2.0,3.0,8.0,0.7347999623289118,0.7645687645687645,0.8958333333333334,-0.127039627039627,0.8208041958041957,0.9610645848753144,-0.3799533799533801,0.8333333333333334,1.0,0.8333333333333334,-0.1666666666666666,0.0,-0.0072121212121212,-1.5461297725850187,-0.03401923275772936,-0.04318798247444187,1.6400000000000006,0,0,0.87|0.80|0.76|0.86|0.84|0.93|1.09|1.22|1.68|1.64,0.46|0.46|0.45|0.44|0.44|0.43|0.44|0.45|0.47|0.50,0.49|0.47|0.53|0.63|0.78|0.63|0.81|0.98|0.65|0.63
2026-10-07,2026-10-07T21:09:06Z,leaders,v3,Diagnostics & Research,BLLN,BLLN,Billiontoone Inc,Diagnostics & Research,USA,4.52B,155.41,"679,798",95.75,-4.19%,Aug 05/a,-,93.48,0.70,11.37,136.21,73.98,10.35,9.05%,6.13%,4.74%,0.26,0.27,-,0.62,0.16,467.35%,28.96%,-,-,133.03%,106.24%,-,64.40%,2789.09%,201.39%,90.12%,71.27%,10.90%,8.04%,-1.71%,5.08%,-10.04%,-3.34%,-25.18%,4.10%,17.00%,-,-,7.24,6.82%,-,-11.66%,-9.60%,0.46%,39.47,693.97K,0.98,99.94,99.42,99.85,94.52,1.25,129.00,10 hours,"BillionToOne's Tissue-Free Northstar Response Demonstrates On-Par to Superior Cancer Treatment Monitoring vs. Tumor-Informed Assay, New Peer-Reviewed Study Finds",https://finviz.com/news/399699/billiontoones-tissue-free-northstar-response-demonstrates-on-par-to-superior-cancer-treatment-monitoring-vs-tumor-informed-assay-new-peer-reviewed-study-finds,BillionToOne real-world study shows Northstar Response liquid biopsy matches or beats tumor-informed ctDNA test with 94% concordance,Healthcare,8.24,4.11B,11.69,11.31,397.41M,31.95M,28.88%,-,8.59%,-36.35%,54.54%,-3.69%,-0.52%,-,-18.17%,0.17%,sustained_strength,3,13.0,2.0,3.0,8.0,0.7347999623289118,0.7645687645687645,0.8958333333333334,-0.127039627039627,0.8208041958041957,0.9610645848753144,-0.3799533799533801,0.8333333333333334,1.0,0.8333333333333334,-0.1666666666666666,0.0,-0.0072121212121212,-1.4044394465359598,-0.13199003848766133,-0.10619469026548668,0.7361878453038672,0,0,2.21|0.66|0.89|0.98|1.80|0.72|0.93|0.83|1.89|0.74,6.95|6.78|6.72|6.71|7.15|7.00|6.96|6.87|7.38|7.24,1.40|0.75|0.49|0.64|1.40|0.84|0.60|0.59|1.62|0.98
2026-10-07,2026-10-07T21:09:06Z,leaders,v3,Diagnostics & Research,ADPT,ADPT,Adaptive Biotechnologies Corp,Diagnostics & Research,USA,4.19B,-,"2,120,189",26.28,-2.30%,Jul 29/a,RUT,-,-,13.61,-,-,13.85,-39.58%,-11.23%,-11.73%,2.81,2.87,-,-0.41,-0.09,-39.32%,69.33%,34.64%,18.85%,-,14.34%,23.00%,21.53%,-47.80%,50.40%,50.13%,72.71%,-11.81%,-20.73%,-37.60%,3.13%,-9.07%,7.97%,20.55%,77.09%,61.82%,83.14%,459.15%,1.45,5.24%,2.16,-4.86%,1.45%,39.56%,46.18,2.39M,0.89,26.90,26.39,26.93,25.86,1.22,28.31,Sep-25,Adaptive Biotechnologies Highlights Role of Highly Sensitive MRD Testing in New International Myeloma Society Definition of Cure,https://finviz.com/news/395559/adaptive-biotechnologies-highlights-role-of-highly-sensitive-mrd-testing-in-new-international-myeloma-society-definition-of-cure,No clear catalyst identified; Adaptive Biotechnologies falls 9.9% amid broad genomics-sector reversal,Healthcare,12.18,4.27B,4.79,4.68,308.08M,-63.85M,97.87%,-21.81%,6.81%,-14.51%,119.00%,-0.42%,-1.90%,-,-87.13%,9.35%,sustained_strength,3,13.0,2.0,3.0,8.0,0.7347999623289118,0.7645687645687645,0.8958333333333334,-0.127039627039627,0.8208041958041957,0.9610645848753144,-0.3799533799533801,0.8333333333333334,1.0,0.8333333333333334,-0.1666666666666666,0.0,-0.0072121212121212,0.2590438639724001,-0.05108261509354627,0.014292755051749624,0.7379310344827589,1,0,1.65|0.86|1.15|0.93|0.63|1.46|0.87|1.32|2.63|0.74,1.26|1.25|1.26|1.26|1.23|1.27|1.26|1.29|1.48|1.45,1.41|0.67|1.06|1.03|0.62|2.52|0.65|0.59|1.06|0.89
2026-10-07,2026-10-07T21:09:06Z,leaders,v3,Diagnostics & Research,VCYT,VCYT,Veracyte Inc,Diagnostics & Research,USA,3.47B,30.62,"1,212,388",43.16,-3.34%,Jul 30/a,RUT,22.18,4.15,6.17,20.90,25.72,5.38,8.77%,8.09%,8.05%,0.02,0.03,-,1.41,0.41,7.47%,1.72%,-,-,5.34%,20.37%,34.50%,15.49%,2584.80%,323.64%,17.28%,71.08%,17.22%,20.37%,-13.90%,0.68%,-6.26%,1.67%,-27.22%,32.11%,2.52%,24.70%,100.28%,2.58,5.93%,1.99,-0.62%,-2.57%,1.43%,46.91,1.35M,0.90,44.65,44.04,44.21,42.34,1.43,58.42,Oct-06,Cathie Wood Loads Up On These Biotech Stocks After Strong Rallies  Unloads $18M Worth Of TWST Shares,https://finance.yahoo.com/healthcare/articles/cathie-wood-loads-biotech-stocks-121618269.html,Veracyte NRG/RTOG 0815 analysis shows Decipher Prostate classifier predicts intermediate-risk patients who benefit from adding short-term hormone therapy to radiation,Healthcare,7.15,3.02B,9.16,8.80,561.90M,114.48M,110.98%,-1.66%,6.01%,-29.14%,46.53%,-2.00%,-1.37%,-,31.61%,3.96%,sustained_strength,3,13.0,2.0,3.0,8.0,0.7347999623289118,0.7645687645687645,0.8958333333333334,-0.127039627039627,0.8208041958041957,0.9610645848753144,-0.3799533799533801,0.8333333333333334,1.0,0.8333333333333334,-0.1666666666666666,0.0,-0.0072121212121212,-0.44126771198085346,-0.006238679814852092,-0.026377912347326275,0.7248062015503866,0,0,2.28|1.47|1.21|0.92|0.49|1.21|0.70|1.14|1.83|0.72,2.39|2.48|2.52|2.50|2.41|2.45|2.41|2.44|2.60|2.58,2.16|1.27|1.25|1.20|0.89|1.07|0.78|0.97|1.30|0.90
2026-10-07,2026-10-07T21:09:06Z,leaders,v3,Diagnostics & Research,CDNA,CDNA,Caredx Inc,Diagnostics & Research,USA,3.26B,30.39,"1,700,484",63.04,-1.18%,Jul 30/a,RUT,48.87,1.04,7.12,38.50,161.77,6.35,29.49%,22.72%,25.30%,0.03,0.05,-,2.07,0.26,106.51%,7.69%,34.67%,0.09%,46.93%,5.68%,14.59%,52.23%,1412.42%,90.73%,34.41%,70.11%,-0.40%,24.23%,-6.99%,0.12%,-3.02%,25.30%,116.56%,251.79%,234.61%,329.72%,868.36%,3.48,5.53%,2.56,6.77%,21.23%,114.05%,61.29,1.27M,1.34,63.79,61.38,65.10,61.38,1.57,58.83,Sep-24,CareDx +14% on Fresh $74 Analyst Price Target,https://finance.yahoo.com/markets/stocks/articles/caredx-14-fresh-74-analyst-180225699.html,BTIG’s $74 target hike lifts CareDx 7.7% on stronger transplant and oncology outlook,Healthcare,8.73,2.91B,4.58,4.51,458.09M,111.01M,99.39%,-4.96%,7.10%,-13.06%,351.90%,2.70%,-3.77%,-,59.41%,15.69%,sustained_strength,3,13.0,2.0,3.0,8.0,0.7347999623289118,0.7645687645687645,0.8958333333333334,-0.127039627039627,0.8208041958041957,0.9610645848753144,-0.3799533799533801,0.8333333333333334,1.0,0.8333333333333334,-0.1666666666666666,0.0,-0.0072121212121212,3.1723189795022457,0.0634073241547252,0.17512166955374073,1.068965517241377,1,0,3.16|1.64|1.11|0.91|0.89|1.10|1.34|1.50|2.53|1.07,2.71|2.85|2.88|2.86|2.83|2.86|2.93|3.05|3.46|3.48,2.16|2.00|0.91|0.67|1.49|1.58|1.30|1.33|2.07|1.34
2026-10-07,2026-10-07T21:09:06Z,leaders,v3,Diagnostics & Research,NEO,NEO,Neogenomics Inc,Diagnostics & Research,USA,2.05B,-,"3,191,463",15.97,-3.24%,Jul 28/a,RUT,47.10,0.84,2.68,-,202.63,3.07,-6.33%,-3.78%,-4.22%,0.56,0.57,-,-0.40,0.05,54.55%,82.84%,10.12%,-,55.85%,12.58%,10.35%,11.21%,104.85%,50.58%,11.19%,41.74%,-7.03%,-6.77%,-1.23%,10.66%,-13.02%,-9.05%,8.42%,94.28%,35.80%,76.85%,32.42%,1.04,5.42%,1.85,-13.85%,-8.37%,28.71%,37.43,2.36M,1.35,16.50,16.36,16.64,15.88,1.50,21.65,Oct-06,NeoGenomics Sinks 12% on CEO Succession Plan Despite Revenue Beat,https://finance.yahoo.com/markets/stocks/articles/neogenomics-sinks-12-ceo-succession-170926148.html,"NeoGenomics preannounces Q3 2026 revenue ~ $209M with 28% NGS growth, expects to raise full-year revenue guidance",Healthcare,14.10,2.35B,3.60,3.34,766.29M,-51.88M,113.45%,-64.27%,8.13%,-20.74%,126.04%,-2.38%,-0.88%,-,49.25%,2.40%,sustained_strength,3,13.0,2.0,3.0,8.0,0.7347999623289118,0.7645687645687645,0.8958333333333334,-0.127039627039627,0.8208041958041957,0.9610645848753144,-0.3799533799533801,0.8333333333333334,1.0,0.8333333333333334,-0.1666666666666666,0.0,-0.0072121212121212,-1.4026824016319819,-0.16076610562971563,-0.09134562916075524,0.7307692307692305,0,0,1.58|1.04|0.71|1.38|0.82|1.20|0.87|0.99|3.47|0.73,0.84|0.85|0.83|0.85|0.84|0.85|0.86|0.86|1.06|1.04,1.16|0.81|0.53|1.14|1.05|1.05|0.99|0.88|2.19|1.35
2026-10-07,2026-10-07T21:09:06Z,leaders,v3,Diagnostics & Research,WGS,WGS,GeneDx Holdings Corp,Diagnostics & Research,USA,2.04B,-,"659,215",68.53,-4.18%,Aug 03/a,RUT,57.18,6.86,4.50,-,-,4.57,-40.80%,-22.50%,-26.20%,0.66,0.69,-,-3.63,0.07,-92.86%,1098.57%,76.08%,94.57%,8.33%,22.13%,18.98%,11.44%,-264.35%,-10900.00%,25.42%,64.81%,-12.49%,-23.40%,239.56%,-8.25%,-5.21%,-20.19%,-1.24%,4.48%,-47.31%,-43.25%,1964.16%,5.98,7.66%,2.00,-19.48%,-16.39%,-11.45%,35.06,725.74K,0.91,71.52,70.31,71.43,68.39,1.00,93.50,8 hours,GeneDx Presents New Evidence Advancing Genomic Newborn Screening at ICoNS 2026,https://finviz.com/news/399837/genedx-presents-new-evidence-advancing-genomic-newborn-screening-at-icons-2026,GeneDx presents GUARDIAN and BRIDGES-NBS data showing genomic newborn screening yields actionable findings across ancestries,Healthcare,15.42,2.08B,3.30,3.06,454.43M,-106.36M,104.10%,-73.65%,7.75%,-59.89%,112.76%,-2.53%,-1.69%,-,105.32%,3.09%,sustained_strength,3,13.0,2.0,3.0,8.0,0.7347999623289118,0.7645687645687645,0.8958333333333334,-0.127039627039627,0.8208041958041957,0.9610645848753144,-0.3799533799533801,0.8333333333333334,1.0,0.8333333333333334,-0.1666666666666666,0.0,-0.0072121212121212,-2.246468213824417,-0.24192747143566815,-0.19602918311206793,0.5083612040133789,0,1,1.71|0.81|0.75|2.13|0.59|0.78|0.73|0.87|1.52|0.51,6.08|5.99|5.88|6.44|6.24|6.14|6.01|5.95|6.20|5.98,2.10|0.69|0.60|1.87|1.26|1.18|0.83|1.18|1.13|0.91
2026-10-07,2026-10-07T21:09:06Z,leaders,v3,Health Information Services,VEEV,VEEV,Veeva Systems Inc,Health Information Services,USA,45.74B,46.48,"1,118,409",282.50,-0.35%,Aug 26/a,S&P 500,27.51,2.20,13.23,27.91,35.50,11.18,14.42%,11.90%,13.41%,0.02,0.02,-,6.08,2.34,14.01%,11.19%,21.93%,18.15%,12.51%,14.03%,16.88%,17.60%,38.67%,24.67%,16.50%,74.83%,29.93%,29.34%,-0.41%,3.04%,-1.03%,6.67%,48.92%,69.60%,26.55%,-7.75%,34.78%,9.00,2.96%,0.91,3.83%,10.31%,39.71%,61.39,1.69M,0.66,283.50,284.23,286.98,279.80,1.81,297.42,10 hours,Emerging Biotechs Standardize on Veeva Basics to Accelerate Drug Development,https://finviz.com/news/399703/emerging-biotechs-standardize-on-veeva-basics-to-accelerate-drug-development,"More than 175 emerging biotechs adopt Veeva Basics pre-configured apps across clinical, regulatory, quality, medical, and commercial operations",Healthcare,6.32,38.65B,5.46,5.46,3.46B,1.01B,92.38%,-1.91%,3.70%,-9.02%,90.81%,-0.61%,0.26%,-,5.49%,2.49%,sustained_strength,4,17.0,10.0,4.0,3.0,0.6828021968969842,0.7156177156177157,0.8402777777777778,-0.0489510489510488,0.7762237762237763,0.9541437865433426,-0.196969696969697,0.6666666666666666,1.0,0.6666666666666666,0.0,0.0,-0.199030303030303,2.933727172916728,0.03688721949340259,0.09346387453540018,0.7977777777777786,1,1,0.64|0.80|1.09|0.96|1.42|1.07|1.28|1.02|0.83|0.80,8.67|8.62|8.68|8.66|8.95|8.99|9.19|9.26|9.14|9.00,0.73|0.92|0.73|0.61|0.98|0.54|0.62|0.77|0.69|0.66
2026-10-07,2026-10-07T21:09:06Z,leaders,v3,Health Information Services,TEM,TEM,Tempus AI Inc,Health Information Services,USA,12.69B,-,"8,983,521",70.35,-2.26%,Jul 30/a,-,2777.34,-,8.86,-,-,9.30,-67.44%,-12.75%,-13.56%,3.22,3.25,-,-1.44,-0.08,63.69%,111.44%,10.57%,1.21%,-,58.29%,46.57%,21.56%,112.51%,-21.05%,50.43%,62.92%,-18.92%,-17.77%,-2.60%,4.28%,-14.10%,9.43%,14.39%,48.11%,19.14%,-24.36%,-,5.91,7.62%,3.48,-6.49%,9.04%,24.29%,47.00,6.65M,1.35,71.98,70.10,73.09,68.66,2.30,70.00,8 hours,Tempus Announces Multi-Year Collaboration with Moderna and Merck,https://finviz.com/news/399834/tempus-announces-multi-year-collaboration-with-moderna-and-merck,Tempus AI announces a new multi-year collaboration agreement with Moderna and Merck.,Healthcare,15.56,13.32B,3.30,3.16,1.43B,-254.43M,56.20%,-,10.85%,-32.56%,72.55%,0.36%,-2.61%,-,71.99%,0.74%,sustained_strength,4,17.0,10.0,4.0,3.0,0.6828021968969842,0.7156177156177157,0.8402777777777778,-0.0489510489510488,0.7762237762237763,0.9541437865433426,-0.196969696969697,0.6666666666666666,1.0,0.6666666666666666,0.0,0.0,-0.199030303030303,0.9868683219681879,-0.06940434178162753,0.08290535583272197,0.7495769881556695,1,1,1.59|1.07|0.77|1.48|0.93|1.37|0.90|1.50|2.77|0.75,4.80|4.83|4.74|4.93|4.90|5.04|5.00|5.21|6.02|5.91,1.66|1.28|0.96|0.97|0.70|1.11|0.88|1.13|2.56|1.35
2026-10-07,2026-10-07T21:09:06Z,leaders,v3,Health Information Services,BTSG,BTSG,BrightSpring Health Services Inc,Health Information Services,USA,12.62B,47.65,"1,814,324",63.80,0.08%,Oct 30/b,RUT,27.66,0.67,0.88,31.64,20.96,1.01,13.11%,4.17%,6.77%,1.12,1.17,-,1.34,0.47,81.81%,26.86%,-,-20.78%,41.10%,18.69%,18.27%,23.05%,201.76%,350.11%,19.91%,12.38%,3.68%,2.05%,-50.32%,12.53%,12.42%,1.98%,-10.87%,37.77%,70.36%,124.49%,-,2.17,3.61%,1.89,9.53%,6.43%,21.08%,64.62,3.22M,0.56,63.75,63.59,64.83,63.32,1.10,78.94,Oct-01,"BrightSpring Health Services, Inc. to Announce Third Quarter 2026 Financial Results on October 30, 2026",https://finviz.com/news/397683/brightspring-health-services-inc-to-announce-third-quarter-2026-financial-results-on-october-30-2026,"BrightSpring beats Q2 2026 estimates, raises 2026 guidance, sees 2026 Inflation Reduction Act revenue headwinds of about $200 million and $175 million by segment",Healthcare,22.94,14.47B,1.59,1.22,14.37B,294.04M,92.25%,-,3.60%,-13.49%,135.34%,0.33%,-0.25%,-,13.55%,5.80%,sustained_strength,4,17.0,10.0,4.0,3.0,0.6828021968969842,0.7156177156177157,0.8402777777777778,-0.0489510489510488,0.7762237762237763,0.9541437865433426,-0.196969696969697,0.6666666666666666,1.0,0.6666666666666666,0.0,0.0,-0.199030303030303,1.776265397606701,0.0870081256276819,0.06041529643897401,0.6958525345622111,1,0,0.70|0.70|0.81|0.74|0.84|0.74|1.18|1.05|1.20|0.70,2.21|2.17|2.13|2.09|2.07|2.02|2.11|2.11|2.22|2.17,0.71|0.61|0.60|0.50|0.67|0.90|1.00|1.06|0.97|0.56
2026-10-07,2026-10-07T21:09:06Z,leaders,v3,Health Information Services,HNGE,HNGE,Hinge Health Inc,Health Information Services,USA,7.90B,75.36,"2,279,713",97.86,-0.50%,Aug 04/a,RUT,33.45,1.73,10.97,27.81,73.72,10.43,29.63%,13.98%,30.74%,0.00,0.02,-,1.30,0.60,-11.49%,26.15%,-96.58%,-,19.29%,41.71%,-,53.00%,107.01%,124.68%,49.76%,84.49%,13.50%,14.77%,-14.65%,14.55%,0.64%,5.58%,8.83%,155.58%,110.68%,91.28%,-,3.88,4.23%,1.34,3.51%,8.84%,58.07%,60.60,1.81M,1.26,98.35,97.20,99.79,96.84,1.24,110.56,Oct-05,"Hinge Health to announce third quarter 2026 financial results on November 2, 2026",https://www.businesswire.com/news/home/20261005693574/en/,"Hinge Health's Q2 earnings beat, raised guidance, and Cylinder Health acquisition drive 8.79% gain",Healthcare,20.28,7.51B,1.25,1.16,720.06M,106.36M,67.44%,-,3.25%,-2.49%,225.33%,0.68%,-1.17%,-,-4.07%,5.64%,sustained_strength,4,17.0,10.0,4.0,3.0,0.6828021968969842,0.7156177156177157,0.8402777777777778,-0.0489510489510488,0.7762237762237763,0.9541437865433426,-0.196969696969697,0.6666666666666666,1.0,0.6666666666666666,0.0,0.0,-0.199030303030303,2.0485058934518463,0.03390976717225379,0.08122013965453877,0.7603092783505162,1,0,0.80|1.30|0.58|1.49|0.91|0.52|0.69|0.63|1.10|0.76,4.08|4.17|4.15|4.31|4.28|4.13|4.03|3.92|3.95|3.88,1.17|0.55|0.65|0.94|0.91|0.79|0.55|1.79|1.62|1.26
2026-10-07,2026-10-07T21:09:06Z,leaders,v3,Health Information Services,HQY,HQY,Healthequity Inc,Health Information Services,USA,7.60B,33.19,"893,026",91.90,0.93%,Aug 27/b,RUT,16.71,1.17,5.58,15.59,16.20,6.11,11.43%,7.07%,8.01%,0.48,0.49,-,2.77,1.15,18.09%,16.44%,-,83.98%,14.33%,15.08%,12.36%,7.65%,14.56%,65.97%,7.33%,63.41%,26.12%,17.36%,-1.15%,3.16%,3.89%,-1.56%,-3.07%,12.14%,0.32%,3.84%,23.16%,2.55,2.63%,0.25,-0.14%,-6.09%,3.68%,46.28,836.08K,1.07,91.05,91.05,92.98,91.00,1.18,119.33,Sep-30,HealthEquity Appoints Moody's CFO Noemie Heuland to Board of Directors,https://finviz.com/news/397139/healthequity-appoints-moodys-cfo-noemie-heuland-to-board-of-directors,"HealthEquity beats fiscal Q2 2027 estimates, posts record margins and $37.9B HSA assets, raises FY27 outlook",Healthcare,29.69,8.32B,2.99,2.99,1.36B,236.49M,109.64%,41.78%,2.53%,-14.61%,26.31%,0.93%,0.00%,-,3.92%,0.42%,sustained_strength,4,17.0,10.0,4.0,3.0,0.6828021968969842,0.7156177156177157,0.8402777777777778,-0.0489510489510488,0.7762237762237763,0.9541437865433426,-0.196969696969697,0.6666666666666666,1.0,0.6666666666666666,0.0,0.0,-0.199030303030303,-2.3371187682825196,-0.0014019627478469735,-0.06484932382067926,0.7764705882352957,0,0,0.63|0.99|0.70|0.82|0.99|0.64|0.88|1.01|0.64|0.78,2.88|2.88|2.81|2.77|2.77|2.69|2.67|2.67|2.60|2.55,1.05|1.06|1.50|1.74|1.08|0.86|1.00|1.22|0.87|1.07
2026-10-07,2026-10-07T21:09:06Z,leaders,v3,Health Information Services,WAY,WAY,Waystar Holding Corp,Health Information Services,USA,4.94B,36.69,"1,773,022",25.77,-2.39%,Jul 29/a,RUT,13.71,0.89,4.10,20.07,13.40,5.14,3.77%,2.56%,2.47%,0.37,0.37,-,0.70,0.41,17.57%,12.61%,-,-,15.42%,15.97%,17.41%,18.11%,18.57%,44.44%,19.23%,56.11%,25.36%,11.18%,-0.55%,4.90%,1.70%,6.31%,11.17%,13.77%,-21.31%,-32.02%,-,1.13,4.39%,0.19,1.60%,3.87%,6.13%,53.55,2.45M,0.72,26.40,26.29,26.55,25.58,1.20,33.77,Sep-15,WAY Stock Surges On Reported Sale Buzz  RBC Flags This Tech Giant As The Obvious First Name,https://finance.yahoo.com/markets/stocks/articles/way-stock-surges-reported-sale-154414085.html,Reuters report on potential sale drives Waystar's 13% premarket surge,Healthcare,22.02,6.20B,1.85,1.85,1.21B,134.79M,88.02%,-,5.12%,-36.13%,49.30%,-1.98%,-0.42%,-,8.04%,1.10%,sustained_strength,4,17.0,10.0,4.0,3.0,0.6828021968969842,0.7156177156177157,0.8402777777777778,-0.0489510489510488,0.7762237762237763,0.9541437865433426,-0.196969696969697,0.6666666666666666,1.0,0.6666666666666666,0.0,0.0,-0.199030303030303,0.8496827637678482,0.01574803149606302,0.037258111100413986,0.8584070796460199,1,0,0.95|0.37|1.21|0.79|0.97|1.41|0.85|1.71|0.70|0.86,1.13|1.08|1.10|1.08|1.08|1.11|1.10|1.17|1.14|1.13,0.42|0.48|0.73|0.79|0.79|0.76|0.67|1.44|0.79|0.72
2026-10-07,2026-10-07T21:09:06Z,leaders,v3,Health Information Services,DOCS,DOCS,Doximity Inc,Health Information Services,USA,4.94B,32.84,"2,389,054",27.69,-0.36%,Aug 06/a,-,17.79,2.57,7.53,16.62,19.30,6.49,17.21%,14.60%,18.09%,0.01,0.01,-,0.84,0.35,-11.36%,15.55%,23.05%,52.71%,6.93%,15.45%,25.53%,7.34%,-52.02%,-28.59%,11.18%,87.41%,30.57%,25.48%,-0.07%,1.03%,-2.29%,13.39%,25.81%,26.67%,-37.47%,-61.21%,26.38%,1.18,4.10%,1.32,3.52%,8.58%,4.28%,57.43,4.37M,0.55,27.79,27.62,28.28,27.52,2.48,30.42,Oct-05,"Doximity, Inc. Sued for Securities Law Violations - Contact the DJS Law Group to Discuss Your Rights - DOCS",https://finviz.com/news/398466/doximity-inc-sued-for-securities-law-violations-contact-the-djs-law-group-to-discuss-your-rights-docs,"Freedom Capital downgraded Doximity to Hold from Buy while raising its price target to $27, citing margin pressure despite AI-driven revenue strength in fiscal Q1.",Healthcare,7.18,4.26B,6.04,6.04,655.57M,167.05M,72.90%,-65.48%,4.81%,-62.54%,61.46%,0.25%,-0.61%,-,-4.26%,3.19%,sustained_strength,4,17.0,10.0,4.0,3.0,0.6828021968969842,0.7156177156177157,0.8402777777777778,-0.0489510489510488,0.7762237762237763,0.9541437865433426,-0.196969696969697,0.6666666666666666,1.0,0.6666666666666666,0.0,0.0,-0.199030303030303,1.8542931713241217,0.034003091190108144,0.07902007736231359,0.6440677966101709,0,1,0.82|0.80|1.21|1.04|1.61|0.74|1.17|0.75|1.23|0.64,1.14|1.12|1.14|1.14|1.21|1.19|1.20|1.19|1.21|1.18,0.54|0.44|0.67|0.74|1.12|0.75|0.60|0.72|0.53|0.55
2026-10-07,2026-10-07T21:09:06Z,leaders,v3,Health Information Services,HTFL,HTFL,Heartflow Inc,Health Information Services,USA,4.29B,-,"1,440,397",49.36,-2.62%,Aug 13/a,RUT,-,-,20.24,-,-,19.60,-154.23%,-46.99%,-39.45%,0.07,0.10,-,-1.40,-0.10,74.40%,38.04%,5.20%,-,-,42.10%,-,47.57%,-65.19%,-,-,80.08%,-34.31%,-55.82%,-9.83%,35.56%,-0.78%,3.37%,78.07%,82.27%,69.33%,41.07%,-,2.64,5.42%,2.70,-0.04%,13.17%,53.32%,54.42,1.78M,0.81,50.69,49.76,51.50,48.44,1.50,46.00,Aug-28,Late Breaking Data from Independent Government-Funded Trial at ESC Shows Heartflow FFRCT Analysis Reduces Unnecessary Invasive Heart Procedures by Nearly Half,https://finviz.com/news/386506/late-breaking-data-from-independent-government-funded-trial-at-esc-shows-heartflow-ffrct-analysis-reduces-unnecessary-invasive-heart-procedures-by-nearly-half,Heartflow Q2 earnings beat and raised 2026 guidance spark 36% stock surge,Healthcare,26.40,4.16B,4.87,4.87,212.07M,-118.37M,82.76%,-,6.13%,-9.13%,145.21%,-0.80%,-1.83%,-,47.64%,13.15%,sustained_strength,4,17.0,10.0,4.0,3.0,0.6828021968969842,0.7156177156177157,0.8402777777777778,-0.0489510489510488,0.7762237762237763,0.9541437865433426,-0.196969696969697,0.6666666666666666,1.0,0.6666666666666666,0.0,0.0,-0.199030303030303,2.1758336211813276,-0.0004001600640256253,0.1163735972430856,1.1590909090909098,1,0,0.74|0.61|0.77|0.98|0.66|0.97|1.14|1.55|1.84|1.16,2.49|2.42|2.38|2.38|2.31|2.31|2.34|2.44|2.61|2.64,0.76|0.58|0.56|1.12|0.71|0.72|0.93|1.40|1.65|0.81
2026-10-07,2026-10-07T21:09:06Z,leaders,v3,Health Information Services,SDGR,SDGR,Schrodinger Inc,Health Information Services,USA,2.04B,-,"4,554,288",27.29,-5.57%,Aug 05/a,RUT,-,-,7.88,-,-,6.68,-16.18%,-8.18%,-12.92%,0.28,0.33,-,-0.74,-0.70,-13.66%,11.60%,12.46%,-28.10%,13.73%,12.24%,18.81%,7.54%,113.42%,70.36%,8.88%,56.87%,-59.24%,-20.98%,-1.03%,-0.81%,-12.11%,36.25%,62.54%,137.30%,52.63%,35.37%,-2.01%,2.16,8.63%,1.67,-1.47%,23.07%,69.03%,52.52,1.68M,2.71,28.90,27.81,28.43,26.87,1.57,21.43,Sep-17,Schrodinger Reports Inducement Grants under Nasdaq Listing Rule 5635(c)(4),https://finviz.com/news/393136/schrodinger-reports-inducement-grants-under-nasdaq-listing-rule-5635c4,"Falling Treasury yields fuel AI-health rebound, lifting Schrödinger 19% alongside Absci, Tempus and Recursion",Healthcare,4.87,1.73B,2.71,2.71,259.04M,-54.34M,84.32%,-47.20%,10.10%,-19.21%,149.34%,-1.87%,-3.77%,-,119.30%,24.80%,sustained_strength,4,17.0,10.0,4.0,3.0,0.6828021968969842,0.7156177156177157,0.8402777777777778,-0.0489510489510488,0.7762237762237763,0.9541437865433426,-0.196969696969697,0.6666666666666666,1.0,0.6666666666666666,0.0,0.0,-0.199030303030303,2.368346153498913,-0.014919313914543784,0.18745429430405466,0.7222222222222215,1,1,1.06|1.17|1.14|0.89|1.27|1.07|1.03|1.83|2.42|0.72,1.73|1.75|1.77|1.76|1.79|1.80|1.81|1.93|2.16|2.16,1.36|0.91|1.42|1.26|2.64|3.45|1.98|2.95|3.27|2.71
2026-10-07,2026-10-07T21:09:06Z,leaders,v3,Electronics & Computer Distribution,SNX,SNX,TD Synnex Corp,Electronics & Computer Distribution,USA,21.66B,16.54,"568,102",271.52,-2.46%,Sep 24/b,-,11.18,0.38,0.29,-,10.69,0.35,14.79%,3.57%,10.18%,0.39,0.59,34.49%,16.42,5.90,59.67%,15.33%,13.67%,-0.52%,29.58%,0.09%,25.63%,37.72%,88.85%,77.90%,24.10%,6.33%,2.71%,1.73%,-1.20%,-1.59%,5.71%,5.00%,8.54%,35.61%,80.74%,71.14%,178.08%,10.64,3.60%,1.42,1.28%,4.22%,24.87%,53.69,820.12K,0.69,278.38,275.00,276.83,270.71,1.29,339.64,6 hours,TD SYNNEX Announces Entering Into a Definitive Agreement to Acquire BlueStar,https://finviz.com/news/399934/td-synnex-announces-entering-into-a-definitive-agreement-to-acquire-bluestar,"TD SYNNEX to acquire specialty distributor BlueStar, expanding AIDC, mobility, POS and related technology capabilities",Technology,28.91,26.43B,1.19,0.64,75.67B,1.31B,93.82%,155.81%,3.59%,-9.12%,90.92%,-1.27%,-1.21%,13.62%,20.80%,14.00%,sustained_strength,5,21.0,7.0,10.0,4.0,0.9232298458647948,0.958041958041958,0.9930555555555556,-0.0023310023310022,0.9554195804195804,0.9636632697712822,-0.0198135198135197,1.0,1.0,1.0,0.0,0.0,0.0729090909090909,1.0332884600678456,0.012638230647709296,0.04049126847054316,0.5751879699248125,1,0,2.06|1.66|0.59|0.49|0.58|1.81|0.71|0.65|0.38|0.58,11.36|12.06|11.76|11.32|10.96|11.79|11.64|11.34|10.87|10.64,4.63|1.72|1.39|1.22|0.97|1.45|1.03|1.23|0.88|0.69
2026-10-07,2026-10-07T21:09:06Z,all_green,v3,Electronics & Computer Distribution,SNX,SNX,TD Synnex Corp,Electronics & Computer Distribution,USA,21.66B,16.54,"568,102",271.52,-2.46%,Sep 24/b,-,11.18,0.38,0.29,-,10.69,0.35,14.79%,3.57%,10.18%,0.39,0.59,34.49%,16.42,5.90,59.67%,15.33%,13.67%,-0.52%,29.58%,0.09%,25.63%,37.72%,88.85%,77.90%,24.10%,6.33%,2.71%,1.73%,-1.20%,-1.59%,5.71%,5.00%,8.54%,35.61%,80.74%,71.14%,178.08%,10.64,3.60%,1.42,1.28%,4.22%,24.87%,53.69,820.12K,0.69,278.38,275.00,276.83,270.71,1.29,339.64,6 hours,TD SYNNEX Announces Entering Into a Definitive Agreement to Acquire BlueStar,https://finviz.com/news/399934/td-synnex-announces-entering-into-a-definitive-agreement-to-acquire-bluestar,"TD SYNNEX to acquire specialty distributor BlueStar, expanding AIDC, mobility, POS and related technology capabilities",Technology,28.91,26.43B,1.19,0.64,75.67B,1.31B,93.82%,155.81%,3.59%,-9.12%,90.92%,-1.27%,-1.21%,13.62%,20.80%,14.00%,all_green,2,21.0,7.0,10.0,4.0,0.9232298458647948,0.958041958041958,0.9930555555555556,-0.0023310023310022,0.9554195804195804,0.9636632697712822,-0.0198135198135197,1.0,1.0,1.0,0.0,0.0,0.0729090909090909,1.0332884600678456,0.012638230647709296,0.04049126847054316,0.5751879699248125,1,0,2.06|1.66|0.59|0.49|0.58|1.81|0.71|0.65|0.38|0.58,11.36|12.06|11.76|11.32|10.96|11.79|11.64|11.34|10.87|10.64,4.63|1.72|1.39|1.22|0.97|1.45|1.03|1.23|0.88|0.69
2026-10-07,2026-10-07T21:09:06Z,leaders,v3,Electronics & Computer Distribution,ARW,ARW,Arrow Electronics Inc,Electronics & Computer Distribution,USA,11.81B,14.83,"421,949",232.00,-3.49%,Aug 06/a,-,9.45,0.27,0.33,14.31,9.28,0.38,12.17%,2.59%,8.96%,0.29,0.31,-,15.65,4.96,97.88%,12.53%,-20.55%,8.02%,35.14%,-5.98%,1.48%,31.82%,46.58%,76.95%,26.05%,10.92%,3.76%,2.26%,-9.96%,-3.17%,2.20%,6.71%,13.01%,49.70%,110.56%,94.03%,93.27%,7.77,3.13%,1.20,2.74%,6.92%,27.42%,56.84,566.63K,0.74,240.40,237.36,238.57,231.49,2.62,235.00,Oct-02,"These Tech Stocks Top Buy Points. For One, Earnings Soared 263%.",https://www.investors.com/stock-lists/new-highs/tech-stocks-arw-imos-asx-stock?mod=IBD_FV,Arrow Electronics wins distribution rights for full HPE Networking portfolio across North America and select EMEA countries,Technology,48.28,13.81B,1.22,1.01,35.92B,811.61M,103.54%,97.85%,3.36%,-6.99%,127.92%,-2.26%,-1.26%,-,18.74%,3.37%,sustained_strength,5,21.0,7.0,10.0,4.0,0.9232298458647948,0.958041958041958,0.9930555555555556,-0.0023310023310022,0.9554195804195804,0.9636632697712822,-0.0198135198135197,1.0,1.0,1.0,0.0,0.0,0.0729090909090909,1.9324760065500775,0.026669262215300808,0.06472128694350907,0.9111969111969092,1,0,0.92|0.67|0.73|0.83|0.89|1.04|1.60|1.16|0.37|0.91,7.74|7.66|7.50|7.40|7.34|7.36|7.95|8.05|7.68|7.77,0.75|0.56|0.60|0.95|0.93|0.84|2.03|1.37|1.00|0.74
2026-10-07,2026-10-07T21:09:06Z,all_green,v3,Electronics & Computer Distribution,ARW,ARW,Arrow Electronics Inc,Electronics & Computer Distribution,USA,11.81B,14.83,"421,949",232.00,-3.49%,Aug 06/a,-,9.45,0.27,0.33,14.31,9.28,0.38,12.17%,2.59%,8.96%,0.29,0.31,-,15.65,4.96,97.88%,12.53%,-20.55%,8.02%,35.14%,-5.98%,1.48%,31.82%,46.58%,76.95%,26.05%,10.92%,3.76%,2.26%,-9.96%,-3.17%,2.20%,6.71%,13.01%,49.70%,110.56%,94.03%,93.27%,7.77,3.13%,1.20,2.74%,6.92%,27.42%,56.84,566.63K,0.74,240.40,237.36,238.57,231.49,2.62,235.00,Oct-02,"These Tech Stocks Top Buy Points. For One, Earnings Soared 263%.",https://www.investors.com/stock-lists/new-highs/tech-stocks-arw-imos-asx-stock?mod=IBD_FV,Arrow Electronics wins distribution rights for full HPE Networking portfolio across North America and select EMEA countries,Technology,48.28,13.81B,1.22,1.01,35.92B,811.61M,103.54%,97.85%,3.36%,-6.99%,127.92%,-2.26%,-1.26%,-,18.74%,3.37%,all_green,2,21.0,7.0,10.0,4.0,0.9232298458647948,0.958041958041958,0.9930555555555556,-0.0023310023310022,0.9554195804195804,0.9636632697712822,-0.0198135198135197,1.0,1.0,1.0,0.0,0.0,0.0729090909090909,1.9324760065500775,0.026669262215300808,0.06472128694350907,0.9111969111969092,1,0,0.92|0.67|0.73|0.83|0.89|1.04|1.60|1.16|0.37|0.91,7.74|7.66|7.50|7.40|7.34|7.36|7.95|8.05|7.68|7.77,0.75|0.56|0.60|0.95|0.93|0.84|2.03|1.37|1.00|0.74
2026-10-07,2026-10-07T21:09:06Z,leaders,v3,Electronics & Computer Distribution,AVT,AVT,Avnet Inc,Electronics & Computer Distribution,USA,8.41B,25.69,"875,063",102.53,-3.61%,Aug 05/b,-,7.91,0.23,0.30,-,11.80,0.42,6.67%,2.42%,4.34%,0.53,0.69,10.49%,3.99,2.86,104.80%,11.61%,-21.40%,15.77%,35.06%,1.36%,7.18%,47.66%,1987.43%,47.08%,24.47%,10.43%,3.11%,1.21%,-9.57%,0.56%,2.58%,10.94%,18.83%,55.35%,113.25%,99.71%,111.88%,3.75,3.67%,1.11,3.22%,8.24%,32.60%,57.39,1.23M,0.71,106.37,104.68,106.15,102.34,2.43,106.25,Sep-11,Does Arrow Electronics Still Buy Back Enough Stock To Matter?,https://finance.yahoo.com/markets/stocks/articles/does-arrow-electronics-still-buy-203239199.html,AI safety concerns from industry leaders trigger selloff in semiconductor distributor Avnet,Technology,54.15,11.74B,1.78,0.97,27.63B,334.39M,108.44%,181.60%,3.56%,-5.62%,131.71%,-2.05%,-1.59%,6.47%,26.95%,9.77%,sustained_strength,5,21.0,7.0,10.0,4.0,0.9232298458647948,0.958041958041958,0.9930555555555556,-0.0023310023310022,0.9554195804195804,0.9636632697712822,-0.0198135198135197,1.0,1.0,1.0,0.0,0.0,0.0729090909090909,2.0814170978073436,0.031195504747141996,0.07612712490761278,1.0160000000000007,1,0,1.18|0.80|0.81|0.94|1.15|1.28|1.22|0.61|0.43|1.02,3.78|3.78|3.72|3.70|3.75|3.83|4.01|3.90|3.73|3.75,1.26|0.99|0.85|1.38|1.28|0.99|1.78|1.03|0.83|0.71
2026-10-07,2026-10-07T21:09:06Z,all_green,v3,Electronics & Computer Distribution,AVT,AVT,Avnet Inc,Electronics & Computer Distribution,USA,8.41B,25.69,"875,063",102.53,-3.61%,Aug 05/b,-,7.91,0.23,0.30,-,11.80,0.42,6.67%,2.42%,4.34%,0.53,0.69,10.49%,3.99,2.86,104.80%,11.61%,-21.40%,15.77%,35.06%,1.36%,7.18%,47.66%,1987.43%,47.08%,24.47%,10.43%,3.11%,1.21%,-9.57%,0.56%,2.58%,10.94%,18.83%,55.35%,113.25%,99.71%,111.88%,3.75,3.67%,1.11,3.22%,8.24%,32.60%,57.39,1.23M,0.71,106.37,104.68,106.15,102.34,2.43,106.25,Sep-11,Does Arrow Electronics Still Buy Back Enough Stock To Matter?,https://finance.yahoo.com/markets/stocks/articles/does-arrow-electronics-still-buy-203239199.html,AI safety concerns from industry leaders trigger selloff in semiconductor distributor Avnet,Technology,54.15,11.74B,1.78,0.97,27.63B,334.39M,108.44%,181.60%,3.56%,-5.62%,131.71%,-2.05%,-1.59%,6.47%,26.95%,9.77%,all_green,2,21.0,7.0,10.0,4.0,0.9232298458647948,0.958041958041958,0.9930555555555556,-0.0023310023310022,0.9554195804195804,0.9636632697712822,-0.0198135198135197,1.0,1.0,1.0,0.0,0.0,0.0729090909090909,2.0814170978073436,0.031195504747141996,0.07612712490761278,1.0160000000000007,1,0,1.18|0.80|0.81|0.94|1.15|1.28|1.22|0.61|0.43|1.02,3.78|3.78|3.72|3.70|3.75|3.83|4.01|3.90|3.73|3.75,1.26|0.99|0.85|1.38|1.28|0.99|1.78|1.03|0.83|0.71
2026-10-07,2026-10-07T21:09:06Z,leaders,v3,Electronics & Computer Distribution,NSIT,NSIT,Insight Enterprises Inc,Electronics & Computer Distribution,USA,4.70B,23.44,"285,438",160.13,0.40%,Aug 06/b,RUT,12.08,0.75,0.55,11.85,10.05,0.71,13.11%,2.09%,6.83%,0.92,1.09,-,6.83,2.85,26.67%,6.00%,-14.06%,32.83%,16.11%,-7.53%,30.33%,14.73%,75.94%,46.40%,2.68%,22.10%,5.74%,2.45%,-0.63%,2.83%,2.44%,1.77%,35.62%,122.13%,96.55%,48.05%,11.26%,5.27,3.62%,1.07,0.79%,4.85%,51.38%,56.68,366.98K,0.78,159.49,158.08,161.85,158.08,2.40,163.75,Sep-11,Does Arrow Electronics Still Buy Back Enough Stock To Matter?,https://finance.yahoo.com/markets/stocks/articles/does-arrow-electronics-still-buy-203239199.html,No clear catalyst identified; Insight Enterprises drops 6.4% against rising Nasdaq and mixed peers,Technology,12.93,6.08B,1.18,1.15,8.58B,210.48M,104.45%,73.38%,2.87%,-4.97%,151.70%,1.30%,-0.88%,-,31.84%,10.19%,sustained_strength,5,21.0,7.0,10.0,4.0,0.9232298458647948,0.958041958041958,0.9930555555555556,-0.0023310023310022,0.9554195804195804,0.9636632697712822,-0.0198135198135197,1.0,1.0,1.0,0.0,0.0,0.0729090909090909,1.4055147002268527,0.00783807917452127,0.04625655698617069,0.7153700189753287,1,0,1.13|0.77|0.65|0.55|0.86|1.20|0.79|0.70|0.36|0.72,6.28|6.17|6.05|5.85|5.78|5.87|5.78|5.65|5.39|5.27,0.95|0.76|0.68|0.60|0.67|1.02|0.76|0.95|0.59|0.78
2026-10-07,2026-10-07T21:09:06Z,all_green,v3,Electronics & Computer Distribution,NSIT,NSIT,Insight Enterprises Inc,Electronics & Computer Distribution,USA,4.70B,23.44,"285,438",160.13,0.40%,Aug 06/b,RUT,12.08,0.75,0.55,11.85,10.05,0.71,13.11%,2.09%,6.83%,0.92,1.09,-,6.83,2.85,26.67%,6.00%,-14.06%,32.83%,16.11%,-7.53%,30.33%,14.73%,75.94%,46.40%,2.68%,22.10%,5.74%,2.45%,-0.63%,2.83%,2.44%,1.77%,35.62%,122.13%,96.55%,48.05%,11.26%,5.27,3.62%,1.07,0.79%,4.85%,51.38%,56.68,366.98K,0.78,159.49,158.08,161.85,158.08,2.40,163.75,Sep-11,Does Arrow Electronics Still Buy Back Enough Stock To Matter?,https://finance.yahoo.com/markets/stocks/articles/does-arrow-electronics-still-buy-203239199.html,No clear catalyst identified; Insight Enterprises drops 6.4% against rising Nasdaq and mixed peers,Technology,12.93,6.08B,1.18,1.15,8.58B,210.48M,104.45%,73.38%,2.87%,-4.97%,151.70%,1.30%,-0.88%,-,31.84%,10.19%,all_green,2,21.0,7.0,10.0,4.0,0.9232298458647948,0.958041958041958,0.9930555555555556,-0.0023310023310022,0.9554195804195804,0.9636632697712822,-0.0198135198135197,1.0,1.0,1.0,0.0,0.0,0.0729090909090909,1.4055147002268527,0.00783807917452127,0.04625655698617069,0.7153700189753287,1,0,1.13|0.77|0.65|0.55|0.86|1.20|0.79|0.70|0.36|0.72,6.28|6.17|6.05|5.85|5.78|5.87|5.78|5.65|5.39|5.27,0.95|0.76|0.68|0.60|0.67|1.02|0.76|0.95|0.59|0.78
2026-10-07,2026-10-07T21:09:06Z,leaders,v3,Electronics & Computer Distribution,CNXN,CNXN,PC Connection Inc,Electronics & Computer Distribution,USA,2.32B,24.34,"123,295",91.98,-0.44%,Jul 29/a,RUT,20.60,-,0.78,68.18,14.78,0.67,10.43%,7.11%,9.99%,0.01,0.01,-,3.78,1.04,21.37%,6.95%,-1.08%,9.06%,-,-2.77%,2.09%,12.41%,34.75%,14.66%,3.23%,18.51%,4.12%,3.21%,-1.34%,0.87%,1.94%,9.97%,20.44%,47.45%,59.25%,54.15%,69.17%,2.18,2.54%,0.82,3.91%,9.08%,31.86%,72.95,146.11K,0.84,92.39,91.85,92.68,90.82,3.00,83.00,Oct-02,One Reason Intel Stock Looks Better Than Its Price,https://finance.yahoo.com/markets/stocks/articles/one-reason-intel-stock-looks-095351593.html,"Momentum from AI demand, NASA contract, and technical breakout lifts CNXN 4.68%",Technology,6.81,1.99B,2.88,2.42,2.99B,95.84M,42.07%,107.39%,2.22%,-2.03%,67.34%,0.14%,-0.58%,-,31.66%,11.66%,sustained_strength,5,21.0,7.0,10.0,4.0,0.9232298458647948,0.958041958041958,0.9930555555555556,-0.0023310023310022,0.9554195804195804,0.9636632697712822,-0.0198135198135197,1.0,1.0,1.0,0.0,0.0,0.0729090909090909,3.512186998516364,0.03762871715907987,0.0832416574990832,0.8532110091743181,1,0,0.86|0.53|0.78|0.83|0.91|1.34|0.70|0.84|0.60|0.85,2.43|2.36|2.32|2.30|2.28|2.35|2.30|2.27|2.20|2.18,1.00|0.56|0.63|0.93|1.10|1.26|0.85|1.70|0.60|0.84
2026-10-07,2026-10-07T21:09:06Z,all_green,v3,Electronics & Computer Distribution,CNXN,CNXN,PC Connection Inc,Electronics & Computer Distribution,USA,2.32B,24.34,"123,295",91.98,-0.44%,Jul 29/a,RUT,20.60,-,0.78,68.18,14.78,0.67,10.43%,7.11%,9.99%,0.01,0.01,-,3.78,1.04,21.37%,6.95%,-1.08%,9.06%,-,-2.77%,2.09%,12.41%,34.75%,14.66%,3.23%,18.51%,4.12%,3.21%,-1.34%,0.87%,1.94%,9.97%,20.44%,47.45%,59.25%,54.15%,69.17%,2.18,2.54%,0.82,3.91%,9.08%,31.86%,72.95,146.11K,0.84,92.39,91.85,92.68,90.82,3.00,83.00,Oct-02,One Reason Intel Stock Looks Better Than Its Price,https://finance.yahoo.com/markets/stocks/articles/one-reason-intel-stock-looks-095351593.html,"Momentum from AI demand, NASA contract, and technical breakout lifts CNXN 4.68%",Technology,6.81,1.99B,2.88,2.42,2.99B,95.84M,42.07%,107.39%,2.22%,-2.03%,67.34%,0.14%,-0.58%,-,31.66%,11.66%,all_green,2,21.0,7.0,10.0,4.0,0.9232298458647948,0.958041958041958,0.9930555555555556,-0.0023310023310022,0.9554195804195804,0.9636632697712822,-0.0198135198135197,1.0,1.0,1.0,0.0,0.0,0.0729090909090909,3.512186998516364,0.03762871715907987,0.0832416574990832,0.8532110091743181,1,0,0.86|0.53|0.78|0.83|0.91|1.34|0.70|0.84|0.60|0.85,2.43|2.36|2.32|2.30|2.28|2.35|2.30|2.27|2.20|2.18,1.00|0.56|0.63|0.93|1.10|1.26|0.85|1.70|0.60|0.84
2026-10-07,2026-10-07T21:09:06Z,leaders,v3,Semiconductors,NVDA,NVDA,NVIDIA Corp,Semiconductors,USA,5723.03B,30.02,"81,135,634",237.47,-0.74%,Aug 26/a,"DJIA, NDX, S&P 500",15.06,0.23,18.89,45.06,28.13,18.69,117.21%,83.68%,72.42%,0.16,0.17,14.87%,7.91,2.47,94.51%,69.99%,204.08%,95.27%,64.96%,100.05%,66.90%,105.85%,128.21%,124.42%,83.38%,74.67%,65.21%,63.66%,-0.68%,0.51%,3.98%,5.20%,17.11%,30.42%,27.33%,28.33%,418.92%,5.61,1.99%,2.19,5.27%,7.66%,17.75%,64.31,122.55M,0.66,239.24,237.68,239.08,236.38,1.21,334.45,12 min,"Higher yields are taking their toll on all areas of the stock market, except the one that matters",https://www.marketwatch.com/story/higher-yields-are-taking-their-toll-on-all-areas-of-the-stock-market-except-the-one-that-matters-69a90322?mod=mw_FV,"Microsoft will unveil a new Surface Laptop Ultra powered by Nvidia’s RTX Spark chips, giving Nvidia a significant new design win in the Windows AI PC market.",Technology,57.59,5662.52B,4.59,3.85,302.97B,192.88B,72.31%,1026.79%,1.89%,-2.42%,44.56%,-0.09%,-0.65%,25.99%,6.22%,4.28%,sustained_strength,6,30.0,5.0,18.0,7.0,0.8469465630881068,0.9254079254079252,0.9791666666666666,-0.0011655011655014,0.9256993006993008,0.915214296132992,-0.0186480186480186,1.0,1.0,1.0,0.1666666666666666,0.0,-0.1667878787878787,3.011759473856928,0.0500617459865108,0.07114991640349251,0.4812834224598961,1,1,0.64|0.65|0.86|0.96|0.70|0.71|0.72|0.83|0.76|0.48,6.03|5.87|6.03|6.02|5.96|5.82|5.91|5.93|5.82|5.61,0.61|0.71|1.13|0.81|0.98|0.80|1.10|1.04|0.83|0.66
2026-10-07,2026-10-07T21:09:06Z,all_green,v3,Semiconductors,NVDA,NVDA,NVIDIA Corp,Semiconductors,USA,5723.03B,30.02,"81,135,634",237.47,-0.74%,Aug 26/a,"DJIA, NDX, S&P 500",15.06,0.23,18.89,45.06,28.13,18.69,117.21%,83.68%,72.42%,0.16,0.17,14.87%,7.91,2.47,94.51%,69.99%,204.08%,95.27%,64.96%,100.05%,66.90%,105.85%,128.21%,124.42%,83.38%,74.67%,65.21%,63.66%,-0.68%,0.51%,3.98%,5.20%,17.11%,30.42%,27.33%,28.33%,418.92%,5.61,1.99%,2.19,5.27%,7.66%,17.75%,64.31,122.55M,0.66,239.24,237.68,239.08,236.38,1.21,334.45,12 min,"Higher yields are taking their toll on all areas of the stock market, except the one that matters",https://www.marketwatch.com/story/higher-yields-are-taking-their-toll-on-all-areas-of-the-stock-market-except-the-one-that-matters-69a90322?mod=mw_FV,"Microsoft will unveil a new Surface Laptop Ultra powered by Nvidia’s RTX Spark chips, giving Nvidia a significant new design win in the Windows AI PC market.",Technology,57.59,5662.52B,4.59,3.85,302.97B,192.88B,72.31%,1026.79%,1.89%,-2.42%,44.56%,-0.09%,-0.65%,25.99%,6.22%,4.28%,all_green,4,30.0,5.0,18.0,7.0,0.8469465630881068,0.9254079254079252,0.9791666666666666,-0.0011655011655014,0.9256993006993008,0.915214296132992,-0.0186480186480186,1.0,1.0,1.0,0.1666666666666666,0.0,-0.1667878787878787,3.011759473856928,0.0500617459865108,0.07114991640349251,0.4812834224598961,1,1,0.64|0.65|0.86|0.96|0.70|0.71|0.72|0.83|0.76|0.48,6.03|5.87|6.03|6.02|5.96|5.82|5.91|5.93|5.82|5.61,0.61|0.71|1.13|0.81|0.98|0.80|1.10|1.04|0.83|0.66
2026-10-07,2026-10-07T21:09:06Z,leaders,v3,Semiconductors,TSM,TSM,Taiwan Semiconductor Manufacturing ADR,Semiconductors,Taiwan,2449.06B,34.08,"7,261,779",472.20,-2.09%,Oct 15/b,-,21.19,0.55,17.15,61.37,23.29,16.62,40.06%,26.90%,31.23%,0.14,0.17,14.54%,13.86,4.42,61.21%,31.76%,17.37%,25.67%,38.81%,17.20%,21.86%,32.92%,73.31%,57.78%,34.60%,63.08%,55.84%,50.31%,-4.01%,2.37%,3.51%,7.56%,8.06%,29.05%,55.39%,60.60%,428.84%,10.49,1.96%,1.43,5.41%,9.86%,21.04%,64.47,11.43M,0.64,482.30,472.60,475.80,471.30,1.29,546.89,4 hours,Musk: Let There Be ZERO Doubt SpaceX Will Run Terafab  Heres What that Means for TSMC,https://finance.yahoo.com/markets/stocks/articles/musk-let-zero-doubt-spacex-161359300.html,"Musk says SpaceX and Tesla will build and run Terafab chip complex, limiting TSMC role to possible sublease",Technology,22.17,2373.47B,2.46,2.25,142.82B,71.86B,15.06%,326.06%,1.73%,-3.13%,76.97%,-0.08%,-2.01%,25.39%,10.78%,-1.20%,sustained_strength,6,30.0,5.0,18.0,7.0,0.8469465630881068,0.9254079254079252,0.9791666666666666,-0.0011655011655014,0.9256993006993008,0.915214296132992,-0.0186480186480186,1.0,1.0,1.0,0.1666666666666666,0.0,-0.1667878787878787,4.040059998365198,0.051323403851627,0.08975059166211548,0.42897998093422307,1,1,1.10|0.57|1.14|1.15|0.67|0.68|1.01|1.02|0.43|0.43,10.85|10.51|10.63|10.75|10.48|10.23|10.61|10.90|10.45|10.49,0.63|0.63|0.65|0.83|0.75|0.70|0.85|0.95|0.73|0.64
2026-10-07,2026-10-07T21:09:06Z,all_green,v3,Semiconductors,TSM,TSM,Taiwan Semiconductor Manufacturing ADR,Semiconductors,Taiwan,2449.06B,34.08,"7,261,779",472.20,-2.09%,Oct 15/b,-,21.19,0.55,17.15,61.37,23.29,16.62,40.06%,26.90%,31.23%,0.14,0.17,14.54%,13.86,4.42,61.21%,31.76%,17.37%,25.67%,38.81%,17.20%,21.86%,32.92%,73.31%,57.78%,34.60%,63.08%,55.84%,50.31%,-4.01%,2.37%,3.51%,7.56%,8.06%,29.05%,55.39%,60.60%,428.84%,10.49,1.96%,1.43,5.41%,9.86%,21.04%,64.47,11.43M,0.64,482.30,472.60,475.80,471.30,1.29,546.89,4 hours,Musk: Let There Be ZERO Doubt SpaceX Will Run Terafab  Heres What that Means for TSMC,https://finance.yahoo.com/markets/stocks/articles/musk-let-zero-doubt-spacex-161359300.html,"Musk says SpaceX and Tesla will build and run Terafab chip complex, limiting TSMC role to possible sublease",Technology,22.17,2373.47B,2.46,2.25,142.82B,71.86B,15.06%,326.06%,1.73%,-3.13%,76.97%,-0.08%,-2.01%,25.39%,10.78%,-1.20%,all_green,4,30.0,5.0,18.0,7.0,0.8469465630881068,0.9254079254079252,0.9791666666666666,-0.0011655011655014,0.9256993006993008,0.915214296132992,-0.0186480186480186,1.0,1.0,1.0,0.1666666666666666,0.0,-0.1667878787878787,4.040059998365198,0.051323403851627,0.08975059166211548,0.42897998093422307,1,1,1.10|0.57|1.14|1.15|0.67|0.68|1.01|1.02|0.43|0.43,10.85|10.51|10.63|10.75|10.48|10.23|10.61|10.90|10.45|10.49,0.63|0.63|0.65|0.83|0.75|0.70|0.85|0.95|0.73|0.64
2026-10-07,2026-10-07T21:09:06Z,leaders,v3,Semiconductors,AVGO,AVGO,Broadcom Inc,Semiconductors,USA,1797.32B,48.07,"17,154,080",376.51,0.19%,Sep 02/a,"NDX, S&P 500",19.51,0.30,20.17,45.61,35.22,20.57,44.25%,21.63%,24.39%,0.57,0.60,12.67%,7.83,3.83,71.19%,65.31%,21.56%,49.76%,65.03%,24.38%,21.74%,85.50%,214.40%,99.97%,48.69%,66.54%,48.57%,42.94%,-1.59%,0.43%,7.21%,2.16%,-6.13%,7.38%,8.79%,11.92%,345.44%,11.02,2.41%,1.49,5.97%,1.05%,2.29%,59.17,22.59M,0.76,375.81,372.60,376.97,369.12,1.26,533.19,47 min,What Just Happened To Ciena Stock?,https://finance.yahoo.com/markets/stocks/articles/just-happened-ciena-stock-202255506.html,Broadcom guides Q4 AI chip sales to $21.7B and plans up to $60B financing for AI customers,Technology,74.97,1832.76B,2.50,2.29,89.10B,38.27B,80.57%,662.29%,2.99%,-23.94%,29.85%,1.05%,-0.85%,12.90%,3.25%,1.20%,sustained_strength,6,30.0,5.0,18.0,7.0,0.8469465630881068,0.9254079254079252,0.9791666666666666,-0.0011655011655014,0.9256993006993008,0.915214296132992,-0.0186480186480186,1.0,1.0,1.0,0.1666666666666666,0.0,-0.1667878787878787,0.3550159801216079,0.056336699065773405,0.01039089559623946,0.7123411978221437,1,0,0.76|0.40|0.46|0.79|0.72|0.68|0.91|0.72|1.49|0.71,11.66|11.40|10.95|10.77|10.88|10.62|10.88|10.72|11.27|11.02,1.00|0.90|0.70|0.94|0.84|0.87|1.09|0.95|1.37|0.76
2026-10-07,2026-10-07T21:09:06Z,all_green,v3,Semiconductors,AVGO,AVGO,Broadcom Inc,Semiconductors,USA,1797.32B,48.07,"17,154,080",376.51,0.19%,Sep 02/a,"NDX, S&P 500",19.51,0.30,20.17,45.61,35.22,20.57,44.25%,21.63%,24.39%,0.57,0.60,12.67%,7.83,3.83,71.19%,65.31%,21.56%,49.76%,65.03%,24.38%,21.74%,85.50%,214.40%,99.97%,48.69%,66.54%,48.57%,42.94%,-1.59%,0.43%,7.21%,2.16%,-6.13%,7.38%,8.79%,11.92%,345.44%,11.02,2.41%,1.49,5.97%,1.05%,2.29%,59.17,22.59M,0.76,375.81,372.60,376.97,369.12,1.26,533.19,47 min,What Just Happened To Ciena Stock?,https://finance.yahoo.com/markets/stocks/articles/just-happened-ciena-stock-202255506.html,Broadcom guides Q4 AI chip sales to $21.7B and plans up to $60B financing for AI customers,Technology,74.97,1832.76B,2.50,2.29,89.10B,38.27B,80.57%,662.29%,2.99%,-23.94%,29.85%,1.05%,-0.85%,12.90%,3.25%,1.20%,all_green,4,30.0,5.0,18.0,7.0,0.8469465630881068,0.9254079254079252,0.9791666666666666,-0.0011655011655014,0.9256993006993008,0.915214296132992,-0.0186480186480186,1.0,1.0,1.0,0.1666666666666666,0.0,-0.1667878787878787,0.3550159801216079,0.056336699065773405,0.01039089559623946,0.7123411978221437,1,0,0.76|0.40|0.46|0.79|0.72|0.68|0.91|0.72|1.49|0.71,11.66|11.40|10.95|10.77|10.88|10.62|10.88|10.72|11.27|11.02,1.00|0.90|0.70|0.94|0.84|0.87|1.09|0.95|1.37|0.76
2026-10-07,2026-10-07T21:09:06Z,leaders,v3,Semiconductors,SKHY,SKHY,SK Hynix Inc ADR,Semiconductors,South Korea,1299.20B,11.58,"20,511,946",178.25,-2.36%,Jul 29/b,-,5.17,0.05,10.07,20.78,12.86,9.74,93.70%,68.32%,61.27%,0.06,0.08,-,15.40,6.13,536.43%,35.42%,159.13%,49.26%,114.34%,25.56%,20.38%,232.92%,1180.72%,421.22%,134.05%,75.63%,67.76%,84.95%,-,-16.47%,-3.20%,-3.93%,-,-,4.85%,-,-,8.65,3.77%,-,-4.24%,5.40%,6.56%,47.53,28.99M,0.71,182.56,178.27,181.14,176.70,1.23,258.45,1 hour,"AMDs Lisa Su Visits South Korea, Reportedly Discusses AI Collaboration With Samsung, SK Hynix",https://finance.yahoo.com/technology/ai/articles/amd-lisa-su-visits-south-195454707.html,October 7 lockup expiry and Seoul selloff drive SK Hynix ADR down 6%,Technology,22.88,1256.24B,2.59,2.29,129.01B,109.59B,0.01%,-,3.86%,-10.81%,42.83%,-0.01%,-2.35%,-,89.46%,-1.62%,sustained_strength,6,30.0,5.0,18.0,7.0,0.8469465630881068,0.9254079254079252,0.9791666666666666,-0.0011655011655014,0.9256993006993008,0.915214296132992,-0.0186480186480186,1.0,1.0,1.0,0.1666666666666666,0.0,-0.1667878787878787,1.0557633458007505,-0.04427736006683376,0.05123339658444035,0.513294797687861,1,0,0.44|0.54|0.78|0.58|0.43|1.23|0.48|0.66|1.23|0.51,9.48|9.27|9.48|9.26|8.87|9.04|8.69|8.46|8.87|8.65,0.30|0.44|0.53|0.43|0.37|0.59|0.53|0.42|0.75|0.71
2026-10-07,2026-10-07T21:09:06Z,all_green,v3,Semiconductors,SKHY,SKHY,SK Hynix Inc ADR,Semiconductors,South Korea,1299.20B,11.58,"20,511,946",178.25,-2.36%,Jul 29/b,-,5.17,0.05,10.07,20.78,12.86,9.74,93.70%,68.32%,61.27%,0.06,0.08,-,15.40,6.13,536.43%,35.42%,159.13%,49.26%,114.34%,25.56%,20.38%,232.92%,1180.72%,421.22%,134.05%,75.63%,67.76%,84.95%,-,-16.47%,-3.20%,-3.93%,-,-,4.85%,-,-,8.65,3.77%,-,-4.24%,5.40%,6.56%,47.53,28.99M,0.71,182.56,178.27,181.14,176.70,1.23,258.45,1 hour,"AMDs Lisa Su Visits South Korea, Reportedly Discusses AI Collaboration With Samsung, SK Hynix",https://finance.yahoo.com/technology/ai/articles/amd-lisa-su-visits-south-195454707.html,October 7 lockup expiry and Seoul selloff drive SK Hynix ADR down 6%,Technology,22.88,1256.24B,2.59,2.29,129.01B,109.59B,0.01%,-,3.86%,-10.81%,42.83%,-0.01%,-2.35%,-,89.46%,-1.62%,all_green,4,30.0,5.0,18.0,7.0,0.8469465630881068,0.9254079254079252,0.9791666666666666,-0.0011655011655014,0.9256993006993008,0.915214296132992,-0.0186480186480186,1.0,1.0,1.0,0.1666666666666666,0.0,-0.1667878787878787,1.0557633458007505,-0.04427736006683376,0.05123339658444035,0.513294797687861,1,0,0.44|0.54|0.78|0.58|0.43|1.23|0.48|0.66|1.23|0.51,9.48|9.27|9.48|9.26|8.87|9.04|8.69|8.46|8.87|8.65,0.30|0.44|0.53|0.43|0.37|0.59|0.53|0.42|0.75|0.71
2026-10-07,2026-10-07T21:09:06Z,leaders,v3,Semiconductors,MU,MU,Micron Technology Inc,Semiconductors,USA,1228.78B,14.66,"30,224,911",1088.00,4.06%,Sep 30/a,"NDX, S&P 500",5.23,0.13,9.23,20.84,10.88,8.94,88.26%,60.98%,59.39%,0.03,0.04,41.14%,74.21,38.11,130.24%,19.69%,-,70.65%,41.65%,104.65%,36.89%,379.27%,1061.40%,884.73%,256.33%,85.86%,75.01%,63.80%,-7.61%,-1.03%,2.15%,8.77%,9.72%,167.50%,281.21%,485.92%,1455.17%,45.89,3.62%,2.33,5.36%,12.49%,56.76%,59.73,33.33M,0.91,1045.56,1017.37,1089.22,1011.42,1.31,1602.46,12 min,"Higher yields are taking their toll on all areas of the stock market, except the one that matters",https://www.marketwatch.com/story/higher-yields-are-taking-their-toll-on-all-areas-of-the-stock-market-except-the-one-that-matters-69a90322?mod=mw_FV,Micron faces potential disruption at key Taiwan plant after Taoyuan union workers authorize strike over collapsed bonus talks,Technology,28.29,1190.52B,3.31,2.94,133.19B,84.97B,80.61%,1442.39%,3.48%,-13.31%,505.76%,6.94%,-2.70%,6.78%,5.19%,5.64%,sustained_strength,6,30.0,5.0,18.0,7.0,0.8469465630881068,0.9254079254079252,0.9791666666666666,-0.0011655011655014,0.9256993006993008,0.915214296132992,-0.0186480186480186,1.0,1.0,1.0,0.1666666666666666,0.0,-0.1667878787878787,2.632445321741972,0.05087319665907377,0.11103209174148813,1.695358465896711,1,0,0.76|0.74|1.09|0.53|0.47|1.61|0.77|0.43|0.67|1.70,48.93|47.98|48.33|46.93|45.08|47.29|46.48|44.55|43.44|45.89,0.58|0.56|0.61|0.56|0.90|1.33|0.80|0.54|0.65|0.91
2026-10-07,2026-10-07T21:09:06Z,all_green,v3,Semiconductors,MU,MU,Micron Technology Inc,Semiconductors,USA,1228.78B,14.66,"30,224,911",1088.00,4.06%,Sep 30/a,"NDX, S&P 500",5.23,0.13,9.23,20.84,10.88,8.94,88.26%,60.98%,59.39%,0.03,0.04,41.14%,74.21,38.11,130.24%,19.69%,-,70.65%,41.65%,104.65%,36.89%,379.27%,1061.40%,884.73%,256.33%,85.86%,75.01%,63.80%,-7.61%,-1.03%,2.15%,8.77%,9.72%,167.50%,281.21%,485.92%,1455.17%,45.89,3.62%,2.33,5.36%,12.49%,56.76%,59.73,33.33M,0.91,1045.56,1017.37,1089.22,1011.42,1.31,1602.46,12 min,"Higher yields are taking their toll on all areas of the stock market, except the one that matters",https://www.marketwatch.com/story/higher-yields-are-taking-their-toll-on-all-areas-of-the-stock-market-except-the-one-that-matters-69a90322?mod=mw_FV,Micron faces potential disruption at key Taiwan plant after Taoyuan union workers authorize strike over collapsed bonus talks,Technology,28.29,1190.52B,3.31,2.94,133.19B,84.97B,80.61%,1442.39%,3.48%,-13.31%,505.76%,6.94%,-2.70%,6.78%,5.19%,5.64%,all_green,4,30.0,5.0,18.0,7.0,0.8469465630881068,0.9254079254079252,0.9791666666666666,-0.0011655011655014,0.9256993006993008,0.915214296132992,-0.0186480186480186,1.0,1.0,1.0,0.1666666666666666,0.0,-0.1667878787878787,2.632445321741972,0.05087319665907377,0.11103209174148813,1.695358465896711,1,0,0.76|0.74|1.09|0.53|0.47|1.61|0.77|0.43|0.67|1.70,48.93|47.98|48.33|46.93|45.08|47.29|46.48|44.55|43.44|45.89,0.58|0.56|0.61|0.56|0.90|1.33|0.80|0.54|0.65|0.91
2026-10-07,2026-10-07T21:09:06Z,leaders,v3,Semiconductors,AMD,AMD,Advanced Micro Devices Inc,Semiconductors,USA,1054.35B,165.75,"18,466,838",645.86,-0.55%,Aug 04/a,"NDX, S&P 500",40.27,0.52,25.53,125.47,109.87,25.31,10.20%,8.12%,9.11%,0.05,0.06,-,3.90,1.94,83.21%,109.94%,46.65%,5.13%,77.71%,13.64%,28.82%,50.11%,158.80%,125.82%,39.54%,50.37%,15.71%,15.58%,-6.76%,3.75%,5.57%,27.71%,18.13%,178.60%,201.58%,205.36%,502.26%,23.43,3.72%,2.46,9.91%,23.58%,69.38%,70.70,23.43M,0.79,649.42,634.77,648.48,633.16,1.49,654.37,12 min,"Higher yields are taking their toll on all areas of the stock market, except the one that matters",https://www.marketwatch.com/story/higher-yields-are-taking-their-toll-on-all-areas-of-the-stock-market-except-the-one-that-matters-69a90322?mod=mw_FV,"Citi lifts AMD price target to $800, Mizuho also raises target on AI hardware demand optimism",Technology,80.35,1045.50B,2.61,1.91,41.30B,6.43B,75.16%,506.73%,3.04%,-1.92%,243.14%,1.75%,-2.26%,-,2.71%,2.00%,sustained_strength,6,30.0,5.0,18.0,7.0,0.8469465630881068,0.9254079254079252,0.9791666666666666,-0.0011655011655014,0.9256993006993008,0.915214296132992,-0.0186480186480186,1.0,1.0,1.0,0.1666666666666666,0.0,-0.1667878787878787,5.259708910379403,0.09016468019288511,0.19080757404110704,0.6538625693555292,1,0,1.23|0.55|1.32|0.76|0.62|0.75|0.70|0.58|1.27|0.65,25.58|24.71|25.42|24.95|24.24|23.78|24.21|23.47|23.98|23.43,1.01|0.70|0.89|0.68|0.69|0.71|0.83|0.58|1.03|0.79
2026-10-07,2026-10-07T21:09:06Z,all_green,v3,Semiconductors,AMD,AMD,Advanced Micro Devices Inc,Semiconductors,USA,1054.35B,165.75,"18,466,838",645.86,-0.55%,Aug 04/a,"NDX, S&P 500",40.27,0.52,25.53,125.47,109.87,25.31,10.20%,8.12%,9.11%,0.05,0.06,-,3.90,1.94,83.21%,109.94%,46.65%,5.13%,77.71%,13.64%,28.82%,50.11%,158.80%,125.82%,39.54%,50.37%,15.71%,15.58%,-6.76%,3.75%,5.57%,27.71%,18.13%,178.60%,201.58%,205.36%,502.26%,23.43,3.72%,2.46,9.91%,23.58%,69.38%,70.70,23.43M,0.79,649.42,634.77,648.48,633.16,1.49,654.37,12 min,"Higher yields are taking their toll on all areas of the stock market, except the one that matters",https://www.marketwatch.com/story/higher-yields-are-taking-their-toll-on-all-areas-of-the-stock-market-except-the-one-that-matters-69a90322?mod=mw_FV,"Citi lifts AMD price target to $800, Mizuho also raises target on AI hardware demand optimism",Technology,80.35,1045.50B,2.61,1.91,41.30B,6.43B,75.16%,506.73%,3.04%,-1.92%,243.14%,1.75%,-2.26%,-,2.71%,2.00%,all_green,4,30.0,5.0,18.0,7.0,0.8469465630881068,0.9254079254079252,0.9791666666666666,-0.0011655011655014,0.9256993006993008,0.915214296132992,-0.0186480186480186,1.0,1.0,1.0,0.1666666666666666,0.0,-0.1667878787878787,5.259708910379403,0.09016468019288511,0.19080757404110704,0.6538625693555292,1,0,1.23|0.55|1.32|0.76|0.62|0.75|0.70|0.58|1.27|0.65,25.58|24.71|25.42|24.95|24.24|23.78|24.21|23.47|23.98|23.43,1.01|0.70|0.89|0.68|0.69|0.71|0.83|0.58|1.03|0.79
2026-10-07,2026-10-07T21:09:06Z,leaders,v3,Semiconductors,INTC,INTC,Intel Corp,Semiconductors,USA,597.96B,-,"82,353,035",113.12,0.55%,Jul 23/a,"NDX, S&P 500",52.78,0.54,10.48,1738.27,37.40,11.12,-12.18%,-5.72%,-8.30%,0.55,0.58,-,-2.12,0.40,268.42%,38.50%,-,-,97.18%,-5.71%,-7.46%,25.42%,-223.64%,55.56%,7.47%,39.05%,8.03%,-19.79%,0.01%,1.47%,-5.91%,8.28%,0.52%,91.89%,206.56%,204.33%,212.57%,5.87,4.73%,2.34,-0.25%,10.57%,37.38%,52.67,107.60M,0.77,112.50,111.67,115.30,111.14,2.43,121.66,12 min,"Higher yields are taking their toll on all areas of the stock market, except the one that matters",https://www.marketwatch.com/story/higher-yields-are-taking-their-toll-on-all-areas-of-the-stock-market-except-the-one-that-matters-69a90322?mod=mw_FV,"Musk says TSMC will not own or operate Terafab AI chip complex, affirms Intel's exclusive manufacturing development role",Technology,20.00,634.21B,1.60,1.25,57.03B,-11.29B,63.04%,108.79%,4.37%,-20.53%,243.93%,1.30%,-0.74%,-,93.28%,11.73%,sustained_strength,6,30.0,5.0,18.0,7.0,0.8469465630881068,0.9254079254079252,0.9791666666666666,-0.0011655011655014,0.9256993006993008,0.915214296132992,-0.0186480186480186,1.0,1.0,1.0,0.1666666666666666,0.0,-0.1667878787878787,1.8422093106204034,-0.0025062656641603362,0.09559555033010757,0.7086882453151613,1,0,1.23|0.65|1.09|0.76|0.74|0.79|1.15|0.46|1.03|0.71,6.40|6.26|6.41|6.29|6.17|6.07|6.14|5.99|6.01|5.87,1.09|0.89|1.03|0.81|0.87|0.96|0.88|0.75|0.95|0.77
2026-10-07,2026-10-07T21:09:06Z,all_green,v3,Semiconductors,INTC,INTC,Intel Corp,Semiconductors,USA,597.96B,-,"82,353,035",113.12,0.55%,Jul 23/a,"NDX, S&P 500",52.78,0.54,10.48,1738.27,37.40,11.12,-12.18%,-5.72%,-8.30%,0.55,0.58,-,-2.12,0.40,268.42%,38.50%,-,-,97.18%,-5.71%,-7.46%,25.42%,-223.64%,55.56%,7.47%,39.05%,8.03%,-19.79%,0.01%,1.47%,-5.91%,8.28%,0.52%,91.89%,206.56%,204.33%,212.57%,5.87,4.73%,2.34,-0.25%,10.57%,37.38%,52.67,107.60M,0.77,112.50,111.67,115.30,111.14,2.43,121.66,12 min,"Higher yields are taking their toll on all areas of the stock market, except the one that matters",https://www.marketwatch.com/story/higher-yields-are-taking-their-toll-on-all-areas-of-the-stock-market-except-the-one-that-matters-69a90322?mod=mw_FV,"Musk says TSMC will not own or operate Terafab AI chip complex, affirms Intel's exclusive manufacturing development role",Technology,20.00,634.21B,1.60,1.25,57.03B,-11.29B,63.04%,108.79%,4.37%,-20.53%,243.93%,1.30%,-0.74%,-,93.28%,11.73%,all_green,4,30.0,5.0,18.0,7.0,0.8469465630881068,0.9254079254079252,0.9791666666666666,-0.0011655011655014,0.9256993006993008,0.915214296132992,-0.0186480186480186,1.0,1.0,1.0,0.1666666666666666,0.0,-0.1667878787878787,1.8422093106204034,-0.0025062656641603362,0.09559555033010757,0.7086882453151613,1,0,1.23|0.65|1.09|0.76|0.74|0.79|1.15|0.46|1.03|0.71,6.40|6.26|6.41|6.29|6.17|6.07|6.14|5.99|6.01|5.87,1.09|0.89|1.03|0.81|0.87|0.96|0.88|0.75|0.95|0.77
2026-10-07,2026-10-07T21:09:06Z,leaders,v3,Semiconductors,ARM,ARM,Arm Holdings Plc ADR,Semiconductors,United Kingdom,314.39B,301.98,"3,404,796",294.37,-2.71%,Jul 29/a,NDX,96.08,2.95,60.98,208.76,269.48,60.32,13.35%,10.14%,11.53%,0.05,0.06,-,0.97,0.47,25.90%,37.49%,18.34%,17.48%,32.59%,22.46%,19.40%,22.41%,105.16%,48.03%,25.12%,93.88%,17.26%,20.25%,-6.41%,0.76%,1.63%,12.56%,-10.22%,97.68%,169.30%,84.74%,444.32%,17.28,5.20%,3.78,2.28%,9.69%,34.70%,53.40,5.28M,0.64,302.56,291.11,300.60,290.50,1.84,300.48,Oct-05,Qualcomm and Arm begin new trial over chip testing tools,https://finance.yahoo.com/technology/articles/qualcomm-arm-begin-trial-over-162242328.html,Delaware jury trial begins over Qualcomm bid to halt Arm royalty payments for up to five years,Technology,80.86,310.98B,5.25,5.25,5.16B,1.04B,9.28%,-,3.80%,-34.97%,194.31%,1.12%,-3.78%,-,11.94%,2.08%,sustained_strength,6,30.0,5.0,18.0,7.0,0.8469465630881068,0.9254079254079252,0.9791666666666666,-0.0011655011655014,0.9256993006993008,0.915214296132992,-0.0186480186480186,1.0,1.0,1.0,0.1666666666666666,0.0,-0.1667878787878787,1.50489621635721,0.022291748142354285,0.08833986689762063,0.584490740740742,1,0,1.18|0.81|1.41|0.71|0.65|0.52|0.80|0.61|0.42|0.58,18.95|18.97|19.83|19.68|19.17|18.49|19.02|18.46|17.68|17.28,1.75|1.28|1.67|1.10|0.77|0.61|1.10|0.54|0.64|0.64
2026-10-07,2026-10-07T21:09:06Z,all_green,v3,Semiconductors,ARM,ARM,Arm Holdings Plc ADR,Semiconductors,United Kingdom,314.39B,301.98,"3,404,796",294.37,-2.71%,Jul 29/a,NDX,96.08,2.95,60.98,208.76,269.48,60.32,13.35%,10.14%,11.53%,0.05,0.06,-,0.97,0.47,25.90%,37.49%,18.34%,17.48%,32.59%,22.46%,19.40%,22.41%,105.16%,48.03%,25.12%,93.88%,17.26%,20.25%,-6.41%,0.76%,1.63%,12.56%,-10.22%,97.68%,169.30%,84.74%,444.32%,17.28,5.20%,3.78,2.28%,9.69%,34.70%,53.40,5.28M,0.64,302.56,291.11,300.60,290.50,1.84,300.48,Oct-05,Qualcomm and Arm begin new trial over chip testing tools,https://finance.yahoo.com/technology/articles/qualcomm-arm-begin-trial-over-162242328.html,Delaware jury trial begins over Qualcomm bid to halt Arm royalty payments for up to five years,Technology,80.86,310.98B,5.25,5.25,5.16B,1.04B,9.28%,-,3.80%,-34.97%,194.31%,1.12%,-3.78%,-,11.94%,2.08%,all_green,4,30.0,5.0,18.0,7.0,0.8469465630881068,0.9254079254079252,0.9791666666666666,-0.0011655011655014,0.9256993006993008,0.915214296132992,-0.0186480186480186,1.0,1.0,1.0,0.1666666666666666,0.0,-0.1667878787878787,1.50489621635721,0.022291748142354285,0.08833986689762063,0.584490740740742,1,0,1.18|0.81|1.41|0.71|0.65|0.52|0.80|0.61|0.42|0.58,18.95|18.97|19.83|19.68|19.17|18.49|19.02|18.46|17.68|17.28,1.75|1.28|1.67|1.10|0.77|0.61|1.10|0.54|0.64|0.64
2026-10-07,2026-10-07T21:09:06Z,leaders,v3,Semiconductors,TXN,TXN,Texas Instruments Inc,Semiconductors,USA,263.91B,43.96,"4,544,544",288.98,-2.78%,Oct 21/a,"NDX, S&P 500",28.12,0.93,13.57,49.28,28.20,13.93,34.97%,16.99%,19.47%,0.72,0.78,8.13%,6.57,2.42,56.18%,20.72%,-16.65%,-1.81%,30.23%,-4.07%,4.10%,22.82%,51.54%,20.14%,16.66%,58.33%,38.07%,30.93%,-9.88%,-0.52%,3.17%,11.61%,-6.34%,38.33%,66.57%,63.22%,84.06%,8.11,2.62%,1.40,5.09%,6.46%,15.33%,61.67,6.42M,0.71,297.23,290.50,291.64,284.81,2.11,333.62,7 hours,"3 Top Analog and Edge AI Stocks to Watch, According to Stifel",https://finance.yahoo.com/technology/ai/articles/3-top-analog-edge-ai-132235116.html,"Soft September payrolls lower yields, lifting Texas Instruments 4.2% alongside analog-chip peers",Technology,37.70,270.96B,4.86,3.44,19.45B,6.02B,92.15%,47.96%,2.09%,-13.49%,89.21%,-0.52%,-2.26%,5.45%,10.29%,3.90%,sustained_strength,6,30.0,5.0,18.0,7.0,0.8469465630881068,0.9254079254079252,0.9791666666666666,-0.0011655011655014,0.9256993006993008,0.915214296132992,-0.0186480186480186,1.0,1.0,1.0,0.1666666666666666,0.0,-0.1667878787878787,2.1621856897677567,0.048434675040441424,0.060680067631035034,0.8421701602959291,1,0,0.66|1.10|0.67|0.52|0.56|0.74|1.09|0.82|0.58|0.84,8.27|8.33|8.12|7.98|7.71|7.56|8.15|8.03|7.78|8.11,0.45|0.54|0.68|0.73|0.58|0.56|0.77|0.58|0.51|0.71
2026-10-07,2026-10-07T21:09:06Z,all_green,v3,Semiconductors,TXN,TXN,Texas Instruments Inc,Semiconductors,USA,263.91B,43.96,"4,544,544",288.98,-2.78%,Oct 21/a,"NDX, S&P 500",28.12,0.93,13.57,49.28,28.20,13.93,34.97%,16.99%,19.47%,0.72,0.78,8.13%,6.57,2.42,56.18%,20.72%,-16.65%,-1.81%,30.23%,-4.07%,4.10%,22.82%,51.54%,20.14%,16.66%,58.33%,38.07%,30.93%,-9.88%,-0.52%,3.17%,11.61%,-6.34%,38.33%,66.57%,63.22%,84.06%,8.11,2.62%,1.40,5.09%,6.46%,15.33%,61.67,6.42M,0.71,297.23,290.50,291.64,284.81,2.11,333.62,7 hours,"3 Top Analog and Edge AI Stocks to Watch, According to Stifel",https://finance.yahoo.com/technology/ai/articles/3-top-analog-edge-ai-132235116.html,"Soft September payrolls lower yields, lifting Texas Instruments 4.2% alongside analog-chip peers",Technology,37.70,270.96B,4.86,3.44,19.45B,6.02B,92.15%,47.96%,2.09%,-13.49%,89.21%,-0.52%,-2.26%,5.45%,10.29%,3.90%,all_green,4,30.0,5.0,18.0,7.0,0.8469465630881068,0.9254079254079252,0.9791666666666666,-0.0011655011655014,0.9256993006993008,0.915214296132992,-0.0186480186480186,1.0,1.0,1.0,0.1666666666666666,0.0,-0.1667878787878787,2.1621856897677567,0.048434675040441424,0.060680067631035034,0.8421701602959291,1,0,0.66|1.10|0.67|0.52|0.56|0.74|1.09|0.82|0.58|0.84,8.27|8.33|8.12|7.98|7.71|7.56|8.15|8.03|7.78|8.11,0.45|0.54|0.68|0.73|0.58|0.56|0.77|0.58|0.51|0.71
2026-10-07,2026-10-07T21:09:06Z,leaders,v3,Semiconductors,MRVL,MRVL,Marvell Technology Inc,Semiconductors,USA,249.64B,93.74,"23,656,335",284.68,-0.81%,Aug 27/a,"NDX, S&P 500",39.30,0.63,26.42,144.29,88.15,26.58,16.52%,10.97%,11.05%,0.29,0.30,0.00%,3.04,1.10,48.32%,71.96%,-,-,62.81%,11.45%,22.51%,36.55%,49.42%,2693.83%,30.62%,51.42%,16.81%,27.93%,-4.93%,-3.17%,7.75%,26.29%,17.02%,148.74%,235.00%,227.33%,422.06%,14.14,4.73%,2.28,12.02%,22.48%,67.58%,68.17,22.52M,1.05,287.01,281.30,287.03,276.50,1.31,342.83,1 hour,Is There A Risk Hiding In Marvell Stock's Rapid Growth?,https://finance.yahoo.com/markets/stocks/articles/risk-hiding-marvell-stocks-rapid-193415154.html,Marvell gains broad analyst price target hikes after analyst day as BofA raises target to $400 and reiterates Buy,Technology,63.48,251.21B,3.17,2.62,9.45B,2.64B,82.47%,336.96%,5.71%,-13.70%,302.74%,1.20%,-1.99%,0.00%,0.69%,0.66%,sustained_strength,6,30.0,5.0,18.0,7.0,0.8469465630881068,0.9254079254079252,0.9791666666666666,-0.0011655011655014,0.9256993006993008,0.915214296132992,-0.0186480186480186,1.0,1.0,1.0,0.1666666666666666,0.0,-0.1667878787878787,3.6952061913292202,0.10730226745224077,0.1835401698236447,0.7446958981612427,1,0,0.71|0.74|1.01|0.56|0.67|0.97|0.65|0.90|2.36|0.74,13.77|13.51|13.53|13.45|13.12|13.09|13.01|12.91|14.42|14.14,0.54|0.51|0.71|0.73|0.52|0.83|0.70|0.58|2.32|1.05
2026-10-07,2026-10-07T21:09:06Z,all_green,v3,Semiconductors,MRVL,MRVL,Marvell Technology Inc,Semiconductors,USA,249.64B,93.74,"23,656,335",284.68,-0.81%,Aug 27/a,"NDX, S&P 500",39.30,0.63,26.42,144.29,88.15,26.58,16.52%,10.97%,11.05%,0.29,0.30,0.00%,3.04,1.10,48.32%,71.96%,-,-,62.81%,11.45%,22.51%,36.55%,49.42%,2693.83%,30.62%,51.42%,16.81%,27.93%,-4.93%,-3.17%,7.75%,26.29%,17.02%,148.74%,235.00%,227.33%,422.06%,14.14,4.73%,2.28,12.02%,22.48%,67.58%,68.17,22.52M,1.05,287.01,281.30,287.03,276.50,1.31,342.83,1 hour,Is There A Risk Hiding In Marvell Stock's Rapid Growth?,https://finance.yahoo.com/markets/stocks/articles/risk-hiding-marvell-stocks-rapid-193415154.html,Marvell gains broad analyst price target hikes after analyst day as BofA raises target to $400 and reiterates Buy,Technology,63.48,251.21B,3.17,2.62,9.45B,2.64B,82.47%,336.96%,5.71%,-13.70%,302.74%,1.20%,-1.99%,0.00%,0.69%,0.66%,all_green,4,30.0,5.0,18.0,7.0,0.8469465630881068,0.9254079254079252,0.9791666666666666,-0.0011655011655014,0.9256993006993008,0.915214296132992,-0.0186480186480186,1.0,1.0,1.0,0.1666666666666666,0.0,-0.1667878787878787,3.6952061913292202,0.10730226745224077,0.1835401698236447,0.7446958981612427,1,0,0.71|0.74|1.01|0.56|0.67|0.97|0.65|0.90|2.36|0.74,13.77|13.51|13.53|13.45|13.12|13.09|13.01|12.91|14.42|14.14,0.54|0.51|0.71|0.73|0.52|0.83|0.70|0.58|2.32|1.05
2026-10-07,2026-10-07T21:09:06Z,leaders,v3,Semiconductors,ADI,ADI,Analog Devices Inc,Semiconductors,USA,198.71B,48.66,"2,388,923",410.08,-2.49%,Aug 19/b,"NDX, S&P 500",24.62,0.68,14.31,40.25,29.56,14.80,12.23%,8.56%,10.25%,0.20,0.27,10.14%,8.43,3.86,65.19%,29.45%,-4.58%,6.82%,36.14%,-2.84%,14.49%,39.63%,162.61%,114.59%,33.65%,60.39%,35.89%,29.79%,-11.41%,-0.16%,3.37%,12.91%,4.18%,18.45%,51.21%,75.44%,135.72%,11.15,2.51%,1.26,5.70%,8.41%,13.39%,63.65,3.53M,0.68,420.55,411.49,413.59,404.60,1.37,477.61,7 hours,"Moet Hennessy, Analog Devices and UC Davis Join Forces to Advance Wine Production Through Breakthrough Chemical Signature Detection Technology Leveraging AI",https://finviz.com/news/399905/moet-hennessy-analog-devices-and-uc-davis-join-forces-to-advance-wine-production-through-breakthrough-chemical-signature-detection-technology-leveraging-ai,Analog Devices partners with Moët Hennessy and UC Davis to deploy AI chemical signature detection platform for wine quality,Technology,85.47,205.51B,1.25,0.91,13.88B,4.14B,94.27%,145.59%,2.06%,-8.04%,83.51%,-0.34%,-2.15%,9.41%,3.20%,2.62%,sustained_strength,6,30.0,5.0,18.0,7.0,0.8469465630881068,0.9254079254079252,0.9791666666666666,-0.0011655011655014,0.9256993006993008,0.915214296132992,-0.0186480186480186,1.0,1.0,1.0,0.1666666666666666,0.0,-0.1667878787878787,2.8531221988605813,0.053926206244087,0.07757586938474317,0.8062780269058253,1,0,0.62|1.26|0.71|0.87|0.60|1.13|0.68|0.87|0.51|0.81,11.19|11.42|11.17|11.09|10.75|10.86|11.31|11.19|10.78|11.15,0.59|0.61|0.82|0.65|0.63|0.86|0.72|0.59|0.63|0.68
2026-10-07,2026-10-07T21:09:06Z,all_green,v3,Semiconductors,ADI,ADI,Analog Devices Inc,Semiconductors,USA,198.71B,48.66,"2,388,923",410.08,-2.49%,Aug 19/b,"NDX, S&P 500",24.62,0.68,14.31,40.25,29.56,14.80,12.23%,8.56%,10.25%,0.20,0.27,10.14%,8.43,3.86,65.19%,29.45%,-4.58%,6.82%,36.14%,-2.84%,14.49%,39.63%,162.61%,114.59%,33.65%,60.39%,35.89%,29.79%,-11.41%,-0.16%,3.37%,12.91%,4.18%,18.45%,51.21%,75.44%,135.72%,11.15,2.51%,1.26,5.70%,8.41%,13.39%,63.65,3.53M,0.68,420.55,411.49,413.59,404.60,1.37,477.61,7 hours,"Moet Hennessy, Analog Devices and UC Davis Join Forces to Advance Wine Production Through Breakthrough Chemical Signature Detection Technology Leveraging AI",https://finviz.com/news/399905/moet-hennessy-analog-devices-and-uc-davis-join-forces-to-advance-wine-production-through-breakthrough-chemical-signature-detection-technology-leveraging-ai,Analog Devices partners with Moët Hennessy and UC Davis to deploy AI chemical signature detection platform for wine quality,Technology,85.47,205.51B,1.25,0.91,13.88B,4.14B,94.27%,145.59%,2.06%,-8.04%,83.51%,-0.34%,-2.15%,9.41%,3.20%,2.62%,all_green,4,30.0,5.0,18.0,7.0,0.8469465630881068,0.9254079254079252,0.9791666666666666,-0.0011655011655014,0.9256993006993008,0.915214296132992,-0.0186480186480186,1.0,1.0,1.0,0.1666666666666666,0.0,-0.1667878787878787,2.8531221988605813,0.053926206244087,0.07757586938474317,0.8062780269058253,1,0,0.62|1.26|0.71|0.87|0.60|1.13|0.68|0.87|0.51|0.81,11.19|11.42|11.17|11.09|10.75|10.86|11.31|11.19|10.78|11.15,0.59|0.61|0.82|0.65|0.63|0.86|0.72|0.59|0.63|0.68
2026-10-07,2026-10-07T21:09:06Z,leaders,v3,Semiconductors,QCOM,QCOM,Qualcomm Inc,Semiconductors,USA,189.14B,20.50,"7,878,056",177.12,-2.16%,Jul 29/a,"NDX, S&P 500",17.49,6.25,4.29,18.16,16.44,4.45,33.75%,16.50%,22.90%,0.46,0.55,6.50%,8.64,2.17,-12.40%,-3.92%,-23.90%,2.08%,2.80%,0.06%,13.48%,-4.03%,-22.80%,-16.70%,1.87%,54.23%,23.50%,21.01%,-0.83%,-2.31%,-3.76%,1.74%,-7.32%,38.91%,3.55%,7.05%,59.74%,7.66,4.75%,1.69,-4.92%,2.84%,4.59%,45.80,12.38M,0.64,181.03,178.92,179.82,175.35,2.65,196.73,1 hour,Is There A Risk Hiding In Marvell Stock's Rapid Growth?,https://finance.yahoo.com/markets/stocks/articles/risk-hiding-marvell-stocks-rapid-193415154.html,"Qualcomm, Huawei sign multiyear 5G patent cross-licensing deal and Qualcomm to buy certain Huawei U.S. patents, pending regulatory approvals",Technology,22.78,196.10B,2.02,1.26,44.07B,9.26B,82.69%,38.55%,2.68%,-31.86%,45.19%,-1.01%,-1.17%,6.76%,-1.02%,2.60%,sustained_strength,6,30.0,5.0,18.0,7.0,0.8469465630881068,0.9254079254079252,0.9791666666666666,-0.0011655011655014,0.9256993006993008,0.915214296132992,-0.0186480186480186,1.0,1.0,1.0,0.1666666666666666,0.0,-0.1667878787878787,0.6385502892779791,-0.051745898190997085,0.02761571373006617,0.58355091383812,1,0,0.60|1.31|1.36|0.86|0.59|0.54|0.67|0.64|0.48|0.58,8.43|8.66|9.13|9.03|8.76|8.46|8.35|8.12|7.81|7.66,0.65|1.29|1.23|0.76|0.57|0.85|0.80|0.98|0.66|0.64
2026-10-07,2026-10-07T21:09:06Z,all_green,v3,Semiconductors,QCOM,QCOM,Qualcomm Inc,Semiconductors,USA,189.14B,20.50,"7,878,056",177.12,-2.16%,Jul 29/a,"NDX, S&P 500",17.49,6.25,4.29,18.16,16.44,4.45,33.75%,16.50%,22.90%,0.46,0.55,6.50%,8.64,2.17,-12.40%,-3.92%,-23.90%,2.08%,2.80%,0.06%,13.48%,-4.03%,-22.80%,-16.70%,1.87%,54.23%,23.50%,21.01%,-0.83%,-2.31%,-3.76%,1.74%,-7.32%,38.91%,3.55%,7.05%,59.74%,7.66,4.75%,1.69,-4.92%,2.84%,4.59%,45.80,12.38M,0.64,181.03,178.92,179.82,175.35,2.65,196.73,1 hour,Is There A Risk Hiding In Marvell Stock's Rapid Growth?,https://finance.yahoo.com/markets/stocks/articles/risk-hiding-marvell-stocks-rapid-193415154.html,"Qualcomm, Huawei sign multiyear 5G patent cross-licensing deal and Qualcomm to buy certain Huawei U.S. patents, pending regulatory approvals",Technology,22.78,196.10B,2.02,1.26,44.07B,9.26B,82.69%,38.55%,2.68%,-31.86%,45.19%,-1.01%,-1.17%,6.76%,-1.02%,2.60%,all_green,4,30.0,5.0,18.0,7.0,0.8469465630881068,0.9254079254079252,0.9791666666666666,-0.0011655011655014,0.9256993006993008,0.915214296132992,-0.0186480186480186,1.0,1.0,1.0,0.1666666666666666,0.0,-0.1667878787878787,0.6385502892779791,-0.051745898190997085,0.02761571373006617,0.58355091383812,1,0,0.60|1.31|1.36|0.86|0.59|0.54|0.67|0.64|0.48|0.58,8.43|8.66|9.13|9.03|8.76|8.46|8.35|8.12|7.81|7.66,0.65|1.29|1.23|0.76|0.57|0.85|0.80|0.98|0.66|0.64
2026-10-07,2026-10-07T21:09:06Z,leaders,v3,Semiconductors,ASX,ASX,ASE Technology Holding CoLtd ADR,Semiconductors,Taiwan,100.62B,53.54,"4,059,706",45.76,-2.18%,Jul 30/b,-,25.88,0.44,4.39,-,23.38,4.70,17.52%,6.52%,9.98%,0.60,0.76,6.40%,0.85,0.32,106.87%,52.30%,-14.87%,6.47%,59.22%,-2.73%,5.04%,23.83%,163.45%,82.12%,18.30%,18.58%,9.90%,8.52%,-,1.16%,2.92%,15.00%,5.80%,89.56%,184.22%,302.11%,493.51%,1.67,3.18%,1.78,6.47%,15.45%,46.92%,61.09,7.65M,0.53,46.78,45.45,46.06,45.23,1.00,51.00,Sep-09,"ASE Technology Holding Co., Ltd. Announces Monthly Net Revenues*",https://finviz.com/news/389957/ase-technology-holding-co-ltd-announces-monthly-net-revenues,"ASE Technology Holding Co., Ltd. announces unaudited consolidated net revenues for August 2026.",Technology,30.34,107.53B,1.07,0.81,22.90B,1.95B,7.11%,540.90%,2.60%,-4.53%,313.37%,0.68%,-2.84%,-10.61%,18.64%,-1.24%,sustained_strength,6,30.0,5.0,18.0,7.0,0.8469465630881068,0.9254079254079252,0.9791666666666666,-0.0011655011655014,0.9256993006993008,0.915214296132992,-0.0186480186480186,1.0,1.0,1.0,0.1666666666666666,0.0,-0.1667878787878787,3.6669424252404705,0.06076829153752234,0.1338241663057602,0.49700598802395535,1,0,0.76|0.40|0.87|1.27|0.45|0.75|1.24|0.60|0.35|0.50,1.79|1.74|1.74|1.77|1.72|1.69|1.80|1.74|1.68|1.67,0.52|0.51|0.79|1.01|0.75|0.78|1.02|0.59|0.57|0.53
2026-10-07,2026-10-07T21:09:06Z,all_green,v3,Semiconductors,ASX,ASX,ASE Technology Holding CoLtd ADR,Semiconductors,Taiwan,100.62B,53.54,"4,059,706",45.76,-2.18%,Jul 30/b,-,25.88,0.44,4.39,-,23.38,4.70,17.52%,6.52%,9.98%,0.60,0.76,6.40%,0.85,0.32,106.87%,52.30%,-14.87%,6.47%,59.22%,-2.73%,5.04%,23.83%,163.45%,82.12%,18.30%,18.58%,9.90%,8.52%,-,1.16%,2.92%,15.00%,5.80%,89.56%,184.22%,302.11%,493.51%,1.67,3.18%,1.78,6.47%,15.45%,46.92%,61.09,7.65M,0.53,46.78,45.45,46.06,45.23,1.00,51.00,Sep-09,"ASE Technology Holding Co., Ltd. Announces Monthly Net Revenues*",https://finviz.com/news/389957/ase-technology-holding-co-ltd-announces-monthly-net-revenues,"ASE Technology Holding Co., Ltd. announces unaudited consolidated net revenues for August 2026.",Technology,30.34,107.53B,1.07,0.81,22.90B,1.95B,7.11%,540.90%,2.60%,-4.53%,313.37%,0.68%,-2.84%,-10.61%,18.64%,-1.24%,all_green,4,30.0,5.0,18.0,7.0,0.8469465630881068,0.9254079254079252,0.9791666666666666,-0.0011655011655014,0.9256993006993008,0.915214296132992,-0.0186480186480186,1.0,1.0,1.0,0.1666666666666666,0.0,-0.1667878787878787,3.6669424252404705,0.06076829153752234,0.1338241663057602,0.49700598802395535,1,0,0.76|0.40|0.87|1.27|0.45|0.75|1.24|0.60|0.35|0.50,1.79|1.74|1.74|1.77|1.72|1.69|1.80|1.74|1.68|1.67,0.52|0.51|0.79|1.01|0.75|0.78|1.02|0.59|0.57|0.53
2026-10-07,2026-10-07T21:09:06Z,leaders,v3,Semiconductors,MPWR,MPWR,Monolithic Power System Inc,Semiconductors,USA,70.08B,87.38,"480,594",1425.98,-3.24%,Jul 30/a,"NDX, S&P 500",39.59,1.14,21.41,119.68,68.66,20.98,21.90%,18.45%,20.41%,0.00,0.00,25.55%,16.32,7.71,54.46%,31.24%,12.44%,29.77%,34.72%,15.86%,27.00%,47.56%,87.56%,-57.45%,28.67%,55.20%,28.72%,24.41%,-9.08%,-1.13%,5.85%,17.03%,3.77%,8.61%,57.33%,50.82%,201.04%,53.46,3.64%,1.71,8.88%,8.60%,10.43%,60.91,752.45K,0.64,1473.69,1447.64,1450.70,1412.68,1.58,1853.62,Oct-02,Monolithic Power Systems Inc. stock outperforms competitors on strong trading day,https://www.marketwatch.com/data-news/monolithic-power-systems-inc-stock-outperforms-competitors-on-strong-trading-day-ee5b3686-471a1c812bc7?mod=mw_FV,"Vicor’s raised outlook sparks AI-power read-through, lifting Monolithic Power nearly 8% intraday",Technology,49.57,68.68B,4.98,3.62,3.27B,798.93M,99.74%,201.99%,3.18%,-16.81%,71.15%,-1.50%,-1.77%,27.65%,10.71%,8.56%,sustained_strength,6,30.0,5.0,18.0,7.0,0.8469465630881068,0.9254079254079252,0.9791666666666666,-0.0011655011655014,0.9256993006993008,0.915214296132992,-0.0186480186480186,1.0,1.0,1.0,0.1666666666666666,0.0,-0.1667878787878787,2.112287874309566,0.08155767817781047,0.0791896869244936,0.7111859334081553,1,0,0.64|0.84|0.70|0.49|0.69|0.73|1.15|0.93|0.62|0.71,57.46|56.76|56.04|53.93|52.68|51.61|54.71|54.42|52.88|53.46,0.57|0.62|0.77|0.55|0.58|0.63|0.92|0.90|0.49|0.64
2026-10-07,2026-10-07T21:09:06Z,all_green,v3,Semiconductors,MPWR,MPWR,Monolithic Power System Inc,Semiconductors,USA,70.08B,87.38,"480,594",1425.98,-3.24%,Jul 30/a,"NDX, S&P 500",39.59,1.14,21.41,119.68,68.66,20.98,21.90%,18.45%,20.41%,0.00,0.00,25.55%,16.32,7.71,54.46%,31.24%,12.44%,29.77%,34.72%,15.86%,27.00%,47.56%,87.56%,-57.45%,28.67%,55.20%,28.72%,24.41%,-9.08%,-1.13%,5.85%,17.03%,3.77%,8.61%,57.33%,50.82%,201.04%,53.46,3.64%,1.71,8.88%,8.60%,10.43%,60.91,752.45K,0.64,1473.69,1447.64,1450.70,1412.68,1.58,1853.62,Oct-02,Monolithic Power Systems Inc. stock outperforms competitors on strong trading day,https://www.marketwatch.com/data-news/monolithic-power-systems-inc-stock-outperforms-competitors-on-strong-trading-day-ee5b3686-471a1c812bc7?mod=mw_FV,"Vicor’s raised outlook sparks AI-power read-through, lifting Monolithic Power nearly 8% intraday",Technology,49.57,68.68B,4.98,3.62,3.27B,798.93M,99.74%,201.99%,3.18%,-16.81%,71.15%,-1.50%,-1.77%,27.65%,10.71%,8.56%,all_green,4,30.0,5.0,18.0,7.0,0.8469465630881068,0.9254079254079252,0.9791666666666666,-0.0011655011655014,0.9256993006993008,0.915214296132992,-0.0186480186480186,1.0,1.0,1.0,0.1666666666666666,0.0,-0.1667878787878787,2.112287874309566,0.08155767817781047,0.0791896869244936,0.7111859334081553,1,0,0.64|0.84|0.70|0.49|0.69|0.73|1.15|0.93|0.62|0.71,57.46|56.76|56.04|53.93|52.68|51.61|54.71|54.42|52.88|53.46,0.57|0.62|0.77|0.55|0.58|0.63|0.92|0.90|0.49|0.64
2026-10-07,2026-10-07T21:09:06Z,leaders,v3,Semiconductors,ALAB,ALAB,Astera Labs Inc,Semiconductors,USA,66.31B,188.21,"5,022,374",382.25,-1.94%,Aug 04/a,NDX,59.03,0.91,55.17,239.68,228.12,54.17,25.83%,23.07%,20.95%,0.02,0.03,-,2.03,1.19,116.96%,62.21%,-,-,64.94%,120.18%,-,104.45%,190.33%,256.17%,98.48%,75.13%,22.75%,30.74%,-7.68%,4.20%,7.38%,32.34%,-8.43%,204.68%,129.77%,80.22%,-,23.44,6.29%,3.68,15.01%,21.48%,56.28%,64.65,4.19M,1.20,389.80,376.00,388.14,360.22,1.64,424.45,Oct-06,Astera Labs Announces Conference Call to Review Third Quarter 2026 Financial Results,https://finviz.com/news/399499/astera-labs-announces-conference-call-to-review-third-quarter-2026-financial-results,Marvell Investor Day outlook lifts Astera Labs 9.6% alongside AI-connectivity peers by 10:01 ET,Technology,52.93,65.11B,10.05,9.36,1.20B,369.49M,74.57%,-,5.84%,-23.47%,290.49%,1.66%,-3.54%,-,15.77%,8.74%,sustained_strength,6,30.0,5.0,18.0,7.0,0.8469465630881068,0.9254079254079252,0.9791666666666666,-0.0011655011655014,0.9256993006993008,0.915214296132992,-0.0186480186480186,1.0,1.0,1.0,0.1666666666666666,0.0,-0.1667878787878787,2.883496180778363,0.1305103904008348,0.17681922950279877,1.1911262798634794,1,0,0.83|0.94|1.10|0.77|0.87|0.59|0.98|0.87|1.30|1.19,23.21|23.10|23.28|22.88|22.65|21.95|21.92|21.71|22.97|23.44,0.77|0.70|0.93|0.62|0.76|0.96|0.97|0.78|1.57|1.20
2026-10-07,2026-10-07T21:09:06Z,all_green,v3,Semiconductors,ALAB,ALAB,Astera Labs Inc,Semiconductors,USA,66.31B,188.21,"5,022,374",382.25,-1.94%,Aug 04/a,NDX,59.03,0.91,55.17,239.68,228.12,54.17,25.83%,23.07%,20.95%,0.02,0.03,-,2.03,1.19,116.96%,62.21%,-,-,64.94%,120.18%,-,104.45%,190.33%,256.17%,98.48%,75.13%,22.75%,30.74%,-7.68%,4.20%,7.38%,32.34%,-8.43%,204.68%,129.77%,80.22%,-,23.44,6.29%,3.68,15.01%,21.48%,56.28%,64.65,4.19M,1.20,389.80,376.00,388.14,360.22,1.64,424.45,Oct-06,Astera Labs Announces Conference Call to Review Third Quarter 2026 Financial Results,https://finviz.com/news/399499/astera-labs-announces-conference-call-to-review-third-quarter-2026-financial-results,Marvell Investor Day outlook lifts Astera Labs 9.6% alongside AI-connectivity peers by 10:01 ET,Technology,52.93,65.11B,10.05,9.36,1.20B,369.49M,74.57%,-,5.84%,-23.47%,290.49%,1.66%,-3.54%,-,15.77%,8.74%,all_green,4,30.0,5.0,18.0,7.0,0.8469465630881068,0.9254079254079252,0.9791666666666666,-0.0011655011655014,0.9256993006993008,0.915214296132992,-0.0186480186480186,1.0,1.0,1.0,0.1666666666666666,0.0,-0.1667878787878787,2.883496180778363,0.1305103904008348,0.17681922950279877,1.1911262798634794,1,0,0.83|0.94|1.10|0.77|0.87|0.59|0.98|0.87|1.30|1.19,23.21|23.10|23.28|22.88|22.65|21.95|21.92|21.71|22.97|23.44,0.77|0.70|0.93|0.62|0.76|0.96|0.97|0.78|1.57|1.20
2026-10-07,2026-10-07T21:09:06Z,leaders,v3,Semiconductors,NXPI,NXPI,NXP Semiconductors NV,Semiconductors,Netherlands,59.31B,20.07,"2,859,551",235.22,-3.75%,Oct 27/a,"NDX, S&P 500",12.94,0.61,4.50,20.91,14.78,5.11,28.38%,11.46%,13.92%,0.88,0.96,22.04%,11.72,4.11,27.72%,20.53%,-9.08%,112.19%,21.06%,-2.42%,7.33%,19.48%,72.23%,39.24%,8.77%,55.15%,28.70%,22.56%,-4.92%,-1.98%,-0.97%,5.07%,-19.04%,15.15%,8.37%,7.12%,18.19%,7.53,2.97%,1.86,0.59%,1.76%,-4.36%,50.03,3.64M,0.78,244.38,238.44,239.84,231.02,1.83,312.58,40 min,NXP Semiconductors N.V. stock underperforms Wednesday when compared to competitors,https://www.marketwatch.com/data-news/nxp-semiconductors-n-v-stock-underperforms-wednesday-when-compared-to-competitors-4e7309c5-6fcb0bf8feb4?mod=mw_FV,"NXP’s VisionPower joint-venture 300mm fab in Singapore is already fully booked, and the partners are now preliminarily evaluating a second fab on the site.",Technology,18.41,67.43B,2.04,1.36,13.19B,2.98B,98.37%,21.34%,2.33%,-30.81%,28.54%,-1.35%,-2.43%,6.30%,2.67%,0.89%,sustained_strength,6,30.0,5.0,18.0,7.0,0.8469465630881068,0.9254079254079252,0.9791666666666666,-0.0011655011655014,0.9256993006993008,0.915214296132992,-0.0186480186480186,1.0,1.0,1.0,0.1666666666666666,0.0,-0.1667878787878787,0.5402749588647517,0.0058653941743711845,0.017295597484276767,1.1713147410358555,0,0,0.51|1.16|0.80|0.63|0.74|1.00|0.82|0.55|0.69|1.17,7.67|7.77|7.65|7.44|7.29|7.30|7.47|7.25|7.08|7.53,0.75|0.75|0.94|0.64|0.71|0.63|0.72|0.51|0.47|0.78
2026-10-07,2026-10-07T21:09:06Z,all_green,v3,Semiconductors,NXPI,NXPI,NXP Semiconductors NV,Semiconductors,Netherlands,59.31B,20.07,"2,859,551",235.22,-3.75%,Oct 27/a,"NDX, S&P 500",12.94,0.61,4.50,20.91,14.78,5.11,28.38%,11.46%,13.92%,0.88,0.96,22.04%,11.72,4.11,27.72%,20.53%,-9.08%,112.19%,21.06%,-2.42%,7.33%,19.48%,72.23%,39.24%,8.77%,55.15%,28.70%,22.56%,-4.92%,-1.98%,-0.97%,5.07%,-19.04%,15.15%,8.37%,7.12%,18.19%,7.53,2.97%,1.86,0.59%,1.76%,-4.36%,50.03,3.64M,0.78,244.38,238.44,239.84,231.02,1.83,312.58,40 min,NXP Semiconductors N.V. stock underperforms Wednesday when compared to competitors,https://www.marketwatch.com/data-news/nxp-semiconductors-n-v-stock-underperforms-wednesday-when-compared-to-competitors-4e7309c5-6fcb0bf8feb4?mod=mw_FV,"NXP’s VisionPower joint-venture 300mm fab in Singapore is already fully booked, and the partners are now preliminarily evaluating a second fab on the site.",Technology,18.41,67.43B,2.04,1.36,13.19B,2.98B,98.37%,21.34%,2.33%,-30.81%,28.54%,-1.35%,-2.43%,6.30%,2.67%,0.89%,all_green,4,30.0,5.0,18.0,7.0,0.8469465630881068,0.9254079254079252,0.9791666666666666,-0.0011655011655014,0.9256993006993008,0.915214296132992,-0.0186480186480186,1.0,1.0,1.0,0.1666666666666666,0.0,-0.1667878787878787,0.5402749588647517,0.0058653941743711845,0.017295597484276767,1.1713147410358555,0,0,0.51|1.16|0.80|0.63|0.74|1.00|0.82|0.55|0.69|1.17,7.67|7.77|7.65|7.44|7.29|7.30|7.47|7.25|7.08|7.53,0.75|0.75|0.94|0.64|0.71|0.63|0.72|0.51|0.47|0.78
2026-10-07,2026-10-07T21:09:06Z,leaders,v3,Semiconductors,UMC,UMC,United Micro Electronics ADR,Semiconductors,Taiwan,58.60B,22.27,"8,052,245",23.31,0.52%,Jul 29/a,-,20.68,0.56,7.26,29.13,15.79,6.93,20.65%,13.25%,16.93%,0.11,0.14,7.10%,1.05,0.21,115.08%,-1.88%,-23.61%,5.23%,36.79%,-6.57%,4.89%,14.29%,363.39%,104.71%,9.07%,28.64%,18.88%,32.57%,-,20.18%,-4.82%,6.83%,-6.23%,146.15%,196.56%,219.75%,226.93%,1.03,2.94%,1.62,-2.70%,9.87%,45.30%,50.44,13.35M,0.60,23.19,22.91,23.34,22.85,3.50,13.40,Oct-05,AI Stock UMC Sinks 10% on $1.8 Billion Worth of Extraordinarily Good News,https://finance.yahoo.com/markets/stocks/articles/ai-stock-umc-sinks-10-173724806.html,$1.8 billion convertible-bond sale launch drives UMC ADR 8% lower in pre-market trading,Technology,12.67,55.97B,2.17,1.81,8.07B,2.63B,7.21%,126.90%,2.79%,-19.51%,234.43%,1.75%,-1.21%,-11.02%,203.14%,-0.89%,sustained_strength,6,30.0,5.0,18.0,7.0,0.8469465630881068,0.9254079254079252,0.9791666666666666,-0.0011655011655014,0.9256993006993008,0.915214296132992,-0.0186480186480186,1.0,1.0,1.0,0.1666666666666666,0.0,-0.1667878787878787,2.0330266749494776,-0.027749229188078102,0.0898334395194321,0.4757281553398043,1,0,0.54|0.43|0.82|0.92|0.35|0.72|0.89|0.83|0.57|0.48,1.01|0.97|0.96|0.98|0.93|0.93|0.94|1.09|1.08|1.03,0.47|0.45|0.52|0.81|0.53|0.58|0.77|2.44|1.13|0.60
2026-10-07,2026-10-07T21:09:06Z,all_green,v3,Semiconductors,UMC,UMC,United Micro Electronics ADR,Semiconductors,Taiwan,58.60B,22.27,"8,052,245",23.31,0.52%,Jul 29/a,-,20.68,0.56,7.26,29.13,15.79,6.93,20.65%,13.25%,16.93%,0.11,0.14,7.10%,1.05,0.21,115.08%,-1.88%,-23.61%,5.23%,36.79%,-6.57%,4.89%,14.29%,363.39%,104.71%,9.07%,28.64%,18.88%,32.57%,-,20.18%,-4.82%,6.83%,-6.23%,146.15%,196.56%,219.75%,226.93%,1.03,2.94%,1.62,-2.70%,9.87%,45.30%,50.44,13.35M,0.60,23.19,22.91,23.34,22.85,3.50,13.40,Oct-05,AI Stock UMC Sinks 10% on $1.8 Billion Worth of Extraordinarily Good News,https://finance.yahoo.com/markets/stocks/articles/ai-stock-umc-sinks-10-173724806.html,$1.8 billion convertible-bond sale launch drives UMC ADR 8% lower in pre-market trading,Technology,12.67,55.97B,2.17,1.81,8.07B,2.63B,7.21%,126.90%,2.79%,-19.51%,234.43%,1.75%,-1.21%,-11.02%,203.14%,-0.89%,all_green,4,30.0,5.0,18.0,7.0,0.8469465630881068,0.9254079254079252,0.9791666666666666,-0.0011655011655014,0.9256993006993008,0.915214296132992,-0.0186480186480186,1.0,1.0,1.0,0.1666666666666666,0.0,-0.1667878787878787,2.0330266749494776,-0.027749229188078102,0.0898334395194321,0.4757281553398043,1,0,0.54|0.43|0.82|0.92|0.35|0.72|0.89|0.83|0.57|0.48,1.01|0.97|0.96|0.98|0.93|0.93|0.94|1.09|1.08|1.03,0.47|0.45|0.52|0.81|0.53|0.58|0.77|2.44|1.13|0.60
2026-10-07,2026-10-07T21:09:06Z,leaders,v3,Semiconductors,STM,STM,ST Microelectronics,Semiconductors,Switzerland,50.14B,111.80,"9,536,943",56.18,-4.33%,Jul 23/b,-,20.88,0.22,3.83,119.25,18.74,3.71,2.62%,1.77%,2.25%,0.17,0.23,17.23%,0.50,0.40,155.28%,98.83%,-66.00%,-31.59%,94.80%,-9.81%,2.85%,23.95%,316.70%,-27.68%,10.06%,34.29%,5.23%,3.55%,0.00%,102.35%,5.28%,8.10%,-21.31%,47.92%,116.58%,99.50%,25.32%,1.91,2.42%,1.99,7.16%,7.70%,16.13%,59.00,9.63M,0.99,58.72,55.24,56.65,55.24,1.71,78.29,Oct-05,Semiconductor Stocks Rebound. The Case for Buying Micron and STMicroelectronics.,https://www.barrons.com/articles/semiconductor-stocks-micron-technology-stmicroelectronics-7fbe3320?mod=bar_FV,STMicroelectronics unveils ST SafeSense VD56GA 1.1 MP automotive IR sensor for in-cabin driver and occupant monitoring,Technology,8.29,48.54B,2.78,2.08,13.09B,464.75M,18.86%,33.44%,2.68%,-31.00%,166.13%,1.70%,-5.93%,15.73%,16.85%,0.71%,sustained_strength,6,30.0,5.0,18.0,7.0,0.8469465630881068,0.9254079254079252,0.9791666666666666,-0.0011655011655014,0.9256993006993008,0.915214296132992,-0.0186480186480186,1.0,1.0,1.0,0.1666666666666666,0.0,-0.1667878787878787,2.1029230896372013,0.06681597611048914,0.07149489322191267,0.7382198952879564,1,0,0.68|0.48|0.73|0.78|0.50|0.70|1.20|0.89|0.91|0.74,1.87|1.80|1.76|1.75|1.69|1.65|1.81|1.80|1.78|1.91,0.89|1.03|0.86|0.93|0.83|0.83|1.70|0.92|0.96|0.99
2026-10-07,2026-10-07T21:09:06Z,all_green,v3,Semiconductors,STM,STM,ST Microelectronics,Semiconductors,Switzerland,50.14B,111.80,"9,536,943",56.18,-4.33%,Jul 23/b,-,20.88,0.22,3.83,119.25,18.74,3.71,2.62%,1.77%,2.25%,0.17,0.23,17.23%,0.50,0.40,155.28%,98.83%,-66.00%,-31.59%,94.80%,-9.81%,2.85%,23.95%,316.70%,-27.68%,10.06%,34.29%,5.23%,3.55%,0.00%,102.35%,5.28%,8.10%,-21.31%,47.92%,116.58%,99.50%,25.32%,1.91,2.42%,1.99,7.16%,7.70%,16.13%,59.00,9.63M,0.99,58.72,55.24,56.65,55.24,1.71,78.29,Oct-05,Semiconductor Stocks Rebound. The Case for Buying Micron and STMicroelectronics.,https://www.barrons.com/articles/semiconductor-stocks-micron-technology-stmicroelectronics-7fbe3320?mod=bar_FV,STMicroelectronics unveils ST SafeSense VD56GA 1.1 MP automotive IR sensor for in-cabin driver and occupant monitoring,Technology,8.29,48.54B,2.78,2.08,13.09B,464.75M,18.86%,33.44%,2.68%,-31.00%,166.13%,1.70%,-5.93%,15.73%,16.85%,0.71%,all_green,4,30.0,5.0,18.0,7.0,0.8469465630881068,0.9254079254079252,0.9791666666666666,-0.0011655011655014,0.9256993006993008,0.915214296132992,-0.0186480186480186,1.0,1.0,1.0,0.1666666666666666,0.0,-0.1667878787878787,2.1029230896372013,0.06681597611048914,0.07149489322191267,0.7382198952879564,1,0,0.68|0.48|0.73|0.78|0.50|0.70|1.20|0.89|0.91|0.74,1.87|1.80|1.76|1.75|1.69|1.65|1.81|1.80|1.78|1.91,0.89|1.03|0.86|0.93|0.83|0.83|1.70|0.92|0.96|0.99
2026-10-07,2026-10-07T21:09:06Z,leaders,v3,Semiconductors,MCHP,MCHP,Microchip Technology Inc,Semiconductors,USA,42.37B,116.64,"8,887,810",78.02,-3.99%,Aug 06/a,"NDX, S&P 500",17.06,0.36,8.27,38.14,31.53,9.27,7.19%,3.26%,4.05%,0.83,0.84,19.40%,0.67,0.93,122.00%,25.63%,-62.14%,-19.53%,47.20%,-17.65%,-2.82%,38.05%,526.63%,304.71%,20.93%,47.42%,16.23%,7.17%,-5.62%,2.34%,0.32%,6.32%,-11.60%,10.31%,22.44%,20.10%,-1.91%,2.85,3.02%,1.83,2.86%,2.71%,-1.39%,52.88,9.32M,0.95,81.26,78.87,80.14,76.54,1.55,110.26,40 min,Microchip Technology Inc. stock underperforms Wednesday when compared to competitors,https://www.marketwatch.com/data-news/microchip-technology-inc-stock-underperforms-wednesday-when-compared-to-competitors-9b540aee-373a79028929?mod=mw_FV,Rising Treasury yields and oil prices drag Microchip 5.4% lower with analog-chip peers,Technology,155.58,47.49B,1.92,1.11,5.12B,367.20M,102.41%,4.55%,2.65%,-26.33%,60.80%,-1.08%,-2.94%,13.04%,8.59%,1.80%,sustained_strength,6,30.0,5.0,18.0,7.0,0.8469465630881068,0.9254079254079252,0.9791666666666666,-0.0011655011655014,0.9256993006993008,0.915214296132992,-0.0186480186480186,1.0,1.0,1.0,0.1666666666666666,0.0,-0.1667878787878787,0.7223000544882757,0.02780478320046653,0.026384967383896257,1.26315789473684,0,0,0.60|1.43|0.83|0.68|0.71|0.90|0.91|0.62|0.66|1.26,2.70|2.81|2.81|2.78|2.72|2.70|2.86|2.78|2.71|2.85,0.85|0.95|0.92|0.78|0.58|0.71|0.82|0.62|0.62|0.95
2026-10-07,2026-10-07T21:09:06Z,all_green,v3,Semiconductors,MCHP,MCHP,Microchip Technology Inc,Semiconductors,USA,42.37B,116.64,"8,887,810",78.02,-3.99%,Aug 06/a,"NDX, S&P 500",17.06,0.36,8.27,38.14,31.53,9.27,7.19%,3.26%,4.05%,0.83,0.84,19.40%,0.67,0.93,122.00%,25.63%,-62.14%,-19.53%,47.20%,-17.65%,-2.82%,38.05%,526.63%,304.71%,20.93%,47.42%,16.23%,7.17%,-5.62%,2.34%,0.32%,6.32%,-11.60%,10.31%,22.44%,20.10%,-1.91%,2.85,3.02%,1.83,2.86%,2.71%,-1.39%,52.88,9.32M,0.95,81.26,78.87,80.14,76.54,1.55,110.26,40 min,Microchip Technology Inc. stock underperforms Wednesday when compared to competitors,https://www.marketwatch.com/data-news/microchip-technology-inc-stock-underperforms-wednesday-when-compared-to-competitors-9b540aee-373a79028929?mod=mw_FV,Rising Treasury yields and oil prices drag Microchip 5.4% lower with analog-chip peers,Technology,155.58,47.49B,1.92,1.11,5.12B,367.20M,102.41%,4.55%,2.65%,-26.33%,60.80%,-1.08%,-2.94%,13.04%,8.59%,1.80%,all_green,4,30.0,5.0,18.0,7.0,0.8469465630881068,0.9254079254079252,0.9791666666666666,-0.0011655011655014,0.9256993006993008,0.915214296132992,-0.0186480186480186,1.0,1.0,1.0,0.1666666666666666,0.0,-0.1667878787878787,0.7223000544882757,0.02780478320046653,0.026384967383896257,1.26315789473684,0,0,0.60|1.43|0.83|0.68|0.71|0.90|0.91|0.62|0.66|1.26,2.70|2.81|2.81|2.78|2.72|2.70|2.86|2.78|2.71|2.85,0.85|0.95|0.92|0.78|0.58|0.71|0.82|0.62|0.62|0.95
2026-10-07,2026-10-07T21:09:06Z,leaders,v3,Semiconductors,CRDO,CRDO,Credo Technology Group Holding Ltd,Semiconductors,Cayman Islands,41.35B,78.51,"7,295,039",220.01,-0.37%,Sep 01/a,-,22.81,0.43,25.99,94.28,72.02,25.53,30.67%,27.48%,19.58%,0.01,0.01,-,2.80,1.28,81.98%,53.19%,-,-,52.78%,93.53%,86.80%,114.73%,93.83%,301.97%,165.11%,67.04%,32.32%,33.83%,-5.55%,-2.47%,12.95%,31.15%,-17.18%,99.63%,52.90%,60.36%,1175.42%,14.49,5.88%,3.25,16.66%,5.34%,23.21%,59.38,6.89M,1.06,220.83,214.87,222.51,208.10,1.14,283.09,Sep-25,What Makes Credo Technology Stock A Buy Today?,https://finance.yahoo.com/markets/stocks/articles/makes-credo-technology-stock-buy-181834189.html,"Weak September payrolls lift chip stocks, sending Credo 8% higher in early trading",Technology,54.11,40.61B,7.40,5.82,1.59B,538.30M,71.36%,-,7.51%,-28.72%,154.39%,2.39%,-2.70%,-,2.21%,1.21%,sustained_strength,6,30.0,5.0,18.0,7.0,0.8469465630881068,0.9254079254079252,0.9791666666666666,-0.0011655011655014,0.9256993006993008,0.915214296132992,-0.0186480186480186,1.0,1.0,1.0,0.1666666666666666,0.0,-0.1667878787878787,0.7697008719866363,0.14280816046631245,0.050692994114296445,0.9944789510006898,1,0,0.72|1.24|1.32|0.75|0.65|1.17|1.38|1.04|1.17|0.99,13.17|13.58|14.15|13.88|13.51|13.71|14.26|14.30|14.50|14.49,0.79|1.61|1.23|0.97|0.94|1.38|1.56|1.13|1.05|1.06
2026-10-07,2026-10-07T21:09:06Z,all_green,v3,Semiconductors,CRDO,CRDO,Credo Technology Group Holding Ltd,Semiconductors,Cayman Islands,41.35B,78.51,"7,295,039",220.01,-0.37%,Sep 01/a,-,22.81,0.43,25.99,94.28,72.02,25.53,30.67%,27.48%,19.58%,0.01,0.01,-,2.80,1.28,81.98%,53.19%,-,-,52.78%,93.53%,86.80%,114.73%,93.83%,301.97%,165.11%,67.04%,32.32%,33.83%,-5.55%,-2.47%,12.95%,31.15%,-17.18%,99.63%,52.90%,60.36%,1175.42%,14.49,5.88%,3.25,16.66%,5.34%,23.21%,59.38,6.89M,1.06,220.83,214.87,222.51,208.10,1.14,283.09,Sep-25,What Makes Credo Technology Stock A Buy Today?,https://finance.yahoo.com/markets/stocks/articles/makes-credo-technology-stock-buy-181834189.html,"Weak September payrolls lift chip stocks, sending Credo 8% higher in early trading",Technology,54.11,40.61B,7.40,5.82,1.59B,538.30M,71.36%,-,7.51%,-28.72%,154.39%,2.39%,-2.70%,-,2.21%,1.21%,all_green,4,30.0,5.0,18.0,7.0,0.8469465630881068,0.9254079254079252,0.9791666666666666,-0.0011655011655014,0.9256993006993008,0.915214296132992,-0.0186480186480186,1.0,1.0,1.0,0.1666666666666666,0.0,-0.1667878787878787,0.7697008719866363,0.14280816046631245,0.050692994114296445,0.9944789510006898,1,0,0.72|1.24|1.32|0.75|0.65|1.17|1.38|1.04|1.17|0.99,13.17|13.58|14.15|13.88|13.51|13.71|14.26|14.30|14.50|14.49,0.79|1.61|1.23|0.97|0.94|1.38|1.56|1.13|1.05|1.06
2026-10-07,2026-10-07T21:09:06Z,leaders,v3,Semiconductors,ON,ON,ON Semiconductor Corp,Semiconductors,USA,32.12B,53.13,"12,959,433",82.51,-4.40%,Aug 03/a,S&P 500,18.32,0.51,5.18,21.41,17.23,5.32,8.31%,4.74%,5.68%,0.54,0.65,-,1.55,0.88,36.08%,40.85%,-58.95%,-12.08%,35.65%,-10.37%,2.67%,9.18%,36.51%,44.55%,-3.14%,37.13%,18.16%,10.17%,-3.84%,-4.09%,7.34%,16.08%,-15.69%,20.66%,52.37%,71.29%,-9.26%,3.46,4.44%,2.11,9.00%,7.81%,1.97%,58.68,10.03M,1.29,86.31,84.21,85.21,82.05,2.06,106.74,40 min,ON Semiconductor Corp. stock underperforms Wednesday when compared to competitors,https://www.marketwatch.com/data-news/on-semiconductor-corp-stock-underperforms-wednesday-when-compared-to-competitors-373f2aac-03f4dfd01f47?mod=mw_FV,onsemi shifts Synaptics deal to $5.7B all-cash at $123 per share after unsolicited rival proposal,Technology,8.31,32.99B,3.46,2.49,6.20B,630.20M,105.34%,81.78%,3.45%,-38.85%,85.17%,-2.02%,-2.43%,-,3.54%,0.91%,sustained_strength,6,30.0,5.0,18.0,7.0,0.8469465630881068,0.9254079254079252,0.9791666666666666,-0.0011655011655014,0.9256993006993008,0.915214296132992,-0.0186480186480186,1.0,1.0,1.0,0.1666666666666666,0.0,-0.1667878787878787,1.727517582044627,0.0825688073394496,0.07244225953065578,0.9132947976878603,0,0,0.43|1.13|0.88|0.68|0.55|1.28|0.97|0.69|0.50|0.91,3.49|3.56|3.53|3.44|3.33|3.40|3.61|3.53|3.40|3.46,0.96|1.03|0.95|0.91|0.67|1.09|2.31|1.13|0.87|1.29
2026-10-07,2026-10-07T21:09:06Z,all_green,v3,Semiconductors,ON,ON,ON Semiconductor Corp,Semiconductors,USA,32.12B,53.13,"12,959,433",82.51,-4.40%,Aug 03/a,S&P 500,18.32,0.51,5.18,21.41,17.23,5.32,8.31%,4.74%,5.68%,0.54,0.65,-,1.55,0.88,36.08%,40.85%,-58.95%,-12.08%,35.65%,-10.37%,2.67%,9.18%,36.51%,44.55%,-3.14%,37.13%,18.16%,10.17%,-3.84%,-4.09%,7.34%,16.08%,-15.69%,20.66%,52.37%,71.29%,-9.26%,3.46,4.44%,2.11,9.00%,7.81%,1.97%,58.68,10.03M,1.29,86.31,84.21,85.21,82.05,2.06,106.74,40 min,ON Semiconductor Corp. stock underperforms Wednesday when compared to competitors,https://www.marketwatch.com/data-news/on-semiconductor-corp-stock-underperforms-wednesday-when-compared-to-competitors-373f2aac-03f4dfd01f47?mod=mw_FV,onsemi shifts Synaptics deal to $5.7B all-cash at $123 per share after unsolicited rival proposal,Technology,8.31,32.99B,3.46,2.49,6.20B,630.20M,105.34%,81.78%,3.45%,-38.85%,85.17%,-2.02%,-2.43%,-,3.54%,0.91%,all_green,4,30.0,5.0,18.0,7.0,0.8469465630881068,0.9254079254079252,0.9791666666666666,-0.0011655011655014,0.9256993006993008,0.915214296132992,-0.0186480186480186,1.0,1.0,1.0,0.1666666666666666,0.0,-0.1667878787878787,1.727517582044627,0.0825688073394496,0.07244225953065578,0.9132947976878603,0,0,0.43|1.13|0.88|0.68|0.55|1.28|0.97|0.69|0.50|0.91,3.49|3.56|3.53|3.44|3.33|3.40|3.61|3.53|3.40|3.46,0.96|1.03|0.95|0.91|0.67|1.09|2.31|1.13|0.87|1.29
2026-10-07,2026-10-07T21:09:06Z,leaders,v3,Semiconductors,TSEM,TSEM,Tower Semiconductor Ltd,Semiconductors,Israel,28.01B,97.92,"1,483,228",248.25,-3.93%,Aug 04/b,-,36.40,0.55,16.38,91.39,47.94,15.59,9.88%,8.30%,9.02%,0.04,0.05,-,2.54,1.07,69.97%,75.24%,-7.09%,20.39%,66.08%,-2.27%,4.35%,23.66%,93.04%,45.52%,14.90%,26.87%,16.16%,16.94%,-3.09%,-12.72%,9.15%,12.93%,9.56%,21.88%,111.42%,244.41%,912.85%,13.83,4.66%,0.91,9.70%,9.72%,24.90%,58.12,1.88M,0.79,258.41,247.58,249.97,241.76,1.27,312.91,Sep-25,Chip Stocks Rise After Two-Day Skid. Tower Semiconductor Among Leaders.,https://www.investors.com/news/technology/chip-stocks-rise-after-two-day-skid-tower-semiconductor-among-leaders?mod=IBD_FV,Bernstein’s bullish AI-optics coverage lifts Tower Semiconductor 8% alongside photonics partners Thursday,Technology,18.91,26.65B,4.91,4.31,1.71B,289.58M,70.64%,741.24%,4.66%,-22.41%,250.14%,0.27%,-4.19%,-,16.09%,1.19%,sustained_strength,6,30.0,5.0,18.0,7.0,0.8469465630881068,0.9254079254079252,0.9791666666666666,-0.0011655011655014,0.9256993006993008,0.915214296132992,-0.0186480186480186,1.0,1.0,1.0,0.1666666666666666,0.0,-0.1667878787878787,1.5901845992520498,0.08842297174111209,0.0885891359825009,0.5936370209689087,1,1,0.81|1.10|0.77|0.70|0.75|1.08|0.66|0.72|0.91|0.59,13.46|13.81|13.71|13.55|13.30|13.81|13.46|13.17|13.62|13.83,0.95|1.07|0.97|0.63|0.43|1.11|1.06|0.89|1.28|0.79
2026-10-07,2026-10-07T21:09:06Z,all_green,v3,Semiconductors,TSEM,TSEM,Tower Semiconductor Ltd,Semiconductors,Israel,28.01B,97.92,"1,483,228",248.25,-3.93%,Aug 04/b,-,36.40,0.55,16.38,91.39,47.94,15.59,9.88%,8.30%,9.02%,0.04,0.05,-,2.54,1.07,69.97%,75.24%,-7.09%,20.39%,66.08%,-2.27%,4.35%,23.66%,93.04%,45.52%,14.90%,26.87%,16.16%,16.94%,-3.09%,-12.72%,9.15%,12.93%,9.56%,21.88%,111.42%,244.41%,912.85%,13.83,4.66%,0.91,9.70%,9.72%,24.90%,58.12,1.88M,0.79,258.41,247.58,249.97,241.76,1.27,312.91,Sep-25,Chip Stocks Rise After Two-Day Skid. Tower Semiconductor Among Leaders.,https://www.investors.com/news/technology/chip-stocks-rise-after-two-day-skid-tower-semiconductor-among-leaders?mod=IBD_FV,Bernstein’s bullish AI-optics coverage lifts Tower Semiconductor 8% alongside photonics partners Thursday,Technology,18.91,26.65B,4.91,4.31,1.71B,289.58M,70.64%,741.24%,4.66%,-22.41%,250.14%,0.27%,-4.19%,-,16.09%,1.19%,all_green,4,30.0,5.0,18.0,7.0,0.8469465630881068,0.9254079254079252,0.9791666666666666,-0.0011655011655014,0.9256993006993008,0.915214296132992,-0.0186480186480186,1.0,1.0,1.0,0.1666666666666666,0.0,-0.1667878787878787,1.5901845992520498,0.08842297174111209,0.0885891359825009,0.5936370209689087,1,1,0.81|1.10|0.77|0.70|0.75|1.08|0.66|0.72|0.91|0.59,13.46|13.81|13.71|13.55|13.30|13.81|13.46|13.17|13.62|13.83,0.95|1.07|0.97|0.63|0.43|1.11|1.06|0.89|1.28|0.79
2026-10-07,2026-10-07T21:09:06Z,leaders,v3,Semiconductors,GFS,GFS,GlobalFoundries Inc,Semiconductors,USA,26.38B,37.52,"2,967,338",48.07,-1.15%,Aug 05/b,-,19.05,0.76,3.80,33.14,12.57,3.71,6.16%,4.25%,5.37%,0.13,0.14,-,1.28,0.51,12.74%,30.14%,-15.29%,-,25.07%,-5.74%,6.96%,5.81%,-27.05%,716.75%,1.40%,27.14%,11.59%,10.32%,-0.01%,1.42%,0.31%,6.61%,-31.04%,0.56%,37.66%,37.70%,-15.55%,1.94,3.69%,1.76,2.00%,0.32%,-11.68%,50.47,3.96M,0.75,48.63,47.27,48.21,47.18,2.00,74.40,Oct-06,Xanadu Soars 16% on Multi-Year GlobalFoundries Deal to Deliver Quantum Computing at Scale,https://finance.yahoo.com/markets/stocks/articles/xanadu-soars-16-multi-globalfoundries-174756258.html,"GlobalFoundries, Xanadu Quantum sign multi-year manufacturing partnership for photonic quantum components on 300 mm Malta production line",Technology,11.19,25.76B,2.48,1.74,6.94B,716.00M,26.91%,-,2.65%,-48.06%,50.12%,1.69%,-2.80%,-,6.28%,1.17%,sustained_strength,6,30.0,5.0,18.0,7.0,0.8469465630881068,0.9254079254079252,0.9791666666666666,-0.0011655011655014,0.9256993006993008,0.915214296132992,-0.0186480186480186,1.0,1.0,1.0,0.1666666666666666,0.0,-0.1667878787878787,0.0790378006872866,0.019607843137254954,0.003189792663476929,0.530927835051547,0,0,0.80|1.07|1.12|0.61|0.57|0.70|0.58|0.83|0.49|0.53,2.12|2.14|2.16|2.10|2.03|1.98|2.01|2.06|1.98|1.94,1.19|1.24|0.79|0.57|0.57|0.59|0.92|1.12|0.61|0.75
2026-10-07,2026-10-07T21:09:06Z,all_green,v3,Semiconductors,GFS,GFS,GlobalFoundries Inc,Semiconductors,USA,26.38B,37.52,"2,967,338",48.07,-1.15%,Aug 05/b,-,19.05,0.76,3.80,33.14,12.57,3.71,6.16%,4.25%,5.37%,0.13,0.14,-,1.28,0.51,12.74%,30.14%,-15.29%,-,25.07%,-5.74%,6.96%,5.81%,-27.05%,716.75%,1.40%,27.14%,11.59%,10.32%,-0.01%,1.42%,0.31%,6.61%,-31.04%,0.56%,37.66%,37.70%,-15.55%,1.94,3.69%,1.76,2.00%,0.32%,-11.68%,50.47,3.96M,0.75,48.63,47.27,48.21,47.18,2.00,74.40,Oct-06,Xanadu Soars 16% on Multi-Year GlobalFoundries Deal to Deliver Quantum Computing at Scale,https://finance.yahoo.com/markets/stocks/articles/xanadu-soars-16-multi-globalfoundries-174756258.html,"GlobalFoundries, Xanadu Quantum sign multi-year manufacturing partnership for photonic quantum components on 300 mm Malta production line",Technology,11.19,25.76B,2.48,1.74,6.94B,716.00M,26.91%,-,2.65%,-48.06%,50.12%,1.69%,-2.80%,-,6.28%,1.17%,all_green,4,30.0,5.0,18.0,7.0,0.8469465630881068,0.9254079254079252,0.9791666666666666,-0.0011655011655014,0.9256993006993008,0.915214296132992,-0.0186480186480186,1.0,1.0,1.0,0.1666666666666666,0.0,-0.1667878787878787,0.0790378006872866,0.019607843137254954,0.003189792663476929,0.530927835051547,0,0,0.80|1.07|1.12|0.61|0.57|0.70|0.58|0.83|0.49|0.53,2.12|2.14|2.16|2.10|2.03|1.98|2.01|2.06|1.98|1.94,1.19|1.24|0.79|0.57|0.57|0.59|0.92|1.12|0.61|0.75
2026-10-07,2026-10-07T21:09:06Z,leaders,v3,Semiconductors,MTSI,MTSI,MACOM Technology Solutions Holdings Inc,Semiconductors,USA,25.65B,108.04,"1,518,888",335.91,-4.21%,Aug 06/b,-,39.57,0.93,22.04,125.70,92.33,21.83,17.18%,11.61%,14.99%,0.04,0.27,-,3.11,2.00,58.85%,54.02%,-,-1.16%,42.55%,12.73%,12.78%,35.77%,166.69%,426.52%,28.36%,55.02%,18.11%,20.70%,-1.62%,-2.76%,17.94%,22.24%,5.85%,36.00%,96.12%,162.49%,311.15%,15.93,4.60%,1.81,17.68%,19.89%,21.81%,66.70,1.39M,1.10,350.67,339.98,341.83,330.41,1.53,395.33,Oct-06,These 3 Red-Hot Stocks Have Benefited From AI Tailwinds,https://finviz.com/news/399475/these-3-red-hot-stocks-have-benefited-from-ai-tailwinds,"Weak jobs report cools yields, extends AI-optics rally and lifts MACOM 8%",Technology,38.69,25.40B,2.34,1.78,1.16B,240.93M,96.82%,407.57%,5.55%,-19.81%,175.40%,-1.20%,-3.05%,-,3.52%,1.83%,sustained_strength,6,30.0,5.0,18.0,7.0,0.8469465630881068,0.9254079254079252,0.9791666666666666,-0.0011655011655014,0.9256993006993008,0.915214296132992,-0.0186480186480186,1.0,1.0,1.0,0.1666666666666666,0.0,-0.1667878787878787,3.498315546312937,0.15023793337865401,0.16590207690382863,0.7168863779033245,1,0,1.29|0.69|0.90|0.54|0.69|1.48|1.27|1.04|1.30|0.72,14.75|14.40|14.29|13.83|13.50|14.02|14.81|14.86|15.60|15.93,0.74|0.63|0.70|0.62|0.63|0.82|0.96|0.85|1.11|1.10
2026-10-07,2026-10-07T21:09:06Z,all_green,v3,Semiconductors,MTSI,MTSI,MACOM Technology Solutions Holdings Inc,Semiconductors,USA,25.65B,108.04,"1,518,888",335.91,-4.21%,Aug 06/b,-,39.57,0.93,22.04,125.70,92.33,21.83,17.18%,11.61%,14.99%,0.04,0.27,-,3.11,2.00,58.85%,54.02%,-,-1.16%,42.55%,12.73%,12.78%,35.77%,166.69%,426.52%,28.36%,55.02%,18.11%,20.70%,-1.62%,-2.76%,17.94%,22.24%,5.85%,36.00%,96.12%,162.49%,311.15%,15.93,4.60%,1.81,17.68%,19.89%,21.81%,66.70,1.39M,1.10,350.67,339.98,341.83,330.41,1.53,395.33,Oct-06,These 3 Red-Hot Stocks Have Benefited From AI Tailwinds,https://finviz.com/news/399475/these-3-red-hot-stocks-have-benefited-from-ai-tailwinds,"Weak jobs report cools yields, extends AI-optics rally and lifts MACOM 8%",Technology,38.69,25.40B,2.34,1.78,1.16B,240.93M,96.82%,407.57%,5.55%,-19.81%,175.40%,-1.20%,-3.05%,-,3.52%,1.83%,all_green,4,30.0,5.0,18.0,7.0,0.8469465630881068,0.9254079254079252,0.9791666666666666,-0.0011655011655014,0.9256993006993008,0.915214296132992,-0.0186480186480186,1.0,1.0,1.0,0.1666666666666666,0.0,-0.1667878787878787,3.498315546312937,0.15023793337865401,0.16590207690382863,0.7168863779033245,1,0,1.29|0.69|0.90|0.54|0.69|1.48|1.27|1.04|1.30|0.72,14.75|14.40|14.29|13.83|13.50|14.02|14.81|14.86|15.60|15.93,0.74|0.63|0.70|0.62|0.63|0.82|0.96|0.85|1.11|1.10
2026-10-07,2026-10-07T21:09:06Z,leaders,v3,Semiconductors,SITM,SITM,SiTime Corp,Semiconductors,USA,20.00B,1348.12,"340,092",665.16,-6.46%,Aug 05/a,-,44.58,0.53,42.75,236.74,407.38,41.48,1.33%,0.75%,0.60%,1.29,1.29,-,0.49,3.61,250.72%,32.96%,-,-24.12%,84.39%,4.82%,22.97%,126.54%,178.30%,115.22%,83.03%,58.71%,0.19%,3.01%,-6.24%,-2.22%,2.01%,11.05%,2.62%,68.43%,88.33%,120.25%,477.90%,38.12,5.59%,2.84,4.51%,7.16%,24.58%,54.39,445.94K,0.76,711.06,686.60,693.90,664.03,1.38,849.50,1 hour,"SiTime Corporation to Announce Third Quarter 2026 Financial Results on November 4, 2026",https://www.businesswire.com/news/home/20261007354264/en/,"Morgan Stanley starts SiTime Overweight with $730 target, lifting shares 9.5% by late morning",Technology,10.41,19.41B,19.45,18.50,467.85M,14.09M,76.31%,210.50%,4.50%,-26.24%,172.97%,-3.12%,-3.44%,-,19.77%,7.49%,sustained_strength,6,30.0,5.0,18.0,7.0,0.8469465630881068,0.9254079254079252,0.9791666666666666,-0.0011655011655014,0.9256993006993008,0.915214296132992,-0.0186480186480186,1.0,1.0,1.0,0.1666666666666666,0.0,-0.1667878787878787,1.165879188605794,0.04315376518993393,0.066815976110489,0.7835781741867788,1,0,1.62|0.77|0.79|0.69|0.49|1.38|0.67|0.63|0.77|0.78,41.34|40.62|39.96|39.02|37.56|38.70|39.18|38.09|37.44|38.12,0.88|0.98|0.66|0.75|0.91|0.92|0.91|0.57|0.55|0.76
2026-10-07,2026-10-07T21:09:06Z,all_green,v3,Semiconductors,SITM,SITM,SiTime Corp,Semiconductors,USA,20.00B,1348.12,"340,092",665.16,-6.46%,Aug 05/a,-,44.58,0.53,42.75,236.74,407.38,41.48,1.33%,0.75%,0.60%,1.29,1.29,-,0.49,3.61,250.72%,32.96%,-,-24.12%,84.39%,4.82%,22.97%,126.54%,178.30%,115.22%,83.03%,58.71%,0.19%,3.01%,-6.24%,-2.22%,2.01%,11.05%,2.62%,68.43%,88.33%,120.25%,477.90%,38.12,5.59%,2.84,4.51%,7.16%,24.58%,54.39,445.94K,0.76,711.06,686.60,693.90,664.03,1.38,849.50,1 hour,"SiTime Corporation to Announce Third Quarter 2026 Financial Results on November 4, 2026",https://www.businesswire.com/news/home/20261007354264/en/,"Morgan Stanley starts SiTime Overweight with $730 target, lifting shares 9.5% by late morning",Technology,10.41,19.41B,19.45,18.50,467.85M,14.09M,76.31%,210.50%,4.50%,-26.24%,172.97%,-3.12%,-3.44%,-,19.77%,7.49%,all_green,4,30.0,5.0,18.0,7.0,0.8469465630881068,0.9254079254079252,0.9791666666666666,-0.0011655011655014,0.9256993006993008,0.915214296132992,-0.0186480186480186,1.0,1.0,1.0,0.1666666666666666,0.0,-0.1667878787878787,1.165879188605794,0.04315376518993393,0.066815976110489,0.7835781741867788,1,0,1.62|0.77|0.79|0.69|0.49|1.38|0.67|0.63|0.77|0.78,41.34|40.62|39.96|39.02|37.56|38.70|39.18|38.09|37.44|38.12,0.88|0.98|0.66|0.75|0.91|0.92|0.91|0.57|0.55|0.76
2026-10-07,2026-10-07T21:09:06Z,leaders,v3,Semiconductors,SWKS,SWKS,Skyworks Solutions Inc,Semiconductors,USA,19.62B,43.22,"9,218,448",83.43,0.77%,Jul 28/a,S&P 500,16.68,-,4.89,45.30,24.00,4.86,5.09%,3.83%,4.54%,0.11,0.12,9.08%,1.93,1.27,-15.00%,-0.75%,-26.69%,-8.50%,-0.24%,-9.34%,4.02%,-3.13%,-67.95%,-22.93%,0.06%,40.71%,8.70%,7.23%,0.00%,10.64%,-2.40%,10.68%,39.17%,47.56%,31.57%,12.23%,-15.14%,4.56,6.25%,1.51,-3.77%,10.55%,26.29%,52.06,6.69M,1.38,82.79,81.14,85.85,80.90,2.96,74.93,9 hours,Skyworks Si829x Isolated Safety Gate Driver Qualified and Ready for Customer Evaluation,https://finviz.com/news/399767/skyworks-si829x-isolated-safety-gate-driver-qualified-and-ready-for-customer-evaluation,"Skyworks' Si829x safety gate driver completes AEC‑Q100 auto qualification, now sampling for EV traction inverter applications",Technology,24.55,19.50B,3.10,1.94,4.01B,290.10M,123.67%,-48.58%,5.70%,-10.10%,60.66%,2.83%,-2.00%,6.90%,4.90%,0.95%,sustained_strength,6,30.0,5.0,18.0,7.0,0.8469465630881068,0.9254079254079252,0.9791666666666666,-0.0011655011655014,0.9256993006993008,0.915214296132992,-0.0186480186480186,1.0,1.0,1.0,0.1666666666666666,0.0,-0.1667878787878787,1.7460276369349423,-0.039176971838304035,0.09543193125282674,1.0855263157894712,1,0,0.93|0.92|0.93|0.77|1.17|0.87|1.00|0.91|1.26|1.09,4.58|4.55|4.52|4.45|4.50|4.46|4.46|4.44|4.53|4.56,0.62|0.74|0.54|0.53|0.98|0.82|1.42|4.74|1.89|1.38
2026-10-07,2026-10-07T21:09:06Z,all_green,v3,Semiconductors,SWKS,SWKS,Skyworks Solutions Inc,Semiconductors,USA,19.62B,43.22,"9,218,448",83.43,0.77%,Jul 28/a,S&P 500,16.68,-,4.89,45.30,24.00,4.86,5.09%,3.83%,4.54%,0.11,0.12,9.08%,1.93,1.27,-15.00%,-0.75%,-26.69%,-8.50%,-0.24%,-9.34%,4.02%,-3.13%,-67.95%,-22.93%,0.06%,40.71%,8.70%,7.23%,0.00%,10.64%,-2.40%,10.68%,39.17%,47.56%,31.57%,12.23%,-15.14%,4.56,6.25%,1.51,-3.77%,10.55%,26.29%,52.06,6.69M,1.38,82.79,81.14,85.85,80.90,2.96,74.93,9 hours,Skyworks Si829x Isolated Safety Gate Driver Qualified and Ready for Customer Evaluation,https://finviz.com/news/399767/skyworks-si829x-isolated-safety-gate-driver-qualified-and-ready-for-customer-evaluation,"Skyworks' Si829x safety gate driver completes AEC‑Q100 auto qualification, now sampling for EV traction inverter applications",Technology,24.55,19.50B,3.10,1.94,4.01B,290.10M,123.67%,-48.58%,5.70%,-10.10%,60.66%,2.83%,-2.00%,6.90%,4.90%,0.95%,all_green,4,30.0,5.0,18.0,7.0,0.8469465630881068,0.9254079254079252,0.9791666666666666,-0.0011655011655014,0.9256993006993008,0.915214296132992,-0.0186480186480186,1.0,1.0,1.0,0.1666666666666666,0.0,-0.1667878787878787,1.7460276369349423,-0.039176971838304035,0.09543193125282674,1.0855263157894712,1,0,0.93|0.92|0.93|0.77|1.17|0.87|1.00|0.91|1.26|1.09,4.58|4.55|4.52|4.45|4.50|4.46|4.46|4.44|4.53|4.56,0.62|0.74|0.54|0.53|0.98|0.82|1.42|4.74|1.89|1.38
2026-10-07,2026-10-07T21:09:06Z,leaders,v3,Semiconductors,LSCC,LSCC,Lattice Semiconductor Corp,Semiconductors,USA,18.60B,505.95,"1,775,835",130.99,-2.59%,Aug 04/a,-,40.74,0.68,28.57,122.99,187.11,28.37,4.93%,4.07%,4.43%,0.04,0.05,-,0.26,0.55,103.27%,50.63%,-74.02%,-41.85%,59.81%,-7.46%,5.10%,62.20%,550.94%,15.45%,33.25%,63.35%,8.47%,5.58%,-4.24%,-2.86%,4.27%,11.49%,-6.12%,22.93%,78.02%,82.13%,65.68%,5.23,3.85%,1.86,8.23%,7.81%,15.60%,59.73,1.74M,1.02,134.47,130.78,133.39,129.55,1.41,164.54,1 hour,"Lattice Collaborates with Arm to Advance Secure, Adaptable AI Data Center Infrastructure",https://finviz.com/news/400037/lattice-collaborates-with-arm-to-advance-secure-adaptable-ai-data-center-infrastructure,"Lattice Semiconductor, Arm partner to integrate Lattice FPGAs with Arm AGI CPU server platforms for secure AI data center infrastructure",Technology,107.35,18.47B,3.02,2.33,651.12M,36.33M,101.51%,98.44%,2.87%,-16.57%,116.51%,0.16%,-2.74%,-,19.13%,8.40%,sustained_strength,6,30.0,5.0,18.0,7.0,0.8469465630881068,0.9254079254079252,0.9791666666666666,-0.0011655011655014,0.9256993006993008,0.915214296132992,-0.0186480186480186,1.0,1.0,1.0,0.1666666666666666,0.0,-0.1667878787878787,1.8143807984551827,0.07604176291231643,0.07244225953065582,0.7342256214149091,1,0,0.95|0.87|0.95|0.61|0.61|0.92|0.76|0.62|0.51|0.73,5.68|5.72|5.72|5.55|5.39|5.36|5.56|5.40|5.25|5.23,0.58|0.81|0.80|0.86|1.26|0.92|1.67|1.31|1.11|1.02
2026-10-07,2026-10-07T21:09:06Z,all_green,v3,Semiconductors,LSCC,LSCC,Lattice Semiconductor Corp,Semiconductors,USA,18.60B,505.95,"1,775,835",130.99,-2.59%,Aug 04/a,-,40.74,0.68,28.57,122.99,187.11,28.37,4.93%,4.07%,4.43%,0.04,0.05,-,0.26,0.55,103.27%,50.63%,-74.02%,-41.85%,59.81%,-7.46%,5.10%,62.20%,550.94%,15.45%,33.25%,63.35%,8.47%,5.58%,-4.24%,-2.86%,4.27%,11.49%,-6.12%,22.93%,78.02%,82.13%,65.68%,5.23,3.85%,1.86,8.23%,7.81%,15.60%,59.73,1.74M,1.02,134.47,130.78,133.39,129.55,1.41,164.54,1 hour,"Lattice Collaborates with Arm to Advance Secure, Adaptable AI Data Center Infrastructure",https://finviz.com/news/400037/lattice-collaborates-with-arm-to-advance-secure-adaptable-ai-data-center-infrastructure,"Lattice Semiconductor, Arm partner to integrate Lattice FPGAs with Arm AGI CPU server platforms for secure AI data center infrastructure",Technology,107.35,18.47B,3.02,2.33,651.12M,36.33M,101.51%,98.44%,2.87%,-16.57%,116.51%,0.16%,-2.74%,-,19.13%,8.40%,all_green,4,30.0,5.0,18.0,7.0,0.8469465630881068,0.9254079254079252,0.9791666666666666,-0.0011655011655014,0.9256993006993008,0.915214296132992,-0.0186480186480186,1.0,1.0,1.0,0.1666666666666666,0.0,-0.1667878787878787,1.8143807984551827,0.07604176291231643,0.07244225953065582,0.7342256214149091,1,0,0.95|0.87|0.95|0.61|0.61|0.92|0.76|0.62|0.51|0.73,5.68|5.72|5.72|5.55|5.39|5.36|5.56|5.40|5.25|5.23,0.58|0.81|0.80|0.86|1.26|0.92|1.67|1.31|1.11|1.02
2026-10-07,2026-10-07T21:09:06Z,leaders,v3,Semiconductors,SMTC,SMTC,Semtech Corp,Semiconductors,USA,18.08B,128.81,"1,617,666",193.78,-1.73%,Aug 25/a,-,33.08,0.48,15.40,99.36,96.74,15.67,23.66%,10.09%,13.69%,0.50,0.70,-,1.50,1.06,103.38%,68.42%,-,-,68.39%,11.55%,12.03%,32.72%,608.78%,464.80%,17.84%,51.97%,12.35%,13.12%,-13.12%,-3.70%,8.65%,19.16%,40.93%,122.86%,162.97%,173.28%,755.16%,10.79,6.04%,2.46,9.75%,28.79%,63.16%,63.77,2.95M,0.55,197.20,190.08,194.53,188.37,1.29,212.47,Sep-25,What Makes Credo Technology Stock A Buy Today?,https://finance.yahoo.com/markets/stocks/articles/makes-credo-technology-stock-buy-181834189.html,"Seaport Research today initiates Semtech with Buy rating and $200 target, citing AI-driven optical networking growth in next-generation data centers",Technology,88.63,18.41B,1.70,1.31,1.17B,154.02M,102.63%,146.16%,4.93%,-4.06%,221.47%,1.95%,-3.61%,-,15.62%,4.03%,sustained_strength,6,30.0,5.0,18.0,7.0,0.8469465630881068,0.9254079254079252,0.9791666666666666,-0.0011655011655014,0.9256993006993008,0.915214296132992,-0.0186480186480186,1.0,1.0,1.0,0.1666666666666666,0.0,-0.1667878787878787,4.014643893353702,0.08883826879271071,0.22354220048140386,0.5708989805375345,1,0,1.07|0.76|1.20|0.65|0.70|1.17|0.97|0.46|0.69|0.57,11.40|11.33|11.61|11.47|11.22|11.37|11.66|11.20|10.94|10.79,0.86|0.73|0.85|0.92|0.78|1.14|1.67|0.63|0.75|0.55
2026-10-07,2026-10-07T21:09:06Z,all_green,v3,Semiconductors,SMTC,SMTC,Semtech Corp,Semiconductors,USA,18.08B,128.81,"1,617,666",193.78,-1.73%,Aug 25/a,-,33.08,0.48,15.40,99.36,96.74,15.67,23.66%,10.09%,13.69%,0.50,0.70,-,1.50,1.06,103.38%,68.42%,-,-,68.39%,11.55%,12.03%,32.72%,608.78%,464.80%,17.84%,51.97%,12.35%,13.12%,-13.12%,-3.70%,8.65%,19.16%,40.93%,122.86%,162.97%,173.28%,755.16%,10.79,6.04%,2.46,9.75%,28.79%,63.16%,63.77,2.95M,0.55,197.20,190.08,194.53,188.37,1.29,212.47,Sep-25,What Makes Credo Technology Stock A Buy Today?,https://finance.yahoo.com/markets/stocks/articles/makes-credo-technology-stock-buy-181834189.html,"Seaport Research today initiates Semtech with Buy rating and $200 target, citing AI-driven optical networking growth in next-generation data centers",Technology,88.63,18.41B,1.70,1.31,1.17B,154.02M,102.63%,146.16%,4.93%,-4.06%,221.47%,1.95%,-3.61%,-,15.62%,4.03%,all_green,4,30.0,5.0,18.0,7.0,0.8469465630881068,0.9254079254079252,0.9791666666666666,-0.0011655011655014,0.9256993006993008,0.915214296132992,-0.0186480186480186,1.0,1.0,1.0,0.1666666666666666,0.0,-0.1667878787878787,4.014643893353702,0.08883826879271071,0.22354220048140386,0.5708989805375345,1,0,1.07|0.76|1.20|0.65|0.70|1.17|0.97|0.46|0.69|0.57,11.40|11.33|11.61|11.47|11.22|11.37|11.66|11.20|10.94|10.79,0.86|0.73|0.85|0.92|0.78|1.14|1.67|0.63|0.75|0.55
2026-10-07,2026-10-07T21:09:06Z,leaders,v3,Semiconductors,RMBS,RMBS,Rambus Inc,Semiconductors,USA,12.09B,51.03,"1,069,851",111.48,-2.29%,Jul 27/a,-,29.61,1.22,15.99,40.37,35.66,14.92,17.79%,15.56%,16.17%,0.01,0.01,-,2.18,0.79,21.60%,23.90%,-,-,24.26%,15.88%,23.50%,20.43%,15.13%,3.84%,17.17%,74.46%,35.95%,31.69%,-9.07%,-4.29%,4.42%,28.30%,-2.32%,9.91%,21.32%,15.12%,87.80%,5.14,4.73%,1.90,12.99%,17.80%,3.05%,65.12,2.47M,0.43,114.09,110.94,112.27,109.25,1.73,141.57,Oct-05,Rambus to Announce Third Quarter Fiscal Year 2026 Results,https://finviz.com/news/398884/rambus-to-announce-third-quarter-fiscal-year-2026-results,AI-chip sector rebound and memory-peer gains lift Rambus 8% by midday Tuesday,Technology,14.66,11.29B,9.75,9.08,756.33M,239.68M,93.73%,391.97%,4.10%,-35.97%,43.12%,0.49%,-2.76%,-,7.42%,4.07%,sustained_strength,6,30.0,5.0,18.0,7.0,0.8469465630881068,0.9254079254079252,0.9791666666666666,-0.0011655011655014,0.9256993006993008,0.915214296132992,-0.0186480186480186,1.0,1.0,1.0,0.1666666666666666,0.0,-0.1667878787878787,3.2772423087340536,0.1149659261881583,0.15110356536502542,0.587548638132295,0,1,1.36|0.72|0.97|0.61|1.17|0.60|0.59|0.82|1.01|0.59,5.50|5.38|5.41|5.26|5.33|5.17|5.22|5.16|5.16|5.14,0.81|0.59|0.63|0.50|0.94|0.44|0.50|0.56|0.65|0.43
2026-10-07,2026-10-07T21:09:06Z,all_green,v3,Semiconductors,RMBS,RMBS,Rambus Inc,Semiconductors,USA,12.09B,51.03,"1,069,851",111.48,-2.29%,Jul 27/a,-,29.61,1.22,15.99,40.37,35.66,14.92,17.79%,15.56%,16.17%,0.01,0.01,-,2.18,0.79,21.60%,23.90%,-,-,24.26%,15.88%,23.50%,20.43%,15.13%,3.84%,17.17%,74.46%,35.95%,31.69%,-9.07%,-4.29%,4.42%,28.30%,-2.32%,9.91%,21.32%,15.12%,87.80%,5.14,4.73%,1.90,12.99%,17.80%,3.05%,65.12,2.47M,0.43,114.09,110.94,112.27,109.25,1.73,141.57,Oct-05,Rambus to Announce Third Quarter Fiscal Year 2026 Results,https://finviz.com/news/398884/rambus-to-announce-third-quarter-fiscal-year-2026-results,AI-chip sector rebound and memory-peer gains lift Rambus 8% by midday Tuesday,Technology,14.66,11.29B,9.75,9.08,756.33M,239.68M,93.73%,391.97%,4.10%,-35.97%,43.12%,0.49%,-2.76%,-,7.42%,4.07%,all_green,4,30.0,5.0,18.0,7.0,0.8469465630881068,0.9254079254079252,0.9791666666666666,-0.0011655011655014,0.9256993006993008,0.915214296132992,-0.0186480186480186,1.0,1.0,1.0,0.1666666666666666,0.0,-0.1667878787878787,3.2772423087340536,0.1149659261881583,0.15110356536502542,0.587548638132295,0,1,1.36|0.72|0.97|0.61|1.17|0.60|0.59|0.82|1.01|0.59,5.50|5.38|5.41|5.26|5.33|5.17|5.22|5.16|5.16|5.14,0.81|0.59|0.63|0.50|0.94|0.44|0.50|0.56|0.65|0.43
2026-10-07,2026-10-07T21:09:06Z,leaders,v3,Semiconductors,QRVO,QRVO,Qorvo Inc,Semiconductors,USA,10.07B,26.49,0,114.17,0.00%,Jul 28/a,-,13.51,1.49,2.76,15.51,11.34,2.82,11.56%,6.69%,7.95%,0.45,0.45,-,4.31,2.06,10.93%,8.80%,53.53%,-10.54%,9.06%,1.01%,-1.74%,-4.15%,251.85%,403.74%,-0.18%,48.47%,18.17%,10.95%,-65.85%,2.26%,-2.21%,11.02%,36.13%,46.79%,35.10%,24.72%,20.03%,4.22,4.25%,1.45,0.09%,11.22%,26.10%,55.86,1.44M,0.00,114.17,114.17,114.17,114.17,3.00,93.33,Oct-06,"Nike downgraded, Home Depot initiated: Wall Street's top analyst calls",https://finance.yahoo.com/markets/stocks/articles/nike-downgraded-home-depot-initiated-135003499.html,"Skyworks completes Qorvo acquisition, paying $32.50 in cash plus 0.960 Skyworks shares per Qorvo share",Technology,7.58,10.29B,3.54,2.68,3.64B,399.20M,97.07%,-32.55%,3.60%,-5.71%,52.39%,0.00%,0.00%,-,47.14%,5.59%,sustained_strength,6,30.0,5.0,18.0,7.0,0.8469465630881068,0.9254079254079252,0.9791666666666666,-0.0011655011655014,0.9256993006993008,0.915214296132992,-0.0186480186480186,1.0,1.0,1.0,0.1666666666666666,0.0,-0.1667878787878787,2.7292889461219008,0.0008991907283444458,0.1008811364862435,0.0,1,1,0.86|0.88|0.93|0.78|1.21|0.85|1.04|0.00|0.00|0.00,4.32|4.28|4.26|4.19|4.26|4.21|4.22|4.22|4.22|4.22,0.76|1.13|1.25|0.62|3.68|4.14|6.27|0.00|0.00|0.00
2026-10-07,2026-10-07T21:09:06Z,all_green,v3,Semiconductors,QRVO,QRVO,Qorvo Inc,Semiconductors,USA,10.07B,26.49,0,114.17,0.00%,Jul 28/a,-,13.51,1.49,2.76,15.51,11.34,2.82,11.56%,6.69%,7.95%,0.45,0.45,-,4.31,2.06,10.93%,8.80%,53.53%,-10.54%,9.06%,1.01%,-1.74%,-4.15%,251.85%,403.74%,-0.18%,48.47%,18.17%,10.95%,-65.85%,2.26%,-2.21%,11.02%,36.13%,46.79%,35.10%,24.72%,20.03%,4.22,4.25%,1.45,0.09%,11.22%,26.10%,55.86,1.44M,0.00,114.17,114.17,114.17,114.17,3.00,93.33,Oct-06,"Nike downgraded, Home Depot initiated: Wall Street's top analyst calls",https://finance.yahoo.com/markets/stocks/articles/nike-downgraded-home-depot-initiated-135003499.html,"Skyworks completes Qorvo acquisition, paying $32.50 in cash plus 0.960 Skyworks shares per Qorvo share",Technology,7.58,10.29B,3.54,2.68,3.64B,399.20M,97.07%,-32.55%,3.60%,-5.71%,52.39%,0.00%,0.00%,-,47.14%,5.59%,all_green,4,30.0,5.0,18.0,7.0,0.8469465630881068,0.9254079254079252,0.9791666666666666,-0.0011655011655014,0.9256993006993008,0.915214296132992,-0.0186480186480186,1.0,1.0,1.0,0.1666666666666666,0.0,-0.1667878787878787,2.7292889461219008,0.0008991907283444458,0.1008811364862435,0.0,1,1,0.86|0.88|0.93|0.78|1.21|0.85|1.04|0.00|0.00|0.00,4.32|4.28|4.26|4.19|4.26|4.21|4.22|4.22|4.22|4.22,0.76|1.13|1.25|0.62|3.68|4.14|6.27|0.00|0.00|0.00
2026-10-07,2026-10-07T21:09:06Z,leaders,v3,Semiconductors,MXL,MXL,MaxLinear Inc,Semiconductors,USA,9.74B,-,"2,786,940",107.36,-1.77%,Oct 22/a,RUT,39.83,0.33,17.11,2941.64,-,17.26,-21.32%,-12.31%,-16.62%,0.29,0.31,-,-1.19,0.56,464.52%,54.03%,-,-3.21%,120.20%,-25.26%,-0.46%,55.17%,105.90%,52.01%,50.50%,55.74%,-11.60%,-18.24%,-11.32%,-1.52%,18.88%,61.44%,12.07%,460.92%,515.95%,588.65%,392.25%,6.87,7.58%,3.95,24.00%,42.80%,95.31%,70.36,3.08M,0.91,109.30,105.38,113.13,104.56,1.70,101.50,Oct-06,"MaxLinear Introduces Topaz, One of the Industry's Most Advanced AI-Ready PON HGU Chips for 10G and Beyond",https://www.businesswire.com/news/home/20261006568528/en/MaxLinear,"MaxLinear unveils Topaz, an AI‑ready 10G+ PON home gateway SoC integrating fiber access, Wi‑Fi 8 readiness and AI acceleration on its AnyWAN platform",Technology,146.84,9.82B,1.78,1.15,568.93M,-103.76M,82.81%,117.59%,7.12%,-16.32%,740.72%,1.88%,-3.59%,-,6.29%,2.56%,sustained_strength,6,30.0,5.0,18.0,7.0,0.8469465630881068,0.9254079254079252,0.9791666666666666,-0.0011655011655014,0.9256993006993008,0.915214296132992,-0.0186480186480186,1.0,1.0,1.0,0.1666666666666666,0.0,-0.1667878787878787,4.683832193721739,0.19354838709677422,0.29971988795518206,1.2474526928675391,1,0,1.24|1.62|1.13|0.76|1.02|0.79|1.84|0.79|0.55|1.25,6.20|6.54|6.63|6.51|6.52|6.42|6.99|6.88|6.73|6.87,1.30|1.33|1.00|0.92|0.64|0.74|1.55|0.91|0.78|0.91
2026-10-07,2026-10-07T21:09:06Z,all_green,v3,Semiconductors,MXL,MXL,MaxLinear Inc,Semiconductors,USA,9.74B,-,"2,786,940",107.36,-1.77%,Oct 22/a,RUT,39.83,0.33,17.11,2941.64,-,17.26,-21.32%,-12.31%,-16.62%,0.29,0.31,-,-1.19,0.56,464.52%,54.03%,-,-3.21%,120.20%,-25.26%,-0.46%,55.17%,105.90%,52.01%,50.50%,55.74%,-11.60%,-18.24%,-11.32%,-1.52%,18.88%,61.44%,12.07%,460.92%,515.95%,588.65%,392.25%,6.87,7.58%,3.95,24.00%,42.80%,95.31%,70.36,3.08M,0.91,109.30,105.38,113.13,104.56,1.70,101.50,Oct-06,"MaxLinear Introduces Topaz, One of the Industry's Most Advanced AI-Ready PON HGU Chips for 10G and Beyond",https://www.businesswire.com/news/home/20261006568528/en/MaxLinear,"MaxLinear unveils Topaz, an AI‑ready 10G+ PON home gateway SoC integrating fiber access, Wi‑Fi 8 readiness and AI acceleration on its AnyWAN platform",Technology,146.84,9.82B,1.78,1.15,568.93M,-103.76M,82.81%,117.59%,7.12%,-16.32%,740.72%,1.88%,-3.59%,-,6.29%,2.56%,all_green,4,30.0,5.0,18.0,7.0,0.8469465630881068,0.9254079254079252,0.9791666666666666,-0.0011655011655014,0.9256993006993008,0.915214296132992,-0.0186480186480186,1.0,1.0,1.0,0.1666666666666666,0.0,-0.1667878787878787,4.683832193721739,0.19354838709677422,0.29971988795518206,1.2474526928675391,1,0,1.24|1.62|1.13|0.76|1.02|0.79|1.84|0.79|0.55|1.25,6.20|6.54|6.63|6.51|6.52|6.42|6.99|6.88|6.73|6.87,1.30|1.33|1.00|0.92|0.64|0.74|1.55|0.91|0.78|0.91
2026-10-07,2026-10-07T21:09:06Z,leaders,v3,Semiconductors,SIMO,SIMO,Silicon Motion Technology Corp ADR,Semiconductors,Hong Kong,9.69B,33.51,"676,094",285.78,0.29%,Jul 29/a,-,18.62,0.24,7.40,-,38.69,7.31,31.51%,21.92%,27.63%,0.00,0.06,7.44%,8.53,3.30,215.18%,37.19%,-11.00%,9.77%,77.47%,-2.13%,10.39%,122.89%,707.56%,260.84%,69.56%,48.87%,16.32%,22.08%,-2.70%,-6.94%,2.06%,5.06%,-11.87%,134.73%,208.28%,202.57%,414.92%,14.90,5.40%,1.73,5.54%,10.50%,39.78%,58.17,939.19K,0.72,284.96,278.42,289.72,275.59,1.00,369.70,Sep-09,Silicon Motion Earns ISO/SAE 21434 Automotive Cybersecurity Process Certification,https://finviz.com/news/390542/silicon-motion-earns-isosae-21434-automotive-cybersecurity-process-certification,"AI leaders' safety calls spark fears of slower capex, driving SIMO selloff",Technology,54.36,9.57B,2.52,1.13,1.31B,289.21M,73.01%,316.83%,3.72%,-19.50%,258.30%,2.64%,-2.30%,-,14.11%,11.80%,sustained_strength,6,30.0,5.0,18.0,7.0,0.8469465630881068,0.9254079254079252,0.9791666666666666,-0.0011655011655014,0.9256993006993008,0.915214296132992,-0.0186480186480186,1.0,1.0,1.0,0.1666666666666666,0.0,-0.1667878787878787,1.8225211819368923,0.052491946181542515,0.09502262443438904,0.9483221476510102,1,0,0.75|0.61|0.61|0.58|0.53|0.55|0.58|0.77|0.90|0.95,18.58|18.04|17.51|16.96|16.37|15.82|15.33|15.07|14.95|14.90,0.62|0.49|0.43|0.46|0.47|0.52|0.68|0.77|1.15|0.72
2026-10-07,2026-10-07T21:09:06Z,all_green,v3,Semiconductors,SIMO,SIMO,Silicon Motion Technology Corp ADR,Semiconductors,Hong Kong,9.69B,33.51,"676,094",285.78,0.29%,Jul 29/a,-,18.62,0.24,7.40,-,38.69,7.31,31.51%,21.92%,27.63%,0.00,0.06,7.44%,8.53,3.30,215.18%,37.19%,-11.00%,9.77%,77.47%,-2.13%,10.39%,122.89%,707.56%,260.84%,69.56%,48.87%,16.32%,22.08%,-2.70%,-6.94%,2.06%,5.06%,-11.87%,134.73%,208.28%,202.57%,414.92%,14.90,5.40%,1.73,5.54%,10.50%,39.78%,58.17,939.19K,0.72,284.96,278.42,289.72,275.59,1.00,369.70,Sep-09,Silicon Motion Earns ISO/SAE 21434 Automotive Cybersecurity Process Certification,https://finviz.com/news/390542/silicon-motion-earns-isosae-21434-automotive-cybersecurity-process-certification,"AI leaders' safety calls spark fears of slower capex, driving SIMO selloff",Technology,54.36,9.57B,2.52,1.13,1.31B,289.21M,73.01%,316.83%,3.72%,-19.50%,258.30%,2.64%,-2.30%,-,14.11%,11.80%,all_green,4,30.0,5.0,18.0,7.0,0.8469465630881068,0.9254079254079252,0.9791666666666666,-0.0011655011655014,0.9256993006993008,0.915214296132992,-0.0186480186480186,1.0,1.0,1.0,0.1666666666666666,0.0,-0.1667878787878787,1.8225211819368923,0.052491946181542515,0.09502262443438904,0.9483221476510102,1,0,0.75|0.61|0.61|0.58|0.53|0.55|0.58|0.77|0.90|0.95,18.58|18.04|17.51|16.96|16.37|15.82|15.33|15.07|14.95|14.90,0.62|0.49|0.43|0.46|0.47|0.52|0.68|0.77|1.15|0.72
2026-10-07,2026-10-07T21:09:06Z,leaders,v3,Semiconductors,SLAB,SLAB,Silicon Laboratories Inc,Semiconductors,USA,7.41B,-,"339,199",221.95,-0.30%,Aug 11/a,RUT,49.24,-,8.65,-,647.72,8.19,-3.63%,-3.16%,-3.57%,0.00,0.00,-,-1.19,0.85,216.00%,55.03%,-,-,-,-8.49%,8.96%,18.33%,52.22%,63.22%,21.71%,59.10%,-2.63%,-4.57%,-1.94%,1.08%,0.16%,0.88%,1.49%,5.51%,69.81%,68.54%,92.79%,1.05,0.48%,1.20,0.39%,1.04%,8.83%,59.06,283.74K,1.20,222.62,222.90,222.90,221.60,3.00,219.60,17 hours,Silicon Labs Expands AI Developer Platform to Simplify IoT Development and Scale Edge Intelligence,https://finviz.com/news/399627/silicon-labs-expands-ai-developer-platform-to-simplify-iot-development-and-scale-edge-intelligence,"Silicon Labs launches AI-focused developer initiatives, including Simplicity AI SDK beta and Databricks integration for edge IoT",Technology,18.64,7.01B,5.41,4.41,855.89M,-39.11M,93.04%,59.45%,0.42%,-0.70%,92.15%,-0.43%,0.13%,-,2.91%,0.09%,sustained_strength,6,30.0,5.0,18.0,7.0,0.8469465630881068,0.9254079254079252,0.9791666666666666,-0.0011655011655014,0.9256993006993008,0.915214296132992,-0.0186480186480186,1.0,1.0,1.0,0.1666666666666666,0.0,-0.1667878787878787,2.175734268370829,0.0038848490885546546,0.010292953285827305,1.2380952380952488,1,0,0.89|0.59|0.93|0.52|0.60|1.34|1.17|0.79|0.50|1.24,1.14|1.11|1.10|1.06|1.04|1.07|1.08|1.07|1.03|1.05,1.27|0.47|0.42|1.49|0.91|1.26|1.05|1.35|1.08|1.20
2026-10-07,2026-10-07T21:09:06Z,all_green,v3,Semiconductors,SLAB,SLAB,Silicon Laboratories Inc,Semiconductors,USA,7.41B,-,"339,199",221.95,-0.30%,Aug 11/a,RUT,49.24,-,8.65,-,647.72,8.19,-3.63%,-3.16%,-3.57%,0.00,0.00,-,-1.19,0.85,216.00%,55.03%,-,-,-,-8.49%,8.96%,18.33%,52.22%,63.22%,21.71%,59.10%,-2.63%,-4.57%,-1.94%,1.08%,0.16%,0.88%,1.49%,5.51%,69.81%,68.54%,92.79%,1.05,0.48%,1.20,0.39%,1.04%,8.83%,59.06,283.74K,1.20,222.62,222.90,222.90,221.60,3.00,219.60,17 hours,Silicon Labs Expands AI Developer Platform to Simplify IoT Development and Scale Edge Intelligence,https://finviz.com/news/399627/silicon-labs-expands-ai-developer-platform-to-simplify-iot-development-and-scale-edge-intelligence,"Silicon Labs launches AI-focused developer initiatives, including Simplicity AI SDK beta and Databricks integration for edge IoT",Technology,18.64,7.01B,5.41,4.41,855.89M,-39.11M,93.04%,59.45%,0.42%,-0.70%,92.15%,-0.43%,0.13%,-,2.91%,0.09%,all_green,4,30.0,5.0,18.0,7.0,0.8469465630881068,0.9254079254079252,0.9791666666666666,-0.0011655011655014,0.9256993006993008,0.915214296132992,-0.0186480186480186,1.0,1.0,1.0,0.1666666666666666,0.0,-0.1667878787878787,2.175734268370829,0.0038848490885546546,0.010292953285827305,1.2380952380952488,1,0,0.89|0.59|0.93|0.52|0.60|1.34|1.17|0.79|0.50|1.24,1.14|1.11|1.10|1.06|1.04|1.07|1.08|1.07|1.03|1.05,1.27|0.47|0.42|1.49|0.91|1.26|1.05|1.35|1.08|1.20
2026-10-07,2026-10-07T21:09:06Z,leaders,v3,Semiconductors,ALGM,ALGM,Allegro Microsystems Inc,Semiconductors,USA,6.90B,493.08,"2,410,016",37.03,-4.46%,Jul 30/b,-,24.67,0.43,7.30,78.57,55.39,7.44,1.51%,1.01%,1.13%,0.31,0.32,-,0.08,0.24,90.34%,46.04%,-,-,56.90%,-2.95%,8.53%,27.45%,217.85%,120.83%,24.22%,47.20%,6.22%,1.50%,-0.12%,5.69%,1.87%,1.54%,-35.47%,3.23%,40.37%,34.65%,19.76%,1.81,4.13%,2.03,3.29%,-2.65%,-8.45%,49.73,2.41M,1.00,38.76,37.70,37.95,36.79,1.20,54.46,Jul-30,Allegro Microsystems Inc (ALGM) (Q1 2027) Earnings Call Highlights: Record Data Center Sales ...,https://finance.yahoo.com/markets/stocks/articles/allegro-microsystems-inc-algm-q1-210317168.html,Allegro MicroSystems beats Q1 2027 guidance on accelerating AI data center growth and margin expansion,Technology,40.49,7.04B,3.70,2.33,945.93M,14.20M,79.92%,20.27%,3.82%,-48.40%,65.24%,-1.78%,-2.73%,-,9.52%,3.10%,sustained_strength,6,30.0,5.0,18.0,7.0,0.8469465630881068,0.9254079254079252,0.9791666666666666,-0.0011655011655014,0.9256993006993008,0.915214296132992,-0.0186480186480186,1.0,1.0,1.0,0.1666666666666666,0.0,-0.1667878787878787,-0.5569100500273828,0.031852066995836835,-0.027221366204417036,0.6408839779005545,0,0,0.68|0.97|0.95|0.99|0.52|0.69|1.02|1.01|0.73|0.64,1.82|1.81|1.80|1.80|1.74|1.70|1.84|1.84|1.80|1.81,0.92|0.95|1.03|0.96|0.86|1.16|2.47|1.44|1.35|1.00
2026-10-07,2026-10-07T21:09:06Z,all_green,v3,Semiconductors,ALGM,ALGM,Allegro Microsystems Inc,Semiconductors,USA,6.90B,493.08,"2,410,016",37.03,-4.46%,Jul 30/b,-,24.67,0.43,7.30,78.57,55.39,7.44,1.51%,1.01%,1.13%,0.31,0.32,-,0.08,0.24,90.34%,46.04%,-,-,56.90%,-2.95%,8.53%,27.45%,217.85%,120.83%,24.22%,47.20%,6.22%,1.50%,-0.12%,5.69%,1.87%,1.54%,-35.47%,3.23%,40.37%,34.65%,19.76%,1.81,4.13%,2.03,3.29%,-2.65%,-8.45%,49.73,2.41M,1.00,38.76,37.70,37.95,36.79,1.20,54.46,Jul-30,Allegro Microsystems Inc (ALGM) (Q1 2027) Earnings Call Highlights: Record Data Center Sales ...,https://finance.yahoo.com/markets/stocks/articles/allegro-microsystems-inc-algm-q1-210317168.html,Allegro MicroSystems beats Q1 2027 guidance on accelerating AI data center growth and margin expansion,Technology,40.49,7.04B,3.70,2.33,945.93M,14.20M,79.92%,20.27%,3.82%,-48.40%,65.24%,-1.78%,-2.73%,-,9.52%,3.10%,all_green,4,30.0,5.0,18.0,7.0,0.8469465630881068,0.9254079254079252,0.9791666666666666,-0.0011655011655014,0.9256993006993008,0.915214296132992,-0.0186480186480186,1.0,1.0,1.0,0.1666666666666666,0.0,-0.1667878787878787,-0.5569100500273828,0.031852066995836835,-0.027221366204417036,0.6408839779005545,0,0,0.68|0.97|0.95|0.99|0.52|0.69|1.02|1.01|0.73|0.64,1.82|1.81|1.80|1.80|1.74|1.70|1.84|1.84|1.80|1.81,0.92|0.95|1.03|0.96|0.86|1.16|2.47|1.44|1.35|1.00
2026-10-07,2026-10-07T21:09:06Z,leaders,v3,Semiconductors,PI,PI,Impinj Inc,Semiconductors,USA,5.84B,-,"413,342",191.04,3.74%,Oct 28/a,RUT,68.15,3.15,15.71,92.67,675.42,16.07,-12.87%,-5.17%,-6.14%,0.90,1.15,-,-0.91,0.61,-0.83%,33.97%,26.98%,30.45%,21.65%,11.88%,21.05%,10.70%,1.16%,-5666.87%,3.51%,52.28%,-1.80%,-7.26%,-27.92%,1.67%,6.55%,11.19%,32.30%,80.87%,9.79%,-1.00%,250.47%,7.52,3.96%,1.90,6.16%,10.78%,32.37%,64.30,407.41K,1.01,184.16,180.86,192.20,180.86,1.56,180.89,Oct-01,Impinj to Announce Third-Quarter 2026 Financial Results,https://finviz.com/news/398060/impinj-to-announce-third-quarter-2026-financial-results,Impinj to retire about $56.3M of 1.125% 2027 convertible notes via cash and stock exchange agreements,Technology,43.88,5.97B,3.28,2.29,371.52M,-26.99M,107.89%,248.93%,3.38%,-22.68%,118.68%,5.63%,-1.79%,-,8.19%,3.60%,sustained_strength,6,30.0,5.0,18.0,7.0,0.8469465630881068,0.9254079254079252,0.9791666666666666,-0.0011655011655014,0.9256993006993008,0.915214296132992,-0.0186480186480186,1.0,1.0,1.0,0.1666666666666666,0.0,-0.1667878787878787,2.4720876723273646,0.058025621703089794,0.09730998375157968,1.507978723404252,1,0,0.66|0.69|0.74|0.72|0.96|1.06|0.62|0.79|0.73|1.51,7.89|7.70|7.55|7.39|7.36|7.40|7.50|7.38|7.23|7.52,0.83|0.85|0.89|0.53|0.85|0.87|1.19|1.33|0.57|1.01
2026-10-07,2026-10-07T21:09:06Z,all_green,v3,Semiconductors,PI,PI,Impinj Inc,Semiconductors,USA,5.84B,-,"413,342",191.04,3.74%,Oct 28/a,RUT,68.15,3.15,15.71,92.67,675.42,16.07,-12.87%,-5.17%,-6.14%,0.90,1.15,-,-0.91,0.61,-0.83%,33.97%,26.98%,30.45%,21.65%,11.88%,21.05%,10.70%,1.16%,-5666.87%,3.51%,52.28%,-1.80%,-7.26%,-27.92%,1.67%,6.55%,11.19%,32.30%,80.87%,9.79%,-1.00%,250.47%,7.52,3.96%,1.90,6.16%,10.78%,32.37%,64.30,407.41K,1.01,184.16,180.86,192.20,180.86,1.56,180.89,Oct-01,Impinj to Announce Third-Quarter 2026 Financial Results,https://finviz.com/news/398060/impinj-to-announce-third-quarter-2026-financial-results,Impinj to retire about $56.3M of 1.125% 2027 convertible notes via cash and stock exchange agreements,Technology,43.88,5.97B,3.28,2.29,371.52M,-26.99M,107.89%,248.93%,3.38%,-22.68%,118.68%,5.63%,-1.79%,-,8.19%,3.60%,all_green,4,30.0,5.0,18.0,7.0,0.8469465630881068,0.9254079254079252,0.9791666666666666,-0.0011655011655014,0.9256993006993008,0.915214296132992,-0.0186480186480186,1.0,1.0,1.0,0.1666666666666666,0.0,-0.1667878787878787,2.4720876723273646,0.058025621703089794,0.09730998375157968,1.507978723404252,1,0,0.66|0.69|0.74|0.72|0.96|1.06|0.62|0.79|0.73|1.51,7.89|7.70|7.55|7.39|7.36|7.40|7.50|7.38|7.23|7.52,0.83|0.85|0.89|0.53|0.85|0.87|1.19|1.33|0.57|1.01
2026-10-07,2026-10-07T21:09:06Z,leaders,v3,Semiconductors,VSH,VSH,Vishay Intertechnology Inc,Semiconductors,USA,5.66B,192.63,"3,482,996",36.87,-2.56%,Aug 05/b,RUT,20.67,-,1.70,-,16.08,1.64,1.13%,0.61%,0.88%,0.11,0.38,1.03%,0.19,0.28,1787.50%,111.41%,-,-,-,-4.26%,4.17%,16.57%,1193.88%,132.22%,13.38%,20.93%,3.30%,0.86%,-0.12%,15.57%,13.27%,17.16%,-16.28%,79.94%,154.45%,139.88%,52.29%,1.81,4.57%,1.89,10.62%,12.14%,19.15%,61.47,4.46M,0.78,37.84,36.54,37.13,36.02,1.80,40.00,6 hours,Vishay Intertechnology to Showcase Solutions for Next-Generation Battery and EV Systems at The Battery Show 2026,https://finviz.com/news/399949/vishay-intertechnology-to-showcase-solutions-for-next-generation-battery-and-ev-systems-at-the-battery-show-2026,"Soft payrolls extend Micron-led chip rally, lifting Vishay 11% by 11:01 ET",Technology,4.34,5.45B,1.80,1.27,3.32B,28.40M,100.40%,80.29%,5.28%,-46.93%,213.25%,0.90%,-3.44%,0.00%,30.85%,-0.94%,sustained_strength,6,30.0,5.0,18.0,7.0,0.8469465630881068,0.9254079254079252,0.9791666666666666,-0.0011655011655014,0.9256993006993008,0.915214296132992,-0.0186480186480186,1.0,1.0,1.0,0.1666666666666666,0.0,-0.1667878787878787,2.2052239357472434,0.09600433917917192,0.10825753522382725,0.613259668508287,1,0,0.81|0.56|0.70|0.55|0.59|1.27|1.85|0.70|0.77|0.61,1.78|1.76|1.72|1.66|1.61|1.64|1.86|1.84|1.81|1.81,0.52|0.47|0.58|0.47|0.96|0.98|2.07|0.98|0.80|0.78
2026-10-07,2026-10-07T21:09:06Z,all_green,v3,Semiconductors,VSH,VSH,Vishay Intertechnology Inc,Semiconductors,USA,5.66B,192.63,"3,482,996",36.87,-2.56%,Aug 05/b,RUT,20.67,-,1.70,-,16.08,1.64,1.13%,0.61%,0.88%,0.11,0.38,1.03%,0.19,0.28,1787.50%,111.41%,-,-,-,-4.26%,4.17%,16.57%,1193.88%,132.22%,13.38%,20.93%,3.30%,0.86%,-0.12%,15.57%,13.27%,17.16%,-16.28%,79.94%,154.45%,139.88%,52.29%,1.81,4.57%,1.89,10.62%,12.14%,19.15%,61.47,4.46M,0.78,37.84,36.54,37.13,36.02,1.80,40.00,6 hours,Vishay Intertechnology to Showcase Solutions for Next-Generation Battery and EV Systems at The Battery Show 2026,https://finviz.com/news/399949/vishay-intertechnology-to-showcase-solutions-for-next-generation-battery-and-ev-systems-at-the-battery-show-2026,"Soft payrolls extend Micron-led chip rally, lifting Vishay 11% by 11:01 ET",Technology,4.34,5.45B,1.80,1.27,3.32B,28.40M,100.40%,80.29%,5.28%,-46.93%,213.25%,0.90%,-3.44%,0.00%,30.85%,-0.94%,all_green,4,30.0,5.0,18.0,7.0,0.8469465630881068,0.9254079254079252,0.9791666666666666,-0.0011655011655014,0.9256993006993008,0.915214296132992,-0.0186480186480186,1.0,1.0,1.0,0.1666666666666666,0.0,-0.1667878787878787,2.2052239357472434,0.09600433917917192,0.10825753522382725,0.613259668508287,1,0,0.81|0.56|0.70|0.55|0.59|1.27|1.85|0.70|0.77|0.61,1.78|1.76|1.72|1.66|1.61|1.64|1.86|1.84|1.81|1.81,0.52|0.47|0.58|0.47|0.96|0.98|2.07|0.98|0.80|0.78
2026-10-07,2026-10-07T21:09:06Z,leaders,v3,Semiconductors,SYNA,SYNA,Synaptics Inc,Semiconductors,USA,4.74B,-,"717,964",119.46,0.06%,Aug 06/a,RUT,18.39,1.36,3.96,46.77,45.14,4.32,-42.23%,-20.95%,-36.15%,0.46,0.94,-,-12.65,1.25,13.86%,24.56%,-,-,13.53%,-4.05%,-2.22%,8.91%,-9367.08%,-940.34%,11.44%,45.52%,-2.93%,-41.00%,-7.26%,-2.05%,17.82%,26.12%,-7.75%,57.31%,61.39%,81.96%,28.15%,4.57,4.17%,1.99,17.15%,17.59%,20.07%,69.28,832.49K,0.86,119.39,118.50,120.50,118.30,2.64,130.17,Oct-02,"Onsemi, Synaptics Stocks Rally on Revised Merger Agreement",https://finance.yahoo.com/markets/stocks/articles/onsemi-synaptics-stocks-rally-revised-174652095.html,Onsemi amends $5.7B Synaptics acquisition to all-cash after unsolicited competing proposal,Technology,10.72,5.18B,1.12,0.90,1.20B,-490.80M,105.76%,-34.24%,2.56%,-19.88%,104.98%,0.81%,-0.75%,-,2.07%,0.88%,sustained_strength,6,30.0,5.0,18.0,7.0,0.8469465630881068,0.9254079254079252,0.9791666666666666,-0.0011655011655014,0.9256993006993008,0.915214296132992,-0.0186480186480186,1.0,1.0,1.0,0.1666666666666666,0.0,-0.1667878787878787,3.910225102500751,0.1463935125906957,0.1495875499617314,0.4814004376367621,1,0,0.46|1.26|0.93|0.65|0.56|1.39|0.39|0.28|0.32|0.48,4.48|4.60|4.59|4.47|4.32|4.46|5.27|5.00|4.75|4.57,0.52|0.54|0.54|0.50|0.67|1.37|10.52|1.88|1.86|0.86
2026-10-07,2026-10-07T21:09:06Z,all_green,v3,Semiconductors,SYNA,SYNA,Synaptics Inc,Semiconductors,USA,4.74B,-,"717,964",119.46,0.06%,Aug 06/a,RUT,18.39,1.36,3.96,46.77,45.14,4.32,-42.23%,-20.95%,-36.15%,0.46,0.94,-,-12.65,1.25,13.86%,24.56%,-,-,13.53%,-4.05%,-2.22%,8.91%,-9367.08%,-940.34%,11.44%,45.52%,-2.93%,-41.00%,-7.26%,-2.05%,17.82%,26.12%,-7.75%,57.31%,61.39%,81.96%,28.15%,4.57,4.17%,1.99,17.15%,17.59%,20.07%,69.28,832.49K,0.86,119.39,118.50,120.50,118.30,2.64,130.17,Oct-02,"Onsemi, Synaptics Stocks Rally on Revised Merger Agreement",https://finance.yahoo.com/markets/stocks/articles/onsemi-synaptics-stocks-rally-revised-174652095.html,Onsemi amends $5.7B Synaptics acquisition to all-cash after unsolicited competing proposal,Technology,10.72,5.18B,1.12,0.90,1.20B,-490.80M,105.76%,-34.24%,2.56%,-19.88%,104.98%,0.81%,-0.75%,-,2.07%,0.88%,all_green,4,30.0,5.0,18.0,7.0,0.8469465630881068,0.9254079254079252,0.9791666666666666,-0.0011655011655014,0.9256993006993008,0.915214296132992,-0.0186480186480186,1.0,1.0,1.0,0.1666666666666666,0.0,-0.1667878787878787,3.910225102500751,0.1463935125906957,0.1495875499617314,0.4814004376367621,1,0,0.46|1.26|0.93|0.65|0.56|1.39|0.39|0.28|0.32|0.48,4.48|4.60|4.59|4.47|4.32|4.46|5.27|5.00|4.75|4.57,0.52|0.54|0.54|0.50|0.67|1.37|10.52|1.88|1.86|0.86
2026-10-07,2026-10-07T21:09:06Z,leaders,v3,Semiconductors,DIOD,DIOD,Diodes Inc,Semiconductors,USA,4.64B,54.21,"777,587",100.65,-6.58%,Aug 05/a,RUT,17.44,0.15,2.84,32.52,19.70,2.66,4.50%,3.41%,4.28%,0.03,0.05,-,1.86,1.05,165.37%,78.30%,-41.71%,-5.41%,114.26%,-9.52%,3.81%,21.66%,1.23%,36.28%,17.80%,30.61%,4.80%,5.27%,-6.11%,1.01%,3.99%,10.70%,6.17%,28.05%,103.99%,97.24%,25.11%,4.98,4.16%,1.94,5.05%,7.15%,18.44%,56.24,566.98K,1.37,107.74,104.61,105.23,98.16,2.00,153.33,Oct-06,Diodes gets BofA buy rating as earnings growth seen outpacing analog peers,https://finance.yahoo.com/markets/stocks/articles/diodes-gets-bofa-buy-rating-162800491.html,Rising Treasury yields and oil prices drag Diodes 6.7% alongside analog-chip peers,Technology,10.50,4.35B,3.17,1.99,1.63B,86.09M,100.16%,13.52%,3.68%,-20.11%,138.06%,-3.79%,-2.91%,-,11.70%,2.05%,sustained_strength,6,30.0,5.0,18.0,7.0,0.8469465630881068,0.9254079254079252,0.9791666666666666,-0.0011655011655014,0.9256993006993008,0.915214296132992,-0.0186480186480186,1.0,1.0,1.0,0.1666666666666666,0.0,-0.1667878787878787,1.348647037988629,0.048072346501665884,0.06672888474101711,1.4196787148594392,1,0,0.70|0.60|0.80|0.63|0.52|0.63|1.17|0.92|0.95|1.42,4.75|4.64|4.57|4.44|4.28|4.16|4.45|4.42|4.63|4.98,0.84|0.58|0.77|0.77|0.71|0.60|1.18|0.75|1.70|1.37
2026-10-07,2026-10-07T21:09:06Z,all_green,v3,Semiconductors,DIOD,DIOD,Diodes Inc,Semiconductors,USA,4.64B,54.21,"777,587",100.65,-6.58%,Aug 05/a,RUT,17.44,0.15,2.84,32.52,19.70,2.66,4.50%,3.41%,4.28%,0.03,0.05,-,1.86,1.05,165.37%,78.30%,-41.71%,-5.41%,114.26%,-9.52%,3.81%,21.66%,1.23%,36.28%,17.80%,30.61%,4.80%,5.27%,-6.11%,1.01%,3.99%,10.70%,6.17%,28.05%,103.99%,97.24%,25.11%,4.98,4.16%,1.94,5.05%,7.15%,18.44%,56.24,566.98K,1.37,107.74,104.61,105.23,98.16,2.00,153.33,Oct-06,Diodes gets BofA buy rating as earnings growth seen outpacing analog peers,https://finance.yahoo.com/markets/stocks/articles/diodes-gets-bofa-buy-rating-162800491.html,Rising Treasury yields and oil prices drag Diodes 6.7% alongside analog-chip peers,Technology,10.50,4.35B,3.17,1.99,1.63B,86.09M,100.16%,13.52%,3.68%,-20.11%,138.06%,-3.79%,-2.91%,-,11.70%,2.05%,all_green,4,30.0,5.0,18.0,7.0,0.8469465630881068,0.9254079254079252,0.9791666666666666,-0.0011655011655014,0.9256993006993008,0.915214296132992,-0.0186480186480186,1.0,1.0,1.0,0.1666666666666666,0.0,-0.1667878787878787,1.348647037988629,0.048072346501665884,0.06672888474101711,1.4196787148594392,1,0,0.70|0.60|0.80|0.63|0.52|0.63|1.17|0.92|0.95|1.42,4.75|4.64|4.57|4.44|4.28|4.16|4.45|4.42|4.63|4.98,0.84|0.58|0.77|0.77|0.71|0.60|1.18|0.75|1.70|1.37
2026-10-07,2026-10-07T21:09:06Z,leaders,v3,Semiconductors,NVTS,NVTS,Navitas Semiconductor Corp,Semiconductors,USA,2.95B,-,"18,230,896",11.30,-5.60%,Jul 27/a,RUT,-,-,80.77,-,-,65.62,-52.60%,-48.84%,-38.92%,0.00,0.01,-,-1.33,-0.04,25.16%,17.21%,-,1.13%,30.33%,7.23%,31.12%,-27.34%,-284.43%,-104.24%,-46.40%,-13.71%,-269.30%,-856.86%,-10.14%,13.82%,-2.67%,-5.83%,-20.31%,18.32%,58.26%,45.24%,75.74%,0.82,5.89%,3.99,-3.10%,-6.55%,-14.85%,43.78,14.12M,1.29,11.97,11.66,11.73,11.11,2.86,14.37,Oct-06,"Navitas Closes Acquisition of Claros, Advancing AI Infrastructure with Grid-to-xPU Power Delivery",https://finviz.com/news/399554/navitas-closes-acquisition-of-claros-advancing-ai-infrastructure-with-grid-to-xpu-power-delivery,"Navitas closes Claros acquisition, adding IVR technology for AI data centers",Technology,5.28,2.40B,21.79,21.09,36.53M,-313.05M,53.05%,13.57%,7.32%,-66.93%,64.96%,-3.13%,-2.55%,-,5.88%,5.59%,sustained_strength,6,30.0,5.0,18.0,7.0,0.8469465630881068,0.9254079254079252,0.9791666666666666,-0.0011655011655014,0.9256993006993008,0.915214296132992,-0.0186480186480186,1.0,1.0,1.0,0.1666666666666666,0.0,-0.1667878787878787,-0.9658875882498789,-0.03199174406604748,-0.07009095773140714,0.756097560975611,0,0,0.55|0.84|0.76|1.56|1.35|1.04|1.14|0.72|0.96|0.76,0.78|0.77|0.76|0.79|0.82|0.82|0.84|0.82|0.82|0.82,0.55|0.71|1.49|2.58|1.49|1.16|1.74|1.23|0.85|1.29
2026-10-07,2026-10-07T21:09:06Z,all_green,v3,Semiconductors,NVTS,NVTS,Navitas Semiconductor Corp,Semiconductors,USA,2.95B,-,"18,230,896",11.30,-5.60%,Jul 27/a,RUT,-,-,80.77,-,-,65.62,-52.60%,-48.84%,-38.92%,0.00,0.01,-,-1.33,-0.04,25.16%,17.21%,-,1.13%,30.33%,7.23%,31.12%,-27.34%,-284.43%,-104.24%,-46.40%,-13.71%,-269.30%,-856.86%,-10.14%,13.82%,-2.67%,-5.83%,-20.31%,18.32%,58.26%,45.24%,75.74%,0.82,5.89%,3.99,-3.10%,-6.55%,-14.85%,43.78,14.12M,1.29,11.97,11.66,11.73,11.11,2.86,14.37,Oct-06,"Navitas Closes Acquisition of Claros, Advancing AI Infrastructure with Grid-to-xPU Power Delivery",https://finviz.com/news/399554/navitas-closes-acquisition-of-claros-advancing-ai-infrastructure-with-grid-to-xpu-power-delivery,"Navitas closes Claros acquisition, adding IVR technology for AI data centers",Technology,5.28,2.40B,21.79,21.09,36.53M,-313.05M,53.05%,13.57%,7.32%,-66.93%,64.96%,-3.13%,-2.55%,-,5.88%,5.59%,all_green,4,30.0,5.0,18.0,7.0,0.8469465630881068,0.9254079254079252,0.9791666666666666,-0.0011655011655014,0.9256993006993008,0.915214296132992,-0.0186480186480186,1.0,1.0,1.0,0.1666666666666666,0.0,-0.1667878787878787,-0.9658875882498789,-0.03199174406604748,-0.07009095773140714,0.756097560975611,0,0,0.55|0.84|0.76|1.56|1.35|1.04|1.14|0.72|0.96|0.76,0.78|0.77|0.76|0.79|0.82|0.82|0.84|0.82|0.82|0.82,0.55|0.71|1.49|2.58|1.49|1.16|1.74|1.23|0.85|1.29
2026-10-07,2026-10-07T21:09:06Z,leaders,v3,Semiconductors,POWI,POWI,Power Integrations Inc,Semiconductors,USA,2.87B,115.04,"440,155",51.40,-3.75%,Aug 05/a,RUT,27.63,0.87,6.39,36.33,42.12,5.81,3.62%,3.18%,3.68%,0.00,0.00,14.87%,0.45,0.41,12.00%,32.86%,-48.83%,-19.63%,31.92%,-12.02%,-1.91%,2.66%,613.58%,-23.60%,1.56%,53.64%,7.93%,5.58%,-26.67%,-2.15%,-0.77%,1.86%,-27.43%,-4.62%,44.63%,36.30%,-32.36%,2.47,4.13%,1.56,0.71%,-5.94%,-11.58%,45.94,749.47K,0.59,53.40,52.15,52.57,50.66,1.40,79.00,Sep-18,Power Integrations Reports Inducement Grants under Nasdaq Listing Rule 5635(c)(4),https://www.businesswire.com/news/home/20260918879722/en/,Weak jobs report and falling Treasury yields lift Power Integrations 7.7% by midday,Technology,10.94,2.61B,7.07,4.70,449.37M,25.07M,112.30%,-48.66%,3.84%,-43.63%,66.56%,-1.44%,-2.34%,5.27%,15.62%,1.28%,sustained_strength,6,30.0,5.0,18.0,7.0,0.8469465630881068,0.9254079254079252,0.9791666666666666,-0.0011655011655014,0.9256993006993008,0.915214296132992,-0.0186480186480186,1.0,1.0,1.0,0.1666666666666666,0.0,-0.1667878787878787,-1.3141581607398491,0.007049945387747093,-0.06315118009780989,0.7732793522267221,0,0,0.65|0.54|0.69|0.54|0.61|0.69|1.12|0.98|0.64|0.77,2.98|2.88|2.73|2.72|2.44|2.38|2.52|2.52|2.45|2.47,0.55|0.69|0.43|1.91|1.50|1.13|1.18|0.94|0.67|0.59
2026-10-07,2026-10-07T21:09:06Z,all_green,v3,Semiconductors,POWI,POWI,Power Integrations Inc,Semiconductors,USA,2.87B,115.04,"440,155",51.40,-3.75%,Aug 05/a,RUT,27.63,0.87,6.39,36.33,42.12,5.81,3.62%,3.18%,3.68%,0.00,0.00,14.87%,0.45,0.41,12.00%,32.86%,-48.83%,-19.63%,31.92%,-12.02%,-1.91%,2.66%,613.58%,-23.60%,1.56%,53.64%,7.93%,5.58%,-26.67%,-2.15%,-0.77%,1.86%,-27.43%,-4.62%,44.63%,36.30%,-32.36%,2.47,4.13%,1.56,0.71%,-5.94%,-11.58%,45.94,749.47K,0.59,53.40,52.15,52.57,50.66,1.40,79.00,Sep-18,Power Integrations Reports Inducement Grants under Nasdaq Listing Rule 5635(c)(4),https://www.businesswire.com/news/home/20260918879722/en/,Weak jobs report and falling Treasury yields lift Power Integrations 7.7% by midday,Technology,10.94,2.61B,7.07,4.70,449.37M,25.07M,112.30%,-48.66%,3.84%,-43.63%,66.56%,-1.44%,-2.34%,5.27%,15.62%,1.28%,all_green,4,30.0,5.0,18.0,7.0,0.8469465630881068,0.9254079254079252,0.9791666666666666,-0.0011655011655014,0.9256993006993008,0.915214296132992,-0.0186480186480186,1.0,1.0,1.0,0.1666666666666666,0.0,-0.1667878787878787,-1.3141581607398491,0.007049945387747093,-0.06315118009780989,0.7732793522267221,0,0,0.65|0.54|0.69|0.54|0.61|0.69|1.12|0.98|0.64|0.77,2.98|2.88|2.73|2.72|2.44|2.38|2.52|2.52|2.45|2.47,0.55|0.69|0.43|1.91|1.50|1.13|1.18|0.94|0.67|0.59
2026-10-07,2026-10-07T21:09:06Z,leaders,v3,Consumer Electronics,AAPL,AAPL,Apple Inc,Consumer Electronics,USA,4913.42B,38.59,"33,381,969",336.67,0.91%,Jul 30/a,"DJIA, NDX, S&P 500",35.04,2.75,10.53,35.95,29.38,10.57,148.75%,36.08%,72.08%,0.66,0.78,4.98%,8.72,1.99,18.44%,8.74%,6.89%,17.91%,12.73%,1.81%,8.71%,16.36%,29.13%,32.57%,14.24%,48.65%,33.17%,27.62%,-3.21%,0.23%,1.10%,6.47%,6.47%,30.04%,23.84%,31.27%,89.68%,6.58,1.95%,1.08,0.66%,4.47%,16.06%,57.68,45.47M,0.73,333.63,336.96,338.67,332.78,2.16,335.75,1 hour,"The tech industry wants you to run AI models at home, but it's not for everyone",https://finance.yahoo.com/technology/article/the-tech-industry-wants-you-to-run-ai-models-at-home-but-its-not-for-everyone-195314548.html,"Morgan Stanley trims Apple price target to $355 from $360, keeps Overweight on fall product cycle outlook",Technology,78.74,4935.37B,1.00,0.93,466.82B,128.93B,68.88%,134.96%,1.72%,-2.51%,38.31%,-0.09%,1.00%,4.26%,6.77%,0.35%,sustained_strength,7,37.0,8.0,20.0,9.0,0.7725562975307867,0.8403263403263402,0.9444444444444444,-0.0337995337995338,0.8575174825174825,0.9193527091281762,-0.1235431235431235,0.8333333333333334,1.0,0.8333333333333334,0.0,0.0,-0.6367878787878788,2.189245440074852,0.006556725610967578,0.0427874030822245,0.8951367781155081,1,0,0.88|0.66|1.02|0.72|1.19|1.29|0.92|0.56|0.57|0.90,7.14|6.96|6.98|6.83|7.04|7.25|7.25|7.03|6.64|6.58,0.60|0.47|0.57|0.64|0.81|1.06|0.77|0.71|0.66|0.73
2026-10-07,2026-10-07T21:09:06Z,leaders,v3,Consumer Electronics,SONY,SONY,Sony Group Corp ADR,Consumer Electronics,Japan,138.12B,-,"3,986,737",23.52,-1.38%,Jul 31/b,-,16.11,1.35,1.68,13.28,7.52,1.69,13.29%,4.23%,-2.32%,0.19,0.22,6.58%,-0.24,0.40,25.26%,5.83%,-,-,11.96%,0.74%,-0.48%,-1.80%,33.91%,-118.42%,-1.74%,31.79%,13.30%,-1.72%,-,1.87%,-0.04%,-0.04%,12.37%,10.01%,-8.12%,-20.91%,45.35%,0.48,1.35%,1.00,-0.35%,-0.69%,5.38%,48.87,4.39M,0.91,23.85,23.43,23.52,23.27,1.24,30.96,Oct-05,Sony to transfer 418 XR patents to Meta,https://www.digitimes.com/news/a20261006PD206/sony-meta-xr-patent-hardware.html,"Zacks upgrades Sony Group Corp, citing solid momentum in its Music and Game & Network Services segments and higher operating income as key positives.",Technology,10.34,138.77B,1.25,0.97,82.35B,-1.42B,8.09%,13.68%,1.56%,-22.48%,21.74%,0.38%,-1.76%,11.20%,28.82%,3.83%,sustained_strength,7,37.0,8.0,20.0,9.0,0.7725562975307867,0.8403263403263402,0.9444444444444444,-0.0337995337995338,0.8575174825174825,0.9193527091281762,-0.1235431235431235,0.8333333333333334,1.0,0.8333333333333334,0.0,0.0,-0.6367878787878788,-0.34044909878159224,-0.00351229302558958,-0.0069479407914610665,0.5208333333333334,0,0,0.70|0.48|0.35|0.68|0.63|0.94|1.19|0.77|0.49|0.52,0.50|0.48|0.48|0.47|0.46|0.47|0.48|0.47|0.47|0.48,0.55|0.47|0.50|0.58|0.80|0.85|1.12|0.94|0.83|0.91
2026-10-07,2026-10-07T21:09:06Z,leaders,v3,Consumer Electronics,SONO,SONO,Sonos Inc,Consumer Electronics,USA,2.01B,38.16,"1,871,789",16.98,-2.58%,Jul 29/a,RUT,65.31,-,1.35,16.15,12.52,1.21,14.18%,6.63%,12.54%,0.12,0.14,-,0.45,-0.18,225.49%,-59.38%,-,-22.55%,-,-6.26%,1.70%,8.85%,978.29%,174.39%,5.64%,46.52%,6.28%,3.82%,-4.45%,-0.00%,-5.09%,17.18%,20.60%,27.86%,-3.30%,-3.25%,36.28%,0.67,3.85%,1.93,1.06%,5.58%,11.23%,52.56,1.94M,0.96,17.43,17.16,17.51,16.93,1.50,19.67,Sep-14,"Sonos Launches New Global Brand Campaign ""Love the Sound. Feel the System""",https://finviz.com/news/391726/sonos-launches-new-global-brand-campaign-love-the-sound-feel-the-system,Sonos unveils Sonos 27 audio OS with expanded AI control and launches Beam Ultra and Sonos Ace Ultra,Technology,7.70,1.80B,1.61,1.18,1.49B,56.91M,102.04%,-46.99%,3.86%,-14.33%,36.50%,-1.05%,-1.55%,-,525.00%,2.63%,sustained_strength,7,37.0,8.0,20.0,9.0,0.7725562975307867,0.8403263403263402,0.9444444444444444,-0.0337995337995338,0.8575174825174825,0.9193527091281762,-0.1235431235431235,0.8333333333333334,1.0,0.8333333333333334,0.0,0.0,-0.6367878787878788,1.339415821065165,0.01048881852364932,0.05285091873460898,0.8656716417910475,1,0,0.76|1.27|0.79|0.84|0.99|0.80|1.00|1.06|1.13|0.87,0.68|0.70|0.68|0.68|0.68|0.66|0.67|0.67|0.68|0.67,1.14|0.87|1.15|1.29|1.14|1.21|1.18|1.32|0.81|0.96
2026-10-07,2026-10-07T21:09:06Z,leaders,v3,Communication Equipment,CSCO,CSCO,Cisco Systems Inc,Communication Equipment,USA,462.82B,35.26,"17,198,642",117.39,-0.47%,Aug 12/a,"DJIA, NDX, S&P 500",21.17,1.83,7.31,36.25,25.88,7.55,27.32%,10.53%,18.71%,0.41,0.62,2.60%,3.33,1.32,17.78%,8.74%,2.69%,5.88%,11.59%,3.57%,4.92%,17.58%,36.96%,27.65%,11.77%,63.41%,25.16%,20.95%,-1.15%,0.24%,9.07%,7.53%,-0.78%,40.25%,52.40%,70.17%,119.63%,2.68,2.30%,1.01,6.93%,4.65%,19.41%,66.22,19.53M,0.88,117.94,117.07,118.39,116.58,1.81,138.43,48 min,What Just Happened To Ciena Stock?,https://finance.yahoo.com/markets/stocks/articles/just-happened-ciena-stock-202255506.html,Cisco unveils AI-powered Webex “agentic collaboration” features including Claude-based digital teammates at its WebexOne 2026 event today,Technology,29.06,478.08B,0.93,0.79,63.33B,13.27B,83.62%,113.36%,2.50%,-9.95%,75.70%,0.27%,-0.74%,2.53%,4.52%,2.47%,sustained_strength,8,40.0,1.0,25.0,14.0,0.8086734032478518,0.9463869463869462,0.9861111111111112,0.1561771561771561,0.9388111888111887,0.8544849507224839,0.092074592074592,1.0,1.0,1.0,0.5,0.0,1.5407272727272727,1.946301103179752,0.06480875339006825,0.04443382704252266,0.675373134328359,1,0,0.87|0.76|0.98|0.96|0.64|0.85|1.24|0.65|1.85|0.68,4.15|2.78|2.78|2.77|2.56|2.53|2.60|2.53|2.75|2.68,1.16|0.77|1.98|1.04|0.84|0.64|0.89|0.95|1.08|0.88
2026-10-07,2026-10-07T21:09:06Z,accel,v3,Communication Equipment,CSCO,CSCO,Cisco Systems Inc,Communication Equipment,USA,462.82B,35.26,"17,198,642",117.39,-0.47%,Aug 12/a,"DJIA, NDX, S&P 500",21.17,1.83,7.31,36.25,25.88,7.55,27.32%,10.53%,18.71%,0.41,0.62,2.60%,3.33,1.32,17.78%,8.74%,2.69%,5.88%,11.59%,3.57%,4.92%,17.58%,36.96%,27.65%,11.77%,63.41%,25.16%,20.95%,-1.15%,0.24%,9.07%,7.53%,-0.78%,40.25%,52.40%,70.17%,119.63%,2.68,2.30%,1.01,6.93%,4.65%,19.41%,66.22,19.53M,0.88,117.94,117.07,118.39,116.58,1.81,138.43,48 min,What Just Happened To Ciena Stock?,https://finance.yahoo.com/markets/stocks/articles/just-happened-ciena-stock-202255506.html,Cisco unveils AI-powered Webex “agentic collaboration” features including Claude-based digital teammates at its WebexOne 2026 event today,Technology,29.06,478.08B,0.93,0.79,63.33B,13.27B,83.62%,113.36%,2.50%,-9.95%,75.70%,0.27%,-0.74%,2.53%,4.52%,2.47%,accel,3,40.0,1.0,25.0,14.0,0.8086734032478518,0.9463869463869462,0.9861111111111112,0.1561771561771561,0.9388111888111887,0.8544849507224839,0.092074592074592,1.0,1.0,1.0,0.5,0.0,1.5407272727272727,1.946301103179752,0.06480875339006825,0.04443382704252266,0.675373134328359,1,0,0.87|0.76|0.98|0.96|0.64|0.85|1.24|0.65|1.85|0.68,4.15|2.78|2.78|2.77|2.56|2.53|2.60|2.53|2.75|2.68,1.16|0.77|1.98|1.04|0.84|0.64|0.89|0.95|1.08|0.88
2026-10-07,2026-10-07T21:09:06Z,all_green,v3,Communication Equipment,CSCO,CSCO,Cisco Systems Inc,Communication Equipment,USA,462.82B,35.26,"17,198,642",117.39,-0.47%,Aug 12/a,"DJIA, NDX, S&P 500",21.17,1.83,7.31,36.25,25.88,7.55,27.32%,10.53%,18.71%,0.41,0.62,2.60%,3.33,1.32,17.78%,8.74%,2.69%,5.88%,11.59%,3.57%,4.92%,17.58%,36.96%,27.65%,11.77%,63.41%,25.16%,20.95%,-1.15%,0.24%,9.07%,7.53%,-0.78%,40.25%,52.40%,70.17%,119.63%,2.68,2.30%,1.01,6.93%,4.65%,19.41%,66.22,19.53M,0.88,117.94,117.07,118.39,116.58,1.81,138.43,48 min,What Just Happened To Ciena Stock?,https://finance.yahoo.com/markets/stocks/articles/just-happened-ciena-stock-202255506.html,Cisco unveils AI-powered Webex “agentic collaboration” features including Claude-based digital teammates at its WebexOne 2026 event today,Technology,29.06,478.08B,0.93,0.79,63.33B,13.27B,83.62%,113.36%,2.50%,-9.95%,75.70%,0.27%,-0.74%,2.53%,4.52%,2.47%,all_green,3,40.0,1.0,25.0,14.0,0.8086734032478518,0.9463869463869462,0.9861111111111112,0.1561771561771561,0.9388111888111887,0.8544849507224839,0.092074592074592,1.0,1.0,1.0,0.5,0.0,1.5407272727272727,1.946301103179752,0.06480875339006825,0.04443382704252266,0.675373134328359,1,0,0.87|0.76|0.98|0.96|0.64|0.85|1.24|0.65|1.85|0.68,4.15|2.78|2.78|2.77|2.56|2.53|2.60|2.53|2.75|2.68,1.16|0.77|1.98|1.04|0.84|0.64|0.89|0.95|1.08|0.88
2026-10-07,2026-10-07T21:09:06Z,leaders,v3,Communication Equipment,LITE,LITE,Lumentum Holdings Inc,Communication Equipment,USA,99.66B,-,"3,383,474",1111.07,-1.97%,Aug 11/a,"NDX, S&P 500",32.22,0.42,33.07,332.10,122.68,32.71,-240.03%,-120.34%,-147.41%,0.01,0.36,-,-82.23,4.21,150.28%,58.93%,-264.05%,-,76.53%,19.48%,11.58%,109.34%,-2957.51%,-24212.72%,83.22%,39.74%,17.89%,-230.15%,-5.82%,4.15%,14.39%,13.54%,41.40%,24.00%,201.44%,607.01%,2595.46%,63.42,6.46%,1.63,15.01%,23.01%,46.73%,66.64,4.63M,0.73,1133.40,1102.62,1119.15,1082.44,1.40,1163.70,48 min,What Just Happened To Ciena Stock?,https://finance.yahoo.com/markets/stocks/articles/just-happened-ciena-stock-202255506.html,AI hardware rotation and optical-peer rally lift Lumentum 9% during morning trade,Technology,36.39,98.60B,1.68,1.40,3.01B,-6.94B,95.20%,1209.76%,6.80%,-2.30%,651.69%,0.77%,-2.72%,-,8.80%,1.88%,sustained_strength,8,40.0,1.0,25.0,14.0,0.8086734032478518,0.9463869463869462,0.9861111111111112,0.1561771561771561,0.9388111888111887,0.8544849507224839,0.092074592074592,1.0,1.0,1.0,0.5,0.0,1.5407272727272727,3.2771127513688674,0.13051039040083479,0.18705796276725462,0.5788394828129934,1,1,0.88|0.87|0.83|0.57|1.09|1.67|0.82|0.80|0.83|0.58,82.94|67.91|67.20|66.15|63.69|67.15|66.23|65.24|64.38|63.42,0.79|1.03|1.95|0.99|0.87|1.64|1.02|0.65|0.92|0.73
2026-10-07,2026-10-07T21:09:06Z,accel,v3,Communication Equipment,LITE,LITE,Lumentum Holdings Inc,Communication Equipment,USA,99.66B,-,"3,383,474",1111.07,-1.97%,Aug 11/a,"NDX, S&P 500",32.22,0.42,33.07,332.10,122.68,32.71,-240.03%,-120.34%,-147.41%,0.01,0.36,-,-82.23,4.21,150.28%,58.93%,-264.05%,-,76.53%,19.48%,11.58%,109.34%,-2957.51%,-24212.72%,83.22%,39.74%,17.89%,-230.15%,-5.82%,4.15%,14.39%,13.54%,41.40%,24.00%,201.44%,607.01%,2595.46%,63.42,6.46%,1.63,15.01%,23.01%,46.73%,66.64,4.63M,0.73,1133.40,1102.62,1119.15,1082.44,1.40,1163.70,48 min,What Just Happened To Ciena Stock?,https://finance.yahoo.com/markets/stocks/articles/just-happened-ciena-stock-202255506.html,AI hardware rotation and optical-peer rally lift Lumentum 9% during morning trade,Technology,36.39,98.60B,1.68,1.40,3.01B,-6.94B,95.20%,1209.76%,6.80%,-2.30%,651.69%,0.77%,-2.72%,-,8.80%,1.88%,accel,3,40.0,1.0,25.0,14.0,0.8086734032478518,0.9463869463869462,0.9861111111111112,0.1561771561771561,0.9388111888111887,0.8544849507224839,0.092074592074592,1.0,1.0,1.0,0.5,0.0,1.5407272727272727,3.2771127513688674,0.13051039040083479,0.18705796276725462,0.5788394828129934,1,1,0.88|0.87|0.83|0.57|1.09|1.67|0.82|0.80|0.83|0.58,82.94|67.91|67.20|66.15|63.69|67.15|66.23|65.24|64.38|63.42,0.79|1.03|1.95|0.99|0.87|1.64|1.02|0.65|0.92|0.73
2026-10-07,2026-10-07T21:09:06Z,all_green,v3,Communication Equipment,LITE,LITE,Lumentum Holdings Inc,Communication Equipment,USA,99.66B,-,"3,383,474",1111.07,-1.97%,Aug 11/a,"NDX, S&P 500",32.22,0.42,33.07,332.10,122.68,32.71,-240.03%,-120.34%,-147.41%,0.01,0.36,-,-82.23,4.21,150.28%,58.93%,-264.05%,-,76.53%,19.48%,11.58%,109.34%,-2957.51%,-24212.72%,83.22%,39.74%,17.89%,-230.15%,-5.82%,4.15%,14.39%,13.54%,41.40%,24.00%,201.44%,607.01%,2595.46%,63.42,6.46%,1.63,15.01%,23.01%,46.73%,66.64,4.63M,0.73,1133.40,1102.62,1119.15,1082.44,1.40,1163.70,48 min,What Just Happened To Ciena Stock?,https://finance.yahoo.com/markets/stocks/articles/just-happened-ciena-stock-202255506.html,AI hardware rotation and optical-peer rally lift Lumentum 9% during morning trade,Technology,36.39,98.60B,1.68,1.40,3.01B,-6.94B,95.20%,1209.76%,6.80%,-2.30%,651.69%,0.77%,-2.72%,-,8.80%,1.88%,all_green,3,40.0,1.0,25.0,14.0,0.8086734032478518,0.9463869463869462,0.9861111111111112,0.1561771561771561,0.9388111888111887,0.8544849507224839,0.092074592074592,1.0,1.0,1.0,0.5,0.0,1.5407272727272727,3.2771127513688674,0.13051039040083479,0.18705796276725462,0.5788394828129934,1,1,0.88|0.87|0.83|0.57|1.09|1.67|0.82|0.80|0.83|0.58,82.94|67.91|67.20|66.15|63.69|67.15|66.23|65.24|64.38|63.42,0.79|1.03|1.95|0.99|0.87|1.64|1.02|0.65|0.92|0.73
2026-10-07,2026-10-07T21:09:06Z,leaders,v3,Communication Equipment,HPE,HPE,Hewlett Packard Enterprise Co,Communication Equipment,USA,95.70B,37.59,"25,535,163",72.09,2.28%,Sep 02/a,S&P 500,15.33,0.38,2.28,23.03,16.01,2.62,10.96%,3.47%,6.36%,0.65,0.76,1.61%,1.92,1.27,97.06%,22.99%,-,29.09%,40.68%,6.89%,4.96%,32.37%,410.23%,130.65%,26.63%,33.81%,8.03%,6.39%,-14.26%,-2.29%,12.83%,28.66%,46.79%,188.59%,200.12%,189.40%,328.34%,3.60,5.48%,1.45,15.21%,26.22%,91.75%,71.49,20.31M,1.26,70.48,70.11,73.28,69.79,1.89,73.37,1 hour,SanDisk's Forecast And Its Chart Now Say The Same Thing. Pay Attention.,https://finance.yahoo.com/markets/stocks/articles/sandisks-forecast-chart-now-same-200512874.html,Hewlett Packard Enterprise unveils four new AMD EPYC-powered ProLiant Gen13 servers for enterprise AI and data-center workloads,Technology,15.24,109.72B,1.11,0.72,41.89B,2.67B,91.51%,388.08%,5.23%,1.22%,263.36%,2.82%,-0.52%,2.70%,19.15%,2.04%,sustained_strength,8,40.0,1.0,25.0,14.0,0.8086734032478518,0.9463869463869462,0.9861111111111112,0.1561771561771561,0.9388111888111887,0.8544849507224839,0.092074592074592,1.0,1.0,1.0,0.5,0.0,1.5407272727272727,4.15984392330851,0.13201978994878907,0.20773253050229762,0.969444444444443,1,0,0.60|1.37|0.59|0.98|0.99|1.20|1.14|0.59|0.74|0.97,3.12|3.74|3.63|3.62|3.56|3.61|3.76|3.66|3.61|3.60,0.44|1.21|1.25|0.98|1.63|0.81|1.44|0.78|0.82|1.26
2026-10-07,2026-10-07T21:09:06Z,accel,v3,Communication Equipment,HPE,HPE,Hewlett Packard Enterprise Co,Communication Equipment,USA,95.70B,37.59,"25,535,163",72.09,2.28%,Sep 02/a,S&P 500,15.33,0.38,2.28,23.03,16.01,2.62,10.96%,3.47%,6.36%,0.65,0.76,1.61%,1.92,1.27,97.06%,22.99%,-,29.09%,40.68%,6.89%,4.96%,32.37%,410.23%,130.65%,26.63%,33.81%,8.03%,6.39%,-14.26%,-2.29%,12.83%,28.66%,46.79%,188.59%,200.12%,189.40%,328.34%,3.60,5.48%,1.45,15.21%,26.22%,91.75%,71.49,20.31M,1.26,70.48,70.11,73.28,69.79,1.89,73.37,1 hour,SanDisk's Forecast And Its Chart Now Say The Same Thing. Pay Attention.,https://finance.yahoo.com/markets/stocks/articles/sandisks-forecast-chart-now-same-200512874.html,Hewlett Packard Enterprise unveils four new AMD EPYC-powered ProLiant Gen13 servers for enterprise AI and data-center workloads,Technology,15.24,109.72B,1.11,0.72,41.89B,2.67B,91.51%,388.08%,5.23%,1.22%,263.36%,2.82%,-0.52%,2.70%,19.15%,2.04%,accel,3,40.0,1.0,25.0,14.0,0.8086734032478518,0.9463869463869462,0.9861111111111112,0.1561771561771561,0.9388111888111887,0.8544849507224839,0.092074592074592,1.0,1.0,1.0,0.5,0.0,1.5407272727272727,4.15984392330851,0.13201978994878907,0.20773253050229762,0.969444444444443,1,0,0.60|1.37|0.59|0.98|0.99|1.20|1.14|0.59|0.74|0.97,3.12|3.74|3.63|3.62|3.56|3.61|3.76|3.66|3.61|3.60,0.44|1.21|1.25|0.98|1.63|0.81|1.44|0.78|0.82|1.26
2026-10-07,2026-10-07T21:09:06Z,all_green,v3,Communication Equipment,HPE,HPE,Hewlett Packard Enterprise Co,Communication Equipment,USA,95.70B,37.59,"25,535,163",72.09,2.28%,Sep 02/a,S&P 500,15.33,0.38,2.28,23.03,16.01,2.62,10.96%,3.47%,6.36%,0.65,0.76,1.61%,1.92,1.27,97.06%,22.99%,-,29.09%,40.68%,6.89%,4.96%,32.37%,410.23%,130.65%,26.63%,33.81%,8.03%,6.39%,-14.26%,-2.29%,12.83%,28.66%,46.79%,188.59%,200.12%,189.40%,328.34%,3.60,5.48%,1.45,15.21%,26.22%,91.75%,71.49,20.31M,1.26,70.48,70.11,73.28,69.79,1.89,73.37,1 hour,SanDisk's Forecast And Its Chart Now Say The Same Thing. Pay Attention.,https://finance.yahoo.com/markets/stocks/articles/sandisks-forecast-chart-now-same-200512874.html,Hewlett Packard Enterprise unveils four new AMD EPYC-powered ProLiant Gen13 servers for enterprise AI and data-center workloads,Technology,15.24,109.72B,1.11,0.72,41.89B,2.67B,91.51%,388.08%,5.23%,1.22%,263.36%,2.82%,-0.52%,2.70%,19.15%,2.04%,all_green,3,40.0,1.0,25.0,14.0,0.8086734032478518,0.9463869463869462,0.9861111111111112,0.1561771561771561,0.9388111888111887,0.8544849507224839,0.092074592074592,1.0,1.0,1.0,0.5,0.0,1.5407272727272727,4.15984392330851,0.13201978994878907,0.20773253050229762,0.969444444444443,1,0,0.60|1.37|0.59|0.98|0.99|1.20|1.14|0.59|0.74|0.97,3.12|3.74|3.63|3.62|3.56|3.61|3.76|3.66|3.61|3.60,0.44|1.21|1.25|0.98|1.63|0.81|1.44|0.78|0.82|1.26
2026-10-07,2026-10-07T21:09:06Z,leaders,v3,Communication Equipment,MSI,MSI,Motorola Solutions Inc,Communication Equipment,USA,74.20B,35.31,"720,883",448.33,-1.74%,Aug 05/a,S&P 500,23.38,2.06,6.06,27.72,22.48,6.79,91.98%,11.97%,18.51%,3.32,3.60,11.24%,12.70,4.42,15.15%,8.29%,17.14%,18.67%,11.34%,8.63%,9.52%,13.31%,9.61%,1.37%,10.30%,49.31%,25.29%,17.44%,-2.73%,1.02%,0.53%,-3.16%,7.46%,0.13%,16.96%,-2.22%,62.36%,8.41,1.74%,0.88,-1.92%,-3.13%,3.73%,41.91,924.90K,0.78,456.28,456.28,458.17,448.25,1.65,530.60,Sep-29,Young America Capital Advises DeepNeuronic on Sale to Motorola Solutions,https://finviz.com/news/396666/young-america-capital-advises-deepneuronic-on-sale-to-motorola-solutions,"Motorola Solutions acquires Portuguese AI video analytics firm DeepNeuronic, whose technology will be integrated into its Avigilon video security platform.",Technology,104.50,83.12B,1.08,0.84,12.24B,2.13B,91.85%,89.29%,1.45%,-9.40%,24.76%,-1.74%,0.00%,11.29%,14.51%,4.37%,sustained_strength,8,40.0,1.0,25.0,14.0,0.8086734032478518,0.9463869463869462,0.9861111111111112,0.1561771561771561,0.9388111888111887,0.8544849507224839,0.092074592074592,1.0,1.0,1.0,0.5,0.0,1.5407272727272727,-1.7224905290650867,-0.019575856443719414,-0.03231134510168265,1.1795481569560067,0,0,0.55|0.81|0.65|0.67|0.53|0.75|0.64|1.19|0.72|1.18,12.41|10.14|9.87|9.63|8.69|8.53|8.30|8.47|8.29|8.41,0.79|0.57|1.76|0.67|0.85|0.75|0.67|0.91|1.22|0.78
2026-10-07,2026-10-07T21:09:06Z,accel,v3,Communication Equipment,MSI,MSI,Motorola Solutions Inc,Communication Equipment,USA,74.20B,35.31,"720,883",448.33,-1.74%,Aug 05/a,S&P 500,23.38,2.06,6.06,27.72,22.48,6.79,91.98%,11.97%,18.51%,3.32,3.60,11.24%,12.70,4.42,15.15%,8.29%,17.14%,18.67%,11.34%,8.63%,9.52%,13.31%,9.61%,1.37%,10.30%,49.31%,25.29%,17.44%,-2.73%,1.02%,0.53%,-3.16%,7.46%,0.13%,16.96%,-2.22%,62.36%,8.41,1.74%,0.88,-1.92%,-3.13%,3.73%,41.91,924.90K,0.78,456.28,456.28,458.17,448.25,1.65,530.60,Sep-29,Young America Capital Advises DeepNeuronic on Sale to Motorola Solutions,https://finviz.com/news/396666/young-america-capital-advises-deepneuronic-on-sale-to-motorola-solutions,"Motorola Solutions acquires Portuguese AI video analytics firm DeepNeuronic, whose technology will be integrated into its Avigilon video security platform.",Technology,104.50,83.12B,1.08,0.84,12.24B,2.13B,91.85%,89.29%,1.45%,-9.40%,24.76%,-1.74%,0.00%,11.29%,14.51%,4.37%,accel,3,40.0,1.0,25.0,14.0,0.8086734032478518,0.9463869463869462,0.9861111111111112,0.1561771561771561,0.9388111888111887,0.8544849507224839,0.092074592074592,1.0,1.0,1.0,0.5,0.0,1.5407272727272727,-1.7224905290650867,-0.019575856443719414,-0.03231134510168265,1.1795481569560067,0,0,0.55|0.81|0.65|0.67|0.53|0.75|0.64|1.19|0.72|1.18,12.41|10.14|9.87|9.63|8.69|8.53|8.30|8.47|8.29|8.41,0.79|0.57|1.76|0.67|0.85|0.75|0.67|0.91|1.22|0.78
2026-10-07,2026-10-07T21:09:06Z,all_green,v3,Communication Equipment,MSI,MSI,Motorola Solutions Inc,Communication Equipment,USA,74.20B,35.31,"720,883",448.33,-1.74%,Aug 05/a,S&P 500,23.38,2.06,6.06,27.72,22.48,6.79,91.98%,11.97%,18.51%,3.32,3.60,11.24%,12.70,4.42,15.15%,8.29%,17.14%,18.67%,11.34%,8.63%,9.52%,13.31%,9.61%,1.37%,10.30%,49.31%,25.29%,17.44%,-2.73%,1.02%,0.53%,-3.16%,7.46%,0.13%,16.96%,-2.22%,62.36%,8.41,1.74%,0.88,-1.92%,-3.13%,3.73%,41.91,924.90K,0.78,456.28,456.28,458.17,448.25,1.65,530.60,Sep-29,Young America Capital Advises DeepNeuronic on Sale to Motorola Solutions,https://finviz.com/news/396666/young-america-capital-advises-deepneuronic-on-sale-to-motorola-solutions,"Motorola Solutions acquires Portuguese AI video analytics firm DeepNeuronic, whose technology will be integrated into its Avigilon video security platform.",Technology,104.50,83.12B,1.08,0.84,12.24B,2.13B,91.85%,89.29%,1.45%,-9.40%,24.76%,-1.74%,0.00%,11.29%,14.51%,4.37%,all_green,3,40.0,1.0,25.0,14.0,0.8086734032478518,0.9463869463869462,0.9861111111111112,0.1561771561771561,0.9388111888111887,0.8544849507224839,0.092074592074592,1.0,1.0,1.0,0.5,0.0,1.5407272727272727,-1.7224905290650867,-0.019575856443719414,-0.03231134510168265,1.1795481569560067,0,0,0.55|0.81|0.65|0.67|0.53|0.75|0.64|1.19|0.72|1.18,12.41|10.14|9.87|9.63|8.69|8.53|8.30|8.47|8.29|8.41,0.79|0.57|1.76|0.67|0.85|0.75|0.67|0.91|1.22|0.78
2026-10-07,2026-10-07T21:09:06Z,leaders,v3,Communication Equipment,CIEN,CIEN,CIENA Corp,Communication Equipment,USA,63.31B,99.62,"3,367,140",446.45,0.63%,Sep 03/b,S&P 500,37.80,0.43,10.52,77.74,62.37,10.62,22.40%,9.52%,10.35%,1.07,1.07,-,4.48,2.08,171.42%,64.85%,-5.45%,-18.19%,87.50%,9.50%,6.19%,37.05%,424.18%,367.53%,32.57%,41.61%,14.12%,10.87%,-5.65%,-6.63%,26.90%,30.81%,-3.44%,-9.63%,90.90%,194.73%,897.65%,24.15,6.07%,1.34,22.67%,18.36%,13.14%,70.12,2.35M,1.43,443.65,428.98,448.00,422.30,1.68,521.49,48 min,What Just Happened To Ciena Stock?,https://finance.yahoo.com/markets/stocks/articles/just-happened-ciena-stock-202255506.html,Marvell’s bullish AI infrastructure targets lift Ciena 9.5% during Tuesday’s regular session,Technology,24.07,63.97B,3.80,3.17,6.02B,654.41M,95.78%,745.39%,7.43%,-29.97%,202.97%,4.07%,-3.31%,-,22.15%,2.07%,sustained_strength,8,40.0,1.0,25.0,14.0,0.8086734032478518,0.9463869463869462,0.9861111111111112,0.1561771561771561,0.9388111888111887,0.8544849507224839,0.092074592074592,1.0,1.0,1.0,0.5,0.0,1.5407272727272727,2.8676319639629817,0.18480476074019742,0.15511997296383917,1.0641821946169767,0,0,0.75|1.26|0.75|0.43|0.90|1.36|0.86|0.70|2.26|1.06,31.35|26.79|26.29|25.76|21.64|22.26|22.02|21.52|24.03|24.15,0.92|1.53|1.97|1.16|1.18|1.14|1.12|1.09|2.82|1.43
2026-10-07,2026-10-07T21:09:06Z,accel,v3,Communication Equipment,CIEN,CIEN,CIENA Corp,Communication Equipment,USA,63.31B,99.62,"3,367,140",446.45,0.63%,Sep 03/b,S&P 500,37.80,0.43,10.52,77.74,62.37,10.62,22.40%,9.52%,10.35%,1.07,1.07,-,4.48,2.08,171.42%,64.85%,-5.45%,-18.19%,87.50%,9.50%,6.19%,37.05%,424.18%,367.53%,32.57%,41.61%,14.12%,10.87%,-5.65%,-6.63%,26.90%,30.81%,-3.44%,-9.63%,90.90%,194.73%,897.65%,24.15,6.07%,1.34,22.67%,18.36%,13.14%,70.12,2.35M,1.43,443.65,428.98,448.00,422.30,1.68,521.49,48 min,What Just Happened To Ciena Stock?,https://finance.yahoo.com/markets/stocks/articles/just-happened-ciena-stock-202255506.html,Marvell’s bullish AI infrastructure targets lift Ciena 9.5% during Tuesday’s regular session,Technology,24.07,63.97B,3.80,3.17,6.02B,654.41M,95.78%,745.39%,7.43%,-29.97%,202.97%,4.07%,-3.31%,-,22.15%,2.07%,accel,3,40.0,1.0,25.0,14.0,0.8086734032478518,0.9463869463869462,0.9861111111111112,0.1561771561771561,0.9388111888111887,0.8544849507224839,0.092074592074592,1.0,1.0,1.0,0.5,0.0,1.5407272727272727,2.8676319639629817,0.18480476074019742,0.15511997296383917,1.0641821946169767,0,0,0.75|1.26|0.75|0.43|0.90|1.36|0.86|0.70|2.26|1.06,31.35|26.79|26.29|25.76|21.64|22.26|22.02|21.52|24.03|24.15,0.92|1.53|1.97|1.16|1.18|1.14|1.12|1.09|2.82|1.43
2026-10-07,2026-10-07T21:09:06Z,all_green,v3,Communication Equipment,CIEN,CIEN,CIENA Corp,Communication Equipment,USA,63.31B,99.62,"3,367,140",446.45,0.63%,Sep 03/b,S&P 500,37.80,0.43,10.52,77.74,62.37,10.62,22.40%,9.52%,10.35%,1.07,1.07,-,4.48,2.08,171.42%,64.85%,-5.45%,-18.19%,87.50%,9.50%,6.19%,37.05%,424.18%,367.53%,32.57%,41.61%,14.12%,10.87%,-5.65%,-6.63%,26.90%,30.81%,-3.44%,-9.63%,90.90%,194.73%,897.65%,24.15,6.07%,1.34,22.67%,18.36%,13.14%,70.12,2.35M,1.43,443.65,428.98,448.00,422.30,1.68,521.49,48 min,What Just Happened To Ciena Stock?,https://finance.yahoo.com/markets/stocks/articles/just-happened-ciena-stock-202255506.html,Marvell’s bullish AI infrastructure targets lift Ciena 9.5% during Tuesday’s regular session,Technology,24.07,63.97B,3.80,3.17,6.02B,654.41M,95.78%,745.39%,7.43%,-29.97%,202.97%,4.07%,-3.31%,-,22.15%,2.07%,all_green,3,40.0,1.0,25.0,14.0,0.8086734032478518,0.9463869463869462,0.9861111111111112,0.1561771561771561,0.9388111888111887,0.8544849507224839,0.092074592074592,1.0,1.0,1.0,0.5,0.0,1.5407272727272727,2.8676319639629817,0.18480476074019742,0.15511997296383917,1.0641821946169767,0,0,0.75|1.26|0.75|0.43|0.90|1.36|0.86|0.70|2.26|1.06,31.35|26.79|26.29|25.76|21.64|22.26|22.02|21.52|24.03|24.15,0.92|1.53|1.97|1.16|1.18|1.14|1.12|1.09|2.82|1.43
2026-10-07,2026-10-07T21:09:06Z,leaders,v3,Communication Equipment,NOK,NOK,Nokia Corp ADR,Communication Equipment,Finland,59.46B,73.34,"71,823,270",10.62,-3.19%,Jul 23/b,-,22.82,1.37,2.52,93.00,15.29,2.45,3.54%,1.98%,2.98%,0.13,0.16,-,0.14,0.07,13.10%,18.92%,-45.18%,-,16.68%,-5.00%,-2.06%,8.53%,-97.48%,-24.13%,13.04%,44.14%,11.13%,3.44%,-,-2.03%,4.73%,-0.28%,-17.67%,12.50%,64.14%,109.47%,198.31%,0.48,3.87%,1.22,1.51%,4.52%,5.36%,52.32,83.76M,0.86,10.97,10.56,10.76,10.45,2.03,13.19,Oct-06,"Nokia, ICEYE turn Europe's satellite autonomy push into an ownership model",https://www.digitimes.com/news/a20261006VL214/europe-nokia-capacity-2028-bandwidth.html,"Nokia partners with ICEYE to develop sovereign low-Earth-orbit broadband networks for government and defense, first satellites launching in 2028",Technology,10.76,57.88B,1.51,1.22,23.64B,813.30M,15.24%,84.06%,4.32%,-39.14%,113.68%,0.52%,-3.69%,-,27.16%,-1.66%,sustained_strength,8,40.0,1.0,25.0,14.0,0.8086734032478518,0.9463869463869462,0.9861111111111112,0.1561771561771561,0.9388111888111887,0.8544849507224839,0.092074592074592,1.0,1.0,1.0,0.5,0.0,1.5407272727272727,0.956802525832375,0.01487538173578946,0.04324531190202825,0.6458333333333344,1,0,0.61|0.73|0.64|0.91|0.77|1.02|0.65|0.73|1.50|0.65,0.62|0.55|0.53|0.53|0.47|0.47|0.46|0.45|0.48|0.48,0.66|1.69|1.88|0.98|0.77|0.74|0.90|0.55|1.08|0.86
2026-10-07,2026-10-07T21:09:06Z,accel,v3,Communication Equipment,NOK,NOK,Nokia Corp ADR,Communication Equipment,Finland,59.46B,73.34,"71,823,270",10.62,-3.19%,Jul 23/b,-,22.82,1.37,2.52,93.00,15.29,2.45,3.54%,1.98%,2.98%,0.13,0.16,-,0.14,0.07,13.10%,18.92%,-45.18%,-,16.68%,-5.00%,-2.06%,8.53%,-97.48%,-24.13%,13.04%,44.14%,11.13%,3.44%,-,-2.03%,4.73%,-0.28%,-17.67%,12.50%,64.14%,109.47%,198.31%,0.48,3.87%,1.22,1.51%,4.52%,5.36%,52.32,83.76M,0.86,10.97,10.56,10.76,10.45,2.03,13.19,Oct-06,"Nokia, ICEYE turn Europe's satellite autonomy push into an ownership model",https://www.digitimes.com/news/a20261006VL214/europe-nokia-capacity-2028-bandwidth.html,"Nokia partners with ICEYE to develop sovereign low-Earth-orbit broadband networks for government and defense, first satellites launching in 2028",Technology,10.76,57.88B,1.51,1.22,23.64B,813.30M,15.24%,84.06%,4.32%,-39.14%,113.68%,0.52%,-3.69%,-,27.16%,-1.66%,accel,3,40.0,1.0,25.0,14.0,0.8086734032478518,0.9463869463869462,0.9861111111111112,0.1561771561771561,0.9388111888111887,0.8544849507224839,0.092074592074592,1.0,1.0,1.0,0.5,0.0,1.5407272727272727,0.956802525832375,0.01487538173578946,0.04324531190202825,0.6458333333333344,1,0,0.61|0.73|0.64|0.91|0.77|1.02|0.65|0.73|1.50|0.65,0.62|0.55|0.53|0.53|0.47|0.47|0.46|0.45|0.48|0.48,0.66|1.69|1.88|0.98|0.77|0.74|0.90|0.55|1.08|0.86
2026-10-07,2026-10-07T21:09:06Z,all_green,v3,Communication Equipment,NOK,NOK,Nokia Corp ADR,Communication Equipment,Finland,59.46B,73.34,"71,823,270",10.62,-3.19%,Jul 23/b,-,22.82,1.37,2.52,93.00,15.29,2.45,3.54%,1.98%,2.98%,0.13,0.16,-,0.14,0.07,13.10%,18.92%,-45.18%,-,16.68%,-5.00%,-2.06%,8.53%,-97.48%,-24.13%,13.04%,44.14%,11.13%,3.44%,-,-2.03%,4.73%,-0.28%,-17.67%,12.50%,64.14%,109.47%,198.31%,0.48,3.87%,1.22,1.51%,4.52%,5.36%,52.32,83.76M,0.86,10.97,10.56,10.76,10.45,2.03,13.19,Oct-06,"Nokia, ICEYE turn Europe's satellite autonomy push into an ownership model",https://www.digitimes.com/news/a20261006VL214/europe-nokia-capacity-2028-bandwidth.html,"Nokia partners with ICEYE to develop sovereign low-Earth-orbit broadband networks for government and defense, first satellites launching in 2028",Technology,10.76,57.88B,1.51,1.22,23.64B,813.30M,15.24%,84.06%,4.32%,-39.14%,113.68%,0.52%,-3.69%,-,27.16%,-1.66%,all_green,3,40.0,1.0,25.0,14.0,0.8086734032478518,0.9463869463869462,0.9861111111111112,0.1561771561771561,0.9388111888111887,0.8544849507224839,0.092074592074592,1.0,1.0,1.0,0.5,0.0,1.5407272727272727,0.956802525832375,0.01487538173578946,0.04324531190202825,0.6458333333333344,1,0,0.61|0.73|0.64|0.91|0.77|1.02|0.65|0.73|1.50|0.65,0.62|0.55|0.53|0.53|0.47|0.47|0.46|0.45|0.48|0.48,0.66|1.69|1.88|0.98|0.77|0.74|0.90|0.55|1.08|0.86
2026-10-07,2026-10-07T21:09:06Z,leaders,v3,Communication Equipment,UI,UI,Ubiquiti Inc,Communication Equipment,USA,38.41B,40.03,"92,949",634.66,1.31%,Aug 21/b,-,32.42,-,11.73,42.26,31.45,11.57,91.09%,52.41%,63.79%,0.05,0.06,14.87%,15.85,4.25,11.06%,10.53%,32.97%,10.15%,-,19.05%,11.52%,23.47%,6.77%,34.82%,27.22%,46.16%,36.21%,29.33%,-0.00%,4.23%,11.83%,9.32%,16.57%,-29.52%,14.69%,-5.53%,400.72%,23.26,4.27%,1.35,9.25%,10.26%,-3.63%,65.29,131.40K,0.71,626.48,616.10,638.22,613.52,3.33,734.50,Sep-21,"Top Stock Reports for Procter & Gamble, Sandisk & Analog Devices",https://finviz.com/news/394017/top-stock-reports-for-procter-gamble-sandisk-analog-devices,Zacks adds Ubiquiti (UI) to its 'New Upgrades' list on Enterprise Technology segment traction,Technology,62.85,37.88B,2.93,1.57,3.27B,960.30M,4.94%,100.87%,4.00%,-42.30%,26.87%,3.01%,-1.66%,10.06%,17.28%,10.21%,sustained_strength,8,40.0,1.0,25.0,14.0,0.8086734032478518,0.9463869463869462,0.9861111111111112,0.1561771561771561,0.9388111888111887,0.8544849507224839,0.092074592074592,1.0,1.0,1.0,0.5,0.0,1.5407272727272727,2.5389888263791116,0.08466819221967972,0.0930527843279522,1.0619088564058488,0,0,1.10|0.78|0.88|0.93|0.82|1.74|0.96|0.88|0.83|1.06,21.49|21.65|21.44|20.04|19.42|23.69|23.63|23.41|23.15|23.26,0.66|0.92|0.64|0.74|0.53|0.85|0.89|0.82|0.78|0.71
2026-10-07,2026-10-07T21:09:06Z,accel,v3,Communication Equipment,UI,UI,Ubiquiti Inc,Communication Equipment,USA,38.41B,40.03,"92,949",634.66,1.31%,Aug 21/b,-,32.42,-,11.73,42.26,31.45,11.57,91.09%,52.41%,63.79%,0.05,0.06,14.87%,15.85,4.25,11.06%,10.53%,32.97%,10.15%,-,19.05%,11.52%,23.47%,6.77%,34.82%,27.22%,46.16%,36.21%,29.33%,-0.00%,4.23%,11.83%,9.32%,16.57%,-29.52%,14.69%,-5.53%,400.72%,23.26,4.27%,1.35,9.25%,10.26%,-3.63%,65.29,131.40K,0.71,626.48,616.10,638.22,613.52,3.33,734.50,Sep-21,"Top Stock Reports for Procter & Gamble, Sandisk & Analog Devices",https://finviz.com/news/394017/top-stock-reports-for-procter-gamble-sandisk-analog-devices,Zacks adds Ubiquiti (UI) to its 'New Upgrades' list on Enterprise Technology segment traction,Technology,62.85,37.88B,2.93,1.57,3.27B,960.30M,4.94%,100.87%,4.00%,-42.30%,26.87%,3.01%,-1.66%,10.06%,17.28%,10.21%,accel,3,40.0,1.0,25.0,14.0,0.8086734032478518,0.9463869463869462,0.9861111111111112,0.1561771561771561,0.9388111888111887,0.8544849507224839,0.092074592074592,1.0,1.0,1.0,0.5,0.0,1.5407272727272727,2.5389888263791116,0.08466819221967972,0.0930527843279522,1.0619088564058488,0,0,1.10|0.78|0.88|0.93|0.82|1.74|0.96|0.88|0.83|1.06,21.49|21.65|21.44|20.04|19.42|23.69|23.63|23.41|23.15|23.26,0.66|0.92|0.64|0.74|0.53|0.85|0.89|0.82|0.78|0.71
2026-10-07,2026-10-07T21:09:06Z,all_green,v3,Communication Equipment,UI,UI,Ubiquiti Inc,Communication Equipment,USA,38.41B,40.03,"92,949",634.66,1.31%,Aug 21/b,-,32.42,-,11.73,42.26,31.45,11.57,91.09%,52.41%,63.79%,0.05,0.06,14.87%,15.85,4.25,11.06%,10.53%,32.97%,10.15%,-,19.05%,11.52%,23.47%,6.77%,34.82%,27.22%,46.16%,36.21%,29.33%,-0.00%,4.23%,11.83%,9.32%,16.57%,-29.52%,14.69%,-5.53%,400.72%,23.26,4.27%,1.35,9.25%,10.26%,-3.63%,65.29,131.40K,0.71,626.48,616.10,638.22,613.52,3.33,734.50,Sep-21,"Top Stock Reports for Procter & Gamble, Sandisk & Analog Devices",https://finviz.com/news/394017/top-stock-reports-for-procter-gamble-sandisk-analog-devices,Zacks adds Ubiquiti (UI) to its 'New Upgrades' list on Enterprise Technology segment traction,Technology,62.85,37.88B,2.93,1.57,3.27B,960.30M,4.94%,100.87%,4.00%,-42.30%,26.87%,3.01%,-1.66%,10.06%,17.28%,10.21%,all_green,3,40.0,1.0,25.0,14.0,0.8086734032478518,0.9463869463869462,0.9861111111111112,0.1561771561771561,0.9388111888111887,0.8544849507224839,0.092074592074592,1.0,1.0,1.0,0.5,0.0,1.5407272727272727,2.5389888263791116,0.08466819221967972,0.0930527843279522,1.0619088564058488,0,0,1.10|0.78|0.88|0.93|0.82|1.74|0.96|0.88|0.83|1.06,21.49|21.65|21.44|20.04|19.42|23.69|23.63|23.41|23.15|23.26,0.66|0.92|0.64|0.74|0.53|0.85|0.89|0.82|0.78|0.71
2026-10-07,2026-10-07T21:09:06Z,leaders,v3,Communication Equipment,ASTS,ASTS,AST SpaceMobile Inc,Communication Equipment,USA,23.60B,-,"10,741,849",60.65,-3.91%,Aug 10/a,-,-,-,204.71,-,-,215.14,-44.82%,-16.00%,-12.69%,1.57,1.58,-,-2.14,-0.40,-135.80%,45.84%,-31.97%,-23.49%,-,72.46%,64.06%,2626.64%,-88.00%,-12.66%,2256.89%,-242.79%,-410.26%,-536.66%,-2.16%,1.68%,3.04%,-8.27%,-17.91%,-37.12%,-16.49%,-18.86%,1530.38%,4.13,6.30%,2.81,0.71%,-3.61%,-25.14%,49.17,12.11M,0.89,63.12,61.66,61.66,58.88,2.38,82.53,Oct-06,"ASTS Stock Edges Up Overnight: US-Japan Tech Statement Backs Rakuten Tie-Up, But Launch Questions Linger",https://finance.yahoo.com/markets/stocks/articles/asts-stock-edges-overnight-us-044900608.html,"U.S.-Japan tech statement backs AST SpaceMobile-Rakuten low Earth orbit satellite cooperation, signaling potential government support for international expansion",Technology,10.29,24.81B,13.05,12.90,115.30M,-618.76M,48.18%,484.30%,6.30%,-54.69%,23.00%,-1.64%,-2.31%,-,-144.44%,-8.73%,sustained_strength,8,40.0,1.0,25.0,14.0,0.8086734032478518,0.9463869463869462,0.9861111111111112,0.1561771561771561,0.9388111888111887,0.8544849507224839,0.092074592074592,1.0,1.0,1.0,0.5,0.0,1.5407272727272727,-0.5499914969126388,0.007049945387747066,-0.03745201784417474,0.6731234866828073,0,0,0.67|0.61|0.62|0.72|0.61|1.24|0.73|1.02|1.15|0.67,6.61|6.42|6.04|5.75|4.17|4.25|4.22|4.17|4.12|4.13,0.93|0.55|0.54|0.35|0.64|1.41|0.90|0.96|1.46|0.89
2026-10-07,2026-10-07T21:09:06Z,accel,v3,Communication Equipment,ASTS,ASTS,AST SpaceMobile Inc,Communication Equipment,USA,23.60B,-,"10,741,849",60.65,-3.91%,Aug 10/a,-,-,-,204.71,-,-,215.14,-44.82%,-16.00%,-12.69%,1.57,1.58,-,-2.14,-0.40,-135.80%,45.84%,-31.97%,-23.49%,-,72.46%,64.06%,2626.64%,-88.00%,-12.66%,2256.89%,-242.79%,-410.26%,-536.66%,-2.16%,1.68%,3.04%,-8.27%,-17.91%,-37.12%,-16.49%,-18.86%,1530.38%,4.13,6.30%,2.81,0.71%,-3.61%,-25.14%,49.17,12.11M,0.89,63.12,61.66,61.66,58.88,2.38,82.53,Oct-06,"ASTS Stock Edges Up Overnight: US-Japan Tech Statement Backs Rakuten Tie-Up, But Launch Questions Linger",https://finance.yahoo.com/markets/stocks/articles/asts-stock-edges-overnight-us-044900608.html,"U.S.-Japan tech statement backs AST SpaceMobile-Rakuten low Earth orbit satellite cooperation, signaling potential government support for international expansion",Technology,10.29,24.81B,13.05,12.90,115.30M,-618.76M,48.18%,484.30%,6.30%,-54.69%,23.00%,-1.64%,-2.31%,-,-144.44%,-8.73%,accel,3,40.0,1.0,25.0,14.0,0.8086734032478518,0.9463869463869462,0.9861111111111112,0.1561771561771561,0.9388111888111887,0.8544849507224839,0.092074592074592,1.0,1.0,1.0,0.5,0.0,1.5407272727272727,-0.5499914969126388,0.007049945387747066,-0.03745201784417474,0.6731234866828073,0,0,0.67|0.61|0.62|0.72|0.61|1.24|0.73|1.02|1.15|0.67,6.61|6.42|6.04|5.75|4.17|4.25|4.22|4.17|4.12|4.13,0.93|0.55|0.54|0.35|0.64|1.41|0.90|0.96|1.46|0.89
2026-10-07,2026-10-07T21:09:06Z,all_green,v3,Communication Equipment,ASTS,ASTS,AST SpaceMobile Inc,Communication Equipment,USA,23.60B,-,"10,741,849",60.65,-3.91%,Aug 10/a,-,-,-,204.71,-,-,215.14,-44.82%,-16.00%,-12.69%,1.57,1.58,-,-2.14,-0.40,-135.80%,45.84%,-31.97%,-23.49%,-,72.46%,64.06%,2626.64%,-88.00%,-12.66%,2256.89%,-242.79%,-410.26%,-536.66%,-2.16%,1.68%,3.04%,-8.27%,-17.91%,-37.12%,-16.49%,-18.86%,1530.38%,4.13,6.30%,2.81,0.71%,-3.61%,-25.14%,49.17,12.11M,0.89,63.12,61.66,61.66,58.88,2.38,82.53,Oct-06,"ASTS Stock Edges Up Overnight: US-Japan Tech Statement Backs Rakuten Tie-Up, But Launch Questions Linger",https://finance.yahoo.com/markets/stocks/articles/asts-stock-edges-overnight-us-044900608.html,"U.S.-Japan tech statement backs AST SpaceMobile-Rakuten low Earth orbit satellite cooperation, signaling potential government support for international expansion",Technology,10.29,24.81B,13.05,12.90,115.30M,-618.76M,48.18%,484.30%,6.30%,-54.69%,23.00%,-1.64%,-2.31%,-,-144.44%,-8.73%,all_green,3,40.0,1.0,25.0,14.0,0.8086734032478518,0.9463869463869462,0.9861111111111112,0.1561771561771561,0.9388111888111887,0.8544849507224839,0.092074592074592,1.0,1.0,1.0,0.5,0.0,1.5407272727272727,-0.5499914969126388,0.007049945387747066,-0.03745201784417474,0.6731234866828073,0,0,0.67|0.61|0.62|0.72|0.61|1.24|0.73|1.02|1.15|0.67,6.61|6.42|6.04|5.75|4.17|4.25|4.22|4.17|4.12|4.13,0.93|0.55|0.54|0.35|0.64|1.41|0.90|0.96|1.46|0.89
2026-10-07,2026-10-07T21:09:06Z,leaders,v3,Communication Equipment,ZBRA,ZBRA,Zebra Technologies Corp,Communication Equipment,USA,18.26B,35.33,"473,956",386.05,0.07%,Aug 04/b,S&P 500,17.32,1.14,3.10,20.20,17.21,3.58,15.29%,6.50%,13.20%,0.19,0.86,-,10.93,4.89,33.48%,5.39%,-2.43%,-2.63%,15.15%,-1.54%,4.06%,19.07%,121.66%,3.31%,13.45%,47.56%,17.16%,9.16%,-1.59%,3.34%,3.41%,9.51%,41.59%,74.57%,58.99%,30.14%,72.46%,10.73,2.88%,1.61,6.30%,7.94%,43.47%,69.14,664.31K,0.71,385.78,381.11,387.51,378.08,2.00,422.00,Oct-06,Zebra Technologies to Release Third Quarter 2026 Results on Nov. 3,https://www.businesswire.com/news/home/20261006259872/en/,Northcoast’s $413 price-target increase lifts Zebra Technologies 2.3% during Tuesday’s regular session,Technology,116.33,21.07B,0.52,0.33,5.89B,539.00M,105.76%,-23.47%,2.59%,-1.22%,93.95%,1.30%,-1.21%,-,45.54%,3.99%,sustained_strength,8,40.0,1.0,25.0,14.0,0.8086734032478518,0.9463869463869462,0.9861111111111112,0.1561771561771561,0.9388111888111887,0.8544849507224839,0.092074592074592,1.0,1.0,1.0,0.5,0.0,1.5407272727272727,2.646561092153468,0.05926622765757289,0.07355938484343146,0.8788443616029828,1,0,0.95|0.71|0.70|0.65|0.66|0.83|0.70|0.82|1.49|0.88,13.72|11.50|11.25|10.96|10.92|10.78|10.57|10.42|10.83|10.73,0.60|0.73|1.88|0.67|0.48|0.57|0.49|0.52|0.98|0.71
2026-10-07,2026-10-07T21:09:06Z,accel,v3,Communication Equipment,ZBRA,ZBRA,Zebra Technologies Corp,Communication Equipment,USA,18.26B,35.33,"473,956",386.05,0.07%,Aug 04/b,S&P 500,17.32,1.14,3.10,20.20,17.21,3.58,15.29%,6.50%,13.20%,0.19,0.86,-,10.93,4.89,33.48%,5.39%,-2.43%,-2.63%,15.15%,-1.54%,4.06%,19.07%,121.66%,3.31%,13.45%,47.56%,17.16%,9.16%,-1.59%,3.34%,3.41%,9.51%,41.59%,74.57%,58.99%,30.14%,72.46%,10.73,2.88%,1.61,6.30%,7.94%,43.47%,69.14,664.31K,0.71,385.78,381.11,387.51,378.08,2.00,422.00,Oct-06,Zebra Technologies to Release Third Quarter 2026 Results on Nov. 3,https://www.businesswire.com/news/home/20261006259872/en/,Northcoast’s $413 price-target increase lifts Zebra Technologies 2.3% during Tuesday’s regular session,Technology,116.33,21.07B,0.52,0.33,5.89B,539.00M,105.76%,-23.47%,2.59%,-1.22%,93.95%,1.30%,-1.21%,-,45.54%,3.99%,accel,3,40.0,1.0,25.0,14.0,0.8086734032478518,0.9463869463869462,0.9861111111111112,0.1561771561771561,0.9388111888111887,0.8544849507224839,0.092074592074592,1.0,1.0,1.0,0.5,0.0,1.5407272727272727,2.646561092153468,0.05926622765757289,0.07355938484343146,0.8788443616029828,1,0,0.95|0.71|0.70|0.65|0.66|0.83|0.70|0.82|1.49|0.88,13.72|11.50|11.25|10.96|10.92|10.78|10.57|10.42|10.83|10.73,0.60|0.73|1.88|0.67|0.48|0.57|0.49|0.52|0.98|0.71
2026-10-07,2026-10-07T21:09:06Z,all_green,v3,Communication Equipment,ZBRA,ZBRA,Zebra Technologies Corp,Communication Equipment,USA,18.26B,35.33,"473,956",386.05,0.07%,Aug 04/b,S&P 500,17.32,1.14,3.10,20.20,17.21,3.58,15.29%,6.50%,13.20%,0.19,0.86,-,10.93,4.89,33.48%,5.39%,-2.43%,-2.63%,15.15%,-1.54%,4.06%,19.07%,121.66%,3.31%,13.45%,47.56%,17.16%,9.16%,-1.59%,3.34%,3.41%,9.51%,41.59%,74.57%,58.99%,30.14%,72.46%,10.73,2.88%,1.61,6.30%,7.94%,43.47%,69.14,664.31K,0.71,385.78,381.11,387.51,378.08,2.00,422.00,Oct-06,Zebra Technologies to Release Third Quarter 2026 Results on Nov. 3,https://www.businesswire.com/news/home/20261006259872/en/,Northcoast’s $413 price-target increase lifts Zebra Technologies 2.3% during Tuesday’s regular session,Technology,116.33,21.07B,0.52,0.33,5.89B,539.00M,105.76%,-23.47%,2.59%,-1.22%,93.95%,1.30%,-1.21%,-,45.54%,3.99%,all_green,3,40.0,1.0,25.0,14.0,0.8086734032478518,0.9463869463869462,0.9861111111111112,0.1561771561771561,0.9388111888111887,0.8544849507224839,0.092074592074592,1.0,1.0,1.0,0.5,0.0,1.5407272727272727,2.646561092153468,0.05926622765757289,0.07355938484343146,0.8788443616029828,1,0,0.95|0.71|0.70|0.65|0.66|0.83|0.70|0.82|1.49|0.88,13.72|11.50|11.25|10.96|10.92|10.78|10.57|10.42|10.83|10.73,0.60|0.73|1.88|0.67|0.48|0.57|0.49|0.52|0.98|0.71
2026-10-07,2026-10-07T21:09:06Z,leaders,v3,Communication Equipment,VIAV,VIAV,Viavi Solutions Inc,Communication Equipment,USA,11.38B,-,"3,344,979",46.27,-3.88%,Aug 05/a,-,23.71,0.66,7.49,137.43,41.55,7.52,-2.73%,-1.29%,-1.61%,0.30,0.48,-,-0.16,0.41,64.32%,18.76%,-,-,35.88%,11.14%,4.84%,52.53%,255.97%,-193.79%,40.03%,56.17%,10.97%,-2.00%,-18.91%,2.88%,10.38%,19.41%,7.91%,11.74%,159.65%,265.77%,463.58%,2.43,5.93%,1.28,16.69%,19.04%,24.27%,66.25,5.06M,0.66,48.14,46.53,47.18,45.96,1.22,61.43,5 hours,Calnex and VIAVI expand partnership to deliver end-to-end network and application performance validation for next-generation networks.,https://finviz.com/news/399956/calnex-and-viavi-expand-partnership-to-deliver-end-to-end-network-and-application-performance-validation-for-next-generation-networks,"Viavi Solutions launches CyberFlood CF50 100G all-in-one platform for enterprise-scale application, security and AI inference testing",Technology,17.33,11.42B,1.85,1.59,1.52B,-30.40M,98.64%,199.48%,5.70%,-23.43%,278.33%,-0.56%,-3.34%,-,14.13%,2.42%,sustained_strength,8,40.0,1.0,25.0,14.0,0.8086734032478518,0.9463869463869462,0.9861111111111112,0.1561771561771561,0.9388111888111887,0.8544849507224839,0.092074592074592,1.0,1.0,1.0,0.5,0.0,1.5407272727272727,3.045560644276294,0.143028537149713,0.15994623655913973,0.5020576131687238,1,1,0.66|0.86|0.53|0.66|1.10|1.63|1.04|0.54|0.56|0.50,3.23|2.44|2.36|2.30|2.42|2.54|2.62|2.53|2.45|2.43,0.46|0.64|1.99|0.82|1.11|1.46|2.01|0.95|0.93|0.66
2026-10-07,2026-10-07T21:09:06Z,accel,v3,Communication Equipment,VIAV,VIAV,Viavi Solutions Inc,Communication Equipment,USA,11.38B,-,"3,344,979",46.27,-3.88%,Aug 05/a,-,23.71,0.66,7.49,137.43,41.55,7.52,-2.73%,-1.29%,-1.61%,0.30,0.48,-,-0.16,0.41,64.32%,18.76%,-,-,35.88%,11.14%,4.84%,52.53%,255.97%,-193.79%,40.03%,56.17%,10.97%,-2.00%,-18.91%,2.88%,10.38%,19.41%,7.91%,11.74%,159.65%,265.77%,463.58%,2.43,5.93%,1.28,16.69%,19.04%,24.27%,66.25,5.06M,0.66,48.14,46.53,47.18,45.96,1.22,61.43,5 hours,Calnex and VIAVI expand partnership to deliver end-to-end network and application performance validation for next-generation networks.,https://finviz.com/news/399956/calnex-and-viavi-expand-partnership-to-deliver-end-to-end-network-and-application-performance-validation-for-next-generation-networks,"Viavi Solutions launches CyberFlood CF50 100G all-in-one platform for enterprise-scale application, security and AI inference testing",Technology,17.33,11.42B,1.85,1.59,1.52B,-30.40M,98.64%,199.48%,5.70%,-23.43%,278.33%,-0.56%,-3.34%,-,14.13%,2.42%,accel,3,40.0,1.0,25.0,14.0,0.8086734032478518,0.9463869463869462,0.9861111111111112,0.1561771561771561,0.9388111888111887,0.8544849507224839,0.092074592074592,1.0,1.0,1.0,0.5,0.0,1.5407272727272727,3.045560644276294,0.143028537149713,0.15994623655913973,0.5020576131687238,1,1,0.66|0.86|0.53|0.66|1.10|1.63|1.04|0.54|0.56|0.50,3.23|2.44|2.36|2.30|2.42|2.54|2.62|2.53|2.45|2.43,0.46|0.64|1.99|0.82|1.11|1.46|2.01|0.95|0.93|0.66
2026-10-07,2026-10-07T21:09:06Z,all_green,v3,Communication Equipment,VIAV,VIAV,Viavi Solutions Inc,Communication Equipment,USA,11.38B,-,"3,344,979",46.27,-3.88%,Aug 05/a,-,23.71,0.66,7.49,137.43,41.55,7.52,-2.73%,-1.29%,-1.61%,0.30,0.48,-,-0.16,0.41,64.32%,18.76%,-,-,35.88%,11.14%,4.84%,52.53%,255.97%,-193.79%,40.03%,56.17%,10.97%,-2.00%,-18.91%,2.88%,10.38%,19.41%,7.91%,11.74%,159.65%,265.77%,463.58%,2.43,5.93%,1.28,16.69%,19.04%,24.27%,66.25,5.06M,0.66,48.14,46.53,47.18,45.96,1.22,61.43,5 hours,Calnex and VIAVI expand partnership to deliver end-to-end network and application performance validation for next-generation networks.,https://finviz.com/news/399956/calnex-and-viavi-expand-partnership-to-deliver-end-to-end-network-and-application-performance-validation-for-next-generation-networks,"Viavi Solutions launches CyberFlood CF50 100G all-in-one platform for enterprise-scale application, security and AI inference testing",Technology,17.33,11.42B,1.85,1.59,1.52B,-30.40M,98.64%,199.48%,5.70%,-23.43%,278.33%,-0.56%,-3.34%,-,14.13%,2.42%,all_green,3,40.0,1.0,25.0,14.0,0.8086734032478518,0.9463869463869462,0.9861111111111112,0.1561771561771561,0.9388111888111887,0.8544849507224839,0.092074592074592,1.0,1.0,1.0,0.5,0.0,1.5407272727272727,3.045560644276294,0.143028537149713,0.15994623655913973,0.5020576131687238,1,1,0.66|0.86|0.53|0.66|1.10|1.63|1.04|0.54|0.56|0.50,3.23|2.44|2.36|2.30|2.42|2.54|2.62|2.53|2.45|2.43,0.46|0.64|1.99|0.82|1.11|1.46|2.01|0.95|0.93|0.66
2026-10-07,2026-10-07T21:09:06Z,leaders,v3,Communication Equipment,AAOI,AAOI,Applied Optoelectronics Inc,Communication Equipment,USA,10.40B,-,"10,542,636",122.54,-5.85%,Aug 06/a,-,22.07,-,17.46,-,-,17.11,-5.45%,-3.68%,-3.04%,0.12,0.18,-,-0.78,0.14,384.36%,650.85%,35.66%,24.98%,-,26.93%,14.20%,86.42%,-74.24%,76.82%,61.85%,28.85%,-11.31%,-9.57%,-11.47%,-2.37%,23.45%,9.85%,0.27%,-7.66%,251.52%,291.06%,1249.56%,8.75,6.82%,3.99,16.00%,8.53%,11.16%,59.16,9.39M,1.12,130.16,126.12,127.89,119.73,1.88,170.50,Oct-05,Applied Optoelectronics Announces Completion of Previously Announced At the Market Offering,https://finviz.com/news/398520/applied-optoelectronics-announces-completion-of-previously-announced-at-the-market-offering,Applied Optoelectronics completes $600 million at-the-market equity offering with about $588 million in net proceeds,Technology,20.45,10.20B,2.78,2.13,595.97M,-57.02M,61.87%,1675.94%,8.64%,-47.56%,562.38%,-2.84%,-3.10%,-,297.35%,0.76%,sustained_strength,8,40.0,1.0,25.0,14.0,0.8086734032478518,0.9463869463869462,0.9861111111111112,0.1561771561771561,0.9388111888111887,0.8544849507224839,0.092074592074592,1.0,1.0,1.0,0.5,0.0,1.5407272727272727,1.100700214555554,0.13793103448275854,0.07859577996867224,0.9325714285714282,1,0,1.41|0.64|0.75|0.54|0.97|1.27|1.34|1.07|0.79|0.93,16.37|9.34|9.20|8.88|8.12|8.29|8.51|8.55|8.62|8.75,1.57|0.77|0.98|0.81|0.62|1.21|1.18|1.00|1.34|1.12
2026-10-07,2026-10-07T21:09:06Z,accel,v3,Communication Equipment,AAOI,AAOI,Applied Optoelectronics Inc,Communication Equipment,USA,10.40B,-,"10,542,636",122.54,-5.85%,Aug 06/a,-,22.07,-,17.46,-,-,17.11,-5.45%,-3.68%,-3.04%,0.12,0.18,-,-0.78,0.14,384.36%,650.85%,35.66%,24.98%,-,26.93%,14.20%,86.42%,-74.24%,76.82%,61.85%,28.85%,-11.31%,-9.57%,-11.47%,-2.37%,23.45%,9.85%,0.27%,-7.66%,251.52%,291.06%,1249.56%,8.75,6.82%,3.99,16.00%,8.53%,11.16%,59.16,9.39M,1.12,130.16,126.12,127.89,119.73,1.88,170.50,Oct-05,Applied Optoelectronics Announces Completion of Previously Announced At the Market Offering,https://finviz.com/news/398520/applied-optoelectronics-announces-completion-of-previously-announced-at-the-market-offering,Applied Optoelectronics completes $600 million at-the-market equity offering with about $588 million in net proceeds,Technology,20.45,10.20B,2.78,2.13,595.97M,-57.02M,61.87%,1675.94%,8.64%,-47.56%,562.38%,-2.84%,-3.10%,-,297.35%,0.76%,accel,3,40.0,1.0,25.0,14.0,0.8086734032478518,0.9463869463869462,0.9861111111111112,0.1561771561771561,0.9388111888111887,0.8544849507224839,0.092074592074592,1.0,1.0,1.0,0.5,0.0,1.5407272727272727,1.100700214555554,0.13793103448275854,0.07859577996867224,0.9325714285714282,1,0,1.41|0.64|0.75|0.54|0.97|1.27|1.34|1.07|0.79|0.93,16.37|9.34|9.20|8.88|8.12|8.29|8.51|8.55|8.62|8.75,1.57|0.77|0.98|0.81|0.62|1.21|1.18|1.00|1.34|1.12
2026-10-07,2026-10-07T21:09:06Z,all_green,v3,Communication Equipment,AAOI,AAOI,Applied Optoelectronics Inc,Communication Equipment,USA,10.40B,-,"10,542,636",122.54,-5.85%,Aug 06/a,-,22.07,-,17.46,-,-,17.11,-5.45%,-3.68%,-3.04%,0.12,0.18,-,-0.78,0.14,384.36%,650.85%,35.66%,24.98%,-,26.93%,14.20%,86.42%,-74.24%,76.82%,61.85%,28.85%,-11.31%,-9.57%,-11.47%,-2.37%,23.45%,9.85%,0.27%,-7.66%,251.52%,291.06%,1249.56%,8.75,6.82%,3.99,16.00%,8.53%,11.16%,59.16,9.39M,1.12,130.16,126.12,127.89,119.73,1.88,170.50,Oct-05,Applied Optoelectronics Announces Completion of Previously Announced At the Market Offering,https://finviz.com/news/398520/applied-optoelectronics-announces-completion-of-previously-announced-at-the-market-offering,Applied Optoelectronics completes $600 million at-the-market equity offering with about $588 million in net proceeds,Technology,20.45,10.20B,2.78,2.13,595.97M,-57.02M,61.87%,1675.94%,8.64%,-47.56%,562.38%,-2.84%,-3.10%,-,297.35%,0.76%,all_green,3,40.0,1.0,25.0,14.0,0.8086734032478518,0.9463869463869462,0.9861111111111112,0.1561771561771561,0.9388111888111887,0.8544849507224839,0.092074592074592,1.0,1.0,1.0,0.5,0.0,1.5407272727272727,1.100700214555554,0.13793103448275854,0.07859577996867224,0.9325714285714282,1,0,1.41|0.64|0.75|0.54|0.97|1.27|1.34|1.07|0.79|0.93,16.37|9.34|9.20|8.88|8.12|8.29|8.51|8.55|8.62|8.75,1.57|0.77|0.98|0.81|0.62|1.21|1.18|1.00|1.34|1.12
2026-10-07,2026-10-07T21:09:06Z,leaders,v3,Communication Equipment,VSAT,VSAT,Viasat Inc,Communication Equipment,USA,9.76B,-,"1,739,997",70.87,-4.72%,Aug 04/a,RUT,-,-,2.11,16.88,10.47,3.25,-0.64%,-0.20%,-0.27%,1.34,1.49,-,-0.24,-0.42,-468.00%,-1.39%,67.83%,-,-,21.99%,15.51%,-1.24%,12.03%,94.88%,1.35%,27.60%,2.35%,-0.64%,-9.85%,8.55%,0.70%,-8.85%,0.68%,25.81%,105.66%,126.49%,356.34%,4.08,5.40%,1.79,-2.34%,-5.49%,15.36%,46.52,1.90M,0.92,74.38,72.19,72.57,69.29,1.38,103.94,Oct-05,AST SpaceMobile Sits 56% Below Its 2026 High After B. Rileys Cut. Heres Where the Stock Could Go by 2030,https://finance.yahoo.com/markets/stocks/articles/ast-spacemobile-sits-56-below-153202722.html,Viasat wins 7-year U.S. Marine Corps MECS2 SATCOM contract with $307 million ceiling,Technology,5.62,15.03B,1.68,1.52,4.63B,-29.39M,102.14%,22.61%,5.39%,-23.82%,143.29%,-1.83%,-2.94%,-,-19.84%,-3.60%,sustained_strength,8,40.0,1.0,25.0,14.0,0.8086734032478518,0.9463869463869462,0.9861111111111112,0.1561771561771561,0.9388111888111887,0.8544849507224839,0.092074592074592,1.0,1.0,1.0,0.5,0.0,1.5407272727272727,-1.009013207441478,-0.023960679909891466,-0.058089091101470716,0.8039215686274478,0,0,0.67|0.68|1.16|0.56|0.70|1.05|0.86|0.68|1.43|0.80,5.82|4.19|4.25|4.11|3.96|3.98|3.93|3.84|4.00|4.08,0.51|0.61|1.94|0.97|0.62|0.64|1.03|1.19|1.17|0.92
2026-10-07,2026-10-07T21:09:06Z,accel,v3,Communication Equipment,VSAT,VSAT,Viasat Inc,Communication Equipment,USA,9.76B,-,"1,739,997",70.87,-4.72%,Aug 04/a,RUT,-,-,2.11,16.88,10.47,3.25,-0.64%,-0.20%,-0.27%,1.34,1.49,-,-0.24,-0.42,-468.00%,-1.39%,67.83%,-,-,21.99%,15.51%,-1.24%,12.03%,94.88%,1.35%,27.60%,2.35%,-0.64%,-9.85%,8.55%,0.70%,-8.85%,0.68%,25.81%,105.66%,126.49%,356.34%,4.08,5.40%,1.79,-2.34%,-5.49%,15.36%,46.52,1.90M,0.92,74.38,72.19,72.57,69.29,1.38,103.94,Oct-05,AST SpaceMobile Sits 56% Below Its 2026 High After B. Rileys Cut. Heres Where the Stock Could Go by 2030,https://finance.yahoo.com/markets/stocks/articles/ast-spacemobile-sits-56-below-153202722.html,Viasat wins 7-year U.S. Marine Corps MECS2 SATCOM contract with $307 million ceiling,Technology,5.62,15.03B,1.68,1.52,4.63B,-29.39M,102.14%,22.61%,5.39%,-23.82%,143.29%,-1.83%,-2.94%,-,-19.84%,-3.60%,accel,3,40.0,1.0,25.0,14.0,0.8086734032478518,0.9463869463869462,0.9861111111111112,0.1561771561771561,0.9388111888111887,0.8544849507224839,0.092074592074592,1.0,1.0,1.0,0.5,0.0,1.5407272727272727,-1.009013207441478,-0.023960679909891466,-0.058089091101470716,0.8039215686274478,0,0,0.67|0.68|1.16|0.56|0.70|1.05|0.86|0.68|1.43|0.80,5.82|4.19|4.25|4.11|3.96|3.98|3.93|3.84|4.00|4.08,0.51|0.61|1.94|0.97|0.62|0.64|1.03|1.19|1.17|0.92
2026-10-07,2026-10-07T21:09:06Z,all_green,v3,Communication Equipment,VSAT,VSAT,Viasat Inc,Communication Equipment,USA,9.76B,-,"1,739,997",70.87,-4.72%,Aug 04/a,RUT,-,-,2.11,16.88,10.47,3.25,-0.64%,-0.20%,-0.27%,1.34,1.49,-,-0.24,-0.42,-468.00%,-1.39%,67.83%,-,-,21.99%,15.51%,-1.24%,12.03%,94.88%,1.35%,27.60%,2.35%,-0.64%,-9.85%,8.55%,0.70%,-8.85%,0.68%,25.81%,105.66%,126.49%,356.34%,4.08,5.40%,1.79,-2.34%,-5.49%,15.36%,46.52,1.90M,0.92,74.38,72.19,72.57,69.29,1.38,103.94,Oct-05,AST SpaceMobile Sits 56% Below Its 2026 High After B. Rileys Cut. Heres Where the Stock Could Go by 2030,https://finance.yahoo.com/markets/stocks/articles/ast-spacemobile-sits-56-below-153202722.html,Viasat wins 7-year U.S. Marine Corps MECS2 SATCOM contract with $307 million ceiling,Technology,5.62,15.03B,1.68,1.52,4.63B,-29.39M,102.14%,22.61%,5.39%,-23.82%,143.29%,-1.83%,-2.94%,-,-19.84%,-3.60%,all_green,3,40.0,1.0,25.0,14.0,0.8086734032478518,0.9463869463869462,0.9861111111111112,0.1561771561771561,0.9388111888111887,0.8544849507224839,0.092074592074592,1.0,1.0,1.0,0.5,0.0,1.5407272727272727,-1.009013207441478,-0.023960679909891466,-0.058089091101470716,0.8039215686274478,0,0,0.67|0.68|1.16|0.56|0.70|1.05|0.86|0.68|1.43|0.80,5.82|4.19|4.25|4.11|3.96|3.98|3.93|3.84|4.00|4.08,0.51|0.61|1.94|0.97|0.62|0.64|1.03|1.19|1.17|0.92
2026-10-07,2026-10-07T21:09:06Z,leaders,v3,Communication Equipment,ONDS,ONDS,Ondas Inc,Communication Equipment,USA,4.19B,80.43,"61,390,086",7.19,-2.97%,Aug 13/b,RUT,-,-,24.05,-,-,16.32,7.66%,4.05%,3.97%,0.02,0.03,-,0.09,-0.13,149.59%,-208.30%,29.08%,1.28%,54.09%,187.90%,87.94%,1235.35%,-138.72%,119.79%,979.28%,25.82%,-127.28%,34.08%,-5.21%,16.79%,-1.91%,-5.64%,-6.01%,-23.92%,-26.33%,-35.17%,1145.88%,0.41,4.83%,3.07,-2.53%,-9.72%,-23.80%,42.18,79.00M,0.78,7.41,7.27,7.30,7.01,1.00,18.88,4 hours,Ondas shares fall despite company's announcement of new orders,https://finance.yahoo.com/markets/stocks/articles/ondas-shares-fall-despite-companys-161400636.html,"Ondas secures over $165M in new orders since late August, lifting total orders since June 30 above $270M",Technology,3.01,2.84B,9.85,9.39,174.10M,59.34M,49.05%,-30.60%,4.42%,-52.95%,45.25%,-1.10%,-1.89%,-,-111.11%,23.24%,sustained_strength,8,40.0,1.0,25.0,14.0,0.8086734032478518,0.9463869463869462,0.9861111111111112,0.1561771561771561,0.9388111888111887,0.8544849507224839,0.092074592074592,1.0,1.0,1.0,0.5,0.0,1.5407272727272727,-1.8880772015518108,-0.025956704627064727,-0.10766504209127153,0.7073170731707319,0,0,0.87|0.50|0.69|0.75|0.88|0.74|0.76|0.74|0.68|0.71,0.69|0.46|0.45|0.44|0.43|0.42|0.42|0.42|0.41|0.41,1.07|0.82|0.78|0.63|0.75|0.51|0.53|0.45|0.62|0.78
2026-10-07,2026-10-07T21:09:06Z,accel,v3,Communication Equipment,ONDS,ONDS,Ondas Inc,Communication Equipment,USA,4.19B,80.43,"61,390,086",7.19,-2.97%,Aug 13/b,RUT,-,-,24.05,-,-,16.32,7.66%,4.05%,3.97%,0.02,0.03,-,0.09,-0.13,149.59%,-208.30%,29.08%,1.28%,54.09%,187.90%,87.94%,1235.35%,-138.72%,119.79%,979.28%,25.82%,-127.28%,34.08%,-5.21%,16.79%,-1.91%,-5.64%,-6.01%,-23.92%,-26.33%,-35.17%,1145.88%,0.41,4.83%,3.07,-2.53%,-9.72%,-23.80%,42.18,79.00M,0.78,7.41,7.27,7.30,7.01,1.00,18.88,4 hours,Ondas shares fall despite company's announcement of new orders,https://finance.yahoo.com/markets/stocks/articles/ondas-shares-fall-despite-companys-161400636.html,"Ondas secures over $165M in new orders since late August, lifting total orders since June 30 above $270M",Technology,3.01,2.84B,9.85,9.39,174.10M,59.34M,49.05%,-30.60%,4.42%,-52.95%,45.25%,-1.10%,-1.89%,-,-111.11%,23.24%,accel,3,40.0,1.0,25.0,14.0,0.8086734032478518,0.9463869463869462,0.9861111111111112,0.1561771561771561,0.9388111888111887,0.8544849507224839,0.092074592074592,1.0,1.0,1.0,0.5,0.0,1.5407272727272727,-1.8880772015518108,-0.025956704627064727,-0.10766504209127153,0.7073170731707319,0,0,0.87|0.50|0.69|0.75|0.88|0.74|0.76|0.74|0.68|0.71,0.69|0.46|0.45|0.44|0.43|0.42|0.42|0.42|0.41|0.41,1.07|0.82|0.78|0.63|0.75|0.51|0.53|0.45|0.62|0.78
2026-10-07,2026-10-07T21:09:06Z,all_green,v3,Communication Equipment,ONDS,ONDS,Ondas Inc,Communication Equipment,USA,4.19B,80.43,"61,390,086",7.19,-2.97%,Aug 13/b,RUT,-,-,24.05,-,-,16.32,7.66%,4.05%,3.97%,0.02,0.03,-,0.09,-0.13,149.59%,-208.30%,29.08%,1.28%,54.09%,187.90%,87.94%,1235.35%,-138.72%,119.79%,979.28%,25.82%,-127.28%,34.08%,-5.21%,16.79%,-1.91%,-5.64%,-6.01%,-23.92%,-26.33%,-35.17%,1145.88%,0.41,4.83%,3.07,-2.53%,-9.72%,-23.80%,42.18,79.00M,0.78,7.41,7.27,7.30,7.01,1.00,18.88,4 hours,Ondas shares fall despite company's announcement of new orders,https://finance.yahoo.com/markets/stocks/articles/ondas-shares-fall-despite-companys-161400636.html,"Ondas secures over $165M in new orders since late August, lifting total orders since June 30 above $270M",Technology,3.01,2.84B,9.85,9.39,174.10M,59.34M,49.05%,-30.60%,4.42%,-52.95%,45.25%,-1.10%,-1.89%,-,-111.11%,23.24%,all_green,3,40.0,1.0,25.0,14.0,0.8086734032478518,0.9463869463869462,0.9861111111111112,0.1561771561771561,0.9388111888111887,0.8544849507224839,0.092074592074592,1.0,1.0,1.0,0.5,0.0,1.5407272727272727,-1.8880772015518108,-0.025956704627064727,-0.10766504209127153,0.7073170731707319,0,0,0.87|0.50|0.69|0.75|0.88|0.74|0.76|0.74|0.68|0.71,0.69|0.46|0.45|0.44|0.43|0.42|0.42|0.42|0.41|0.41,1.07|0.82|0.78|0.63|0.75|0.51|0.53|0.45|0.62|0.78
2026-10-07,2026-10-07T21:09:06Z,leaders,v3,Communication Equipment,EXTR,EXTR,Extreme Networks Inc,Communication Equipment,USA,3.25B,78.34,"2,060,880",24.60,0.24%,Aug 05/b,RUT,16.18,0.93,2.53,34.14,28.44,2.52,54.64%,3.61%,16.68%,1.85,2.20,-,0.31,0.28,23.12%,16.49%,-18.86%,83.02%,17.44%,-0.74%,4.92%,10.28%,329.59%,657.27%,12.59%,60.24%,5.05%,3.28%,-15.93%,1.14%,14.69%,13.63%,-25.16%,49.09%,47.75%,22.69%,4.06%,0.87,3.22%,1.83,10.64%,4.80%,14.40%,65.15,1.64M,1.25,24.54,24.23,25.18,24.12,1.25,33.50,Oct-06,Extreme Networks Schedules First Quarter 2027 Financial Results Conference Call,https://www.businesswire.com/news/home/20261006777670/en/,HPE networking outlook and jobs-driven tech rally lift Extreme Networks 5% intraday,Technology,15.35,3.23B,0.93,0.81,1.28B,42.12M,97.86%,135.63%,4.22%,-27.07%,82.56%,1.53%,-1.26%,-,10.34%,1.82%,sustained_strength,8,40.0,1.0,25.0,14.0,0.8086734032478518,0.9463869463869462,0.9861111111111112,0.1561771561771561,0.9388111888111887,0.8544849507224839,0.092074592074592,1.0,1.0,1.0,0.5,0.0,1.5407272727272727,1.2950776520136873,0.09616775126536523,0.04580152671755723,1.2183908045976997,1,0,0.75|0.76|0.87|0.70|0.72|1.04|1.44|1.21|1.44|1.22,1.53|0.90|0.89|0.87|0.76|0.76|0.81|0.82|0.85|0.87,0.63|0.97|1.33|0.52|1.21|1.01|1.21|1.12|1.06|1.25
2026-10-07,2026-10-07T21:09:06Z,accel,v3,Communication Equipment,EXTR,EXTR,Extreme Networks Inc,Communication Equipment,USA,3.25B,78.34,"2,060,880",24.60,0.24%,Aug 05/b,RUT,16.18,0.93,2.53,34.14,28.44,2.52,54.64%,3.61%,16.68%,1.85,2.20,-,0.31,0.28,23.12%,16.49%,-18.86%,83.02%,17.44%,-0.74%,4.92%,10.28%,329.59%,657.27%,12.59%,60.24%,5.05%,3.28%,-15.93%,1.14%,14.69%,13.63%,-25.16%,49.09%,47.75%,22.69%,4.06%,0.87,3.22%,1.83,10.64%,4.80%,14.40%,65.15,1.64M,1.25,24.54,24.23,25.18,24.12,1.25,33.50,Oct-06,Extreme Networks Schedules First Quarter 2027 Financial Results Conference Call,https://www.businesswire.com/news/home/20261006777670/en/,HPE networking outlook and jobs-driven tech rally lift Extreme Networks 5% intraday,Technology,15.35,3.23B,0.93,0.81,1.28B,42.12M,97.86%,135.63%,4.22%,-27.07%,82.56%,1.53%,-1.26%,-,10.34%,1.82%,accel,3,40.0,1.0,25.0,14.0,0.8086734032478518,0.9463869463869462,0.9861111111111112,0.1561771561771561,0.9388111888111887,0.8544849507224839,0.092074592074592,1.0,1.0,1.0,0.5,0.0,1.5407272727272727,1.2950776520136873,0.09616775126536523,0.04580152671755723,1.2183908045976997,1,0,0.75|0.76|0.87|0.70|0.72|1.04|1.44|1.21|1.44|1.22,1.53|0.90|0.89|0.87|0.76|0.76|0.81|0.82|0.85|0.87,0.63|0.97|1.33|0.52|1.21|1.01|1.21|1.12|1.06|1.25
2026-10-07,2026-10-07T21:09:06Z,all_green,v3,Communication Equipment,EXTR,EXTR,Extreme Networks Inc,Communication Equipment,USA,3.25B,78.34,"2,060,880",24.60,0.24%,Aug 05/b,RUT,16.18,0.93,2.53,34.14,28.44,2.52,54.64%,3.61%,16.68%,1.85,2.20,-,0.31,0.28,23.12%,16.49%,-18.86%,83.02%,17.44%,-0.74%,4.92%,10.28%,329.59%,657.27%,12.59%,60.24%,5.05%,3.28%,-15.93%,1.14%,14.69%,13.63%,-25.16%,49.09%,47.75%,22.69%,4.06%,0.87,3.22%,1.83,10.64%,4.80%,14.40%,65.15,1.64M,1.25,24.54,24.23,25.18,24.12,1.25,33.50,Oct-06,Extreme Networks Schedules First Quarter 2027 Financial Results Conference Call,https://www.businesswire.com/news/home/20261006777670/en/,HPE networking outlook and jobs-driven tech rally lift Extreme Networks 5% intraday,Technology,15.35,3.23B,0.93,0.81,1.28B,42.12M,97.86%,135.63%,4.22%,-27.07%,82.56%,1.53%,-1.26%,-,10.34%,1.82%,all_green,3,40.0,1.0,25.0,14.0,0.8086734032478518,0.9463869463869462,0.9861111111111112,0.1561771561771561,0.9388111888111887,0.8544849507224839,0.092074592074592,1.0,1.0,1.0,0.5,0.0,1.5407272727272727,1.2950776520136873,0.09616775126536523,0.04580152671755723,1.2183908045976997,1,0,0.75|0.76|0.87|0.70|0.72|1.04|1.44|1.21|1.44|1.22,1.53|0.90|0.89|0.87|0.76|0.76|0.81|0.82|0.85|0.87,0.63|0.97|1.33|0.52|1.21|1.01|1.21|1.12|1.06|1.25
2026-10-07,2026-10-07T21:09:06Z,leaders,v3,Communication Equipment,DGII,DGII,Digi International Inc,Communication Equipment,USA,2.85B,59.34,"379,014",75.21,1.72%,Aug 05/a,RUT,24.01,1.38,5.64,20.99,24.86,5.82,7.46%,5.62%,6.08%,0.17,0.17,-,1.27,0.76,28.19%,16.34%,26.16%,30.59%,17.37%,3.48%,9.03%,28.98%,48.68%,11.95%,20.26%,61.69%,15.10%,9.63%,-9.19%,1.16%,-1.34%,7.58%,3.94%,38.87%,73.74%,111.92%,192.42%,2.75,3.41%,0.99,2.36%,0.63%,24.53%,53.06,378.82K,1.00,73.94,73.00,75.32,72.32,1.67,85.40,Oct-06,Digi International Announces Digi EX60 for Always-On 5G Branch Connectivity,https://finviz.com/news/399374/digi-international-announces-digi-ex60-for-always-on-5g-branch-connectivity,"Digi International today announced the Digi EX60, a new 5G router designed to provide always-on branch connectivity for enterprise customers.",Technology,102.04,2.94B,1.13,0.78,506.21M,48.73M,104.78%,253.10%,3.61%,-13.39%,118.57%,3.03%,-1.27%,-,14.33%,4.60%,sustained_strength,8,40.0,1.0,25.0,14.0,0.8086734032478518,0.9463869463869462,0.9861111111111112,0.1561771561771561,0.9388111888111887,0.8544849507224839,0.092074592074592,1.0,1.0,1.0,0.5,0.0,1.5407272727272727,0.17122058305403182,0.02305588120359529,0.006260558481566115,1.0909090909090908,1,0,0.64|0.87|0.81|0.70|0.54|1.95|0.79|0.62|0.88|1.09,3.30|2.71|2.68|2.61|2.59|2.79|2.84|2.76|2.73|2.75,0.77|1.04|1.84|0.60|1.27|1.05|0.79|0.90|1.70|1.00
2026-10-07,2026-10-07T21:09:06Z,accel,v3,Communication Equipment,DGII,DGII,Digi International Inc,Communication Equipment,USA,2.85B,59.34,"379,014",75.21,1.72%,Aug 05/a,RUT,24.01,1.38,5.64,20.99,24.86,5.82,7.46%,5.62%,6.08%,0.17,0.17,-,1.27,0.76,28.19%,16.34%,26.16%,30.59%,17.37%,3.48%,9.03%,28.98%,48.68%,11.95%,20.26%,61.69%,15.10%,9.63%,-9.19%,1.16%,-1.34%,7.58%,3.94%,38.87%,73.74%,111.92%,192.42%,2.75,3.41%,0.99,2.36%,0.63%,24.53%,53.06,378.82K,1.00,73.94,73.00,75.32,72.32,1.67,85.40,Oct-06,Digi International Announces Digi EX60 for Always-On 5G Branch Connectivity,https://finviz.com/news/399374/digi-international-announces-digi-ex60-for-always-on-5g-branch-connectivity,"Digi International today announced the Digi EX60, a new 5G router designed to provide always-on branch connectivity for enterprise customers.",Technology,102.04,2.94B,1.13,0.78,506.21M,48.73M,104.78%,253.10%,3.61%,-13.39%,118.57%,3.03%,-1.27%,-,14.33%,4.60%,accel,3,40.0,1.0,25.0,14.0,0.8086734032478518,0.9463869463869462,0.9861111111111112,0.1561771561771561,0.9388111888111887,0.8544849507224839,0.092074592074592,1.0,1.0,1.0,0.5,0.0,1.5407272727272727,0.17122058305403182,0.02305588120359529,0.006260558481566115,1.0909090909090908,1,0,0.64|0.87|0.81|0.70|0.54|1.95|0.79|0.62|0.88|1.09,3.30|2.71|2.68|2.61|2.59|2.79|2.84|2.76|2.73|2.75,0.77|1.04|1.84|0.60|1.27|1.05|0.79|0.90|1.70|1.00
2026-10-07,2026-10-07T21:09:06Z,all_green,v3,Communication Equipment,DGII,DGII,Digi International Inc,Communication Equipment,USA,2.85B,59.34,"379,014",75.21,1.72%,Aug 05/a,RUT,24.01,1.38,5.64,20.99,24.86,5.82,7.46%,5.62%,6.08%,0.17,0.17,-,1.27,0.76,28.19%,16.34%,26.16%,30.59%,17.37%,3.48%,9.03%,28.98%,48.68%,11.95%,20.26%,61.69%,15.10%,9.63%,-9.19%,1.16%,-1.34%,7.58%,3.94%,38.87%,73.74%,111.92%,192.42%,2.75,3.41%,0.99,2.36%,0.63%,24.53%,53.06,378.82K,1.00,73.94,73.00,75.32,72.32,1.67,85.40,Oct-06,Digi International Announces Digi EX60 for Always-On 5G Branch Connectivity,https://finviz.com/news/399374/digi-international-announces-digi-ex60-for-always-on-5g-branch-connectivity,"Digi International today announced the Digi EX60, a new 5G router designed to provide always-on branch connectivity for enterprise customers.",Technology,102.04,2.94B,1.13,0.78,506.21M,48.73M,104.78%,253.10%,3.61%,-13.39%,118.57%,3.03%,-1.27%,-,14.33%,4.60%,all_green,3,40.0,1.0,25.0,14.0,0.8086734032478518,0.9463869463869462,0.9861111111111112,0.1561771561771561,0.9388111888111887,0.8544849507224839,0.092074592074592,1.0,1.0,1.0,0.5,0.0,1.5407272727272727,0.17122058305403182,0.02305588120359529,0.006260558481566115,1.0909090909090908,1,0,0.64|0.87|0.81|0.70|0.54|1.95|0.79|0.62|0.88|1.09,3.30|2.71|2.68|2.61|2.59|2.79|2.84|2.76|2.73|2.75,0.77|1.04|1.84|0.60|1.27|1.05|0.79|0.90|1.70|1.00
2026-10-07,2026-10-07T21:09:06Z,leaders,v3,Software - Application,SAP,SAP,Sap SE ADR,Software - Application,Germany,242.53B,26.42,"1,991,579",210.13,-0.16%,Oct 21/a,-,22.24,1.53,5.45,23.62,17.13,5.44,18.71%,11.14%,15.35%,0.18,0.22,5.60%,7.95,2.08,9.77%,17.29%,50.05%,6.91%,14.52%,10.21%,5.91%,12.24%,33.40%,31.10%,14.13%,75.80%,28.45%,20.85%,-,-0.95%,0.79%,-0.64%,32.61%,24.20%,-13.49%,-23.26%,60.50%,5.07,2.14%,1.12,-0.16%,0.61%,8.89%,51.36,2.58M,0.77,210.46,210.58,211.54,208.20,1.47,248.00,2 hours,Nasdaq and S&P Hold Weekly Gains as Small Caps and Dow Slip Midweek,https://finviz.com/news/399984/nasdaq-and-sp-hold-weekly-gains-as-small-caps-and-dow-slip-midweek,"Circle partners with SAP-backed Tereina to integrate USDC and EURC stablecoin payments into SAP Pay and SAP Cloud ERP, expanding SAP’s embedded payments capabilities.",Technology,20.18,242.46B,1.15,1.15,44.54B,9.29B,7.37%,55.78%,2.02%,-25.32%,44.95%,-0.21%,0.06%,9.95%,-10.15%,-0.55%,sustained_strength,9,44.0,24.0,8.0,12.0,0.5941905040771975,0.6608391608391608,0.7847222222222222,0.0944055944055944,0.7194055944055945,0.8991454188681401,0.1585081585081584,0.6666666666666666,1.0,0.6666666666666666,0.3333333333333333,0.0,0.4526060606060605,0.25128628580648343,-0.0016025641025641277,0.006063015604810694,0.6587771203155824,1,0,1.06|0.55|0.59|0.99|0.78|0.65|0.94|1.03|0.51|0.66,6.37|6.16|5.97|6.19|6.09|6.25|6.22|6.42|6.13|5.07,1.11|0.77|1.02|0.87|0.52|0.83|0.80|0.73|0.48|0.77
2026-10-07,2026-10-07T21:09:06Z,emerging,v3,Software - Application,SAP,SAP,Sap SE ADR,Software - Application,Germany,242.53B,26.42,"1,991,579",210.13,-0.16%,Oct 21/a,-,22.24,1.53,5.45,23.62,17.13,5.44,18.71%,11.14%,15.35%,0.18,0.22,5.60%,7.95,2.08,9.77%,17.29%,50.05%,6.91%,14.52%,10.21%,5.91%,12.24%,33.40%,31.10%,14.13%,75.80%,28.45%,20.85%,-,-0.95%,0.79%,-0.64%,32.61%,24.20%,-13.49%,-23.26%,60.50%,5.07,2.14%,1.12,-0.16%,0.61%,8.89%,51.36,2.58M,0.77,210.46,210.58,211.54,208.20,1.47,248.00,2 hours,Nasdaq and S&P Hold Weekly Gains as Small Caps and Dow Slip Midweek,https://finviz.com/news/399984/nasdaq-and-sp-hold-weekly-gains-as-small-caps-and-dow-slip-midweek,"Circle partners with SAP-backed Tereina to integrate USDC and EURC stablecoin payments into SAP Pay and SAP Cloud ERP, expanding SAP’s embedded payments capabilities.",Technology,20.18,242.46B,1.15,1.15,44.54B,9.29B,7.37%,55.78%,2.02%,-25.32%,44.95%,-0.21%,0.06%,9.95%,-10.15%,-0.55%,emerging,1,44.0,24.0,8.0,12.0,0.5941905040771975,0.6608391608391608,0.7847222222222222,0.0944055944055944,0.7194055944055945,0.8991454188681401,0.1585081585081584,0.6666666666666666,1.0,0.6666666666666666,0.3333333333333333,0.0,0.4526060606060605,0.25128628580648343,-0.0016025641025641277,0.006063015604810694,0.6587771203155824,1,0,1.06|0.55|0.59|0.99|0.78|0.65|0.94|1.03|0.51|0.66,6.37|6.16|5.97|6.19|6.09|6.25|6.22|6.42|6.13|5.07,1.11|0.77|1.02|0.87|0.52|0.83|0.80|0.73|0.48|0.77
2026-10-07,2026-10-07T21:09:06Z,leaders,v3,Software - Application,SHOP,SHOP,Shopify Inc,Software - Application,Canada,213.62B,112.00,"6,320,875",166.03,0.97%,Aug 05/b,NDX,67.01,2.00,16.10,91.40,87.28,15.74,15.54%,13.28%,15.00%,0.01,0.01,-,1.48,0.47,34.05%,29.65%,-,28.70%,33.50%,27.31%,31.58%,33.69%,67.20%,-17.95%,32.50%,47.61%,17.82%,14.53%,0.00%,-0.72%,11.96%,23.81%,34.80%,38.24%,3.14%,2.95%,209.47%,6.68,4.70%,2.68,16.38%,15.99%,28.17%,71.19,9.45M,0.67,164.44,162.57,166.96,161.37,1.64,174.39,Oct-06,"TSX futures point higher amid easing bond selloff, oil price drop",https://finance.yahoo.com/markets/stocks/articles/tsx-futures-point-higher-amid-110211325.html,"Schneider’s PTC takeover lifts software shares, helping Shopify gain 5.2% during Monday’s session",Technology,43.18,208.85B,5.35,5.35,13.27B,1.93B,66.48%,18.72%,3.50%,-8.87%,76.63%,2.13%,-1.14%,-,4.29%,3.94%,sustained_strength,9,44.0,24.0,8.0,12.0,0.5941905040771975,0.6608391608391608,0.7847222222222222,0.0944055944055944,0.7194055944055945,0.8991454188681401,0.1585081585081584,0.6666666666666666,1.0,0.6666666666666666,0.3333333333333333,0.0,0.4526060606060605,3.4263996793033478,0.14074583261728815,0.13785671178549877,0.8368263473053897,1,0,0.91|0.69|1.06|1.02|0.53|0.70|0.85|1.02|0.66|0.84,6.01|5.87|6.03|6.18|5.96|5.86|5.79|6.50|6.18|6.68,0.73|0.54|0.78|1.02|0.69|0.67|0.78|0.83|0.70|0.67
2026-10-07,2026-10-07T21:09:06Z,emerging,v3,Software - Application,SHOP,SHOP,Shopify Inc,Software - Application,Canada,213.62B,112.00,"6,320,875",166.03,0.97%,Aug 05/b,NDX,67.01,2.00,16.10,91.40,87.28,15.74,15.54%,13.28%,15.00%,0.01,0.01,-,1.48,0.47,34.05%,29.65%,-,28.70%,33.50%,27.31%,31.58%,33.69%,67.20%,-17.95%,32.50%,47.61%,17.82%,14.53%,0.00%,-0.72%,11.96%,23.81%,34.80%,38.24%,3.14%,2.95%,209.47%,6.68,4.70%,2.68,16.38%,15.99%,28.17%,71.19,9.45M,0.67,164.44,162.57,166.96,161.37,1.64,174.39,Oct-06,"TSX futures point higher amid easing bond selloff, oil price drop",https://finance.yahoo.com/markets/stocks/articles/tsx-futures-point-higher-amid-110211325.html,"Schneider’s PTC takeover lifts software shares, helping Shopify gain 5.2% during Monday’s session",Technology,43.18,208.85B,5.35,5.35,13.27B,1.93B,66.48%,18.72%,3.50%,-8.87%,76.63%,2.13%,-1.14%,-,4.29%,3.94%,emerging,1,44.0,24.0,8.0,12.0,0.5941905040771975,0.6608391608391608,0.7847222222222222,0.0944055944055944,0.7194055944055945,0.8991454188681401,0.1585081585081584,0.6666666666666666,1.0,0.6666666666666666,0.3333333333333333,0.0,0.4526060606060605,3.4263996793033478,0.14074583261728815,0.13785671178549877,0.8368263473053897,1,0,0.91|0.69|1.06|1.02|0.53|0.70|0.85|1.02|0.66|0.84,6.01|5.87|6.03|6.18|5.96|5.86|5.79|6.50|6.18|6.68,0.73|0.54|0.78|1.02|0.69|0.67|0.78|0.83|0.70|0.67
2026-10-07,2026-10-07T21:09:06Z,leaders,v3,Software - Application,CRM,CRM,Salesforce Inc,Software - Application,USA,184.81B,20.47,"5,174,083",224.56,-0.19%,Aug 26/a,"DJIA, S&P 500",13.97,1.00,4.21,12.20,16.13,4.91,19.38%,9.33%,12.07%,1.09,1.10,-,10.97,3.45,33.81%,-4.07%,234.40%,12.24%,13.98%,9.82%,14.34%,10.83%,118.95%,58.19%,11.23%,74.69%,21.52%,21.99%,-0.00%,-6.24%,-2.18%,-9.86%,38.19%,27.32%,-15.23%,-6.33%,8.29%,8.52,3.28%,1.24,-5.44%,0.58%,12.25%,43.85,13.46M,0.38,224.99,225.24,226.50,221.53,1.75,282.78,Oct-06,How Much Downside Is Left In Adobe Stock?,https://finance.yahoo.com/markets/stocks/articles/much-downside-left-adobe-stock-120248471.html,"Salesforce signs definitive deal to acquire Listen Labs, an AI-powered customer research and human simulation platform",Technology,16.21,215.79B,0.76,0.76,43.94B,9.66B,87.85%,-18.22%,3.63%,-16.55%,53.47%,-0.30%,0.11%,-,80.49%,0.13%,sustained_strength,9,44.0,24.0,8.0,12.0,0.5941905040771975,0.6608391608391608,0.7847222222222222,0.0944055944055944,0.7194055944055945,0.8991454188681401,0.1585081585081584,0.6666666666666666,1.0,0.6666666666666666,0.3333333333333333,0.0,0.4526060606060605,0.15198795343813576,-0.05752961082910325,0.005766553986876187,0.5833333333333333,1,1,2.29|1.33|0.74|0.77|1.04|0.63|0.56|0.84|0.69|0.58,10.65|10.93|10.71|10.52|10.55|10.61|10.32|10.36|9.90|8.52,3.75|2.23|1.44|1.03|0.95|1.06|0.69|0.86|0.63|0.38
2026-10-07,2026-10-07T21:09:06Z,emerging,v3,Software - Application,CRM,CRM,Salesforce Inc,Software - Application,USA,184.81B,20.47,"5,174,083",224.56,-0.19%,Aug 26/a,"DJIA, S&P 500",13.97,1.00,4.21,12.20,16.13,4.91,19.38%,9.33%,12.07%,1.09,1.10,-,10.97,3.45,33.81%,-4.07%,234.40%,12.24%,13.98%,9.82%,14.34%,10.83%,118.95%,58.19%,11.23%,74.69%,21.52%,21.99%,-0.00%,-6.24%,-2.18%,-9.86%,38.19%,27.32%,-15.23%,-6.33%,8.29%,8.52,3.28%,1.24,-5.44%,0.58%,12.25%,43.85,13.46M,0.38,224.99,225.24,226.50,221.53,1.75,282.78,Oct-06,How Much Downside Is Left In Adobe Stock?,https://finance.yahoo.com/markets/stocks/articles/much-downside-left-adobe-stock-120248471.html,"Salesforce signs definitive deal to acquire Listen Labs, an AI-powered customer research and human simulation platform",Technology,16.21,215.79B,0.76,0.76,43.94B,9.66B,87.85%,-18.22%,3.63%,-16.55%,53.47%,-0.30%,0.11%,-,80.49%,0.13%,emerging,1,44.0,24.0,8.0,12.0,0.5941905040771975,0.6608391608391608,0.7847222222222222,0.0944055944055944,0.7194055944055945,0.8991454188681401,0.1585081585081584,0.6666666666666666,1.0,0.6666666666666666,0.3333333333333333,0.0,0.4526060606060605,0.15198795343813576,-0.05752961082910325,0.005766553986876187,0.5833333333333333,1,1,2.29|1.33|0.74|0.77|1.04|0.63|0.56|0.84|0.69|0.58,10.65|10.93|10.71|10.52|10.55|10.61|10.32|10.36|9.90|8.52,3.75|2.23|1.44|1.03|0.95|1.06|0.69|0.86|0.63|0.38
2026-10-07,2026-10-07T21:09:06Z,leaders,v3,Software - Application,NOW,NOW,ServiceNow Inc,Software - Application,USA,142.56B,86.10,"8,002,825",137.87,-0.07%,Jul 22/a,S&P 500,27.48,1.36,9.68,31.13,49.06,9.93,14.24%,6.22%,8.90%,0.50,0.68,-,1.60,1.02,16.03%,23.18%,73.56%,70.18%,20.16%,22.38%,24.05%,24.01%,-21.69%,0.19%,22.19%,74.77%,13.58%,11.34%,-0.47%,-3.62%,2.88%,2.73%,26.67%,41.45%,-10.00%,-23.76%,22.94%,5.60,3.70%,0.96,1.00%,5.14%,19.38%,54.17,17.94M,0.45,137.97,139.50,140.80,137.49,1.36,147.64,6 hours,ServiceNow to Announce Third Quarter 2026 Financial Results on October 28,https://finviz.com/news/399942/servicenow-to-announce-third-quarter-2026-financial-results-on-october-28,Germany’s Bundesliga selects ServiceNow as Official CRM Partner to unify digital fan services,Technology,30.51,146.34B,0.65,0.65,14.73B,1.67B,84.21%,8.06%,3.98%,-28.55%,69.71%,-1.17%,1.11%,-,4.40%,1.52%,sustained_strength,9,44.0,24.0,8.0,12.0,0.5941905040771975,0.6608391608391608,0.7847222222222222,0.0944055944055944,0.7194055944055945,0.8991454188681401,0.1585081585081584,0.6666666666666666,1.0,0.6666666666666666,0.3333333333333333,0.0,0.4526060606060605,1.2035853555803149,0.009900990099009872,0.048887198021685375,0.591071428571429,1,1,1.42|1.22|1.20|0.75|0.95|0.90|0.95|0.89|0.51|0.59,6.39|6.50|6.60|6.55|6.55|6.82|6.81|6.67|6.57|5.60,1.12|1.17|1.05|0.70|0.63|0.80|0.55|0.82|0.47|0.45
2026-10-07,2026-10-07T21:09:06Z,emerging,v3,Software - Application,NOW,NOW,ServiceNow Inc,Software - Application,USA,142.56B,86.10,"8,002,825",137.87,-0.07%,Jul 22/a,S&P 500,27.48,1.36,9.68,31.13,49.06,9.93,14.24%,6.22%,8.90%,0.50,0.68,-,1.60,1.02,16.03%,23.18%,73.56%,70.18%,20.16%,22.38%,24.05%,24.01%,-21.69%,0.19%,22.19%,74.77%,13.58%,11.34%,-0.47%,-3.62%,2.88%,2.73%,26.67%,41.45%,-10.00%,-23.76%,22.94%,5.60,3.70%,0.96,1.00%,5.14%,19.38%,54.17,17.94M,0.45,137.97,139.50,140.80,137.49,1.36,147.64,6 hours,ServiceNow to Announce Third Quarter 2026 Financial Results on October 28,https://finviz.com/news/399942/servicenow-to-announce-third-quarter-2026-financial-results-on-october-28,Germany’s Bundesliga selects ServiceNow as Official CRM Partner to unify digital fan services,Technology,30.51,146.34B,0.65,0.65,14.73B,1.67B,84.21%,8.06%,3.98%,-28.55%,69.71%,-1.17%,1.11%,-,4.40%,1.52%,emerging,1,44.0,24.0,8.0,12.0,0.5941905040771975,0.6608391608391608,0.7847222222222222,0.0944055944055944,0.7194055944055945,0.8991454188681401,0.1585081585081584,0.6666666666666666,1.0,0.6666666666666666,0.3333333333333333,0.0,0.4526060606060605,1.2035853555803149,0.009900990099009872,0.048887198021685375,0.591071428571429,1,1,1.42|1.22|1.20|0.75|0.95|0.90|0.95|0.89|0.51|0.59,6.39|6.50|6.60|6.55|6.55|6.82|6.81|6.67|6.57|5.60,1.12|1.17|1.05|0.70|0.63|0.80|0.55|0.82|0.47|0.45
2026-10-07,2026-10-07T21:09:06Z,leaders,v3,Software - Application,SNOW,SNOW,Snowflake Inc,Software - Application,USA,117.43B,-,"2,441,585",332.85,-0.92%,Sep 02/a,-,110.11,2.19,21.61,98.25,-,21.68,-48.24%,-12.92%,-22.47%,1.26,1.29,-,-3.17,0.60,77.30%,36.39%,-16.43%,-16.08%,50.25%,31.38%,51.23%,35.09%,38.26%,23.46%,32.04%,66.00%,-22.34%,-20.07%,-24.58%,6.45%,-1.98%,-0.79%,24.43%,121.91%,51.74%,41.75%,108.10%,13.55,3.88%,1.31,-0.43%,1.59%,44.88%,50.87,4.80M,0.51,335.95,333.42,341.62,332.00,1.35,440.12,Oct-06,Asos Shares Tank on Very Public Hack,https://finance.yahoo.com/markets/stocks/articles/asos-shares-tank-very-public-144045925.html,Snowflake faces security scrutiny after hackers use Asos app push alert to claim full compromise of UK retailer’s Snowflake instance,Technology,50.08,117.85B,0.88,0.88,5.43B,-1.09B,79.52%,4.00%,3.53%,-13.45%,181.36%,-0.17%,-0.75%,-,38.76%,4.29%,sustained_strength,9,44.0,24.0,8.0,12.0,0.5941905040771975,0.6608391608391608,0.7847222222222222,0.0944055944055944,0.7194055944055945,0.8991454188681401,0.1585081585081584,0.6666666666666666,1.0,0.6666666666666666,0.3333333333333333,0.0,0.4526060606060605,0.3844637786864128,-0.004318569850356439,0.015651146766413982,0.7099630996309966,1,1,1.00|0.71|0.74|0.84|1.17|1.63|1.10|1.07|1.25|0.71,13.46|13.17|12.91|12.96|13.18|17.86|17.99|16.34|16.47|13.55,0.59|0.46|0.72|0.68|2.08|3.92|1.47|0.86|0.68|0.51
2026-10-07,2026-10-07T21:09:06Z,emerging,v3,Software - Application,SNOW,SNOW,Snowflake Inc,Software - Application,USA,117.43B,-,"2,441,585",332.85,-0.92%,Sep 02/a,-,110.11,2.19,21.61,98.25,-,21.68,-48.24%,-12.92%,-22.47%,1.26,1.29,-,-3.17,0.60,77.30%,36.39%,-16.43%,-16.08%,50.25%,31.38%,51.23%,35.09%,38.26%,23.46%,32.04%,66.00%,-22.34%,-20.07%,-24.58%,6.45%,-1.98%,-0.79%,24.43%,121.91%,51.74%,41.75%,108.10%,13.55,3.88%,1.31,-0.43%,1.59%,44.88%,50.87,4.80M,0.51,335.95,333.42,341.62,332.00,1.35,440.12,Oct-06,Asos Shares Tank on Very Public Hack,https://finance.yahoo.com/markets/stocks/articles/asos-shares-tank-very-public-144045925.html,Snowflake faces security scrutiny after hackers use Asos app push alert to claim full compromise of UK retailer’s Snowflake instance,Technology,50.08,117.85B,0.88,0.88,5.43B,-1.09B,79.52%,4.00%,3.53%,-13.45%,181.36%,-0.17%,-0.75%,-,38.76%,4.29%,emerging,1,44.0,24.0,8.0,12.0,0.5941905040771975,0.6608391608391608,0.7847222222222222,0.0944055944055944,0.7194055944055945,0.8991454188681401,0.1585081585081584,0.6666666666666666,1.0,0.6666666666666666,0.3333333333333333,0.0,0.4526060606060605,0.3844637786864128,-0.004318569850356439,0.015651146766413982,0.7099630996309966,1,1,1.00|0.71|0.74|0.84|1.17|1.63|1.10|1.07|1.25|0.71,13.46|13.17|12.91|12.96|13.18|17.86|17.99|16.34|16.47|13.55,0.59|0.46|0.72|0.68|2.08|3.92|1.47|0.86|0.68|0.51
2026-10-07,2026-10-07T21:09:06Z,leaders,v3,Software - Application,ADP,ADP,Automatic Data Processing Inc,Software - Application,USA,104.61B,24.13,"1,447,239",264.00,0.63%,Oct 28/b,"NDX, S&P 500",19.71,2.09,4.77,19.95,16.59,4.82,72.24%,7.57%,39.05%,0.87,0.91,12.41%,10.94,2.77,10.28%,9.20%,10.06%,12.51%,9.43%,6.81%,7.90%,6.77%,9.62%,9.46%,6.74%,50.67%,26.41%,20.11%,-5.22%,0.39%,2.30%,-1.48%,9.42%,31.49%,2.63%,-9.88%,7.15%,5.65,1.94%,0.81,-0.85%,-2.83%,10.94%,46.60,2.24M,0.65,262.36,263.50,266.15,262.16,2.80,288.07,Oct-06,"ADP National Employment Report Preliminary Estimate for September 19, 2026",https://finviz.com/news/399228/adp-national-employment-report-preliminary-estimate-for-september-19-2026,ADP names Amazon Web Services its strategic cloud provider in expanded partnership to accelerate AI-powered HCM platform transformation,Technology,24.73,105.90B,1.05,1.05,21.95B,4.41B,92.18%,27.19%,2.25%,-10.05%,40.31%,0.19%,0.43%,11.50%,1.74%,0.67%,sustained_strength,9,44.0,24.0,8.0,12.0,0.5941905040771975,0.6608391608391608,0.7847222222222222,0.0944055944055944,0.7194055944055945,0.8991454188681401,0.1585081585081584,0.6666666666666666,1.0,0.6666666666666666,0.3333333333333333,0.0,0.4526060606060605,-1.3608482897868082,-0.008572869389813362,-0.029124215292785856,0.7061946902654782,0,1,1.05|0.45|0.39|0.84|0.82|1.03|0.69|1.02|0.95|0.71,6.66|6.41|6.13|6.06|6.01|6.04|6.12|6.06|5.96|5.65,0.68|0.68|0.61|0.70|0.73|0.94|0.89|0.97|1.01|0.65
2026-10-07,2026-10-07T21:09:06Z,emerging,v3,Software - Application,ADP,ADP,Automatic Data Processing Inc,Software - Application,USA,104.61B,24.13,"1,447,239",264.00,0.63%,Oct 28/b,"NDX, S&P 500",19.71,2.09,4.77,19.95,16.59,4.82,72.24%,7.57%,39.05%,0.87,0.91,12.41%,10.94,2.77,10.28%,9.20%,10.06%,12.51%,9.43%,6.81%,7.90%,6.77%,9.62%,9.46%,6.74%,50.67%,26.41%,20.11%,-5.22%,0.39%,2.30%,-1.48%,9.42%,31.49%,2.63%,-9.88%,7.15%,5.65,1.94%,0.81,-0.85%,-2.83%,10.94%,46.60,2.24M,0.65,262.36,263.50,266.15,262.16,2.80,288.07,Oct-06,"ADP National Employment Report Preliminary Estimate for September 19, 2026",https://finviz.com/news/399228/adp-national-employment-report-preliminary-estimate-for-september-19-2026,ADP names Amazon Web Services its strategic cloud provider in expanded partnership to accelerate AI-powered HCM platform transformation,Technology,24.73,105.90B,1.05,1.05,21.95B,4.41B,92.18%,27.19%,2.25%,-10.05%,40.31%,0.19%,0.43%,11.50%,1.74%,0.67%,emerging,1,44.0,24.0,8.0,12.0,0.5941905040771975,0.6608391608391608,0.7847222222222222,0.0944055944055944,0.7194055944055945,0.8991454188681401,0.1585081585081584,0.6666666666666666,1.0,0.6666666666666666,0.3333333333333333,0.0,0.4526060606060605,-1.3608482897868082,-0.008572869389813362,-0.029124215292785856,0.7061946902654782,0,1,1.05|0.45|0.39|0.84|0.82|1.03|0.69|1.02|0.95|0.71,6.66|6.41|6.13|6.06|6.01|6.04|6.12|6.06|5.96|5.65,0.68|0.68|0.61|0.70|0.73|0.94|0.89|0.97|1.01|0.65
2026-10-07,2026-10-07T21:09:06Z,leaders,v3,Software - Application,CDNS,CDNS,Cadence Design Systems Inc,Software - Application,USA,98.07B,70.85,"1,852,561",356.12,-0.95%,Jul 27/a,"NDX, S&P 500",37.29,2.42,16.80,58.42,45.93,16.96,23.23%,12.77%,14.75%,0.36,0.36,-,5.03,2.04,14.09%,17.23%,9.54%,13.95%,15.42%,14.14%,14.57%,24.23%,126.63%,36.13%,14.70%,84.56%,31.40%,23.61%,-15.10%,0.62%,7.85%,25.35%,-7.73%,23.01%,13.93%,3.08%,45.98%,11.55,3.31%,1.10,13.45%,11.36%,9.14%,70.51,2.38M,0.78,359.55,358.36,361.47,353.84,1.39,411.35,Oct-06,Is PTC Stock Increasing Your Market Risk?,https://finance.yahoo.com/markets/stocks/articles/ptc-stock-increasing-market-risk-123019310.html,"Cadence expands TSMC partnership with certified EDA flows for A14, A16, N2P nodes and new silicon-proven UALink and other IP on advanced TSMC processes for AI, HPC",Technology,64.01,99.02B,1.74,1.53,5.84B,1.38B,91.67%,133.90%,3.65%,-14.54%,35.54%,-0.63%,-0.33%,-,2.75%,0.48%,sustained_strength,9,44.0,24.0,8.0,12.0,0.5941905040771975,0.6608391608391608,0.7847222222222222,0.0944055944055944,0.7194055944055945,0.8991454188681401,0.1585081585081584,0.6666666666666666,1.0,0.6666666666666666,0.3333333333333333,0.0,0.4526060606060605,3.145310245310244,0.11855442926399298,0.10201149425287352,0.6606060606060651,0,0,0.56|0.59|0.69|0.55|1.44|1.13|1.46|0.80|0.55|0.66,12.93|12.53|11.03|10.78|11.26|11.37|11.79|11.62|11.23|11.55,0.95|1.08|0.90|0.85|1.24|0.92|1.13|0.74|0.67|0.78
2026-10-07,2026-10-07T21:09:06Z,emerging,v3,Software - Application,CDNS,CDNS,Cadence Design Systems Inc,Software - Application,USA,98.07B,70.85,"1,852,561",356.12,-0.95%,Jul 27/a,"NDX, S&P 500",37.29,2.42,16.80,58.42,45.93,16.96,23.23%,12.77%,14.75%,0.36,0.36,-,5.03,2.04,14.09%,17.23%,9.54%,13.95%,15.42%,14.14%,14.57%,24.23%,126.63%,36.13%,14.70%,84.56%,31.40%,23.61%,-15.10%,0.62%,7.85%,25.35%,-7.73%,23.01%,13.93%,3.08%,45.98%,11.55,3.31%,1.10,13.45%,11.36%,9.14%,70.51,2.38M,0.78,359.55,358.36,361.47,353.84,1.39,411.35,Oct-06,Is PTC Stock Increasing Your Market Risk?,https://finance.yahoo.com/markets/stocks/articles/ptc-stock-increasing-market-risk-123019310.html,"Cadence expands TSMC partnership with certified EDA flows for A14, A16, N2P nodes and new silicon-proven UALink and other IP on advanced TSMC processes for AI, HPC",Technology,64.01,99.02B,1.74,1.53,5.84B,1.38B,91.67%,133.90%,3.65%,-14.54%,35.54%,-0.63%,-0.33%,-,2.75%,0.48%,emerging,1,44.0,24.0,8.0,12.0,0.5941905040771975,0.6608391608391608,0.7847222222222222,0.0944055944055944,0.7194055944055945,0.8991454188681401,0.1585081585081584,0.6666666666666666,1.0,0.6666666666666666,0.3333333333333333,0.0,0.4526060606060605,3.145310245310244,0.11855442926399298,0.10201149425287352,0.6606060606060651,0,0,0.56|0.59|0.69|0.55|1.44|1.13|1.46|0.80|0.55|0.66,12.93|12.53|11.03|10.78|11.26|11.37|11.79|11.62|11.23|11.55,0.95|1.08|0.90|0.85|1.24|0.92|1.13|0.74|0.67|0.78
2026-10-07,2026-10-07T21:09:06Z,leaders,v3,Software - Application,DDOG,DDOG,Datadog Inc,Software - Application,USA,97.43B,554.32,"1,586,947",271.34,-2.48%,Aug 06/b,"NDX, S&P 500",91.56,4.38,24.56,82.42,563.18,23.63,4.70%,2.66%,3.17%,0.28,0.29,-,0.49,0.64,23.54%,17.01%,-,-,20.91%,26.95%,41.53%,35.64%,1551.35%,37.42%,31.52%,79.48%,0.48%,4.48%,-8.50%,2.24%,-0.92%,29.07%,0.87%,132.91%,99.53%,75.60%,187.35%,11.28,4.50%,1.47,7.25%,10.22%,45.19%,63.37,4.15M,0.38,278.24,278.70,281.25,270.81,1.38,289.91,Oct-05,Datadogs Growth Is Expected to Slow From 36% to Around 29% in Q3. Heres the CFOs Plan to Protect Margins,https://finance.yahoo.com/markets/stocks/articles/datadog-growth-expected-slow-36-153612712.html,Snowflake's stronger-than-expected quarterly revenue and earnings support cloud and AI-focused enterprise software peers including Datadog,Technology,19.54,93.72B,3.16,3.16,3.97B,177.58M,86.29%,90.95%,2.95%,-7.30%,176.85%,-2.64%,0.17%,-,11.47%,3.86%,sustained_strength,9,44.0,24.0,8.0,12.0,0.5941905040771975,0.6608391608391608,0.7847222222222222,0.0944055944055944,0.7194055944055945,0.8991454188681401,0.1585081585081584,0.6666666666666666,1.0,0.6666666666666666,0.3333333333333333,0.0,0.4526060606060605,2.2304639592510673,0.06759906759906763,0.09272364362184729,0.9255319148936169,1,0,1.09|0.84|0.53|1.02|0.82|0.75|0.28|1.03|0.81|0.93,14.73|14.55|14.04|14.06|14.17|14.00|13.27|12.55|12.10|11.28,0.89|0.49|0.84|0.69|1.27|1.01|0.53|0.64|0.62|0.38
2026-10-07,2026-10-07T21:09:06Z,emerging,v3,Software - Application,DDOG,DDOG,Datadog Inc,Software - Application,USA,97.43B,554.32,"1,586,947",271.34,-2.48%,Aug 06/b,"NDX, S&P 500",91.56,4.38,24.56,82.42,563.18,23.63,4.70%,2.66%,3.17%,0.28,0.29,-,0.49,0.64,23.54%,17.01%,-,-,20.91%,26.95%,41.53%,35.64%,1551.35%,37.42%,31.52%,79.48%,0.48%,4.48%,-8.50%,2.24%,-0.92%,29.07%,0.87%,132.91%,99.53%,75.60%,187.35%,11.28,4.50%,1.47,7.25%,10.22%,45.19%,63.37,4.15M,0.38,278.24,278.70,281.25,270.81,1.38,289.91,Oct-05,Datadogs Growth Is Expected to Slow From 36% to Around 29% in Q3. Heres the CFOs Plan to Protect Margins,https://finance.yahoo.com/markets/stocks/articles/datadog-growth-expected-slow-36-153612712.html,Snowflake's stronger-than-expected quarterly revenue and earnings support cloud and AI-focused enterprise software peers including Datadog,Technology,19.54,93.72B,3.16,3.16,3.97B,177.58M,86.29%,90.95%,2.95%,-7.30%,176.85%,-2.64%,0.17%,-,11.47%,3.86%,emerging,1,44.0,24.0,8.0,12.0,0.5941905040771975,0.6608391608391608,0.7847222222222222,0.0944055944055944,0.7194055944055945,0.8991454188681401,0.1585081585081584,0.6666666666666666,1.0,0.6666666666666666,0.3333333333333333,0.0,0.4526060606060605,2.2304639592510673,0.06759906759906763,0.09272364362184729,0.9255319148936169,1,0,1.09|0.84|0.53|1.02|0.82|0.75|0.28|1.03|0.81|0.93,14.73|14.55|14.04|14.06|14.17|14.00|13.27|12.55|12.10|11.28,0.89|0.49|0.84|0.69|1.27|1.01|0.53|0.64|0.62|0.38
2026-10-07,2026-10-07T21:09:06Z,leaders,v3,Software - Application,ADBE,ADBE,Adobe Inc,Software - Application,USA,90.59B,12.99,"6,552,243",232.77,-2.25%,Sep 10/a,"NDX, S&P 500",8.40,0.57,3.49,8.55,8.97,3.53,61.90%,24.80%,43.25%,0.43,0.57,-,17.93,6.33,16.92%,13.25%,18.25%,9.04%,14.75%,10.89%,13.06%,12.89%,10.56%,11.41%,12.03%,88.68%,36.42%,28.05%,-21.56%,-1.35%,-2.99%,-9.52%,4.55%,-2.73%,-33.49%,-33.17%,-55.80%,8.74,3.15%,1.39,-4.45%,-9.93%,-9.82%,38.00,5.07M,1.29,238.12,236.44,237.30,227.00,2.61,272.43,Oct-06,How Much Downside Is Left In Adobe Stock?,https://finance.yahoo.com/markets/stocks/articles/much-downside-left-adobe-stock-120248471.html,"Adobe joins White House Fostering the Future Together initiative, to offer students free AI-powered study and creative tools",Technology,16.07,91.72B,0.77,0.77,25.97B,7.28B,89.08%,-59.80%,3.06%,-36.00%,22.43%,-1.55%,-0.71%,-,0.90%,0.99%,sustained_strength,9,44.0,24.0,8.0,12.0,0.5941905040771975,0.6608391608391608,0.7847222222222222,0.0944055944055944,0.7194055944055945,0.8991454188681401,0.1585081585081584,0.6666666666666666,1.0,0.6666666666666666,0.3333333333333333,0.0,0.4526060606060605,-2.9361934107186896,-0.04657247514390369,-0.1102475852115021,1.1784897025171637,0,0,1.18|0.71|0.75|0.87|0.79|0.87|1.07|0.85|0.53|1.18,10.88|10.65|10.45|10.35|10.19|10.39|11.21|11.06|10.70|8.74,1.03|0.57|0.82|0.71|0.62|0.57|1.08|0.93|0.78|1.29
2026-10-07,2026-10-07T21:09:06Z,emerging,v3,Software - Application,ADBE,ADBE,Adobe Inc,Software - Application,USA,90.59B,12.99,"6,552,243",232.77,-2.25%,Sep 10/a,"NDX, S&P 500",8.40,0.57,3.49,8.55,8.97,3.53,61.90%,24.80%,43.25%,0.43,0.57,-,17.93,6.33,16.92%,13.25%,18.25%,9.04%,14.75%,10.89%,13.06%,12.89%,10.56%,11.41%,12.03%,88.68%,36.42%,28.05%,-21.56%,-1.35%,-2.99%,-9.52%,4.55%,-2.73%,-33.49%,-33.17%,-55.80%,8.74,3.15%,1.39,-4.45%,-9.93%,-9.82%,38.00,5.07M,1.29,238.12,236.44,237.30,227.00,2.61,272.43,Oct-06,How Much Downside Is Left In Adobe Stock?,https://finance.yahoo.com/markets/stocks/articles/much-downside-left-adobe-stock-120248471.html,"Adobe joins White House Fostering the Future Together initiative, to offer students free AI-powered study and creative tools",Technology,16.07,91.72B,0.77,0.77,25.97B,7.28B,89.08%,-59.80%,3.06%,-36.00%,22.43%,-1.55%,-0.71%,-,0.90%,0.99%,emerging,1,44.0,24.0,8.0,12.0,0.5941905040771975,0.6608391608391608,0.7847222222222222,0.0944055944055944,0.7194055944055945,0.8991454188681401,0.1585081585081584,0.6666666666666666,1.0,0.6666666666666666,0.3333333333333333,0.0,0.4526060606060605,-2.9361934107186896,-0.04657247514390369,-0.1102475852115021,1.1784897025171637,0,0,1.18|0.71|0.75|0.87|0.79|0.87|1.07|0.85|0.53|1.18,10.88|10.65|10.45|10.35|10.19|10.39|11.21|11.06|10.70|8.74,1.03|0.57|0.82|0.71|0.62|0.57|1.08|0.93|0.78|1.29
2026-10-07,2026-10-07T21:09:06Z,leaders,v3,Software - Application,STRC,STRC,Strategy Inc - VR PRF PERPETUAL USD 100 - Ser A,Software - Application,USA,63.20B,-,"1,176,106",99.43,-0.04%,-,-,-,-,-,-,-,-,-,-,-,-,-,-,-,-,-,-,-,-,-,-,-,-,-,-,-,-,-,-,-,-,0.08%,2.45%,19.75%,6.31%,10.69%,13.80%,-,0.61,0.54%,0.15,1.11%,4.12%,8.16%,69.90,1.43M,0.82,99.47,99.43,99.60,99.42,-,-,5 hours,"Bitcoin falls below $83,000, dragging down Strategy, Coinbase, and Robinhood stocks",https://finance.yahoo.com/markets/article/bitcoin-falls-below-83000-dragging-down-strategy-coinbase-and-robinhood-stocks-144942149.html,"Strategy Inc (MSTR) shares fall after a global bond selloff and Bitcoin’s drop back toward about $83,000 drag crypto-linked equities lower.",Technology,-,-,-,-,-,-,-,-,0.31%,-0.27%,44.89%,0.00%,-0.04%,-,-,-,sustained_strength,9,44.0,24.0,8.0,12.0,0.5941905040771975,0.6608391608391608,0.7847222222222222,0.0944055944055944,0.7194055944055945,0.8991454188681401,0.1585081585081584,0.6666666666666666,1.0,0.6666666666666666,0.3333333333333333,0.0,0.4526060606060605,6.449865539761809,0.010978142616951937,0.03956972723780251,0.29508196721310265,1,1,0.46|0.41|0.60|0.73|0.51|0.46|0.78|0.44|0.90|0.30,1.49|1.45|1.41|1.37|1.32|1.27|1.25|0.98|1.04|0.61,0.53|0.57|0.72|0.99|0.52|0.40|0.76|0.93|0.55|0.82
2026-10-07,2026-10-07T21:09:06Z,emerging,v3,Software - Application,STRC,STRC,Strategy Inc - VR PRF PERPETUAL USD 100 - Ser A,Software - Application,USA,63.20B,-,"1,176,106",99.43,-0.04%,-,-,-,-,-,-,-,-,-,-,-,-,-,-,-,-,-,-,-,-,-,-,-,-,-,-,-,-,-,-,-,-,0.08%,2.45%,19.75%,6.31%,10.69%,13.80%,-,0.61,0.54%,0.15,1.11%,4.12%,8.16%,69.90,1.43M,0.82,99.47,99.43,99.60,99.42,-,-,5 hours,"Bitcoin falls below $83,000, dragging down Strategy, Coinbase, and Robinhood stocks",https://finance.yahoo.com/markets/article/bitcoin-falls-below-83000-dragging-down-strategy-coinbase-and-robinhood-stocks-144942149.html,"Strategy Inc (MSTR) shares fall after a global bond selloff and Bitcoin’s drop back toward about $83,000 drag crypto-linked equities lower.",Technology,-,-,-,-,-,-,-,-,0.31%,-0.27%,44.89%,0.00%,-0.04%,-,-,-,emerging,1,44.0,24.0,8.0,12.0,0.5941905040771975,0.6608391608391608,0.7847222222222222,0.0944055944055944,0.7194055944055945,0.8991454188681401,0.1585081585081584,0.6666666666666666,1.0,0.6666666666666666,0.3333333333333333,0.0,0.4526060606060605,6.449865539761809,0.010978142616951937,0.03956972723780251,0.29508196721310265,1,1,0.46|0.41|0.60|0.73|0.51|0.46|0.78|0.44|0.90|0.30,1.49|1.45|1.41|1.37|1.32|1.27|1.25|0.98|1.04|0.61,0.53|0.57|0.72|0.99|0.52|0.40|0.76|0.93|0.55|0.82
2026-10-07,2026-10-07T21:09:06Z,leaders,v3,Software - Application,MSTR,MSTR,Strategy Inc,Software - Application,USA,58.93B,-,"21,330,655",153.37,-6.79%,Jul 30/a,NDX,10.61,-,118.25,-,-,155.90,-63.56%,-51.84%,-58.42%,0.15,0.15,-,-97.21,13.29,-59.19%,159.61%,-5.47%,-187.39%,-,-1.49%,-0.15%,6.88%,-175.02%,-742.51%,7.79%,67.60%,-8.13%,-6294.26%,-0.97%,1.53%,0.18%,12.34%,63.35%,19.54%,0.93%,-53.30%,350.25%,9.08,5.45%,3.58,1.42%,20.27%,12.79%,54.89,21.48M,0.99,164.55,157.70,158.66,152.53,1.29,241.00,5 hours,"Bitcoin falls below $83,000, dragging down Strategy, Coinbase, and Robinhood stocks",https://finance.yahoo.com/markets/article/bitcoin-falls-below-83000-dragging-down-strategy-coinbase-and-robinhood-stocks-144942149.html,"Strategy Inc (MSTR) shares fall after a global bond selloff and Bitcoin’s drop back toward about $83,000 drag crypto-linked equities lower.",Technology,24.05,77.69B,5.39,5.39,498.35M,-31.37B,56.50%,121.38%,5.96%,-57.33%,87.47%,-2.75%,-4.16%,-,-1017.00%,-0.51%,sustained_strength,9,44.0,24.0,8.0,12.0,0.5941905040771975,0.6608391608391608,0.7847222222222222,0.0944055944055944,0.7194055944055945,0.8991454188681401,0.1585081585081584,0.6666666666666666,1.0,0.6666666666666666,0.3333333333333333,0.0,0.4526060606060605,2.8467609955427036,0.01400118319858013,0.1685374573875448,0.6751101321585898,0,0,1.98|1.21|0.96|0.78|0.42|1.99|0.85|0.81|0.84|0.68,7.74|7.98|7.96|8.06|7.73|8.73|8.66|8.37|8.49|9.08,1.96|1.35|1.04|0.95|0.63|1.94|1.15|0.80|0.95|0.99
2026-10-07,2026-10-07T21:09:06Z,emerging,v3,Software - Application,MSTR,MSTR,Strategy Inc,Software - Application,USA,58.93B,-,"21,330,655",153.37,-6.79%,Jul 30/a,NDX,10.61,-,118.25,-,-,155.90,-63.56%,-51.84%,-58.42%,0.15,0.15,-,-97.21,13.29,-59.19%,159.61%,-5.47%,-187.39%,-,-1.49%,-0.15%,6.88%,-175.02%,-742.51%,7.79%,67.60%,-8.13%,-6294.26%,-0.97%,1.53%,0.18%,12.34%,63.35%,19.54%,0.93%,-53.30%,350.25%,9.08,5.45%,3.58,1.42%,20.27%,12.79%,54.89,21.48M,0.99,164.55,157.70,158.66,152.53,1.29,241.00,5 hours,"Bitcoin falls below $83,000, dragging down Strategy, Coinbase, and Robinhood stocks",https://finance.yahoo.com/markets/article/bitcoin-falls-below-83000-dragging-down-strategy-coinbase-and-robinhood-stocks-144942149.html,"Strategy Inc (MSTR) shares fall after a global bond selloff and Bitcoin’s drop back toward about $83,000 drag crypto-linked equities lower.",Technology,24.05,77.69B,5.39,5.39,498.35M,-31.37B,56.50%,121.38%,5.96%,-57.33%,87.47%,-2.75%,-4.16%,-,-1017.00%,-0.51%,emerging,1,44.0,24.0,8.0,12.0,0.5941905040771975,0.6608391608391608,0.7847222222222222,0.0944055944055944,0.7194055944055945,0.8991454188681401,0.1585081585081584,0.6666666666666666,1.0,0.6666666666666666,0.3333333333333333,0.0,0.4526060606060605,2.8467609955427036,0.01400118319858013,0.1685374573875448,0.6751101321585898,0,0,1.98|1.21|0.96|0.78|0.42|1.99|0.85|0.81|0.84|0.68,7.74|7.98|7.96|8.06|7.73|8.73|8.66|8.37|8.49|9.08,1.96|1.35|1.04|0.95|0.63|1.94|1.15|0.80|0.95|0.99
2026-10-07,2026-10-07T21:09:06Z,leaders,v3,Software - Application,TEAM,TEAM,Atlassian Corp,Software - Application,USA,49.56B,-,"1,747,463",195.79,0.93%,Aug 06/a,-,29.30,2.20,7.54,37.57,118.63,7.54,-4.48%,-0.89%,-2.40%,1.12,1.16,-,-0.19,1.44,-6.10%,21.65%,52.24%,40.56%,13.33%,22.97%,25.76%,27.60%,703.74%,81.08%,26.02%,85.30%,4.22%,-0.82%,-0.05%,1.16%,9.20%,10.98%,115.84%,207.75%,20.75%,30.42%,-1.72%,8.87,4.55%,1.19,3.75%,15.38%,73.49%,60.11,4.11M,0.43,193.98,194.87,198.39,193.49,1.56,202.52,13 hours,Atlassian Launches Forward Deployed Engineering Program to Scale Enterprise AI Transformation,https://finviz.com/news/399639/atlassian-launches-forward-deployed-engineering-program-to-scale-enterprise-ai-transformation,Atlassian launches Forward Deployed Engineering program and unveils AMP protocol for large-enterprise AI transformation,Technology,39.99,49.56B,0.76,0.76,6.57B,-53.83M,63.73%,-50.18%,4.46%,-2.11%,249.56%,0.47%,0.46%,-,24.46%,6.24%,sustained_strength,9,44.0,24.0,8.0,12.0,0.5941905040771975,0.6608391608391608,0.7847222222222222,0.0944055944055944,0.7194055944055945,0.8991454188681401,0.1585081585081584,0.6666666666666666,1.0,0.6666666666666666,0.3333333333333333,0.0,0.4526060606060605,2.942338858529913,0.03614457831325309,0.13329866527994447,0.5524239007891745,1,1,1.85|1.08|1.04|0.89|0.89|0.85|0.74|1.20|0.66|0.55,9.19|9.25|9.27|9.23|9.16|9.37|9.28|9.52|9.10|8.87,1.23|1.06|1.04|0.81|0.76|0.73|0.54|0.83|0.58|0.43
2026-10-07,2026-10-07T21:09:06Z,emerging,v3,Software - Application,TEAM,TEAM,Atlassian Corp,Software - Application,USA,49.56B,-,"1,747,463",195.79,0.93%,Aug 06/a,-,29.30,2.20,7.54,37.57,118.63,7.54,-4.48%,-0.89%,-2.40%,1.12,1.16,-,-0.19,1.44,-6.10%,21.65%,52.24%,40.56%,13.33%,22.97%,25.76%,27.60%,703.74%,81.08%,26.02%,85.30%,4.22%,-0.82%,-0.05%,1.16%,9.20%,10.98%,115.84%,207.75%,20.75%,30.42%,-1.72%,8.87,4.55%,1.19,3.75%,15.38%,73.49%,60.11,4.11M,0.43,193.98,194.87,198.39,193.49,1.56,202.52,13 hours,Atlassian Launches Forward Deployed Engineering Program to Scale Enterprise AI Transformation,https://finviz.com/news/399639/atlassian-launches-forward-deployed-engineering-program-to-scale-enterprise-ai-transformation,Atlassian launches Forward Deployed Engineering program and unveils AMP protocol for large-enterprise AI transformation,Technology,39.99,49.56B,0.76,0.76,6.57B,-53.83M,63.73%,-50.18%,4.46%,-2.11%,249.56%,0.47%,0.46%,-,24.46%,6.24%,emerging,1,44.0,24.0,8.0,12.0,0.5941905040771975,0.6608391608391608,0.7847222222222222,0.0944055944055944,0.7194055944055945,0.8991454188681401,0.1585081585081584,0.6666666666666666,1.0,0.6666666666666666,0.3333333333333333,0.0,0.4526060606060605,2.942338858529913,0.03614457831325309,0.13329866527994447,0.5524239007891745,1,1,1.85|1.08|1.04|0.89|0.89|0.85|0.74|1.20|0.66|0.55,9.19|9.25|9.27|9.23|9.16|9.37|9.28|9.52|9.10|8.87,1.23|1.06|1.04|0.81|0.76|0.73|0.54|0.83|0.58|0.43
2026-10-07,2026-10-07T21:09:06Z,leaders,v3,Software - Application,ADSK,ADSK,Autodesk Inc,Software - Application,USA,49.13B,30.45,"2,245,356",235.05,1.63%,Aug 27/a,"NDX, S&P 500",16.59,1.05,6.29,17.30,23.85,6.23,53.85%,13.78%,29.62%,0.64,1.10,-,7.72,3.07,20.74%,12.50%,11.46%,-0.79%,15.75%,13.34%,13.69%,16.78%,60.17%,59.41%,18.70%,85.81%,23.39%,21.01%,1.36%,2.01%,12.46%,10.76%,12.69%,-2.33%,-20.59%,-25.19%,11.91%,8.46,3.22%,1.32,8.26%,0.57%,-1.23%,59.98,2.14M,1.05,231.28,231.42,236.11,228.76,1.44,311.09,Oct-06,"Autodesk names Diana Colella to lead architecture, engineering and construction business",https://finviz.com/news/399444/autodesk-names-diana-colella-to-lead-architecture-engineering-and-construction-business,"Autodesk appoints Diana Colella as executive vice president to lead its architecture, engineering and construction business, succeeding retiring AEC head Amy Bunszel.",Technology,11.82,48.68B,0.86,0.86,7.81B,1.64B,100.69%,-16.95%,3.63%,-27.45%,26.71%,1.57%,0.06%,-,5.63%,1.69%,sustained_strength,9,44.0,24.0,8.0,12.0,0.5941905040771975,0.6608391608391608,0.7847222222222222,0.0944055944055944,0.7194055944055945,0.8991454188681401,0.1585081585081584,0.6666666666666666,1.0,0.6666666666666666,0.3333333333333333,0.0,0.4526060606060605,0.15746944543760097,0.07629780158876784,0.0056676941433827024,0.8687943262411374,0,0,0.56|1.26|1.18|1.35|0.54|0.90|0.74|1.43|1.10|0.87,8.96|9.15|9.70|10.25|9.90|9.99|9.80|10.14|10.47|8.46,0.68|0.67|1.53|1.31|0.70|0.72|0.61|0.96|1.11|1.05
2026-10-07,2026-10-07T21:09:06Z,emerging,v3,Software - Application,ADSK,ADSK,Autodesk Inc,Software - Application,USA,49.13B,30.45,"2,245,356",235.05,1.63%,Aug 27/a,"NDX, S&P 500",16.59,1.05,6.29,17.30,23.85,6.23,53.85%,13.78%,29.62%,0.64,1.10,-,7.72,3.07,20.74%,12.50%,11.46%,-0.79%,15.75%,13.34%,13.69%,16.78%,60.17%,59.41%,18.70%,85.81%,23.39%,21.01%,1.36%,2.01%,12.46%,10.76%,12.69%,-2.33%,-20.59%,-25.19%,11.91%,8.46,3.22%,1.32,8.26%,0.57%,-1.23%,59.98,2.14M,1.05,231.28,231.42,236.11,228.76,1.44,311.09,Oct-06,"Autodesk names Diana Colella to lead architecture, engineering and construction business",https://finviz.com/news/399444/autodesk-names-diana-colella-to-lead-architecture-engineering-and-construction-business,"Autodesk appoints Diana Colella as executive vice president to lead its architecture, engineering and construction business, succeeding retiring AEC head Amy Bunszel.",Technology,11.82,48.68B,0.86,0.86,7.81B,1.64B,100.69%,-16.95%,3.63%,-27.45%,26.71%,1.57%,0.06%,-,5.63%,1.69%,emerging,1,44.0,24.0,8.0,12.0,0.5941905040771975,0.6608391608391608,0.7847222222222222,0.0944055944055944,0.7194055944055945,0.8991454188681401,0.1585081585081584,0.6666666666666666,1.0,0.6666666666666666,0.3333333333333333,0.0,0.4526060606060605,0.15746944543760097,0.07629780158876784,0.0056676941433827024,0.8687943262411374,0,0,0.56|1.26|1.18|1.35|0.54|0.90|0.74|1.43|1.10|0.87,8.96|9.15|9.70|10.25|9.90|9.99|9.80|10.14|10.47|8.46,0.68|0.67|1.53|1.31|0.70|0.72|0.61|0.96|1.11|1.05
2026-10-07,2026-10-07T21:09:06Z,leaders,v3,Software - Application,WDAY,WDAY,Workday Inc,Software - Application,USA,44.41B,37.39,"1,519,071",184.26,-1.23%,Aug 27/a,"NDX, S&P 500",13.91,0.74,4.37,15.61,27.15,4.40,16.01%,7.40%,13.74%,0.41,0.58,-,4.93,2.74,20.10%,19.49%,-,-,18.88%,15.43%,17.27%,13.29%,204.05%,126.19%,13.83%,75.82%,12.64%,12.31%,-4.47%,0.94%,-3.26%,-1.08%,33.19%,54.62%,-14.21%,-20.98%,-13.75%,7.43,3.51%,1.02,-2.78%,-2.11%,17.52%,45.25,3.96M,0.38,186.55,186.83,189.86,183.76,2.26,210.69,Oct-06,Best Application Software Stocks: Citis Latest Top Picks,https://finance.yahoo.com/markets/stocks/articles/best-application-software-stocks-citi-135102366.html,Workday launches UAE operations with new Dubai office and dedicated regional leadership,Technology,13.02,44.77B,0.86,0.86,10.16B,1.25B,88.34%,-28.54%,3.77%,-25.52%,66.96%,-1.38%,0.15%,-,5.32%,0.49%,sustained_strength,9,44.0,24.0,8.0,12.0,0.5941905040771975,0.6608391608391608,0.7847222222222222,0.0944055944055944,0.7194055944055945,0.8991454188681401,0.1585081585081584,0.6666666666666666,1.0,0.6666666666666666,0.3333333333333333,0.0,0.4526060606060605,-0.5345475948983852,-0.028594939312898686,-0.021554806415364173,0.8209959623149425,0,0,1.04|1.78|0.69|0.92|0.83|0.87|1.13|0.74|0.42|0.82,9.80|10.43|10.26|10.20|10.07|10.13|10.23|9.15|8.50|7.43,1.64|1.72|0.90|0.73|0.57|0.61|0.59|0.61|0.42|0.38
2026-10-07,2026-10-07T21:09:06Z,emerging,v3,Software - Application,WDAY,WDAY,Workday Inc,Software - Application,USA,44.41B,37.39,"1,519,071",184.26,-1.23%,Aug 27/a,"NDX, S&P 500",13.91,0.74,4.37,15.61,27.15,4.40,16.01%,7.40%,13.74%,0.41,0.58,-,4.93,2.74,20.10%,19.49%,-,-,18.88%,15.43%,17.27%,13.29%,204.05%,126.19%,13.83%,75.82%,12.64%,12.31%,-4.47%,0.94%,-3.26%,-1.08%,33.19%,54.62%,-14.21%,-20.98%,-13.75%,7.43,3.51%,1.02,-2.78%,-2.11%,17.52%,45.25,3.96M,0.38,186.55,186.83,189.86,183.76,2.26,210.69,Oct-06,Best Application Software Stocks: Citis Latest Top Picks,https://finance.yahoo.com/markets/stocks/articles/best-application-software-stocks-citi-135102366.html,Workday launches UAE operations with new Dubai office and dedicated regional leadership,Technology,13.02,44.77B,0.86,0.86,10.16B,1.25B,88.34%,-28.54%,3.77%,-25.52%,66.96%,-1.38%,0.15%,-,5.32%,0.49%,emerging,1,44.0,24.0,8.0,12.0,0.5941905040771975,0.6608391608391608,0.7847222222222222,0.0944055944055944,0.7194055944055945,0.8991454188681401,0.1585081585081584,0.6666666666666666,1.0,0.6666666666666666,0.3333333333333333,0.0,0.4526060606060605,-0.5345475948983852,-0.028594939312898686,-0.021554806415364173,0.8209959623149425,0,0,1.04|1.78|0.69|0.92|0.83|0.87|1.13|0.74|0.42|0.82,9.80|10.43|10.26|10.20|10.07|10.13|10.23|9.15|8.50|7.43,1.64|1.72|0.90|0.73|0.57|0.61|0.59|0.61|0.42|0.38
2026-10-07,2026-10-07T21:09:06Z,leaders,v3,Software - Application,ZM,ZM,Zoom Communications Inc,Software - Application,USA,27.65B,8.78,"2,342,019",94.77,0.61%,Aug 25/a,-,14.90,3.61,5.54,14.36,15.54,4.09,32.14%,26.43%,28.71%,0.00,0.01,-,10.80,1.49,3.80%,3.49%,162.73%,22.38%,4.13%,3.49%,12.92%,4.93%,342.31%,183.28%,5.04%,77.30%,23.73%,65.19%,-1.18%,0.09%,4.41%,-1.73%,5.44%,13.87%,9.83%,19.22%,44.73%,2.92,2.93%,1.04,2.91%,-2.76%,3.91%,52.74,3.10M,0.76,94.20,93.33,95.13,93.33,2.00,118.17,Sep-30,"Amazon, Google Make $23 Million Education Pledge",https://finance.yahoo.com/technology/ai/articles/amazon-google-23-million-education-175540352.html,Slow US soybean harvest tightens meal supplies spurring 3% ZM rally,Technology,3.81,20.45B,3.76,3.76,4.99B,3.26B,70.68%,-63.02%,2.97%,-17.40%,34.05%,1.54%,-0.92%,-,4.83%,0.83%,sustained_strength,9,44.0,24.0,8.0,12.0,0.5941905040771975,0.6608391608391608,0.7847222222222222,0.0944055944055944,0.7194055944055945,0.8991454188681401,0.1585081585081584,0.6666666666666666,1.0,0.6666666666666666,0.3333333333333333,0.0,0.4526060606060605,-0.9211962493590206,0.02827713536099495,-0.028383381324557772,0.6164383561643826,0,0,1.37|1.13|0.68|0.38|0.56|0.66|1.38|0.56|0.51|0.62,4.18|4.22|4.12|3.97|3.85|3.81|3.92|3.58|3.39|2.92,1.22|0.76|0.99|0.72|0.68|0.68|1.00|0.99|0.79|0.76
2026-10-07,2026-10-07T21:09:06Z,emerging,v3,Software - Application,ZM,ZM,Zoom Communications Inc,Software - Application,USA,27.65B,8.78,"2,342,019",94.77,0.61%,Aug 25/a,-,14.90,3.61,5.54,14.36,15.54,4.09,32.14%,26.43%,28.71%,0.00,0.01,-,10.80,1.49,3.80%,3.49%,162.73%,22.38%,4.13%,3.49%,12.92%,4.93%,342.31%,183.28%,5.04%,77.30%,23.73%,65.19%,-1.18%,0.09%,4.41%,-1.73%,5.44%,13.87%,9.83%,19.22%,44.73%,2.92,2.93%,1.04,2.91%,-2.76%,3.91%,52.74,3.10M,0.76,94.20,93.33,95.13,93.33,2.00,118.17,Sep-30,"Amazon, Google Make $23 Million Education Pledge",https://finance.yahoo.com/technology/ai/articles/amazon-google-23-million-education-175540352.html,Slow US soybean harvest tightens meal supplies spurring 3% ZM rally,Technology,3.81,20.45B,3.76,3.76,4.99B,3.26B,70.68%,-63.02%,2.97%,-17.40%,34.05%,1.54%,-0.92%,-,4.83%,0.83%,emerging,1,44.0,24.0,8.0,12.0,0.5941905040771975,0.6608391608391608,0.7847222222222222,0.0944055944055944,0.7194055944055945,0.8991454188681401,0.1585081585081584,0.6666666666666666,1.0,0.6666666666666666,0.3333333333333333,0.0,0.4526060606060605,-0.9211962493590206,0.02827713536099495,-0.028383381324557772,0.6164383561643826,0,0,1.37|1.13|0.68|0.38|0.56|0.66|1.38|0.56|0.51|0.62,4.18|4.22|4.12|3.97|3.85|3.81|3.92|3.58|3.39|2.92,1.22|0.76|0.99|0.72|0.68|0.68|1.00|0.99|0.79|0.76
2026-10-07,2026-10-07T21:09:06Z,leaders,v3,Software - Application,BSP,BSP,Bending Spoons S.p.A,Software - Application,Italy,26.09B,-,"8,803,005",41.07,24.19%,Aug 13/b,-,-,-,-,-,-,-,-,-,-,3.30,3.94,-,-,0.32,-,-,-,-,-,83.72%,-,-,-,-,-,-,-,-,0.00%,19.20%,23.26%,5.09%,19.67%,-,32.48%,-,-,2.89,6.23%,-,13.96%,4.71%,8.63%,61.11,2.27M,3.88,33.07,33.07,42.27,32.76,1.83,48.00,Sep-11,Bending Spoons to buy visual collaboration firm Miro for $1.3bn,https://finance.yahoo.com/technology/articles/bending-spoons-buy-visual-collaboration-105257748.html,No clear catalyst identified as Bending Spoons gained 24% during regular trading,Technology,32.90,30.25B,0.64,0.64,-,-,11.51%,-,5.69%,-30.32%,36.40%,24.19%,0.00%,-,89.38%,3.12%,sustained_strength,9,44.0,24.0,8.0,12.0,0.5941905040771975,0.6608391608391608,0.7847222222222222,0.0944055944055944,0.7194055944055945,0.8991454188681401,0.1585081585081584,0.6666666666666666,1.0,0.6666666666666666,0.3333333333333333,0.0,0.4526060606060605,0.6392336190348095,0.12249912249912245,0.044981377136854135,3.2906574394463686,1,0,1.16|0.97|0.80|0.79|0.49|0.57|0.90|1.16|0.54|3.29,3.83|3.82|3.77|3.71|3.57|3.45|3.43|3.16|2.99|2.89,0.43|0.42|0.23|0.27|0.18|0.40|0.40|1.22|0.88|3.88
2026-10-07,2026-10-07T21:09:06Z,emerging,v3,Software - Application,BSP,BSP,Bending Spoons S.p.A,Software - Application,Italy,26.09B,-,"8,803,005",41.07,24.19%,Aug 13/b,-,-,-,-,-,-,-,-,-,-,3.30,3.94,-,-,0.32,-,-,-,-,-,83.72%,-,-,-,-,-,-,-,-,0.00%,19.20%,23.26%,5.09%,19.67%,-,32.48%,-,-,2.89,6.23%,-,13.96%,4.71%,8.63%,61.11,2.27M,3.88,33.07,33.07,42.27,32.76,1.83,48.00,Sep-11,Bending Spoons to buy visual collaboration firm Miro for $1.3bn,https://finance.yahoo.com/technology/articles/bending-spoons-buy-visual-collaboration-105257748.html,No clear catalyst identified as Bending Spoons gained 24% during regular trading,Technology,32.90,30.25B,0.64,0.64,-,-,11.51%,-,5.69%,-30.32%,36.40%,24.19%,0.00%,-,89.38%,3.12%,emerging,1,44.0,24.0,8.0,12.0,0.5941905040771975,0.6608391608391608,0.7847222222222222,0.0944055944055944,0.7194055944055945,0.8991454188681401,0.1585081585081584,0.6666666666666666,1.0,0.6666666666666666,0.3333333333333333,0.0,0.4526060606060605,0.6392336190348095,0.12249912249912245,0.044981377136854135,3.2906574394463686,1,0,1.16|0.97|0.80|0.79|0.49|0.57|0.90|1.16|0.54|3.29,3.83|3.82|3.77|3.71|3.57|3.45|3.43|3.16|2.99|2.89,0.43|0.42|0.23|0.27|0.18|0.40|0.40|1.22|0.88|3.88
2026-10-07,2026-10-07T21:09:06Z,leaders,v3,Software - Application,PTC,PTC,PTC Inc,Software - Application,USA,21.03B,18.72,"6,985,795",193.60,0.31%,Jul 29/a,S&P 500,21.71,2.97,7.12,22.51,17.02,7.54,35.25%,19.32%,24.48%,0.45,0.46,-,10.34,1.96,2.36%,8.90%,31.91%,40.15%,7.31%,12.32%,13.44%,-6.82%,-11.94%,143.45%,19.50%,82.89%,39.78%,41.67%,-0.76%,-4.77%,37.99%,45.29%,56.39%,34.15%,11.13%,-4.28%,37.95%,7.38,3.16%,1.03,33.13%,32.22%,33.17%,80.80,2.02M,3.46,193.00,193.20,194.13,192.94,2.80,203.67,3 hours,Morgan Stanley looking to sell $3bn loan for Royal Caribbean deal - report,https://finance.yahoo.com/markets/stocks/articles/morgan-stanley-looking-sell-3bn-174532727.html,"BMO Capital downgraded PTC to Market Perform from Outperform while raising its price target to $205, citing the company’s pending acquisition by Schneider Electric.",Technology,59.74,22.29B,1.02,1.02,2.95B,1.23B,105.56%,61.06%,2.38%,-6.39%,78.43%,0.21%,0.10%,-,0.88%,-1.89%,sustained_strength,9,44.0,24.0,8.0,12.0,0.5941905040771975,0.6608391608391608,0.7847222222222222,0.0944055944055944,0.7194055944055945,0.8991454188681401,0.1585081585081584,0.6666666666666666,1.0,0.6666666666666666,0.3333333333333333,0.0,0.4526060606060605,6.392597703015301,0.2488545031172539,0.24368476781122378,0.16124661246612434,1,1,1.16|0.69|0.56|0.70|1.46|1.04|1.45|0.71|0.43|0.16,5.14|5.02|4.86|4.76|4.94|4.95|5.32|5.44|5.19|7.38,0.56|0.61|0.82|0.41|0.73|0.74|1.26|0.83|0.75|3.46
2026-10-07,2026-10-07T21:09:06Z,emerging,v3,Software - Application,PTC,PTC,PTC Inc,Software - Application,USA,21.03B,18.72,"6,985,795",193.60,0.31%,Jul 29/a,S&P 500,21.71,2.97,7.12,22.51,17.02,7.54,35.25%,19.32%,24.48%,0.45,0.46,-,10.34,1.96,2.36%,8.90%,31.91%,40.15%,7.31%,12.32%,13.44%,-6.82%,-11.94%,143.45%,19.50%,82.89%,39.78%,41.67%,-0.76%,-4.77%,37.99%,45.29%,56.39%,34.15%,11.13%,-4.28%,37.95%,7.38,3.16%,1.03,33.13%,32.22%,33.17%,80.80,2.02M,3.46,193.00,193.20,194.13,192.94,2.80,203.67,3 hours,Morgan Stanley looking to sell $3bn loan for Royal Caribbean deal - report,https://finance.yahoo.com/markets/stocks/articles/morgan-stanley-looking-sell-3bn-174532727.html,"BMO Capital downgraded PTC to Market Perform from Outperform while raising its price target to $205, citing the company’s pending acquisition by Schneider Electric.",Technology,59.74,22.29B,1.02,1.02,2.95B,1.23B,105.56%,61.06%,2.38%,-6.39%,78.43%,0.21%,0.10%,-,0.88%,-1.89%,emerging,1,44.0,24.0,8.0,12.0,0.5941905040771975,0.6608391608391608,0.7847222222222222,0.0944055944055944,0.7194055944055945,0.8991454188681401,0.1585081585081584,0.6666666666666666,1.0,0.6666666666666666,0.3333333333333333,0.0,0.4526060606060605,6.392597703015301,0.2488545031172539,0.24368476781122378,0.16124661246612434,1,1,1.16|0.69|0.56|0.70|1.46|1.04|1.45|0.71|0.43|0.16,5.14|5.02|4.86|4.76|4.94|4.95|5.32|5.44|5.19|7.38,0.56|0.61|0.82|0.41|0.73|0.74|1.26|0.83|0.75|3.46
2026-10-07,2026-10-07T21:09:06Z,leaders,v3,Software - Application,U,U,Unity Software Inc,Software - Application,USA,20.00B,-,"12,798,718",45.44,1.09%,Aug 06/b,-,41.57,-,9.86,37.14,102.22,9.98,-18.89%,-8.78%,-12.32%,0.57,0.76,-,-1.36,0.03,28.50%,259.26%,31.42%,1.50%,-,9.96%,19.08%,23.93%,79.32%,-27.86%,13.98%,58.44%,-13.93%,-28.97%,-0.38%,4.65%,11.02%,6.29%,47.87%,104.32%,2.88%,24.84%,50.71%,2.08,4.96%,2.08,6.29%,7.60%,42.29%,61.06,10.19M,1.26,44.95,45.99,46.25,44.24,1.44,50.32,36 min,Does The Fall In AppLovin Stock Change Anything?,https://finance.yahoo.com/markets/stocks/articles/does-fall-applovin-stock-change-203412883.html,"Unity, Google partner on AI-powered Unity Spark game-creation platform",Technology,8.50,20.24B,2.02,2.02,2.03B,-587.54M,70.68%,-66.61%,5.35%,-12.87%,170.80%,-1.20%,2.31%,-,53.36%,6.17%,sustained_strength,9,44.0,24.0,8.0,12.0,0.5941905040771975,0.6608391608391608,0.7847222222222222,0.0944055944055944,0.7194055944055945,0.8991454188681401,0.1585081585081584,0.6666666666666666,1.0,0.6666666666666666,0.3333333333333333,0.0,0.4526060606060605,1.543036888761796,0.05917772132844104,0.07063197026022305,0.9663461538461529,1,0,0.96|0.70|1.21|0.67|0.77|1.39|0.54|1.08|0.98|0.97,1.83|1.79|1.82|1.78|1.75|1.83|1.78|1.84|1.79|2.08,1.18|0.80|1.37|0.95|0.79|1.13|0.55|0.81|0.62|1.26
2026-10-07,2026-10-07T21:09:06Z,emerging,v3,Software - Application,U,U,Unity Software Inc,Software - Application,USA,20.00B,-,"12,798,718",45.44,1.09%,Aug 06/b,-,41.57,-,9.86,37.14,102.22,9.98,-18.89%,-8.78%,-12.32%,0.57,0.76,-,-1.36,0.03,28.50%,259.26%,31.42%,1.50%,-,9.96%,19.08%,23.93%,79.32%,-27.86%,13.98%,58.44%,-13.93%,-28.97%,-0.38%,4.65%,11.02%,6.29%,47.87%,104.32%,2.88%,24.84%,50.71%,2.08,4.96%,2.08,6.29%,7.60%,42.29%,61.06,10.19M,1.26,44.95,45.99,46.25,44.24,1.44,50.32,36 min,Does The Fall In AppLovin Stock Change Anything?,https://finance.yahoo.com/markets/stocks/articles/does-fall-applovin-stock-change-203412883.html,"Unity, Google partner on AI-powered Unity Spark game-creation platform",Technology,8.50,20.24B,2.02,2.02,2.03B,-587.54M,70.68%,-66.61%,5.35%,-12.87%,170.80%,-1.20%,2.31%,-,53.36%,6.17%,emerging,1,44.0,24.0,8.0,12.0,0.5941905040771975,0.6608391608391608,0.7847222222222222,0.0944055944055944,0.7194055944055945,0.8991454188681401,0.1585081585081584,0.6666666666666666,1.0,0.6666666666666666,0.3333333333333333,0.0,0.4526060606060605,1.543036888761796,0.05917772132844104,0.07063197026022305,0.9663461538461529,1,0,0.96|0.70|1.21|0.67|0.77|1.39|0.54|1.08|0.98|0.97,1.83|1.79|1.82|1.78|1.75|1.83|1.78|1.84|1.79|2.08,1.18|0.80|1.37|0.95|0.79|1.13|0.55|0.81|0.62|1.26
2026-10-07,2026-10-07T21:09:06Z,leaders,v3,Software - Application,SSNC,SSNC,SS&C Technologies Holdings Inc,Software - Application,USA,18.47B,22.60,"1,344,565",78.70,0.91%,Jul 23/a,-,10.11,0.93,2.81,10.47,9.88,3.49,12.73%,4.36%,6.10%,1.13,1.17,14.43%,3.48,1.77,15.73%,9.55%,8.26%,6.07%,10.85%,5.89%,6.09%,10.34%,35.33%,9.06%,8.57%,48.10%,24.36%,13.16%,-0.03%,-1.45%,2.11%,-2.18%,17.94%,11.87%,-9.97%,-10.22%,51.03%,1.58,1.87%,1.05,-0.64%,-2.07%,5.45%,47.30,1.68M,0.80,77.99,77.91,78.96,77.52,1.58,94.00,Oct-06,SS&C to Release Third Quarter 2026 Earnings,https://www.businesswire.com/news/home/20261006090345/en/,"SS&C unveils new AI-enabled solutions and enhancements across wealth, retirement, alternatives and asset management platforms at Deliver 2026 conference",Technology,5.41,22.90B,1.06,1.06,6.56B,864.00M,87.19%,11.55%,1.70%,-12.49%,28.17%,1.01%,-0.10%,9.14%,4.82%,1.96%,sustained_strength,9,44.0,24.0,8.0,12.0,0.5941905040771975,0.6608391608391608,0.7847222222222222,0.0944055944055944,0.7194055944055945,0.8991454188681401,0.1585081585081584,0.6666666666666666,1.0,0.6666666666666666,0.3333333333333333,0.0,0.4526060606060605,-1.0528639030462206,-0.006441223832528195,-0.021137547227611544,0.9113924050632897,0,1,0.89|0.41|0.57|0.87|1.20|1.00|1.00|0.86|0.82|0.91,1.87|1.79|1.73|1.72|1.74|1.79|1.84|1.83|1.80|1.58,0.94|0.55|0.96|0.68|1.03|1.01|1.09|0.60|0.78|0.80
2026-10-07,2026-10-07T21:09:06Z,emerging,v3,Software - Application,SSNC,SSNC,SS&C Technologies Holdings Inc,Software - Application,USA,18.47B,22.60,"1,344,565",78.70,0.91%,Jul 23/a,-,10.11,0.93,2.81,10.47,9.88,3.49,12.73%,4.36%,6.10%,1.13,1.17,14.43%,3.48,1.77,15.73%,9.55%,8.26%,6.07%,10.85%,5.89%,6.09%,10.34%,35.33%,9.06%,8.57%,48.10%,24.36%,13.16%,-0.03%,-1.45%,2.11%,-2.18%,17.94%,11.87%,-9.97%,-10.22%,51.03%,1.58,1.87%,1.05,-0.64%,-2.07%,5.45%,47.30,1.68M,0.80,77.99,77.91,78.96,77.52,1.58,94.00,Oct-06,SS&C to Release Third Quarter 2026 Earnings,https://www.businesswire.com/news/home/20261006090345/en/,"SS&C unveils new AI-enabled solutions and enhancements across wealth, retirement, alternatives and asset management platforms at Deliver 2026 conference",Technology,5.41,22.90B,1.06,1.06,6.56B,864.00M,87.19%,11.55%,1.70%,-12.49%,28.17%,1.01%,-0.10%,9.14%,4.82%,1.96%,emerging,1,44.0,24.0,8.0,12.0,0.5941905040771975,0.6608391608391608,0.7847222222222222,0.0944055944055944,0.7194055944055945,0.8991454188681401,0.1585081585081584,0.6666666666666666,1.0,0.6666666666666666,0.3333333333333333,0.0,0.4526060606060605,-1.0528639030462206,-0.006441223832528195,-0.021137547227611544,0.9113924050632897,0,1,0.89|0.41|0.57|0.87|1.20|1.00|1.00|0.86|0.82|0.91,1.87|1.79|1.73|1.72|1.74|1.79|1.84|1.83|1.80|1.58,0.94|0.55|0.96|0.68|1.03|1.01|1.09|0.60|0.78|0.80
2026-10-07,2026-10-07T21:09:06Z,leaders,v3,Software - Application,DT,DT,Dynatrace Inc,Software - Application,USA,17.29B,118.86,"5,114,302",59.81,-2.03%,Aug 05/b,-,26.32,1.57,8.25,30.30,54.76,7.80,5.88%,3.70%,5.85%,0.06,0.06,-,0.50,0.49,16.68%,14.55%,13.10%,15.17%,16.78%,20.33%,23.47%,16.17%,-20.86%,-69.28%,17.94%,81.35%,13.03%,7.22%,-2.18%,3.30%,3.59%,18.93%,32.24%,62.53%,38.00%,24.27%,23.75%,1.71,2.90%,0.77,5.05%,13.87%,39.72%,66.87,6.15M,0.83,61.05,61.05,61.52,59.72,1.69,60.52,Oct-01,"Dynatrace Completes Acquisition of Arize, Extending AI Observability Across the Full Development Lifecycle",https://finviz.com/news/398011/dynatrace-completes-acquisition-of-arize-extending-ai-observability-across-the-full-development-lifecycle,Dynatrace announces it has completed the acquisition of AI observability and evaluation platform Arize and will integrate its capabilities into the Dynatrace platform.,Technology,15.59,16.34B,1.12,1.12,2.10B,151.37M,106.14%,-16.77%,2.14%,-2.87%,89.06%,-2.03%,0.00%,-,7.91%,0.86%,sustained_strength,9,44.0,24.0,8.0,12.0,0.5941905040771975,0.6608391608391608,0.7847222222222222,0.0944055944055944,0.7194055944055945,0.8991454188681401,0.1585081585081584,0.6666666666666666,1.0,0.6666666666666666,0.3333333333333333,0.0,0.4526060606060605,4.26034561829767,0.04807234650166584,0.12180556775270046,1.052631578947371,1,0,0.77|0.66|0.73|0.88|0.89|0.63|0.63|1.21|0.74|1.05,2.05|1.99|1.95|1.95|1.96|1.98|1.93|1.86|1.88|1.71,1.52|1.02|1.35|0.83|0.70|0.94|0.75|0.86|1.12|0.83
2026-10-07,2026-10-07T21:09:06Z,emerging,v3,Software - Application,DT,DT,Dynatrace Inc,Software - Application,USA,17.29B,118.86,"5,114,302",59.81,-2.03%,Aug 05/b,-,26.32,1.57,8.25,30.30,54.76,7.80,5.88%,3.70%,5.85%,0.06,0.06,-,0.50,0.49,16.68%,14.55%,13.10%,15.17%,16.78%,20.33%,23.47%,16.17%,-20.86%,-69.28%,17.94%,81.35%,13.03%,7.22%,-2.18%,3.30%,3.59%,18.93%,32.24%,62.53%,38.00%,24.27%,23.75%,1.71,2.90%,0.77,5.05%,13.87%,39.72%,66.87,6.15M,0.83,61.05,61.05,61.52,59.72,1.69,60.52,Oct-01,"Dynatrace Completes Acquisition of Arize, Extending AI Observability Across the Full Development Lifecycle",https://finviz.com/news/398011/dynatrace-completes-acquisition-of-arize-extending-ai-observability-across-the-full-development-lifecycle,Dynatrace announces it has completed the acquisition of AI observability and evaluation platform Arize and will integrate its capabilities into the Dynatrace platform.,Technology,15.59,16.34B,1.12,1.12,2.10B,151.37M,106.14%,-16.77%,2.14%,-2.87%,89.06%,-2.03%,0.00%,-,7.91%,0.86%,emerging,1,44.0,24.0,8.0,12.0,0.5941905040771975,0.6608391608391608,0.7847222222222222,0.0944055944055944,0.7194055944055945,0.8991454188681401,0.1585081585081584,0.6666666666666666,1.0,0.6666666666666666,0.3333333333333333,0.0,0.4526060606060605,4.26034561829767,0.04807234650166584,0.12180556775270046,1.052631578947371,1,0,0.77|0.66|0.73|0.88|0.89|0.63|0.63|1.21|0.74|1.05,2.05|1.99|1.95|1.95|1.96|1.98|1.93|1.86|1.88|1.71,1.52|1.02|1.35|0.83|0.70|0.94|0.75|0.86|1.12|0.83
2026-10-07,2026-10-07T21:09:06Z,leaders,v3,Software - Application,TYL,TYL,Tyler Technologies Inc,Software - Application,USA,13.61B,44.04,"351,217",332.34,0.43%,Jul 29/a,S&P 500,21.62,1.37,5.60,19.05,26.97,5.80,9.73%,5.78%,7.24%,0.48,0.48,-,7.55,3.48,15.66%,17.52%,22.97%,8.96%,15.81%,8.02%,15.87%,8.22%,15.98%,6.70%,8.19%,44.81%,15.14%,13.36%,-7.56%,0.53%,4.31%,-4.45%,6.86%,1.36%,-26.79%,-31.58%,-14.40%,11.22,3.17%,0.78,-0.23%,-1.39%,-3.29%,48.78,822.68K,0.43,330.91,333.24,334.25,328.01,1.50,421.19,Sep-29,State of South Carolina and Tyler Technologies Expand Partnership for Digital Government and Payment Services,https://finviz.com/news/396602/state-of-south-carolina-and-tyler-technologies-expand-partnership-for-digital-government-and-payment-services,Tyler Technologies announces an expanded digital government and payment services partnership with the State of South Carolina.,Technology,14.03,14.10B,1.55,1.55,2.43B,324.62M,107.98%,-29.39%,3.02%,-36.63%,22.77%,-0.27%,0.70%,-,0.84%,-0.44%,sustained_strength,9,44.0,24.0,8.0,12.0,0.5941905040771975,0.6608391608391608,0.7847222222222222,0.0944055944055944,0.7194055944055945,0.8991454188681401,0.1585081585081584,0.6666666666666666,1.0,0.6666666666666666,0.3333333333333333,0.0,0.4526060606060605,-0.4175260722979895,-0.0023053021950486603,-0.014095933475306742,0.5561497326203216,0,1,1.14|0.72|0.90|0.74|0.73|1.33|1.44|1.03|0.46|0.56,14.15|13.85|13.75|13.47|13.20|13.59|14.07|14.39|13.97|11.22,1.53|1.31|5.78|1.04|0.90|0.89|0.69|0.87|0.73|0.43
2026-10-07,2026-10-07T21:09:06Z,emerging,v3,Software - Application,TYL,TYL,Tyler Technologies Inc,Software - Application,USA,13.61B,44.04,"351,217",332.34,0.43%,Jul 29/a,S&P 500,21.62,1.37,5.60,19.05,26.97,5.80,9.73%,5.78%,7.24%,0.48,0.48,-,7.55,3.48,15.66%,17.52%,22.97%,8.96%,15.81%,8.02%,15.87%,8.22%,15.98%,6.70%,8.19%,44.81%,15.14%,13.36%,-7.56%,0.53%,4.31%,-4.45%,6.86%,1.36%,-26.79%,-31.58%,-14.40%,11.22,3.17%,0.78,-0.23%,-1.39%,-3.29%,48.78,822.68K,0.43,330.91,333.24,334.25,328.01,1.50,421.19,Sep-29,State of South Carolina and Tyler Technologies Expand Partnership for Digital Government and Payment Services,https://finviz.com/news/396602/state-of-south-carolina-and-tyler-technologies-expand-partnership-for-digital-government-and-payment-services,Tyler Technologies announces an expanded digital government and payment services partnership with the State of South Carolina.,Technology,14.03,14.10B,1.55,1.55,2.43B,324.62M,107.98%,-29.39%,3.02%,-36.63%,22.77%,-0.27%,0.70%,-,0.84%,-0.44%,emerging,1,44.0,24.0,8.0,12.0,0.5941905040771975,0.6608391608391608,0.7847222222222222,0.0944055944055944,0.7194055944055945,0.8991454188681401,0.1585081585081584,0.6666666666666666,1.0,0.6666666666666666,0.3333333333333333,0.0,0.4526060606060605,-0.4175260722979895,-0.0023053021950486603,-0.014095933475306742,0.5561497326203216,0,1,1.14|0.72|0.90|0.74|0.73|1.33|1.44|1.03|0.46|0.56,14.15|13.85|13.75|13.47|13.20|13.59|14.07|14.39|13.97|11.22,1.53|1.31|5.78|1.04|0.90|0.89|0.69|0.87|0.73|0.43
2026-10-07,2026-10-07T21:09:06Z,leaders,v3,Software - Application,GWRE,GWRE,Guidewire Software Inc,Software - Application,USA,13.45B,100.65,"1,727,511",163.98,-0.33%,Sep 03/a,-,30.72,1.19,9.11,37.49,62.55,9.09,10.51%,5.26%,7.34%,0.59,0.60,-,1.63,0.75,22.14%,27.40%,-,-,25.88%,17.68%,14.70%,15.29%,-37.66%,99.66%,22.70%,64.14%,10.26%,9.44%,-23.91%,-0.48%,15.01%,9.53%,21.42%,19.81%,-18.42%,-27.76%,79.29%,7.88,4.60%,1.05,9.41%,-1.16%,8.80%,55.56,1.35M,1.28,164.52,162.01,165.47,160.04,1.56,216.62,Sep-29,West Bend Lays the Foundation for AI-Driven Claims on Guidewire,https://finviz.com/news/396521/west-bend-lays-the-foundation-for-ai-driven-claims-on-guidewire,Top-10 insurer cloud deal disclosed after Wednesday’s close lifts Guidewire 8.8% intraday,Technology,17.85,13.41B,1.74,1.74,1.48B,139.28M,104.06%,37.97%,4.86%,-35.92%,60.29%,1.22%,-1.53%,-,6.10%,2.11%,sustained_strength,9,44.0,24.0,8.0,12.0,0.5941905040771975,0.6608391608391608,0.7847222222222222,0.0944055944055944,0.7194055944055945,0.8991454188681401,0.1585081585081584,0.6666666666666666,1.0,0.6666666666666666,0.3333333333333333,0.0,0.4526060606060605,-0.24422488686016636,0.08600676354994982,-0.011736139214892737,0.6890862944162446,0,0,0.87|0.93|0.48|0.76|1.52|0.87|1.07|0.82|0.45|0.69,8.29|8.24|7.93|7.78|8.11|8.36|11.04|10.57|9.77|7.88,0.70|1.02|0.85|0.72|1.17|1.38|3.02|1.09|0.89|1.28
2026-10-07,2026-10-07T21:09:06Z,emerging,v3,Software - Application,GWRE,GWRE,Guidewire Software Inc,Software - Application,USA,13.45B,100.65,"1,727,511",163.98,-0.33%,Sep 03/a,-,30.72,1.19,9.11,37.49,62.55,9.09,10.51%,5.26%,7.34%,0.59,0.60,-,1.63,0.75,22.14%,27.40%,-,-,25.88%,17.68%,14.70%,15.29%,-37.66%,99.66%,22.70%,64.14%,10.26%,9.44%,-23.91%,-0.48%,15.01%,9.53%,21.42%,19.81%,-18.42%,-27.76%,79.29%,7.88,4.60%,1.05,9.41%,-1.16%,8.80%,55.56,1.35M,1.28,164.52,162.01,165.47,160.04,1.56,216.62,Sep-29,West Bend Lays the Foundation for AI-Driven Claims on Guidewire,https://finviz.com/news/396521/west-bend-lays-the-foundation-for-ai-driven-claims-on-guidewire,Top-10 insurer cloud deal disclosed after Wednesday’s close lifts Guidewire 8.8% intraday,Technology,17.85,13.41B,1.74,1.74,1.48B,139.28M,104.06%,37.97%,4.86%,-35.92%,60.29%,1.22%,-1.53%,-,6.10%,2.11%,emerging,1,44.0,24.0,8.0,12.0,0.5941905040771975,0.6608391608391608,0.7847222222222222,0.0944055944055944,0.7194055944055945,0.8991454188681401,0.1585081585081584,0.6666666666666666,1.0,0.6666666666666666,0.3333333333333333,0.0,0.4526060606060605,-0.24422488686016636,0.08600676354994982,-0.011736139214892737,0.6890862944162446,0,0,0.87|0.93|0.48|0.76|1.52|0.87|1.07|0.82|0.45|0.69,8.29|8.24|7.93|7.78|8.11|8.36|11.04|10.57|9.77|7.88,0.70|1.02|0.85|0.72|1.17|1.38|3.02|1.09|0.89|1.28
2026-10-07,2026-10-07T21:09:06Z,leaders,v3,Software - Application,DOCU,DOCU,DocuSign Inc,Software - Application,USA,12.88B,41.91,"2,592,119",68.90,1.00%,Sep 03/a,-,13.21,0.93,3.83,10.75,23.37,3.65,17.80%,8.34%,17.49%,0.10,0.11,-,1.64,1.18,20.38%,12.80%,-,-,14.26%,8.57%,17.25%,9.38%,34.81%,20.88%,8.59%,79.16%,11.96%,9.82%,-16.86%,-3.55%,2.61%,5.87%,41.30%,50.73%,0.73%,-1.49%,63.54%,2.59,3.81%,0.84,0.47%,7.46%,28.38%,55.72,3.20M,0.81,68.22,68.00,69.26,67.96,2.70,71.07,Sep-23,VC firm Bessemer now has another $5.75B to invest in (what else?) AI,https://finance.yahoo.com/technology/ai/articles/vc-firm-bessemer-now-another-203517660.html,"DocuSign posts strong Q2, raises FY27 ARR and margin outlook on accelerating IAM adoption",Technology,16.20,12.27B,0.64,0.64,3.36B,329.94M,95.92%,-74.27%,3.54%,-8.13%,71.56%,1.32%,-0.32%,-,6.88%,0.98%,sustained_strength,9,44.0,24.0,8.0,12.0,0.5941905040771975,0.6608391608391608,0.7847222222222222,0.0944055944055944,0.7194055944055945,0.8991454188681401,0.1585081585081584,0.6666666666666666,1.0,0.6666666666666666,0.3333333333333333,0.0,0.4526060606060605,1.8467642085732554,0.004678013337314624,0.06942117997394384,0.5019305019305064,1,1,1.28|0.63|1.04|0.92|0.64|1.13|2.19|1.21|0.59|0.50,2.69|2.63|2.63|2.62|2.55|2.59|2.85|2.82|2.89|2.59,1.01|1.00|1.02|0.80|0.73|1.54|2.14|0.84|0.68|0.81
2026-10-07,2026-10-07T21:09:06Z,emerging,v3,Software - Application,DOCU,DOCU,DocuSign Inc,Software - Application,USA,12.88B,41.91,"2,592,119",68.90,1.00%,Sep 03/a,-,13.21,0.93,3.83,10.75,23.37,3.65,17.80%,8.34%,17.49%,0.10,0.11,-,1.64,1.18,20.38%,12.80%,-,-,14.26%,8.57%,17.25%,9.38%,34.81%,20.88%,8.59%,79.16%,11.96%,9.82%,-16.86%,-3.55%,2.61%,5.87%,41.30%,50.73%,0.73%,-1.49%,63.54%,2.59,3.81%,0.84,0.47%,7.46%,28.38%,55.72,3.20M,0.81,68.22,68.00,69.26,67.96,2.70,71.07,Sep-23,VC firm Bessemer now has another $5.75B to invest in (what else?) AI,https://finance.yahoo.com/technology/ai/articles/vc-firm-bessemer-now-another-203517660.html,"DocuSign posts strong Q2, raises FY27 ARR and margin outlook on accelerating IAM adoption",Technology,16.20,12.27B,0.64,0.64,3.36B,329.94M,95.92%,-74.27%,3.54%,-8.13%,71.56%,1.32%,-0.32%,-,6.88%,0.98%,emerging,1,44.0,24.0,8.0,12.0,0.5941905040771975,0.6608391608391608,0.7847222222222222,0.0944055944055944,0.7194055944055945,0.8991454188681401,0.1585081585081584,0.6666666666666666,1.0,0.6666666666666666,0.3333333333333333,0.0,0.4526060606060605,1.8467642085732554,0.004678013337314624,0.06942117997394384,0.5019305019305064,1,1,1.28|0.63|1.04|0.92|0.64|1.13|2.19|1.21|0.59|0.50,2.69|2.63|2.63|2.62|2.55|2.59|2.85|2.82|2.89|2.59,1.01|1.00|1.02|0.80|0.73|1.54|2.14|0.84|0.68|0.81
2026-10-07,2026-10-07T21:09:06Z,leaders,v3,Software - Application,FROG,FROG,JFrog Ltd,Software - Application,USA,12.10B,-,"773,694",98.15,-0.37%,Aug 06/a,RUT,85.74,4.19,20.17,71.31,-,18.82,-4.93%,-3.27%,-4.54%,0.01,0.02,-,-0.37,0.23,19.52%,16.81%,12.05%,-25.03%,20.47%,23.84%,28.66%,28.73%,81.82%,51.51%,26.37%,77.53%,-12.93%,-7.35%,-12.81%,6.74%,1.14%,13.17%,2.77%,110.35%,57.14%,106.63%,295.13%,4.81,5.46%,1.30,5.28%,8.01%,42.45%,58.62,2.01M,0.39,98.51,98.11,99.20,95.97,1.38,112.00,Sep-18,"Amazon, Palantir and 12 more top tech-stock picks from UBS analysts",https://www.marketwatch.com/story/amazon-palantir-and-12-more-top-tech-stock-picks-from-ubs-analysts-435244bb?mod=mw_FV,JFrog today launches Zero-Touch Remediation for automated software vulnerability fixes and unveils self-healing software supply chain ecosystem,Technology,14.67,11.29B,2.08,2.08,599.96M,-44.07M,93.19%,195.90%,4.94%,-7.20%,188.25%,0.04%,-0.41%,-,12.27%,5.23%,sustained_strength,9,44.0,24.0,8.0,12.0,0.5941905040771975,0.6608391608391608,0.7847222222222222,0.0944055944055944,0.7194055944055945,0.8991454188681401,0.1585081585081584,0.6666666666666666,1.0,0.6666666666666666,0.3333333333333333,0.0,0.4526060606060605,1.5132607841616266,0.050151975683890494,0.07415980001851678,0.6715176715176724,1,1,1.44|1.30|0.79|1.38|0.79|0.79|0.88|1.36|0.80|0.67,5.84|5.98|5.89|6.09|6.00|5.90|5.85|5.75|5.61|4.81,1.43|0.96|0.80|1.01|0.82|1.03|0.62|0.74|0.49|0.39
2026-10-07,2026-10-07T21:09:06Z,emerging,v3,Software - Application,FROG,FROG,JFrog Ltd,Software - Application,USA,12.10B,-,"773,694",98.15,-0.37%,Aug 06/a,RUT,85.74,4.19,20.17,71.31,-,18.82,-4.93%,-3.27%,-4.54%,0.01,0.02,-,-0.37,0.23,19.52%,16.81%,12.05%,-25.03%,20.47%,23.84%,28.66%,28.73%,81.82%,51.51%,26.37%,77.53%,-12.93%,-7.35%,-12.81%,6.74%,1.14%,13.17%,2.77%,110.35%,57.14%,106.63%,295.13%,4.81,5.46%,1.30,5.28%,8.01%,42.45%,58.62,2.01M,0.39,98.51,98.11,99.20,95.97,1.38,112.00,Sep-18,"Amazon, Palantir and 12 more top tech-stock picks from UBS analysts",https://www.marketwatch.com/story/amazon-palantir-and-12-more-top-tech-stock-picks-from-ubs-analysts-435244bb?mod=mw_FV,JFrog today launches Zero-Touch Remediation for automated software vulnerability fixes and unveils self-healing software supply chain ecosystem,Technology,14.67,11.29B,2.08,2.08,599.96M,-44.07M,93.19%,195.90%,4.94%,-7.20%,188.25%,0.04%,-0.41%,-,12.27%,5.23%,emerging,1,44.0,24.0,8.0,12.0,0.5941905040771975,0.6608391608391608,0.7847222222222222,0.0944055944055944,0.7194055944055945,0.8991454188681401,0.1585081585081584,0.6666666666666666,1.0,0.6666666666666666,0.3333333333333333,0.0,0.4526060606060605,1.5132607841616266,0.050151975683890494,0.07415980001851678,0.6715176715176724,1,1,1.44|1.30|0.79|1.38|0.79|0.79|0.88|1.36|0.80|0.67,5.84|5.98|5.89|6.09|6.00|5.90|5.85|5.75|5.61|4.81,1.43|0.96|0.80|1.01|0.82|1.03|0.62|0.74|0.49|0.39
2026-10-07,2026-10-07T21:09:06Z,leaders,v3,Software - Application,MANH,MANH,Manhattan Associates Inc,Software - Application,USA,11.78B,57.86,"392,498",202.11,-0.36%,Jul 28/a,-,32.90,2.77,10.46,29.52,40.33,10.35,96.38%,29.13%,99.45%,0.34,0.34,-,3.49,1.46,8.61%,11.78%,20.99%,21.58%,11.88%,12.13%,13.02%,9.31%,-8.20%,-3.07%,6.48%,55.22%,25.06%,18.67%,-2.06%,-2.51%,1.72%,-2.79%,29.04%,51.39%,16.62%,1.59%,-2.29%,6.14,2.91%,0.89,-1.99%,-1.59%,25.05%,45.98,776.98K,0.51,202.84,202.61,204.12,200.48,2.00,220.70,8 hours,Manhattan Associates Announces Date for Reporting Third Quarter 2026 Financial Results,https://finviz.com/news/399827/manhattan-associates-announces-date-for-reporting-third-quarter-2026-financial-results,Manhattan Associates and Boscov’s partner as Boscov’s adopts cloud-native ActiveOrder to modernize omnichannel fulfillment across 51 stores and ecommerce,Technology,63.32,11.65B,0.95,0.95,1.13B,210.23M,111.07%,29.72%,2.29%,-10.98%,69.75%,-0.25%,-0.11%,-,5.46%,3.03%,sustained_strength,9,44.0,24.0,8.0,12.0,0.5941905040771975,0.6608391608391608,0.7847222222222222,0.0944055944055944,0.7194055944055945,0.8991454188681401,0.1585081585081584,0.6666666666666666,1.0,0.6666666666666666,0.3333333333333333,0.0,0.4526060606060605,-0.5318355004175535,-0.02030405060708095,-0.0161568946245301,0.5928338762215009,0,1,1.12|0.46|0.45|0.98|0.75|0.86|0.84|1.14|1.02|0.59,8.39|8.06|7.73|7.73|7.58|7.67|7.83|7.80|7.78|6.14,0.85|0.71|0.67|0.72|0.56|0.68|0.50|1.04|1.19|0.51
2026-10-07,2026-10-07T21:09:06Z,emerging,v3,Software - Application,MANH,MANH,Manhattan Associates Inc,Software - Application,USA,11.78B,57.86,"392,498",202.11,-0.36%,Jul 28/a,-,32.90,2.77,10.46,29.52,40.33,10.35,96.38%,29.13%,99.45%,0.34,0.34,-,3.49,1.46,8.61%,11.78%,20.99%,21.58%,11.88%,12.13%,13.02%,9.31%,-8.20%,-3.07%,6.48%,55.22%,25.06%,18.67%,-2.06%,-2.51%,1.72%,-2.79%,29.04%,51.39%,16.62%,1.59%,-2.29%,6.14,2.91%,0.89,-1.99%,-1.59%,25.05%,45.98,776.98K,0.51,202.84,202.61,204.12,200.48,2.00,220.70,8 hours,Manhattan Associates Announces Date for Reporting Third Quarter 2026 Financial Results,https://finviz.com/news/399827/manhattan-associates-announces-date-for-reporting-third-quarter-2026-financial-results,Manhattan Associates and Boscov’s partner as Boscov’s adopts cloud-native ActiveOrder to modernize omnichannel fulfillment across 51 stores and ecommerce,Technology,63.32,11.65B,0.95,0.95,1.13B,210.23M,111.07%,29.72%,2.29%,-10.98%,69.75%,-0.25%,-0.11%,-,5.46%,3.03%,emerging,1,44.0,24.0,8.0,12.0,0.5941905040771975,0.6608391608391608,0.7847222222222222,0.0944055944055944,0.7194055944055945,0.8991454188681401,0.1585081585081584,0.6666666666666666,1.0,0.6666666666666666,0.3333333333333333,0.0,0.4526060606060605,-0.5318355004175535,-0.02030405060708095,-0.0161568946245301,0.5928338762215009,0,1,1.12|0.46|0.45|0.98|0.75|0.86|0.84|1.14|1.02|0.59,8.39|8.06|7.73|7.73|7.58|7.67|7.83|7.80|7.78|6.14,0.85|0.71|0.67|0.72|0.56|0.68|0.50|1.04|1.19|0.51
2026-10-07,2026-10-07T21:09:06Z,leaders,v3,Software - Application,FIG,FIG,Figma Inc,Software - Application,USA,11.52B,-,"5,693,776",21.62,-1.41%,Aug 05/a,-,60.56,41.20,8.99,50.25,-,7.74,-108.64%,-71.96%,-102.68%,0.04,0.05,-,-3.06,0.05,-36.64%,24.82%,-,-,1.47%,44.61%,-,48.25%,-13387.50%,-1737.89%,43.43%,79.14%,-123.84%,-123.15%,-0.67%,11.49%,2.85%,-4.97%,-2.88%,7.30%,-42.15%,-64.46%,-,1.17,4.91%,1.27,-1.89%,-11.01%,-11.15%,43.27,18.36M,0.31,21.93,22.02,22.29,21.24,2.29,30.89,Sep-29,Meta is looking beyond consumers to turn its massive AI investment into profits,https://finance.yahoo.com/small-business/articles/meta-looking-beyond-consumers-turn-093004690.html,"Figma Inc. shares fall after Meta unveils its Meta Enterprise Platform, sparking competitive concerns across enterprise software stocks.",Technology,6.87,9.91B,2.45,2.45,1.28B,-1.58B,39.21%,-,4.02%,-69.75%,30.24%,-1.82%,0.41%,-,95.12%,5.27%,sustained_strength,9,44.0,24.0,8.0,12.0,0.5941905040771975,0.6608391608391608,0.7847222222222222,0.0944055944055944,0.7194055944055945,0.8991454188681401,0.1585081585081584,0.6666666666666666,1.0,0.6666666666666666,0.3333333333333333,0.0,0.4526060606060605,-2.286209052587296,-0.019264091326062566,-0.12372176649061684,0.8974358974358981,0,0,1.83|1.13|0.37|0.97|0.84|0.88|0.62|0.68|0.65|0.90,1.90|1.92|1.89|1.88|1.86|1.84|1.81|1.65|1.59|1.17,1.33|0.91|0.95|0.51|0.47|0.83|0.81|0.70|0.56|0.31
2026-10-07,2026-10-07T21:09:06Z,emerging,v3,Software - Application,FIG,FIG,Figma Inc,Software - Application,USA,11.52B,-,"5,693,776",21.62,-1.41%,Aug 05/a,-,60.56,41.20,8.99,50.25,-,7.74,-108.64%,-71.96%,-102.68%,0.04,0.05,-,-3.06,0.05,-36.64%,24.82%,-,-,1.47%,44.61%,-,48.25%,-13387.50%,-1737.89%,43.43%,79.14%,-123.84%,-123.15%,-0.67%,11.49%,2.85%,-4.97%,-2.88%,7.30%,-42.15%,-64.46%,-,1.17,4.91%,1.27,-1.89%,-11.01%,-11.15%,43.27,18.36M,0.31,21.93,22.02,22.29,21.24,2.29,30.89,Sep-29,Meta is looking beyond consumers to turn its massive AI investment into profits,https://finance.yahoo.com/small-business/articles/meta-looking-beyond-consumers-turn-093004690.html,"Figma Inc. shares fall after Meta unveils its Meta Enterprise Platform, sparking competitive concerns across enterprise software stocks.",Technology,6.87,9.91B,2.45,2.45,1.28B,-1.58B,39.21%,-,4.02%,-69.75%,30.24%,-1.82%,0.41%,-,95.12%,5.27%,emerging,1,44.0,24.0,8.0,12.0,0.5941905040771975,0.6608391608391608,0.7847222222222222,0.0944055944055944,0.7194055944055945,0.8991454188681401,0.1585081585081584,0.6666666666666666,1.0,0.6666666666666666,0.3333333333333333,0.0,0.4526060606060605,-2.286209052587296,-0.019264091326062566,-0.12372176649061684,0.8974358974358981,0,0,1.83|1.13|0.37|0.97|0.84|0.88|0.62|0.68|0.65|0.90,1.90|1.92|1.89|1.88|1.86|1.84|1.81|1.65|1.59|1.17,1.33|0.91|0.95|0.51|0.47|0.83|0.81|0.70|0.56|0.31
2026-10-07,2026-10-07T21:09:06Z,leaders,v3,Software - Application,HUBS,HUBS,HubSpot Inc,Software - Application,USA,10.98B,77.97,"1,049,427",220.27,1.46%,Aug 05/a,-,13.05,0.47,3.19,13.82,30.76,2.87,7.89%,4.09%,7.91%,0.12,0.14,-,2.83,3.27,37.15%,26.91%,-,-,27.82%,21.85%,28.81%,19.81%,1485.44%,1358.76%,21.08%,83.24%,3.89%,4.26%,-1.88%,-2.10%,7.46%,-8.38%,6.95%,1.05%,-45.11%,-51.09%,-54.41%,12.76,5.54%,1.17,-0.15%,-4.45%,-9.70%,48.83,1.76M,0.60,217.09,216.61,222.29,214.02,2.29,249.62,Oct-06,HubSpot reaffirms 2026 guidance as it cuts about 7% of workforce,https://finance.yahoo.com/markets/stocks/articles/hubspot-reaffirms-2026-guidance-cuts-190000935.html,"HubSpot to cut 660 jobs, or 7% of workforce, in AI-focused reorganization and take $65–$75 million restructuring charges",Technology,8.21,9.88B,1.22,1.22,3.45B,146.85M,99.33%,-67.78%,4.50%,-55.77%,29.85%,1.69%,-0.22%,-,8.08%,1.49%,sustained_strength,9,44.0,24.0,8.0,12.0,0.5941905040771975,0.6608391608391608,0.7847222222222222,0.0944055944055944,0.7194055944055945,0.8991454188681401,0.1585081585081584,0.6666666666666666,1.0,0.6666666666666666,0.3333333333333333,0.0,0.4526060606060605,-0.8039591771118869,-0.0015022533800700772,-0.04657247514390374,0.6481191222570519,0,1,0.90|0.55|0.49|0.99|0.77|0.72|0.73|1.17|0.77|0.65,15.88|15.34|14.76|14.75|14.49|14.70|14.72|14.53|14.01|12.76,0.80|0.68|0.62|0.43|0.72|0.53|0.41|0.86|0.79|0.60
2026-10-07,2026-10-07T21:09:06Z,emerging,v3,Software - Application,HUBS,HUBS,HubSpot Inc,Software - Application,USA,10.98B,77.97,"1,049,427",220.27,1.46%,Aug 05/a,-,13.05,0.47,3.19,13.82,30.76,2.87,7.89%,4.09%,7.91%,0.12,0.14,-,2.83,3.27,37.15%,26.91%,-,-,27.82%,21.85%,28.81%,19.81%,1485.44%,1358.76%,21.08%,83.24%,3.89%,4.26%,-1.88%,-2.10%,7.46%,-8.38%,6.95%,1.05%,-45.11%,-51.09%,-54.41%,12.76,5.54%,1.17,-0.15%,-4.45%,-9.70%,48.83,1.76M,0.60,217.09,216.61,222.29,214.02,2.29,249.62,Oct-06,HubSpot reaffirms 2026 guidance as it cuts about 7% of workforce,https://finance.yahoo.com/markets/stocks/articles/hubspot-reaffirms-2026-guidance-cuts-190000935.html,"HubSpot to cut 660 jobs, or 7% of workforce, in AI-focused reorganization and take $65–$75 million restructuring charges",Technology,8.21,9.88B,1.22,1.22,3.45B,146.85M,99.33%,-67.78%,4.50%,-55.77%,29.85%,1.69%,-0.22%,-,8.08%,1.49%,emerging,1,44.0,24.0,8.0,12.0,0.5941905040771975,0.6608391608391608,0.7847222222222222,0.0944055944055944,0.7194055944055945,0.8991454188681401,0.1585081585081584,0.6666666666666666,1.0,0.6666666666666666,0.3333333333333333,0.0,0.4526060606060605,-0.8039591771118869,-0.0015022533800700772,-0.04657247514390374,0.6481191222570519,0,1,0.90|0.55|0.49|0.99|0.77|0.72|0.73|1.17|0.77|0.65,15.88|15.34|14.76|14.75|14.49|14.70|14.72|14.53|14.01|12.76,0.80|0.68|0.62|0.43|0.72|0.53|0.41|0.86|0.79|0.60
2026-10-07,2026-10-07T21:09:06Z,leaders,v3,Software - Application,BSY,BSY,Bentley Systems Inc,Software - Application,USA,10.62B,38.74,"2,384,355",35.15,-2.28%,Aug 06/b,-,22.32,1.51,6.63,21.30,25.95,7.33,24.53%,8.28%,11.83%,1.04,1.05,56.32%,0.91,0.33,15.83%,12.35%,17.49%,15.16%,14.79%,10.97%,13.38%,12.80%,14.85%,14.73%,12.85%,79.78%,24.37%,18.10%,0.00%,1.75%,10.02%,7.03%,11.20%,0.34%,-7.90%,-33.11%,-32.87%,1.34,3.60%,1.05,8.87%,2.25%,1.93%,59.27,2.61M,0.91,35.97,35.98,35.98,34.72,1.63,44.00,1 hour,"Bentley Systems to Announce Third Quarter 2026 Results on November 5, 2026",https://finviz.com/news/400035/bentley-systems-to-announce-third-quarter-2026-results-on-november-5-2026,Schneider’s $22.6 billion PTC takeover lifts Bentley Systems 8% in early regular trading,Technology,72.24,11.74B,0.59,0.59,1.60B,289.94M,52.56%,-40.12%,4.14%,-38.60%,25.19%,-2.31%,0.03%,32.64%,10.69%,-0.34%,sustained_strength,9,44.0,24.0,8.0,12.0,0.5941905040771975,0.6608391608391608,0.7847222222222222,0.0944055944055944,0.7194055944055945,0.8991454188681401,0.1585081585081584,0.6666666666666666,1.0,0.6666666666666666,0.3333333333333333,0.0,0.4526060606060605,0.5772178228661085,0.0814733167998531,0.02200488997555008,0.9402985074626851,0,0,0.82|0.74|0.73|0.73|0.51|0.85|0.65|0.78|1.56|0.94,1.48|1.45|1.46|1.43|1.37|1.36|1.33|1.33|1.42|1.34,0.68|0.55|0.84|0.81|0.71|0.53|0.39|0.53|0.90|0.91
2026-10-07,2026-10-07T21:09:06Z,emerging,v3,Software - Application,BSY,BSY,Bentley Systems Inc,Software - Application,USA,10.62B,38.74,"2,384,355",35.15,-2.28%,Aug 06/b,-,22.32,1.51,6.63,21.30,25.95,7.33,24.53%,8.28%,11.83%,1.04,1.05,56.32%,0.91,0.33,15.83%,12.35%,17.49%,15.16%,14.79%,10.97%,13.38%,12.80%,14.85%,14.73%,12.85%,79.78%,24.37%,18.10%,0.00%,1.75%,10.02%,7.03%,11.20%,0.34%,-7.90%,-33.11%,-32.87%,1.34,3.60%,1.05,8.87%,2.25%,1.93%,59.27,2.61M,0.91,35.97,35.98,35.98,34.72,1.63,44.00,1 hour,"Bentley Systems to Announce Third Quarter 2026 Results on November 5, 2026",https://finviz.com/news/400035/bentley-systems-to-announce-third-quarter-2026-results-on-november-5-2026,Schneider’s $22.6 billion PTC takeover lifts Bentley Systems 8% in early regular trading,Technology,72.24,11.74B,0.59,0.59,1.60B,289.94M,52.56%,-40.12%,4.14%,-38.60%,25.19%,-2.31%,0.03%,32.64%,10.69%,-0.34%,emerging,1,44.0,24.0,8.0,12.0,0.5941905040771975,0.6608391608391608,0.7847222222222222,0.0944055944055944,0.7194055944055945,0.8991454188681401,0.1585081585081584,0.6666666666666666,1.0,0.6666666666666666,0.3333333333333333,0.0,0.4526060606060605,0.5772178228661085,0.0814733167998531,0.02200488997555008,0.9402985074626851,0,0,0.82|0.74|0.73|0.73|0.51|0.85|0.65|0.78|1.56|0.94,1.48|1.45|1.46|1.43|1.37|1.36|1.33|1.33|1.42|1.34,0.68|0.55|0.84|0.81|0.71|0.53|0.39|0.53|0.90|0.91
2026-10-07,2026-10-07T21:09:06Z,leaders,v3,Software - Application,CHYM,CHYM,Chime Financial Inc,Software - Application,USA,10.57B,-,"3,123,450",27.93,1.01%,Aug 05/a,-,29.95,-,4.74,34.33,790.13,4.29,-1.28%,-0.93%,-1.19%,0.08,0.09,-,-0.06,0.09,110.73%,103.48%,-27.24%,-,-,24.83%,-,10.61%,102.84%,98.06%,17.51%,86.81%,-0.83%,-0.82%,-15.35%,-3.93%,4.84%,-13.56%,31.07%,37.99%,10.97%,34.28%,-,1.20,4.20%,0.84,-4.06%,-7.10%,18.64%,44.24,7.37M,0.42,27.65,27.55,28.02,27.24,1.21,39.43,Oct-02,Top Bank Names 6 Stocks With Major Catalysts Ahead,https://finance.yahoo.com/markets/stocks/articles/top-bank-names-6-stocks-161628452.html,"Chime Financial to buy Stride Bank for $590 million in cash, raises Q3 and 2026 revenue guidance",Technology,9.37,9.58B,4.62,4.62,2.23B,-18.19M,42.19%,-,3.19%,-21.43%,75.88%,1.38%,-0.36%,-,5284.62%,4.45%,sustained_strength,9,44.0,24.0,8.0,12.0,0.5941905040771975,0.6608391608391608,0.7847222222222222,0.0944055944055944,0.7194055944055945,0.8991454188681401,0.1585081585081584,0.6666666666666666,1.0,0.6666666666666666,0.3333333333333333,0.0,0.4526060606060605,-1.7788213132400414,-0.04231811548884721,-0.07642626480086107,0.650000000000001,0,1,0.86|0.74|0.83|1.04|1.38|1.02|0.58|0.93|1.61|0.65,1.39|1.37|1.35|1.36|1.41|1.41|1.36|1.50|1.57|1.20,0.61|0.74|1.05|1.19|0.86|0.62|0.42|1.36|1.09|0.42
2026-10-07,2026-10-07T21:09:06Z,emerging,v3,Software - Application,CHYM,CHYM,Chime Financial Inc,Software - Application,USA,10.57B,-,"3,123,450",27.93,1.01%,Aug 05/a,-,29.95,-,4.74,34.33,790.13,4.29,-1.28%,-0.93%,-1.19%,0.08,0.09,-,-0.06,0.09,110.73%,103.48%,-27.24%,-,-,24.83%,-,10.61%,102.84%,98.06%,17.51%,86.81%,-0.83%,-0.82%,-15.35%,-3.93%,4.84%,-13.56%,31.07%,37.99%,10.97%,34.28%,-,1.20,4.20%,0.84,-4.06%,-7.10%,18.64%,44.24,7.37M,0.42,27.65,27.55,28.02,27.24,1.21,39.43,Oct-02,Top Bank Names 6 Stocks With Major Catalysts Ahead,https://finance.yahoo.com/markets/stocks/articles/top-bank-names-6-stocks-161628452.html,"Chime Financial to buy Stride Bank for $590 million in cash, raises Q3 and 2026 revenue guidance",Technology,9.37,9.58B,4.62,4.62,2.23B,-18.19M,42.19%,-,3.19%,-21.43%,75.88%,1.38%,-0.36%,-,5284.62%,4.45%,emerging,1,44.0,24.0,8.0,12.0,0.5941905040771975,0.6608391608391608,0.7847222222222222,0.0944055944055944,0.7194055944055945,0.8991454188681401,0.1585081585081584,0.6666666666666666,1.0,0.6666666666666666,0.3333333333333333,0.0,0.4526060606060605,-1.7788213132400414,-0.04231811548884721,-0.07642626480086107,0.650000000000001,0,1,0.86|0.74|0.83|1.04|1.38|1.02|0.58|0.93|1.61|0.65,1.39|1.37|1.35|1.36|1.41|1.41|1.36|1.50|1.57|1.20,0.61|0.74|1.05|1.19|0.86|0.62|0.42|1.36|1.09|0.42
2026-10-07,2026-10-07T21:09:06Z,leaders,v3,Software - Application,PAYC,PAYC,Paycom Software Inc,Software - Application,USA,9.90B,23.76,"481,328",223.58,0.51%,Aug 05/a,-,16.00,0.85,4.63,17.46,11.35,4.99,41.09%,10.56%,31.96%,1.67,1.72,-,9.41,2.81,30.88%,15.57%,18.65%,26.84%,18.85%,14.27%,19.51%,9.84%,47.69%,27.04%,9.23%,74.35%,30.30%,22.78%,-0.08%,-8.97%,2.72%,2.02%,60.20%,89.75%,40.30%,9.75%,-17.28%,7.22,3.18%,0.80,0.36%,2.79%,43.56%,53.14,797.34K,0.60,222.44,222.78,226.41,221.51,2.62,223.38,Oct-05,Leslie Womble is Vinson & Elkins New Chief Talent Officer,https://finance.yahoo.com/small-business/articles/leslie-womble-vinson-elkins-chief-161928607.html,Q2 earnings beat and raised 2026 outlook drive PAYC 23.55% surge,Technology,50.01,10.69B,1.02,1.02,2.14B,487.60M,96.22%,-56.31%,2.86%,-8.74%,113.14%,0.36%,0.15%,-,17.00%,3.52%,sustained_strength,9,44.0,24.0,8.0,12.0,0.5941905040771975,0.6608391608391608,0.7847222222222222,0.0944055944055944,0.7194055944055945,0.8991454188681401,0.1585081585081584,0.6666666666666666,1.0,0.6666666666666666,0.3333333333333333,0.0,0.4526060606060605,0.8405220120413351,0.0035870864886409655,0.02714271816324555,0.6786703601108042,1,1,0.96|1.10|0.59|0.76|0.77|0.96|0.93|1.16|1.08|0.68,8.45|8.51|8.25|8.10|7.96|8.01|8.15|7.90|8.17|7.22,0.88|0.51|0.80|0.78|0.66|0.65|0.72|0.94|0.72|0.60
2026-10-07,2026-10-07T21:09:06Z,emerging,v3,Software - Application,PAYC,PAYC,Paycom Software Inc,Software - Application,USA,9.90B,23.76,"481,328",223.58,0.51%,Aug 05/a,-,16.00,0.85,4.63,17.46,11.35,4.99,41.09%,10.56%,31.96%,1.67,1.72,-,9.41,2.81,30.88%,15.57%,18.65%,26.84%,18.85%,14.27%,19.51%,9.84%,47.69%,27.04%,9.23%,74.35%,30.30%,22.78%,-0.08%,-8.97%,2.72%,2.02%,60.20%,89.75%,40.30%,9.75%,-17.28%,7.22,3.18%,0.80,0.36%,2.79%,43.56%,53.14,797.34K,0.60,222.44,222.78,226.41,221.51,2.62,223.38,Oct-05,Leslie Womble is Vinson & Elkins New Chief Talent Officer,https://finance.yahoo.com/small-business/articles/leslie-womble-vinson-elkins-chief-161928607.html,Q2 earnings beat and raised 2026 outlook drive PAYC 23.55% surge,Technology,50.01,10.69B,1.02,1.02,2.14B,487.60M,96.22%,-56.31%,2.86%,-8.74%,113.14%,0.36%,0.15%,-,17.00%,3.52%,emerging,1,44.0,24.0,8.0,12.0,0.5941905040771975,0.6608391608391608,0.7847222222222222,0.0944055944055944,0.7194055944055945,0.8991454188681401,0.1585081585081584,0.6666666666666666,1.0,0.6666666666666666,0.3333333333333333,0.0,0.4526060606060605,0.8405220120413351,0.0035870864886409655,0.02714271816324555,0.6786703601108042,1,1,0.96|1.10|0.59|0.76|0.77|0.96|0.93|1.16|1.08|0.68,8.45|8.51|8.25|8.10|7.96|8.01|8.15|7.90|8.17|7.22,0.88|0.51|0.80|0.78|0.66|0.65|0.72|0.94|0.72|0.60
2026-10-07,2026-10-07T21:09:06Z,leaders,v3,Software - Application,ESTC,ESTC,Elastic N.V,Software - Application,USA,9.77B,26.07,"945,544",93.10,-1.59%,Aug 27/a,-,23.54,1.03,5.42,28.00,-,4.94,33.12%,13.60%,19.91%,0.46,0.46,-,3.57,0.81,30.72%,17.72%,-,-,22.81%,17.62%,23.37%,15.13%,31.14%,552.62%,16.18%,75.50%,-1.40%,20.84%,-16.60%,3.17%,1.53%,5.29%,50.02%,91.09%,23.41%,15.80%,14.92%,3.72,3.97%,0.99,4.31%,9.96%,42.47%,58.91,2.26M,0.42,94.60,93.82,94.78,93.10,1.97,110.42,4 hours,Elastic Recognized as a Leader in the Gartner Magic Quadrant for Enterprise AI Search,https://finviz.com/news/399962/elastic-recognized-as-a-leader-in-the-gartner-magic-quadrant-for-enterprise-ai-search,Elastic launches jina-ocr-v1 frontier-grade OCR model for end-to-end document processing,Technology,6.68,8.91B,1.71,1.71,1.80B,375.64M,87.65%,-38.87%,3.76%,-13.80%,121.40%,-0.77%,-0.82%,-,19.84%,1.78%,sustained_strength,9,44.0,24.0,8.0,12.0,0.5941905040771975,0.6608391608391608,0.7847222222222222,0.0944055944055944,0.7194055944055945,0.8991454188681401,0.1585081585081584,0.6666666666666666,1.0,0.6666666666666666,0.3333333333333333,0.0,0.4526060606060605,2.2668947065795155,0.04131914485667715,0.09057839214259719,0.45161290322580827,1,1,1.03|2.18|1.34|0.92|0.80|0.84|0.86|0.62|0.58|0.45,3.67|5.14|5.28|5.29|5.21|5.33|5.28|4.69|4.52|3.72,2.41|4.53|2.59|1.26|1.07|1.73|0.87|1.02|0.85|0.42
2026-10-07,2026-10-07T21:09:06Z,emerging,v3,Software - Application,ESTC,ESTC,Elastic N.V,Software - Application,USA,9.77B,26.07,"945,544",93.10,-1.59%,Aug 27/a,-,23.54,1.03,5.42,28.00,-,4.94,33.12%,13.60%,19.91%,0.46,0.46,-,3.57,0.81,30.72%,17.72%,-,-,22.81%,17.62%,23.37%,15.13%,31.14%,552.62%,16.18%,75.50%,-1.40%,20.84%,-16.60%,3.17%,1.53%,5.29%,50.02%,91.09%,23.41%,15.80%,14.92%,3.72,3.97%,0.99,4.31%,9.96%,42.47%,58.91,2.26M,0.42,94.60,93.82,94.78,93.10,1.97,110.42,4 hours,Elastic Recognized as a Leader in the Gartner Magic Quadrant for Enterprise AI Search,https://finviz.com/news/399962/elastic-recognized-as-a-leader-in-the-gartner-magic-quadrant-for-enterprise-ai-search,Elastic launches jina-ocr-v1 frontier-grade OCR model for end-to-end document processing,Technology,6.68,8.91B,1.71,1.71,1.80B,375.64M,87.65%,-38.87%,3.76%,-13.80%,121.40%,-0.77%,-0.82%,-,19.84%,1.78%,emerging,1,44.0,24.0,8.0,12.0,0.5941905040771975,0.6608391608391608,0.7847222222222222,0.0944055944055944,0.7194055944055945,0.8991454188681401,0.1585081585081584,0.6666666666666666,1.0,0.6666666666666666,0.3333333333333333,0.0,0.4526060606060605,2.2668947065795155,0.04131914485667715,0.09057839214259719,0.45161290322580827,1,1,1.03|2.18|1.34|0.92|0.80|0.84|0.86|0.62|0.58|0.45,3.67|5.14|5.28|5.29|5.21|5.33|5.28|4.69|4.52|3.72,2.41|4.53|2.59|1.26|1.07|1.73|0.87|1.02|0.85|0.42
2026-10-07,2026-10-07T21:09:06Z,leaders,v3,Software - Application,IDCC,IDCC,Interdigital Inc,Software - Application,USA,8.54B,38.17,"144,391",330.80,-2.50%,Jul 30/b,RUT,35.75,33.73,10.83,15.39,18.48,9.91,26.40%,14.47%,24.66%,0.02,0.33,13.18%,8.67,1.34,-23.11%,1.98%,56.57%,52.24%,1.06%,22.13%,18.36%,-13.45%,-36.56%,-35.06%,-11.66%,78.66%,43.77%,38.32%,-2.60%,2.55%,1.45%,-2.97%,24.23%,-4.10%,3.90%,-2.95%,310.42%,10.89,3.25%,1.48,-0.46%,-0.54%,4.21%,49.51,225.10K,0.64,339.29,333.57,337.51,329.28,1.00,462.67,Sep-09,InterDigital Declares Increase in Quarterly Cash Dividend,https://finviz.com/news/390489/interdigital-declares-increase-in-quarterly-cash-dividend,No clear catalyst identified; InterDigital's 4.25% gain outpaced a largely flat Nasdaq session,Technology,7.61,7.82B,1.74,1.74,788.50M,302.18M,107.05%,382.08%,3.74%,-19.83%,32.78%,-0.83%,-1.69%,22.92%,276.40%,81.81%,sustained_strength,9,44.0,24.0,8.0,12.0,0.5941905040771975,0.6608391608391608,0.7847222222222222,0.0944055944055944,0.7194055944055945,0.8991454188681401,0.1585081585081584,0.6666666666666666,1.0,0.6666666666666666,0.3333333333333333,0.0,0.4526060606060605,-0.16492364553713923,-0.0046212577858148725,-0.005429318318922147,0.7557392102846665,0,1,1.47|0.57|0.51|1.47|0.93|1.08|0.79|1.13|0.96|0.76,11.74|11.36|10.95|11.44|11.38|11.45|11.26|11.20|11.47|10.89,0.57|0.53|0.75|0.68|0.61|0.66|0.39|1.16|0.82|0.64
2026-10-07,2026-10-07T21:09:06Z,emerging,v3,Software - Application,IDCC,IDCC,Interdigital Inc,Software - Application,USA,8.54B,38.17,"144,391",330.80,-2.50%,Jul 30/b,RUT,35.75,33.73,10.83,15.39,18.48,9.91,26.40%,14.47%,24.66%,0.02,0.33,13.18%,8.67,1.34,-23.11%,1.98%,56.57%,52.24%,1.06%,22.13%,18.36%,-13.45%,-36.56%,-35.06%,-11.66%,78.66%,43.77%,38.32%,-2.60%,2.55%,1.45%,-2.97%,24.23%,-4.10%,3.90%,-2.95%,310.42%,10.89,3.25%,1.48,-0.46%,-0.54%,4.21%,49.51,225.10K,0.64,339.29,333.57,337.51,329.28,1.00,462.67,Sep-09,InterDigital Declares Increase in Quarterly Cash Dividend,https://finviz.com/news/390489/interdigital-declares-increase-in-quarterly-cash-dividend,No clear catalyst identified; InterDigital's 4.25% gain outpaced a largely flat Nasdaq session,Technology,7.61,7.82B,1.74,1.74,788.50M,302.18M,107.05%,382.08%,3.74%,-19.83%,32.78%,-0.83%,-1.69%,22.92%,276.40%,81.81%,emerging,1,44.0,24.0,8.0,12.0,0.5941905040771975,0.6608391608391608,0.7847222222222222,0.0944055944055944,0.7194055944055945,0.8991454188681401,0.1585081585081584,0.6666666666666666,1.0,0.6666666666666666,0.3333333333333333,0.0,0.4526060606060605,-0.16492364553713923,-0.0046212577858148725,-0.005429318318922147,0.7557392102846665,0,1,1.47|0.57|0.51|1.47|0.93|1.08|0.79|1.13|0.96|0.76,11.74|11.36|10.95|11.44|11.38|11.45|11.26|11.20|11.47|10.89,0.57|0.53|0.75|0.68|0.61|0.66|0.39|1.16|0.82|0.64
2026-10-07,2026-10-07T21:09:06Z,leaders,v3,Software - Application,PCOR,PCOR,Procore Technologies Inc,Software - Application,USA,8.33B,-,"2,990,803",54.80,0.75%,Jul 29/a,-,22.30,0.76,5.85,29.76,118.23,5.42,-3.12%,-1.83%,-2.91%,0.05,0.05,-,-0.26,0.46,23.61%,46.21%,31.66%,28.36%,29.52%,22.46%,27.00%,15.83%,178.64%,73.03%,15.41%,79.38%,-3.60%,-2.73%,-1.59%,-3.25%,5.96%,-2.46%,24.49%,0.22%,-24.66%,-23.26%,-21.26%,2.30,4.12%,0.79,5.44%,-2.31%,0.44%,55.19,3.08M,0.97,54.39,54.04,55.26,53.59,1.62,68.19,Sep-28,Piper Sandler Names Top Industrial Software Stocks Amid Market Shift,https://finance.yahoo.com/markets/stocks/articles/piper-sandler-names-top-industrial-160554366.html,PTC buyout reprices engineering-software peers as Procore gains 7% after opening gap,Technology,12.11,7.71B,1.17,1.17,1.42B,-38.88M,88.85%,-40.52%,4.15%,-33.43%,44.10%,1.41%,-0.64%,-,12.82%,2.57%,sustained_strength,9,44.0,24.0,8.0,12.0,0.5941905040771975,0.6608391608391608,0.7847222222222222,0.0944055944055944,0.7194055944055945,0.8991454188681401,0.1585081585081584,0.6666666666666666,1.0,0.6666666666666666,0.3333333333333333,0.0,0.4526060606060605,-0.5633970812730599,0.05159332321699539,-0.023646227863650324,0.7260869565217368,0,0,1.19|0.66|0.65|0.98|0.65|0.70|1.18|0.96|0.52|0.73,2.64|2.57|2.50|2.50|2.43|2.44|2.56|2.50|2.54|2.30,1.17|0.44|0.68|0.46|0.72|0.61|0.93|0.57|0.68|0.97
2026-10-07,2026-10-07T21:09:06Z,emerging,v3,Software - Application,PCOR,PCOR,Procore Technologies Inc,Software - Application,USA,8.33B,-,"2,990,803",54.80,0.75%,Jul 29/a,-,22.30,0.76,5.85,29.76,118.23,5.42,-3.12%,-1.83%,-2.91%,0.05,0.05,-,-0.26,0.46,23.61%,46.21%,31.66%,28.36%,29.52%,22.46%,27.00%,15.83%,178.64%,73.03%,15.41%,79.38%,-3.60%,-2.73%,-1.59%,-3.25%,5.96%,-2.46%,24.49%,0.22%,-24.66%,-23.26%,-21.26%,2.30,4.12%,0.79,5.44%,-2.31%,0.44%,55.19,3.08M,0.97,54.39,54.04,55.26,53.59,1.62,68.19,Sep-28,Piper Sandler Names Top Industrial Software Stocks Amid Market Shift,https://finance.yahoo.com/markets/stocks/articles/piper-sandler-names-top-industrial-160554366.html,PTC buyout reprices engineering-software peers as Procore gains 7% after opening gap,Technology,12.11,7.71B,1.17,1.17,1.42B,-38.88M,88.85%,-40.52%,4.15%,-33.43%,44.10%,1.41%,-0.64%,-,12.82%,2.57%,emerging,1,44.0,24.0,8.0,12.0,0.5941905040771975,0.6608391608391608,0.7847222222222222,0.0944055944055944,0.7194055944055945,0.8991454188681401,0.1585081585081584,0.6666666666666666,1.0,0.6666666666666666,0.3333333333333333,0.0,0.4526060606060605,-0.5633970812730599,0.05159332321699539,-0.023646227863650324,0.7260869565217368,0,0,1.19|0.66|0.65|0.98|0.65|0.70|1.18|0.96|0.52|0.73,2.64|2.57|2.50|2.50|2.43|2.44|2.56|2.50|2.54|2.30,1.17|0.44|0.68|0.46|0.72|0.61|0.93|0.57|0.68|0.97
2026-10-07,2026-10-07T21:09:06Z,leaders,v3,Software - Application,PCTY,PCTY,Paylocity Holding Corp,Software - Application,USA,7.85B,29.95,"571,066",148.02,1.27%,Aug 04/a,-,15.23,1.48,4.43,15.80,15.31,4.36,21.97%,5.82%,20.06%,0.10,0.11,-,4.94,1.93,6.43%,9.90%,25.56%,31.39%,10.32%,14.68%,22.75%,10.98%,29.34%,22.52%,11.04%,68.30%,22.14%,15.23%,-1.43%,1.16%,3.82%,3.13%,26.93%,44.52%,-2.94%,-3.40%,-27.12%,4.38,2.79%,0.47,2.16%,0.41%,18.40%,55.07,692.07K,0.83,146.16,146.55,149.93,146.08,1.52,173.37,Oct-05,Leslie Womble is Vinson & Elkins New Chief Talent Officer,https://finance.yahoo.com/small-business/articles/leslie-womble-vinson-elkins-chief-161928607.html,Paylocity announces the New York Jets have selected its platform as the franchise’s official HCM solution and named the company an official team partner.,Technology,28.88,7.71B,1.05,1.05,1.77B,269.74M,88.06%,-47.22%,2.46%,-8.59%,59.18%,1.00%,0.27%,-,13.78%,3.08%,sustained_strength,9,44.0,24.0,8.0,12.0,0.5941905040771975,0.6608391608391608,0.7847222222222222,0.0944055944055944,0.7194055944055945,0.8991454188681401,0.1585081585081584,0.6666666666666666,1.0,0.6666666666666666,0.3333333333333333,0.0,0.4526060606060605,0.13799176799778676,0.0211433046202036,0.0040832586395778,0.878995433789953,1,0,0.94|0.35|0.85|1.22|0.53|1.10|0.91|0.75|1.00|0.88,5.62|5.35|5.29|5.38|5.19|5.23|5.29|5.22|5.07|4.38,0.79|0.61|1.37|0.74|0.50|0.63|0.76|1.01|0.79|0.83
2026-10-07,2026-10-07T21:09:06Z,emerging,v3,Software - Application,PCTY,PCTY,Paylocity Holding Corp,Software - Application,USA,7.85B,29.95,"571,066",148.02,1.27%,Aug 04/a,-,15.23,1.48,4.43,15.80,15.31,4.36,21.97%,5.82%,20.06%,0.10,0.11,-,4.94,1.93,6.43%,9.90%,25.56%,31.39%,10.32%,14.68%,22.75%,10.98%,29.34%,22.52%,11.04%,68.30%,22.14%,15.23%,-1.43%,1.16%,3.82%,3.13%,26.93%,44.52%,-2.94%,-3.40%,-27.12%,4.38,2.79%,0.47,2.16%,0.41%,18.40%,55.07,692.07K,0.83,146.16,146.55,149.93,146.08,1.52,173.37,Oct-05,Leslie Womble is Vinson & Elkins New Chief Talent Officer,https://finance.yahoo.com/small-business/articles/leslie-womble-vinson-elkins-chief-161928607.html,Paylocity announces the New York Jets have selected its platform as the franchise’s official HCM solution and named the company an official team partner.,Technology,28.88,7.71B,1.05,1.05,1.77B,269.74M,88.06%,-47.22%,2.46%,-8.59%,59.18%,1.00%,0.27%,-,13.78%,3.08%,emerging,1,44.0,24.0,8.0,12.0,0.5941905040771975,0.6608391608391608,0.7847222222222222,0.0944055944055944,0.7194055944055945,0.8991454188681401,0.1585081585081584,0.6666666666666666,1.0,0.6666666666666666,0.3333333333333333,0.0,0.4526060606060605,0.13799176799778676,0.0211433046202036,0.0040832586395778,0.878995433789953,1,0,0.94|0.35|0.85|1.22|0.53|1.10|0.91|0.75|1.00|0.88,5.62|5.35|5.29|5.38|5.19|5.23|5.29|5.22|5.07|4.38,0.79|0.61|1.37|0.74|0.50|0.63|0.76|1.01|0.79|0.83
2026-10-07,2026-10-07T21:09:06Z,leaders,v3,Software - Application,DUOL,DUOL,Duolingo Inc,Software - Application,USA,7.10B,18.20,"922,483",151.72,2.42%,Aug 05/a,-,45.06,-,6.20,17.40,32.90,5.13,34.42%,22.72%,27.46%,0.06,0.06,-,8.34,0.57,-67.76%,22.31%,-,-,-21.12%,41.08%,45.03%,18.31%,-27.49%,241.66%,29.36%,72.22%,14.21%,35.87%,-2.09%,1.94%,6.54%,3.64%,16.75%,66.62%,-13.55%,-52.58%,-7.62%,6.71,4.53%,1.07,3.83%,5.74%,19.61%,56.27,1.15M,0.80,148.13,146.89,153.56,146.81,2.70,134.29,8 hours,Baillie Gifford sees CoStar and Duolingo stocks rebounding,https://finance.yahoo.com/markets/stocks/articles/baillie-gifford-sees-costar-duolingo-121538692.html,"Evercore ISI’s Mark Mahaney upgrades Duolingo to Outperform, doubles price target to $210 on higher long-term EPS outlook",Technology,5.40,5.87B,2.72,2.72,1.15B,410.77M,85.61%,-3.28%,2.96%,-57.02%,72.62%,3.29%,-0.84%,-,9.31%,0.97%,sustained_strength,9,44.0,24.0,8.0,12.0,0.5941905040771975,0.6608391608391608,0.7847222222222222,0.0944055944055944,0.7194055944055945,0.8991454188681401,0.1585081585081584,0.6666666666666666,1.0,0.6666666666666666,0.3333333333333333,0.0,0.4526060606060605,1.2274191652499689,0.036887219493402644,0.05428409305844511,1.0059612518628913,1,0,1.27|0.55|1.55|0.68|1.22|0.55|1.01,7.89|7.64|7.98|7.83|8.04|7.85|6.71,1.63|0.98|1.10|0.81|1.14|0.90|0.80
2026-10-07,2026-10-07T21:09:06Z,emerging,v3,Software - Application,DUOL,DUOL,Duolingo Inc,Software - Application,USA,7.10B,18.20,"922,483",151.72,2.42%,Aug 05/a,-,45.06,-,6.20,17.40,32.90,5.13,34.42%,22.72%,27.46%,0.06,0.06,-,8.34,0.57,-67.76%,22.31%,-,-,-21.12%,41.08%,45.03%,18.31%,-27.49%,241.66%,29.36%,72.22%,14.21%,35.87%,-2.09%,1.94%,6.54%,3.64%,16.75%,66.62%,-13.55%,-52.58%,-7.62%,6.71,4.53%,1.07,3.83%,5.74%,19.61%,56.27,1.15M,0.80,148.13,146.89,153.56,146.81,2.70,134.29,8 hours,Baillie Gifford sees CoStar and Duolingo stocks rebounding,https://finance.yahoo.com/markets/stocks/articles/baillie-gifford-sees-costar-duolingo-121538692.html,"Evercore ISI’s Mark Mahaney upgrades Duolingo to Outperform, doubles price target to $210 on higher long-term EPS outlook",Technology,5.40,5.87B,2.72,2.72,1.15B,410.77M,85.61%,-3.28%,2.96%,-57.02%,72.62%,3.29%,-0.84%,-,9.31%,0.97%,emerging,1,44.0,24.0,8.0,12.0,0.5941905040771975,0.6608391608391608,0.7847222222222222,0.0944055944055944,0.7194055944055945,0.8991454188681401,0.1585081585081584,0.6666666666666666,1.0,0.6666666666666666,0.3333333333333333,0.0,0.4526060606060605,1.2274191652499689,0.036887219493402644,0.05428409305844511,1.0059612518628913,1,0,1.27|0.55|1.55|0.68|1.22|0.55|1.01,7.89|7.64|7.98|7.83|8.04|7.85|6.71,1.63|0.98|1.10|0.81|1.14|0.90|0.80
2026-10-07,2026-10-07T21:09:06Z,leaders,v3,Software - Application,APPF,APPF,Appfolio Inc,Software - Application,USA,6.98B,44.90,"542,059",196.97,-3.12%,Jul 23/a,-,23.38,0.92,6.70,25.84,33.08,6.52,32.09%,25.91%,28.29%,0.06,0.07,-,4.39,1.79,30.43%,22.13%,-,-2.64%,25.28%,26.31%,25.12%,19.34%,17.88%,-21.24%,20.66%,61.56%,17.52%,15.13%,-1.82%,7.12%,-1.77%,-4.39%,12.36%,27.36%,-15.34%,-17.76%,1.86%,8.25,3.59%,0.88,-5.27%,-5.45%,6.32%,40.32,366.16K,1.48,203.31,195.60,199.44,189.77,1.45,241.57,3 hours,AppFolio downgraded by UBS as share recovery leaves less upside,https://finance.yahoo.com/markets/stocks/articles/appfolio-downgraded-ubs-share-recovery-174500943.html,"UBS downgrades AppFolio to Neutral from Buy while raising its price target to $220, citing valuation after the stock’s 40% rally since June.",Technology,31.43,6.79B,3.69,3.69,1.04B,157.53M,65.72%,54.06%,3.75%,-25.68%,38.17%,0.70%,-3.79%,-,1.15%,1.36%,sustained_strength,9,44.0,24.0,8.0,12.0,0.5941905040771975,0.6608391608391608,0.7847222222222222,0.0944055944055944,0.7194055944055945,0.8991454188681401,0.1585081585081584,0.6666666666666666,1.0,0.6666666666666666,0.3333333333333333,0.0,0.4526060606060605,-1.3761985801964631,-0.05563179562968431,-0.0576414595452141,1.1721212121212106,0,0,0.71|1.19|0.49|1.39|0.67|1.21|1.29|0.95|1.03|1.17,8.73|8.86|8.14|8.40|8.19|8.32|8.91|8.83|8.90|8.25,0.59|0.98|1.17|0.81|0.69|0.80|0.90|0.68|0.75|1.48
2026-10-07,2026-10-07T21:09:06Z,emerging,v3,Software - Application,APPF,APPF,Appfolio Inc,Software - Application,USA,6.98B,44.90,"542,059",196.97,-3.12%,Jul 23/a,-,23.38,0.92,6.70,25.84,33.08,6.52,32.09%,25.91%,28.29%,0.06,0.07,-,4.39,1.79,30.43%,22.13%,-,-2.64%,25.28%,26.31%,25.12%,19.34%,17.88%,-21.24%,20.66%,61.56%,17.52%,15.13%,-1.82%,7.12%,-1.77%,-4.39%,12.36%,27.36%,-15.34%,-17.76%,1.86%,8.25,3.59%,0.88,-5.27%,-5.45%,6.32%,40.32,366.16K,1.48,203.31,195.60,199.44,189.77,1.45,241.57,3 hours,AppFolio downgraded by UBS as share recovery leaves less upside,https://finance.yahoo.com/markets/stocks/articles/appfolio-downgraded-ubs-share-recovery-174500943.html,"UBS downgrades AppFolio to Neutral from Buy while raising its price target to $220, citing valuation after the stock’s 40% rally since June.",Technology,31.43,6.79B,3.69,3.69,1.04B,157.53M,65.72%,54.06%,3.75%,-25.68%,38.17%,0.70%,-3.79%,-,1.15%,1.36%,emerging,1,44.0,24.0,8.0,12.0,0.5941905040771975,0.6608391608391608,0.7847222222222222,0.0944055944055944,0.7194055944055945,0.8991454188681401,0.1585081585081584,0.6666666666666666,1.0,0.6666666666666666,0.3333333333333333,0.0,0.4526060606060605,-1.3761985801964631,-0.05563179562968431,-0.0576414595452141,1.1721212121212106,0,0,0.71|1.19|0.49|1.39|0.67|1.21|1.29|0.95|1.03|1.17,8.73|8.86|8.14|8.40|8.19|8.32|8.91|8.83|8.90|8.25,0.59|0.98|1.17|0.81|0.69|0.80|0.90|0.68|0.75|1.48
2026-10-07,2026-10-07T21:09:06Z,leaders,v3,Software - Application,TTAN,TTAN,ServiceTitan Inc,Software - Application,USA,6.92B,-,"2,212,579",71.74,4.47%,Sep 08/a,RUT,43.36,1.69,6.50,51.69,-,6.09,-8.34%,-7.19%,-7.86%,0.02,0.03,-,-1.37,0.26,33.05%,21.91%,18.07%,-,25.62%,27.13%,-,20.91%,26.03%,61.40%,22.90%,68.78%,-12.60%,-12.12%,-1.50%,9.81%,9.04%,-12.06%,-9.69%,15.49%,-32.64%,-27.83%,-,4.25,6.82%,0.35,16.63%,-8.12%,-3.83%,53.75,2.28M,0.97,68.67,69.05,73.11,68.88,1.29,97.53,Oct-06,ServiceTitan Announcing New and Expanded Capabilities at Pantheon 2026,https://finviz.com/news/399071/servicetitan-announcing-new-and-expanded-capabilities-at-pantheon-2026,"ServiceTitan rolls out AI-powered Max package for all residential in-home contractors, launches limited Max pilot for commercial and roofing customers",Technology,14.43,6.49B,4.44,4.44,1.06B,-129.00M,67.73%,-,4.87%,-35.58%,35.36%,3.90%,0.55%,-,14.22%,2.40%,sustained_strength,9,44.0,24.0,8.0,12.0,0.5941905040771975,0.6608391608391608,0.7847222222222222,0.0944055944055944,0.7194055944055945,0.8991454188681401,0.1585081585081584,0.6666666666666666,1.0,0.6666666666666666,0.3333333333333333,0.0,0.4526060606060605,-1.4917892903787533,0.1425876704107006,-0.08837614279494985,0.9952941176470598,0,0,1.10|0.97|1.37|1.01|0.44|0.86|1.01|0.74|0.82|1.00,4.70|4.69|4.97|4.97|4.77|4.71|4.72|4.67|4.72|4.25,0.57|0.38|1.32|0.83|0.47|0.51|0.55|0.64|0.92|0.97
2026-10-07,2026-10-07T21:09:06Z,emerging,v3,Software - Application,TTAN,TTAN,ServiceTitan Inc,Software - Application,USA,6.92B,-,"2,212,579",71.74,4.47%,Sep 08/a,RUT,43.36,1.69,6.50,51.69,-,6.09,-8.34%,-7.19%,-7.86%,0.02,0.03,-,-1.37,0.26,33.05%,21.91%,18.07%,-,25.62%,27.13%,-,20.91%,26.03%,61.40%,22.90%,68.78%,-12.60%,-12.12%,-1.50%,9.81%,9.04%,-12.06%,-9.69%,15.49%,-32.64%,-27.83%,-,4.25,6.82%,0.35,16.63%,-8.12%,-3.83%,53.75,2.28M,0.97,68.67,69.05,73.11,68.88,1.29,97.53,Oct-06,ServiceTitan Announcing New and Expanded Capabilities at Pantheon 2026,https://finviz.com/news/399071/servicetitan-announcing-new-and-expanded-capabilities-at-pantheon-2026,"ServiceTitan rolls out AI-powered Max package for all residential in-home contractors, launches limited Max pilot for commercial and roofing customers",Technology,14.43,6.49B,4.44,4.44,1.06B,-129.00M,67.73%,-,4.87%,-35.58%,35.36%,3.90%,0.55%,-,14.22%,2.40%,emerging,1,44.0,24.0,8.0,12.0,0.5941905040771975,0.6608391608391608,0.7847222222222222,0.0944055944055944,0.7194055944055945,0.8991454188681401,0.1585081585081584,0.6666666666666666,1.0,0.6666666666666666,0.3333333333333333,0.0,0.4526060606060605,-1.4917892903787533,0.1425876704107006,-0.08837614279494985,0.9952941176470598,0,0,1.10|0.97|1.37|1.01|0.44|0.86|1.01|0.74|0.82|1.00,4.70|4.69|4.97|4.97|4.77|4.71|4.72|4.67|4.72|4.25,0.57|0.38|1.32|0.83|0.47|0.51|0.55|0.64|0.92|0.97
2026-10-07,2026-10-07T21:09:06Z,leaders,v3,Software - Application,DSGX,DSGX,Descartes Systems Group Inc,Software - Application,Canada,6.85B,37.22,"542,390",80.07,1.84%,Sep 10/a,-,29.79,1.74,8.84,23.12,18.95,8.33,11.95%,10.12%,11.39%,0.00,0.00,-,2.15,0.59,24.27%,15.65%,16.50%,24.80%,17.09%,14.47%,15.89%,11.84%,32.39%,26.46%,13.20%,67.69%,33.24%,24.25%,0.00%,-1.73%,-0.98%,5.97%,11.47%,18.94%,-8.66%,-15.80%,8.12%,2.81,3.90%,0.67,1.34%,2.26%,7.34%,53.29,585.05K,0.93,78.62,78.36,81.08,78.36,1.29,102.00,Oct-06,Descartes Unveils Next Step in Supply Chain AI with Agent Control Plane,https://finviz.com/news/399036/descartes-unveils-next-step-in-supply-chain-ai-with-agent-control-plane,"Descartes Systems launches Descartes Agent Control Plane, an AI-powered platform on its Global Logistics Network",Technology,17.08,6.46B,2.02,2.02,775.17M,188.01M,84.67%,-1.00%,3.37%,-18.59%,28.00%,2.18%,-0.33%,-,3.07%,0.83%,sustained_strength,9,44.0,24.0,8.0,12.0,0.5941905040771975,0.6608391608391608,0.7847222222222222,0.0944055944055944,0.7194055944055945,0.8991454188681401,0.1585081585081584,0.6666666666666666,1.0,0.6666666666666666,0.3333333333333333,0.0,0.4526060606060605,0.6297470755237676,0.01322281428853378,0.02210052806571484,0.9679715302491099,1,,1.14|1.46|0.70|0.97,2.78|3.30|3.21|2.81,1.02|2.28|0.91|0.93
2026-10-07,2026-10-07T21:09:06Z,emerging,v3,Software - Application,DSGX,DSGX,Descartes Systems Group Inc,Software - Application,Canada,6.85B,37.22,"542,390",80.07,1.84%,Sep 10/a,-,29.79,1.74,8.84,23.12,18.95,8.33,11.95%,10.12%,11.39%,0.00,0.00,-,2.15,0.59,24.27%,15.65%,16.50%,24.80%,17.09%,14.47%,15.89%,11.84%,32.39%,26.46%,13.20%,67.69%,33.24%,24.25%,0.00%,-1.73%,-0.98%,5.97%,11.47%,18.94%,-8.66%,-15.80%,8.12%,2.81,3.90%,0.67,1.34%,2.26%,7.34%,53.29,585.05K,0.93,78.62,78.36,81.08,78.36,1.29,102.00,Oct-06,Descartes Unveils Next Step in Supply Chain AI with Agent Control Plane,https://finviz.com/news/399036/descartes-unveils-next-step-in-supply-chain-ai-with-agent-control-plane,"Descartes Systems launches Descartes Agent Control Plane, an AI-powered platform on its Global Logistics Network",Technology,17.08,6.46B,2.02,2.02,775.17M,188.01M,84.67%,-1.00%,3.37%,-18.59%,28.00%,2.18%,-0.33%,-,3.07%,0.83%,emerging,1,44.0,24.0,8.0,12.0,0.5941905040771975,0.6608391608391608,0.7847222222222222,0.0944055944055944,0.7194055944055945,0.8991454188681401,0.1585081585081584,0.6666666666666666,1.0,0.6666666666666666,0.3333333333333333,0.0,0.4526060606060605,0.6297470755237676,0.01322281428853378,0.02210052806571484,0.9679715302491099,1,,1.14|1.46|0.70|0.97,2.78|3.30|3.21|2.81,1.02|2.28|0.91|0.93
2026-10-07,2026-10-07T21:09:06Z,leaders,v3,Software - Application,NICE,NICE,NICE Ltd ADR,Software - Application,Israel,6.80B,16.82,"444,610",116.42,0.95%,Aug 05/b,-,9.14,1.12,2.20,10.48,7.96,2.11,11.41%,8.21%,11.12%,0.02,0.02,-,6.92,2.78,-9.12%,13.89%,32.88%,25.27%,8.15%,10.97%,12.34%,7.19%,-52.94%,-18.39%,8.08%,65.12%,18.91%,13.87%,-,2.15%,4.63%,14.73%,18.97%,6.94%,2.99%,-13.86%,-31.48%,4.86,4.41%,0.78,5.61%,10.43%,10.91%,60.06,556.88K,0.80,115.33,115.81,118.20,114.91,1.81,129.67,Oct-01,NiCE Named a Leader in the IDC MarketScape for Worldwide Agentic Contact Center-as-a-Service Platforms,https://finviz.com/news/397669/nice-named-a-leader-in-the-idc-marketscape-for-worldwide-agentic-contact-center-as-a-service-platforms,Oppenheimer upgrades NICE to Outperform with $150 target on improved AI platform and rising AI agent demand,Technology,18.98,6.53B,1.33,1.33,3.09B,428.37M,60.96%,-55.94%,3.72%,-16.95%,40.10%,0.53%,0.42%,-,2.27%,2.09%,sustained_strength,9,44.0,24.0,8.0,12.0,0.5941905040771975,0.6608391608391608,0.7847222222222222,0.0944055944055944,0.7194055944055945,0.8991454188681401,0.1585081585081584,0.6666666666666666,1.0,0.6666666666666666,0.3333333333333333,0.0,0.4526060606060605,2.262499864912656,0.05311996969983911,0.09444897219958348,0.6769547325102893,1,,1.54|1.05|0.68,4.07|4.06|4.86,0.97|0.72|0.80
2026-10-07,2026-10-07T21:09:06Z,emerging,v3,Software - Application,NICE,NICE,NICE Ltd ADR,Software - Application,Israel,6.80B,16.82,"444,610",116.42,0.95%,Aug 05/b,-,9.14,1.12,2.20,10.48,7.96,2.11,11.41%,8.21%,11.12%,0.02,0.02,-,6.92,2.78,-9.12%,13.89%,32.88%,25.27%,8.15%,10.97%,12.34%,7.19%,-52.94%,-18.39%,8.08%,65.12%,18.91%,13.87%,-,2.15%,4.63%,14.73%,18.97%,6.94%,2.99%,-13.86%,-31.48%,4.86,4.41%,0.78,5.61%,10.43%,10.91%,60.06,556.88K,0.80,115.33,115.81,118.20,114.91,1.81,129.67,Oct-01,NiCE Named a Leader in the IDC MarketScape for Worldwide Agentic Contact Center-as-a-Service Platforms,https://finviz.com/news/397669/nice-named-a-leader-in-the-idc-marketscape-for-worldwide-agentic-contact-center-as-a-service-platforms,Oppenheimer upgrades NICE to Outperform with $150 target on improved AI platform and rising AI agent demand,Technology,18.98,6.53B,1.33,1.33,3.09B,428.37M,60.96%,-55.94%,3.72%,-16.95%,40.10%,0.53%,0.42%,-,2.27%,2.09%,emerging,1,44.0,24.0,8.0,12.0,0.5941905040771975,0.6608391608391608,0.7847222222222222,0.0944055944055944,0.7194055944055945,0.8991454188681401,0.1585081585081584,0.6666666666666666,1.0,0.6666666666666666,0.3333333333333333,0.0,0.4526060606060605,2.262499864912656,0.05311996969983911,0.09444897219958348,0.6769547325102893,1,,1.54|1.05|0.68,4.07|4.06|4.86,0.97|0.72|0.80
2026-10-07,2026-10-07T21:09:06Z,leaders,v3,Software - Application,RNG,RNG,RingCentral Inc,Software - Application,USA,6.39B,60.96,"1,087,767",76.54,-0.93%,Jul 23/a,-,13.69,1.11,2.47,11.22,17.53,2.96,-,7.38%,16.05%,-,-,-,1.26,1.28,15.44%,11.10%,-,-,12.29%,8.15%,16.27%,5.90%,215.14%,1070.33%,5.22%,72.02%,7.43%,4.27%,-1.49%,1.35%,2.46%,9.05%,86.96%,104.22%,165.03%,182.02%,154.88%,3.22,4.44%,1.08,1.39%,10.27%,70.45%,56.87,1.86M,0.59,77.26,76.88,78.13,76.32,2.56,57.46,Sep-21,How Far Could Zoom Communications Stock Fall In A Real Market Shock?,https://finance.yahoo.com/markets/stocks/articles/far-could-zoom-communications-stock-195415457.html,RingCentral partners with New York Mets to replace legacy phone system with RingEX and RingCX cloud platforms,Technology,57.32,7.64B,0.87,0.87,2.58B,110.26M,104.76%,-65.40%,4.04%,-6.55%,217.07%,-0.44%,-0.49%,-,4.76%,1.00%,sustained_strength,9,44.0,24.0,8.0,12.0,0.5941905040771975,0.6608391608391608,0.7847222222222222,0.0944055944055944,0.7194055944055945,0.8991454188681401,0.1585081585081584,0.6666666666666666,1.0,0.6666666666666666,0.3333333333333333,0.0,0.4526060606060605,2.2138370695982266,0.013709438800670652,0.09313503219370643,0.5621118012422367,1,,,,
2026-10-07,2026-10-07T21:09:06Z,emerging,v3,Software - Application,RNG,RNG,RingCentral Inc,Software - Application,USA,6.39B,60.96,"1,087,767",76.54,-0.93%,Jul 23/a,-,13.69,1.11,2.47,11.22,17.53,2.96,-,7.38%,16.05%,-,-,-,1.26,1.28,15.44%,11.10%,-,-,12.29%,8.15%,16.27%,5.90%,215.14%,1070.33%,5.22%,72.02%,7.43%,4.27%,-1.49%,1.35%,2.46%,9.05%,86.96%,104.22%,165.03%,182.02%,154.88%,3.22,4.44%,1.08,1.39%,10.27%,70.45%,56.87,1.86M,0.59,77.26,76.88,78.13,76.32,2.56,57.46,Sep-21,How Far Could Zoom Communications Stock Fall In A Real Market Shock?,https://finance.yahoo.com/markets/stocks/articles/far-could-zoom-communications-stock-195415457.html,RingCentral partners with New York Mets to replace legacy phone system with RingEX and RingCX cloud platforms,Technology,57.32,7.64B,0.87,0.87,2.58B,110.26M,104.76%,-65.40%,4.04%,-6.55%,217.07%,-0.44%,-0.49%,-,4.76%,1.00%,emerging,1,44.0,24.0,8.0,12.0,0.5941905040771975,0.6608391608391608,0.7847222222222222,0.0944055944055944,0.7194055944055945,0.8991454188681401,0.1585081585081584,0.6666666666666666,1.0,0.6666666666666666,0.3333333333333333,0.0,0.4526060606060605,2.2138370695982266,0.013709438800670652,0.09313503219370643,0.5621118012422367,1,,,,
2026-10-07,2026-10-07T21:09:06Z,leaders,v3,Department Stores,DDS,DDS,Dillard's Inc,Department Stores,USA,10.14B,14.87,"190,033",649.38,-0.90%,Aug 13/b,-,18.94,189.44,1.54,15.97,10.24,1.42,33.75%,18.34%,27.40%,0.17,0.22,12.89%,43.67,8.08,15.50%,-13.04%,-10.50%,-,0.10%,-2.11%,8.16%,-0.36%,34.15%,20.42%,0.21%,38.52%,11.11%,10.33%,-0.01%,3.12%,-3.08%,0.66%,27.23%,8.82%,7.10%,10.64%,151.11%,27.24,3.95%,0.99,-0.63%,2.60%,7.44%,50.23,161.19K,1.18,655.25,644.81,664.51,644.81,4.00,545.67,Oct-05,Dillard's Introduces Hadley Greene x Gianni Bini Fall 2026 Collaboration,https://finviz.com/news/398621/dillards-introduces-hadley-greene-x-gianni-bini-fall-2026-collaboration,No clear catalyst identified; Dillard’s 6.3% rally coincides with TXSE trading debut,Consumer Cyclical,8.05,9.34B,3.03,1.58,6.60B,681.75M,53.63%,311.99%,6.16%,-8.72%,29.09%,0.71%,-1.59%,11.20%,3.38%,-0.05%,sustained_strength,10,44.0,20.0,9.0,15.0,0.6722305551636043,0.7202797202797203,0.8611111111111112,0.0606060606060605,0.7666083916083914,0.9332909649358778,-0.2622377622377624,0.6666666666666666,1.0,0.6666666666666666,0.3333333333333333,0.0,-0.3336969696969697,0.6041124593176539,-0.00633994163228335,0.02534113060428854,0.7232011747430267,1,0,0.83|0.83|0.81|1.16|0.56|1.45|1.42|0.81|1.77|0.72,23.04|23.51|22.02|22.30|21.57|22.34|23.10|22.77|24.21|27.24,1.79|0.75|0.74|1.28|2.21|1.65|2.56|1.16|0.28|1.18
2026-10-07,2026-10-07T21:09:06Z,leaders,v3,Department Stores,M,M,Macy's Inc,Department Stores,USA,5.95B,8.33,"11,329,747",22.79,1.47%,Sep 10/b,-,9.59,3.50,0.26,4.21,5.27,0.43,15.99%,4.80%,7.49%,1.03,1.03,13.00%,2.74,-0.18,0.06%,2.42%,-17.84%,-,2.74%,-3.85%,4.56%,1.20%,97.15%,58.61%,0.34%,38.87%,4.28%,3.29%,-9.14%,-1.82%,0.09%,1.51%,0.49%,24.26%,3.36%,28.25%,105.13%,0.84,3.93%,1.42,1.95%,-1.29%,5.63%,52.01,5.65M,2.00,22.46,22.02,23.06,21.45,2.88,23.10,Oct-06,Most Memecoins Die Within a Year After Their Peak,https://finance.yahoo.com/markets/crypto/articles/most-memecoins-die-within-peak-160100459.html,"Macy’s formally expands its partnership with DoorDash, adding its merchandise to the DoorDash marketplace and return service for rapid delivery and pickups in the U.S.",Consumer Cyclical,4.60,9.75B,1.59,0.48,22.78B,750.00M,99.70%,1.15%,3.02%,-14.27%,38.88%,3.50%,-1.96%,15.02%,69.99%,1.27%,sustained_strength,10,44.0,20.0,9.0,15.0,0.6722305551636043,0.7202797202797203,0.8611111111111112,0.0606060606060605,0.7666083916083914,0.9332909649358778,-0.2622377622377624,0.6666666666666666,1.0,0.6666666666666666,0.3333333333333333,0.0,-0.3336969696969697,-0.3545631503538514,0.019127023050515,-0.013068584743187152,1.916666666666666,0,0,0.74|0.66|0.57|1.27|0.70|1.17|0.76|0.57|0.97|1.92,0.94|0.87|0.83|0.84|0.83|0.84|0.82|0.79|0.79|0.84,1.15|0.81|0.86|1.17|1.19|1.30|1.35|0.82|1.27|2.00
2026-10-07,2026-10-07T21:09:06Z,leaders,v3,Department Stores,KSS,KSS,Kohl's Corp,Department Stores,USA,2.28B,8.78,"5,034,328",20.12,2.50%,Aug 26/b,RUT,12.58,6.42,0.15,2.21,6.10,0.51,6.67%,2.01%,2.60%,1.50,1.54,-6.51%,2.29,0.01,30.67%,-24.42%,-,-,1.96%,-4.98%,-0.54%,-0.87%,-4.65%,28.86%,-2.87%,36.65%,3.86%,1.75%,-0.74%,-1.53%,8.99%,8.11%,23.36%,48.93%,-1.42%,26.86%,7.59%,0.94,4.95%,1.38,12.68%,9.45%,19.36%,65.59,3.91M,1.29,19.63,19.36,20.44,19.17,3.29,16.83,Oct-05,The Bots Are Ready to Shop But Are the Humans?,https://finance.yahoo.com/technology/ai/articles/bots-ready-shop-humans-040100550.html,Sector rotation into beaten-down retail reverses Kohl's post-earnings selloff,Consumer Cyclical,2.78,7.88B,1.49,0.41,15.43B,270.00M,106.40%,-57.12%,4.80%,-20.22%,76.80%,3.93%,-1.38%,-37.00%,119.48%,-0.15%,sustained_strength,10,44.0,20.0,9.0,15.0,0.6722305551636043,0.7202797202797203,0.8611111111111112,0.0606060606060605,0.7666083916083914,0.9332909649358778,-0.2622377622377624,0.6666666666666666,1.0,0.6666666666666666,0.3333333333333333,0.0,-0.3336969696969697,1.8480604181448825,0.11253106141285053,0.08634079488350842,1.3510638297872337,1,0,0.86|0.78|0.80|0.94|0.63|1.15|1.20|0.59|1.02|1.35,0.95|0.93|0.95|0.95|0.92|0.93|0.95|0.92|0.92|0.94,0.60|0.85|1.03|1.13|0.78|1.11|1.11|0.87|1.31|1.29
2026-10-07,2026-10-07T21:09:06Z,leaders,v3,Marine Shipping,KEX,KEX,Kirby Corp,Marine Shipping,USA,7.25B,21.10,"417,381",137.36,-0.82%,Oct 28/b,-,16.54,1.11,2.08,15.29,10.77,2.42,10.40%,5.78%,7.68%,0.34,0.36,-,6.51,2.00,12.52%,16.60%,46.15%,-,14.89%,6.50%,9.15%,7.83%,0.04%,23.19%,6.56%,25.36%,13.86%,10.18%,-3.93%,-1.52%,4.66%,-0.46%,-3.69%,-2.37%,24.67%,68.46%,69.14%,3.62,2.56%,0.83,1.44%,0.76%,1.73%,52.83,508.73K,0.82,138.50,137.36,138.67,135.47,1.11,164.29,Sep-28,Kirby Corporation Announces Date for 2026 Third Quarter Earnings Release and Earnings Webcast,https://finviz.com/news/396181/kirby-corporation-announces-date-for-2026-third-quarter-earnings-release-and-earnings-webcast,"Soft payrolls spur market and transport rally, lifting Kirby 3% by midday",Industrials,186.20,8.44B,1.68,1.12,3.49B,355.18M,103.13%,176.05%,3.21%,-12.89%,72.75%,0.00%,-0.82%,-,2.49%,5.98%,sustained_strength,11,47.0,21.0,7.0,19.0,0.826774585758393,0.9102564102564102,0.9722222222222222,0.148018648018648,0.909965034965035,0.9082875730866852,-0.0909090909090909,1.0,1.0,1.0,0.3333333333333333,0.0,-0.0037575757575757,0.2862049528555392,0.014195583596214381,0.007542675664946504,0.883977900552483,1,0,1.24|0.84|1.01|0.66|0.71|1.07|2.06|1.14|1.11|0.88,3.36|3.32|3.32|3.34|3.27|3.29|3.58|3.62|3.65|3.62,1.46|0.78|1.04|0.97|0.89|0.77|0.98|1.23|1.28|0.82
2026-10-07,2026-10-07T21:09:06Z,leaders,v3,Marine Shipping,MATX,MATX,Matson Inc,Marine Shipping,USA,6.67B,14.90,"233,711",222.92,-0.83%,Aug 03/a,RUT,13.26,1.56,1.93,61.44,8.71,1.99,17.21%,10.09%,15.13%,0.11,0.12,9.24%,14.96,6.27,19.15%,2.14%,-20.09%,25.49%,8.49%,-8.34%,7.01%,16.72%,46.09%,0.55%,-0.16%,23.02%,14.36%,13.41%,-10.19%,0.08%,1.49%,-0.17%,8.20%,29.24%,80.43%,131.48%,149.77%,7.03,3.20%,1.33,-2.53%,0.87%,21.10%,47.11,294.31K,0.79,224.78,223.22,225.21,222.15,1.33,266.75,Aug-06,"China export frontloading fuels Transpacific trade, Matson says",https://finance.yahoo.com/m/53205c19-123c-3ddc-b555-3f0070eb7659/china-export-frontloading.html,No clear catalyst identified; peak-rate report coincided with Matson’s 2.6% regular-session decline,Industrials,55.88,6.88B,0.89,0.82,3.46B,463.80M,87.51%,170.30%,3.63%,-7.45%,156.32%,-0.13%,-0.69%,4.69%,12.63%,8.45%,sustained_strength,11,47.0,21.0,7.0,19.0,0.826774585758393,0.9102564102564102,0.9722222222222222,0.148018648018648,0.909965034965035,0.9082875730866852,-0.0909090909090909,1.0,1.0,1.0,0.3333333333333333,0.0,-0.0037575757575757,0.2734959761878164,-0.025956704627064685,0.008624962823435984,0.435277382645804,1,1,1.08|1.10|0.49|1.46|1.14|1.12|0.88|1.14|1.41|0.44,6.60|6.64|6.40|6.79|6.87|6.94|7.03|7.11|7.34|7.03,0.76|1.13|0.87|1.17|1.17|0.81|0.71|0.93|0.95|0.79
2026-10-07,2026-10-07T21:09:06Z,leaders,v3,Marine Shipping,HAFN,HAFN,Hafnia Ltd,Marine Shipping,Singapore,5.16B,7.92,"3,658,334",10.33,1.97%,Aug 28/b,-,8.73,1.48,1.94,9.57,7.74,2.14,26.61%,17.26%,19.94%,0.25,0.33,14.01%,1.30,0.31,119.73%,-20.81%,-24.31%,10.80%,5.91%,5.80%,21.16%,47.21%,267.22%,54.17%,13.26%,23.46%,20.21%,24.70%,-0.43%,0.89%,3.92%,15.29%,47.15%,25.67%,93.81%,72.74%,69.90%,0.36,3.37%,0.29,7.17%,19.17%,35.77%,68.32,1.87M,1.96,10.13,10.19,10.48,10.13,1.40,10.85,Oct-05,HAFNIA LIMITED: Share Capital Increase Registered,https://www.businesswire.com/news/home/20261004477455/en/,"Hafnia shares fall after the company agrees to buy 1.7 million additional TORM A shares at $34 apiece, lifting its stake in the tanker operator to about 19.85%.",Industrials,14.62,5.69B,1.66,1.49,2.67B,658.69M,33.56%,544.62%,3.60%,-0.86%,99.81%,1.37%,0.59%,-15.11%,-10.03%,-5.49%,sustained_strength,11,47.0,21.0,7.0,19.0,0.826774585758393,0.9102564102564102,0.9722222222222222,0.148018648018648,0.909965034965035,0.9082875730866852,-0.0909090909090909,1.0,1.0,1.0,0.3333333333333333,0.0,-0.0037575757575757,4.615863891919108,0.06690305122702261,0.160862633213057,0.9722222222222213,1,0,0.81|1.50|0.56|1.12|0.60|1.39|1.11|1.27|0.50|0.97,0.31|0.34|0.32|0.34|0.35|0.36|0.37|0.37|0.36|0.36,0.97|5.92|2.46|2.79|1.88|1.58|1.40|2.01|1.03|1.96
2026-10-07,2026-10-07T21:09:06Z,leaders,v3,Marine Shipping,ZIM,ZIM,Zim Integrated Shipping Services Ltd,Marine Shipping,Israel,3.61B,26.09,"1,801,274",29.99,2.71%,Aug 19/b,-,22.76,-,0.56,3.13,4.41,1.13,3.56%,1.27%,1.71%,1.09,1.37,-,1.15,5.12,34.67%,-75.41%,-53.07%,-1.60%,-,-18.09%,11.58%,8.86%,178.17%,-93.09%,-24.91%,10.97%,5.67%,2.15%,-69.31%,-2.87%,2.29%,-0.30%,24.23%,13.38%,41.26%,122.15%,219.12%,0.93,2.94%,1.18,1.37%,6.57%,16.28%,57.43,1.58M,1.14,29.20,30.03,30.30,29.66,3.17,29.24,5 hours,Zim lifts profit forecast 72% on strong demand,https://finance.yahoo.com/markets/stocks/articles/zim-lifts-profit-forecast-72-153329905.html,"ZIM Integrated Shipping raises 2026 guidance, lifting adjusted EBITDA to $2.7–$3.0B and adjusted EBIT to $1.4–$1.7B",Industrials,2.21,7.29B,1.24,1.15,6.44B,138.60M,39.85%,-29.81%,2.21%,-3.13%,143.23%,-0.13%,2.84%,-46.24%,2445.13%,-0.29%,sustained_strength,11,47.0,21.0,7.0,19.0,0.826774585758393,0.9102564102564102,0.9722222222222222,0.148018648018648,0.909965034965035,0.9082875730866852,-0.0909090909090909,1.0,1.0,1.0,0.3333333333333333,0.0,-0.0037575757575757,1.9880345191862392,0.013514846601558644,0.06164961996809612,0.6881720430107533,1,0,0.85|1.45|0.45|1.93|0.65|0.87|0.54|0.73|0.53|0.69,0.81|0.84|0.80|1.01|1.01|1.00|0.96|0.95|0.91|0.93,0.85|1.23|0.65|1.94|1.06|0.94|0.75|1.01|0.95|1.14
2026-10-07,2026-10-07T21:09:06Z,leaders,v3,Marine Shipping,ECO,ECO,Okeanis Eco Tankers Corp,Marine Shipping,Greece,3.38B,8.21,"561,924",88.04,1.37%,Aug 04/a,-,9.40,0.68,4.78,75.55,7.94,5.46,61.59%,29.44%,25.97%,0.76,0.82,9.45%,10.72,4.50,378.91%,-48.13%,12.85%,3.87%,13.84%,13.05%,6.72%,239.40%,606.35%,413.89%,105.24%,65.87%,62.34%,56.92%,-0.82%,2.76%,8.85%,25.86%,68.56%,72.80%,160.17%,212.20%,239.66%,3.45,4.41%,-0.43,7.45%,23.58%,63.11%,70.82,608.73K,0.92,86.85,88.48,90.53,88.00,2.25,76.77,Sep-02,3 Top-Ranked Shipping Stocks With Lofty Dividends to Buy Now,https://finviz.com/news/388418/3-top-ranked-shipping-stocks-with-lofty-dividends-to-buy-now,Tanker sector rally on strong freight rates and Hormuz tensions lifts ECO to new ATH,Industrials,13.97,3.86B,4.43,4.13,706.47M,402.14M,26.89%,963.29%,4.70%,-2.87%,217.38%,-0.50%,1.88%,52.31%,28.23%,21.73%,sustained_strength,11,47.0,21.0,7.0,19.0,0.826774585758393,0.9102564102564102,0.9722222222222222,0.148018648018648,0.909965034965035,0.9082875730866852,-0.0909090909090909,1.0,1.0,1.0,0.3333333333333333,0.0,-0.0037575757575757,4.869188063356248,0.06933457422056774,0.19080757404110693,0.7333333333333336,1,0,1.07|1.25|1.00|0.77|0.99|1.61|1.05|1.38|0.70|0.73,3.25|3.31|3.32|3.22|3.24|3.40|3.41|3.51|3.43|3.45,1.24|1.48|1.12|0.67|0.76|1.27|1.51|1.27|1.21|0.92
2026-10-07,2026-10-07T21:09:06Z,leaders,v3,Marine Shipping,SBLK,SBLK,Star Bulk Carriers Corp,Marine Shipping,Greece,3.32B,11.61,"1,356,168",29.69,-0.57%,Aug 05/a,-,6.67,0.10,2.76,11.47,7.64,3.16,11.68%,7.41%,8.66%,0.32,0.41,43.10%,2.56,1.31,383.46%,-5.04%,-49.13%,48.64%,68.90%,-10.15%,8.54%,44.46%,432900.00%,141.62%,6.34%,35.36%,27.84%,23.87%,0.12%,3.06%,1.12%,-4.29%,14.72%,20.54%,54.47%,61.18%,49.80%,0.90,2.83%,0.86,-2.81%,-1.29%,15.31%,45.21,1.58M,0.86,29.86,29.68,30.03,29.65,1.25,36.17,Oct-01,Bull of the Day: Star Bulk Carriers (SBLK),https://finviz.com/news/397460/bull-of-the-day-star-bulk-carriers-sblk,"Star Bulk Carriers announces opening price and Euronext Athens main market trading for 116,071,386 common shares",Industrials,5.90,3.80B,1.91,1.91,1.20B,287.15M,37.71%,25.27%,3.46%,-9.70%,77.57%,0.03%,-0.60%,-64.13%,26.91%,0.11%,sustained_strength,11,47.0,21.0,7.0,19.0,0.826774585758393,0.9102564102564102,0.9722222222222222,0.148018648018648,0.909965034965035,0.9082875730866852,-0.0909090909090909,1.0,1.0,1.0,0.3333333333333333,0.0,-0.0037575757575757,-0.4311180900280299,-0.028912439551394185,-0.013068584743187164,0.42222222222222505,0,1,1.23|0.98|0.83|0.73|0.94|1.38|1.04|1.05|1.18|0.42,0.95|0.95|0.93|0.88|0.88|0.91|0.91|0.91|0.94|0.90,1.12|1.83|1.79|1.04|1.38|1.35|0.90|0.78|1.57|0.86
2026-10-07,2026-10-07T21:09:06Z,leaders,v3,Marine Shipping,DAC,DAC,Danaos Corp,Marine Shipping,Greece,2.99B,5.57,"328,260",164.48,-0.88%,Aug 03/a,-,5.93,1.27,2.84,17.37,4.13,2.82,14.14%,10.85%,10.32%,0.29,0.30,-,29.54,7.38,10.55%,-4.50%,-0.66%,32.68%,4.68%,1.62%,17.70%,4.66%,16.86%,21.62%,2.45%,55.10%,48.42%,51.26%,0.00%,4.49%,6.59%,7.45%,29.18%,40.31%,74.64%,88.30%,147.75%,3.87,2.34%,0.95,3.42%,8.71%,31.34%,66.45,124.12K,2.64,165.94,166.00,168.15,164.35,1.00,169.67,Oct-01,Danaos Corporation Declares Quarterly Dividend on Its Common Stock for the Third Quarter of 2026 and an Extraordinary Special Dividend,https://finviz.com/news/397605/danaos-corporation-declares-quarterly-dividend-on-its-common-stock-for-the-third-quarter-of-2026-and-an-extraordinary-special-dividend,"Danaos Corporation declares $1.00 quarterly dividend and $5.00 special cash dividend, payable Oct. 22, 2026 to shareholders of record Oct. 13, 2026",Industrials,2.43,2.97B,9.30,9.15,1.06B,540.80M,22.57%,122.00%,3.21%,-1.96%,96.84%,-0.92%,0.04%,4.77%,7.28%,6.23%,sustained_strength,11,47.0,21.0,7.0,19.0,0.826774585758393,0.9102564102564102,0.9722222222222222,0.148018648018648,0.909965034965035,0.9082875730866852,-0.0909090909090909,1.0,1.0,1.0,0.3333333333333333,0.0,-0.0037575757575757,3.405264034863155,0.03306903887062472,0.08012142397203557,0.9819121447028453,1,0,0.97|0.83|1.15|0.73|1.28|1.73|1.88|1.15|0.76|0.98,3.42|3.38|3.42|3.27|3.34|3.64|3.90|3.95|3.88|3.87,0.97|1.33|1.62|1.37|0.71|1.64|1.77|1.22|1.57|2.64
2026-10-07,2026-10-07T21:09:06Z,leaders,v3,Marine Shipping,NMM,NMM,Navios Maritime Partners LP,Marine Shipping,Greece,2.57B,5.93,"86,911",90.78,-0.66%,Aug 20/b,-,4.42,0.15,1.74,53.69,5.39,3.13,13.16%,7.22%,7.63%,0.63,0.70,-22.16%,15.32,4.56,86.69%,10.65%,-20.14%,-,29.80%,3.55%,42.75%,25.22%,146.89%,52.73%,13.38%,66.97%,34.70%,29.64%,0.99%,-1.18%,0.97%,0.67%,23.06%,25.86%,73.15%,102.68%,300.26%,2.36,2.42%,1.13,-0.63%,4.13%,25.84%,52.66,147.98K,0.59,91.38,91.14,92.48,90.55,1.00,102.00,Sep-18,Newmont price target raised by UBS on capital returns outlook,https://finance.yahoo.com/markets/stocks/articles/newmont-price-target-raised-ubs-182600504.html,No clear catalyst identified for NMM's sharp 5.9% drop on Aug 26,Industrials,5.48,4.63B,1.53,1.53,1.48B,438.52M,35.09%,187.37%,2.78%,-4.44%,111.02%,-0.39%,-0.26%,0.00%,6.90%,13.67%,sustained_strength,11,47.0,21.0,7.0,19.0,0.826774585758393,0.9102564102564102,0.9722222222222222,0.148018648018648,0.909965034965035,0.9082875730866852,-0.0909090909090909,1.0,1.0,1.0,0.3333333333333333,0.0,-0.0037575757575757,1.5256410256410189,-0.006339941632283431,0.03966196101027544,0.8177966101694945,1,0,0.80|1.18|1.03|0.59|1.54|1.25|1.07|0.78|0.49|0.82,2.32|2.38|2.39|2.32|2.41|2.46|2.48|2.44|2.39|2.36,1.05|1.24|1.60|0.52|1.24|2.43|1.08|0.73|0.43|0.59
2026-10-07,2026-10-07T21:09:06Z,leaders,v3,Scientific & Technical Instruments,COHR,COHR,Coherent Corp,Scientific & Technical Instruments,USA,65.52B,81.36,"5,489,356",334.56,-1.12%,Aug 12/a,S&P 500,23.62,0.46,9.20,-,44.82,9.47,8.46%,4.85%,5.60%,0.32,0.33,-,4.11,1.98,68.36%,49.93%,-,11.70%,50.98%,11.32%,18.04%,33.75%,243.60%,915.27%,22.51%,38.38%,13.79%,10.82%,-0.41%,-3.90%,16.24%,10.83%,2.24%,18.73%,81.26%,194.61%,971.96%,20.34,6.27%,2.20,9.99%,11.07%,14.79%,59.23,6.32M,0.87,338.36,329.10,338.36,316.85,1.52,412.83,Oct-02,"Top Stock Reports for TotalEnergies, Snowflake & Marathon",https://finviz.com/news/398431/top-stock-reports-for-totalenergies-snowflake-marathon,Zacks upgrades rating on Coherent Corp. on strong AI optics demand and improving margins,Technology,32.40,67.39B,2.43,1.52,7.12B,769.87M,86.01%,481.54%,6.78%,-23.96%,209.23%,1.66%,-2.74%,-,7.61%,3.07%,freshness_fill,1,83.0,12.0,34.0,37.0,0.7266821842649183,0.8706293706293705,0.9652777777777778,0.0920745920745919,0.8645104895104896,0.8346630710834002,0.127039627039627,0.6666666666666666,0.3333333333333333,0.2222222222222222,0.0,0.0,0.8701212121212121,1.6393584210228573,0.09082643876716068,0.09966687674439538,1.0575221238938048,1,0,0.93|0.64|0.51|0.57|0.83|1.72|1.07|0.73|0.49|1.06,34.53|21.62|20.84|20.17|20.41|21.37|21.48|21.04|20.24|20.34,1.43|0.93|0.81|0.76|0.92|1.86|1.38|0.86|1.02|0.87
2026-10-07,2026-10-07T21:09:06Z,leaders,v3,Scientific & Technical Instruments,KEYS,KEYS,Keysight Technologies Inc,Scientific & Technical Instruments,USA,64.93B,52.54,"1,039,261",381.42,-1.70%,Aug 18/a,S&P 500,27.70,0.95,9.87,44.23,32.61,9.88,20.90%,11.33%,14.67%,0.30,0.42,-,7.26,3.37,60.03%,20.16%,-7.34%,8.17%,29.05%,-0.28%,4.95%,36.54%,107.86%,131.92%,25.54%,64.83%,24.35%,19.08%,-1.30%,0.04%,4.77%,14.40%,18.39%,19.82%,87.72%,124.27%,191.03%,10.48,2.58%,1.18,8.36%,12.70%,24.94%,68.73,1.24M,0.84,388.03,380.78,385.97,375.00,1.53,424.18,6 hours,Keysight Introduces Velocity 4900 Series to Accelerate Test Lab Modernization for AI and 6G,https://www.businesswire.com/news/home/20261007221060/en/Velocity,Keysight launches Velocity 4900 Series Layer 1 automation switches for AI and 6G network test labs,Technology,24.78,65.06B,2.01,1.54,6.58B,1.26B,93.25%,133.67%,2.24%,-2.18%,140.20%,0.17%,-1.87%,-,24.01%,5.74%,freshness_fill,1,83.0,12.0,34.0,37.0,0.7266821842649183,0.8706293706293705,0.9652777777777778,0.0920745920745919,0.8645104895104896,0.8346630710834002,0.127039627039627,0.6666666666666666,0.3333333333333333,0.2222222222222222,0.0,0.0,0.8701212121212121,4.101304212358688,0.0771502399409375,0.11268855368234243,1.0467557251908421,1,0,0.68|1.16|1.32|0.73|0.77|1.26|0.88|0.50|0.57|1.05,12.40|11.08|11.36|11.21|10.85|10.80|11.03|10.62|10.28|10.48,1.18|1.05|0.62|0.90|0.69|1.02|1.00|0.69|1.20|0.84
2026-10-07,2026-10-07T21:09:06Z,leaders,v3,Scientific & Technical Instruments,GRMN,GRMN,Garmin Ltd,Scientific & Technical Instruments,USA,53.26B,28.48,"529,054",276.16,-1.09%,Oct 28/b,S&P 500,24.69,1.72,6.94,33.29,21.96,6.62,21.89%,17.26%,20.39%,0.02,0.02,7.53%,9.70,2.39,18.80%,9.98%,19.44%,10.69%,14.34%,14.24%,11.59%,11.44%,35.16%,19.53%,13.51%,60.08%,27.61%,24.47%,-0.07%,-0.31%,-3.72%,0.17%,12.94%,9.24%,36.14%,7.74%,160.21%,7.04,2.52%,0.90,-2.38%,-4.75%,11.59%,41.88,900.70K,0.59,279.21,277.00,278.79,274.43,2.80,316.20,Oct-06,Enduro 4 smartwatch redefines ultraperformance with extreme battery life and advanced training features,https://finviz.com/news/399092/enduro-4-smartwatch-redefines-ultraperformance-with-extreme-battery-life-and-advanced-training-features,"Garmin today launched its new Enduro 4 ultraperformance GPS smartwatch and Approach S72 flagship golf smartwatch, expanding the company’s premium wearable lineup.",Technology,19.98,50.77B,3.02,2.08,7.67B,1.88B,59.13%,76.35%,2.66%,-12.13%,47.94%,-0.30%,-0.79%,6.45%,22.27%,4.99%,freshness_fill,1,83.0,12.0,34.0,37.0,0.7266821842649183,0.8706293706293705,0.9652777777777778,0.0920745920745919,0.8645104895104896,0.8346630710834002,0.127039627039627,0.6666666666666666,0.3333333333333333,0.2222222222222222,0.0,0.0,0.8701212121212121,-1.9562157003101872,-0.024380249948781126,-0.04986876640419943,0.6193181818181838,0,1,0.53|0.74|1.52|0.75|1.47|1.01|0.89|0.97|1.12|0.62,8.14|6.94|7.22|7.09|7.10|7.22|7.16|7.14|7.21|7.04,0.83|0.63|0.85|0.60|1.05|0.71|0.93|0.81|0.78|0.59
2026-10-07,2026-10-07T21:09:06Z,leaders,v3,Scientific & Technical Instruments,TDY,TDY,Teledyne Technologies Inc,Scientific & Technical Instruments,USA,28.01B,29.19,"300,720",604.15,-2.90%,Jul 22/b,S&P 500,22.55,2.43,4.39,24.52,18.79,4.66,9.16%,6.41%,7.53%,0.19,0.19,-,20.70,6.16,12.51%,8.27%,4.52%,12.23%,9.30%,3.76%,14.84%,9.82%,21.19%,13.95%,7.70%,39.82%,19.43%,15.30%,-1.73%,-0.03%,-0.44%,-0.15%,-4.33%,-8.51%,18.29%,2.65%,50.50%,11.28,1.65%,0.90,-0.72%,-4.35%,-3.36%,42.23,321.51K,0.94,622.22,614.31,616.57,602.00,1.86,758.82,Oct-06,Teledyne FLIR OEM Launches Prism A-ISR: AI-Enabled Air-to-Ground Detection and Tracking Software,https://www.businesswire.com/news/home/20261006070560/en/Prism,"Teledyne's FLIR OEM unit launches Prism A-ISR, AI-enabled air-to-ground detection and tracking software for airborne ISR",Technology,82.35,29.69B,2.18,1.39,6.37B,974.80M,99.67%,40.67%,1.42%,-13.40%,25.08%,-1.65%,-1.27%,-,8.39%,5.32%,freshness_fill,1,83.0,12.0,34.0,37.0,0.7266821842649183,0.8706293706293705,0.9652777777777778,0.0920745920745919,0.8645104895104896,0.8346630710834002,0.127039627039627,0.6666666666666666,0.3333333333333333,0.2222222222222222,0.0,0.0,0.8701212121212121,-2.4357906707744332,-0.007252215954875145,-0.04547830632514376,1.2916666666666712,0,0,0.88|1.10|1.18|0.65|1.13|1.15|0.81|0.86|0.65|1.29,17.00|11.57|11.73|11.42|11.45|11.15|10.99|10.87|10.59|11.28,0.45|1.39|1.09|0.76|0.74|0.79|0.56|0.52|0.53|0.94
2026-10-07,2026-10-07T21:09:06Z,leaders,v3,Scientific & Technical Instruments,MKSI,MKSI,MKS Inc,Scientific & Technical Instruments,USA,18.47B,43.55,"1,014,037",273.15,-2.94%,Aug 05/a,-,15.57,0.43,4.25,42.66,20.60,5.07,15.92%,4.96%,7.64%,0.93,1.40,1.92%,6.27,3.63,66.83%,33.48%,-7.80%,-7.20%,36.52%,3.49%,11.03%,28.26%,161.68%,65.58%,16.23%,41.25%,16.72%,10.14%,-2.77%,-2.53%,2.94%,2.88%,-25.93%,6.70%,70.93%,112.01%,227.71%,11.50,3.43%,2.10,5.03%,-0.31%,-0.28%,53.17,1.35M,0.75,281.41,271.72,274.99,269.11,1.50,410.86,Oct-05,Management Guided Higher For KLA Stock; Does The Chart Agree?,https://finance.yahoo.com/markets/stocks/articles/management-guided-higher-kla-stock-133624753.html,"AI safety concerns spark semiconductor sell-off, hammering MKS Inc. 9%",Technology,30.23,22.04B,1.14,0.72,4.35B,441.00M,102.96%,87.86%,3.46%,-38.98%,125.91%,0.53%,-3.44%,0.00%,13.55%,4.43%,freshness_fill,1,83.0,12.0,34.0,37.0,0.7266821842649183,0.8706293706293705,0.9652777777777778,0.0920745920745919,0.8645104895104896,0.8346630710834002,0.127039627039627,0.6666666666666666,0.3333333333333333,0.2222222222222222,0.0,0.0,0.8701212121212121,-0.07386070732313685,0.04789107873940776,-0.0031096398836392963,0.5113043478260866,0,0,0.57|0.79|0.44|0.39|0.42|1.11|0.49|0.92|0.86|0.51,21.24|13.06|12.74|12.17|11.69|11.50|11.64|11.57|11.44|11.50,0.85|1.04|0.47|0.47|0.57|0.98|0.99|0.83|0.78|0.75
2026-10-07,2026-10-07T21:09:06Z,leaders,v3,Scientific & Technical Instruments,TRMB,TRMB,Trimble Inc,Scientific & Technical Instruments,USA,14.00B,-,"1,880,360",60.06,-1.46%,Aug 12/b,S&P 500,14.52,0.95,3.70,18.12,16.79,4.03,-1.94%,-1.19%,-1.60%,0.28,0.29,-,-0.49,0.86,17.28%,12.70%,-0.78%,2.58%,15.31%,-0.81%,2.65%,11.00%,-643.78%,-140.22%,5.80%,66.92%,18.67%,-2.77%,-2.36%,4.22%,5.17%,2.18%,13.94%,-10.01%,-23.34%,-24.26%,16.98%,1.68,2.55%,1.36,3.29%,2.67%,-3.71%,58.51,2.96M,0.64,60.95,60.46,60.73,58.90,1.40,79.55,Oct-06,Is PTC Stock Increasing Your Market Risk?,https://finance.yahoo.com/markets/stocks/articles/ptc-stock-increasing-market-risk-123019310.html,"PTC’s $22.6 billion takeover extends industrial-software rerating, lifting Trimble 3.7% during Tuesday trading",Technology,65.32,15.25B,0.95,0.82,3.78B,-104.70M,103.17%,-27.55%,2.93%,-28.86%,25.33%,-0.66%,-0.80%,-,7.17%,2.09%,freshness_fill,1,83.0,12.0,34.0,37.0,0.7266821842649183,0.8706293706293705,0.9652777777777778,0.0920745920745919,0.8645104895104896,0.8346630710834002,0.127039627039627,0.6666666666666666,0.3333333333333333,0.2222222222222222,0.0,0.0,0.8701212121212121,0.9297019577286443,0.03185206699583695,0.026005649167234805,1.0892857142857133,0,0,0.91|0.96|0.72|1.08|0.57|0.95|0.71|1.10|1.78|1.09,1.95|2.30|1.63|1.64|1.59|1.56|1.53|1.55|1.65|1.68,0.78|1.39|0.59|0.52|0.55|1.24|0.67|0.91|0.92|0.64
2026-10-07,2026-10-07T21:09:06Z,leaders,v3,Scientific & Technical Instruments,CGNX,CGNX,Cognex Corp,Scientific & Technical Instruments,USA,10.30B,59.27,"2,929,916",61.21,-7.75%,Aug 05/a,-,30.77,1.00,9.46,38.38,37.30,9.15,11.15%,8.36%,10.34%,0.04,0.04,7.49%,1.03,0.52,64.87%,18.28%,-18.16%,-7.50%,30.85%,-0.39%,4.16%,16.93%,78.11%,45.49%,17.15%,68.87%,21.90%,16.05%,-28.64%,10.41%,0.92%,-1.64%,-6.92%,13.82%,70.12%,33.21%,45.22%,2.46,3.08%,1.49,0.25%,-1.54%,8.96%,49.00,1.90M,1.54,66.35,64.64,64.96,60.05,1.78,79.11,Sep-23,Cognex Launches New Wafer Reader to Help Semiconductor Manufacturers Scale Production,https://finviz.com/news/394784/cognex-launches-new-wafer-reader-to-help-semiconductor-manufacturers-scale-production,Treasury-yield spike drags Cognex 7.8% as industrial-technology peers retreat during regular trading,Technology,25.46,9.97B,3.84,3.18,1.09B,174.79M,107.15%,-24.39%,3.00%,-16.01%,76.91%,-5.31%,-2.58%,6.92%,6.18%,-0.29%,freshness_fill,1,83.0,12.0,34.0,37.0,0.7266821842649183,0.8706293706293705,0.9652777777777778,0.0920745920745919,0.8645104895104896,0.8346630710834002,0.127039627039627,0.6666666666666666,0.3333333333333333,0.2222222222222222,0.0,0.0,0.8701212121212121,-0.3891778923883067,0.0024937655860348853,-0.01564086938858413,1.995934959349592,0,0,0.74|0.74|0.50|0.59|0.55|0.90|0.98|0.84|1.02|2.00,3.29|2.45|2.36|2.29|2.16|2.09|2.18|2.16|2.16|2.46,0.89|0.89|0.63|0.81|0.43|0.87|0.99|1.20|1.00|1.54
2026-10-07,2026-10-07T21:09:06Z,leaders,v3,Scientific & Technical Instruments,ESE,ESE,Esco Technologies Inc,Scientific & Technical Instruments,USA,7.97B,46.86,"419,977",256.90,-4.22%,Aug 06/a,RUT,27.85,1.34,6.17,38.43,26.04,6.23,9.50%,5.65%,8.17%,0.08,0.09,0.00%,5.48,2.59,38.60%,10.38%,15.65%,41.77%,20.77%,8.50%,8.44%,14.40%,25.29%,23.43%,16.55%,35.68%,15.66%,11.01%,0.00%,3.77%,-3.10%,-5.59%,-22.46%,-16.84%,31.48%,22.81%,146.17%,8.59,2.76%,1.04,-3.27%,-9.01%,-9.42%,35.75,216.03K,1.94,268.22,264.35,265.15,252.07,1.20,390.75,Oct-01,ESCO Completes Acquisition of Megger Group Limited,https://finviz.com/news/398039/esco-completes-acquisition-of-megger-group-limited,"Rising Treasury yields pressure industrial peers, sending ESCO Technologies 5% lower intraday",Technology,108.76,8.04B,1.38,0.94,1.29B,142.17M,100.61%,229.57%,2.85%,-29.06%,32.64%,-2.82%,-1.44%,0.00%,3.89%,-0.69%,freshness_fill,1,83.0,12.0,34.0,37.0,0.7266821842649183,0.8706293706293705,0.9652777777777778,0.0920745920745919,0.8645104895104896,0.8346630710834002,0.127039627039627,0.6666666666666666,0.3333333333333333,0.2222222222222222,0.0,0.0,0.8701212121212121,-2.961434055937013,-0.03380543781660276,-0.0990218705352236,1.522700814901046,0,0,0.37|1.31|1.34|0.55|0.48|1.07|0.67|0.81|1.19|1.52,11.96|8.65|8.88|8.59|8.07|8.10|8.00|7.89|8.01|8.59,0.69|0.80|1.49|0.83|0.63|0.86|0.82|1.39|1.24|1.94
2026-10-07,2026-10-07T21:09:06Z,leaders,v3,Scientific & Technical Instruments,ST,ST,Sensata Technologies Holding Plc,Scientific & Technical Instruments,USA,6.17B,69.98,"897,854",42.37,-3.53%,Jul 29/a,-,10.37,1.16,1.64,10.52,10.59,2.18,3.08%,1.30%,1.66%,0.83,0.83,-,0.61,0.96,10.00%,8.65%,-52.56%,-27.19%,8.91%,-3.16%,4.05%,5.09%,68.08%,-18.53%,0.32%,27.38%,14.24%,2.39%,-0.76%,-0.27%,1.95%,-0.52%,-5.34%,13.35%,27.28%,38.78%,13.47%,1.30,2.48%,1.28,0.37%,-2.42%,2.56%,48.77,1.47M,0.61,43.92,42.90,43.00,41.34,2.20,54.11,Sep-08,"Sensata Technologies Introduces OmniNode, an Off-the-Shelf High-Voltage Power Distribution Solution for Commercial Vehicles",https://finviz.com/news/389516/sensata-technologies-introduces-omninode-an-off-the-shelf-high-voltage-power-distribution-solution-for-commercial-vehicles,Iran-driven oil jump and rising yields push Sensata 5.5% lower alongside auto suppliers,Technology,15.29,8.21B,2.29,1.58,3.76B,89.88M,107.23%,-24.98%,2.81%,-21.38%,50.46%,-1.24%,-2.32%,13.30%,5.04%,2.08%,freshness_fill,1,83.0,12.0,34.0,37.0,0.7266821842649183,0.8706293706293705,0.9652777777777778,0.0920745920745919,0.8645104895104896,0.8346630710834002,0.127039627039627,0.6666666666666666,0.3333333333333333,0.2222222222222222,0.0,0.0,0.8701212121212121,-0.8082945748655954,0.0036863604662748157,-0.024800163968026295,1.2769230769230742,0,0,0.68|0.73|0.65|1.15|0.70|1.14|1.12|1.04|1.02|1.28,1.71|1.24|1.21|1.23|1.19|1.17|1.19|1.20|1.20|1.30,0.88|0.81|0.65|0.73|0.62|1.03|1.00|0.67|0.84|0.61
2026-10-07,2026-10-07T21:09:06Z,leaders,v3,Scientific & Technical Instruments,NOVT,NOVT,Novanta Inc,Scientific & Technical Instruments,USA,5.43B,91.81,"263,536",143.64,-3.66%,Aug 05/a,RUT,32.89,-,5.28,47.97,27.54,4.85,5.11%,3.38%,3.34%,0.14,0.18,-,1.56,0.97,12.26%,18.23%,-10.74%,2.97%,-,4.43%,10.67%,10.27%,144.54%,-7.28%,7.61%,41.90%,11.65%,6.00%,-11.29%,25.78%,1.02%,-3.80%,-5.29%,17.31%,20.72%,42.26%,-0.28%,5.59,3.40%,1.72,1.22%,-2.66%,2.03%,48.81,400.47K,0.66,149.10,146.00,147.59,141.95,1.25,194.50,Aug-28,"Novanta to Present at Baird Global Healthcare Conference on Tuesday, September 15, 2026",https://finviz.com/news/386683/novanta-to-present-at-baird-global-healthcare-conference-on-tuesday-september-15-2026,No clear catalyst identified; selective semiconductor-equipment strength accompanied Novanta’s 7.3% Tuesday gain,Technology,7.56,5.00B,4.57,3.79,1.03B,61.76M,120.41%,-9.25%,3.39%,-18.56%,46.17%,-1.62%,-2.08%,-,7.23%,1.34%,freshness_fill,1,83.0,12.0,34.0,37.0,0.7266821842649183,0.8706293706293705,0.9652777777777778,0.0920745920745919,0.8645104895104896,0.8346630710834002,0.127039627039627,0.6666666666666666,0.3333333333333333,0.2222222222222222,0.0,0.0,0.8701212121212121,-0.7021887760034067,0.012052953961667707,-0.027326895418121996,1.0089445438282674,0,0,0.85|0.84|0.70|0.82|0.78|0.99|0.95|1.05|0.91|1.01,7.12|5.84|5.76|5.68|5.44|5.28|5.49|5.51|5.47|5.59,0.64|0.82|0.56|0.65|0.45|0.59|0.90|0.83|1.04|0.66
2026-10-07,2026-10-07T21:09:06Z,leaders,v3,Insurance - Reinsurance,RGA,RGA,Reinsurance Group Of America Inc,Insurance - Reinsurance,USA,16.43B,11.06,"513,924",251.53,0.16%,Aug 06/a,-,8.45,0.68,0.63,3.16,-,-,11.71%,1.05%,7.77%,0.42,0.42,5.39%,22.75,6.92,30.03%,0.75%,32.33%,22.91%,12.47%,13.48%,10.18%,18.72%,160.55%,97.85%,19.54%,-,8.80%,5.80%,-6.72%,-0.09%,2.15%,1.78%,9.13%,19.04%,23.63%,27.30%,72.51%,5.01,1.97%,0.44,1.33%,2.29%,14.52%,57.25,349.92K,1.47,251.14,248.72,253.08,247.86,2.08,276.89,Sep-08,Reinsurance Group of America Executives to Participate in the 2026 Barclays Annual Global Financial Services Conference,https://finviz.com/news/389673/reinsurance-group-of-america-executives-to-participate-in-the-2026-barclays-annual-global-financial-services-conference,Rising long-term Treasury yields drag RGA 2.7% lower with major life-insurance peers,Financial,-,-,-,-,25.99B,1.51B,100.44%,110.84%,2.28%,-2.44%,41.14%,1.13%,-0.96%,5.96%,36.80%,-0.56%,freshness_fill,2,94.0,35.0,29.0,30.0,0.7157578901344125,0.7447552447552447,0.875,-0.0104895104895106,0.7543706293706294,0.9610645848753144,-0.1013986013986013,0.3333333333333333,1.0,0.3333333333333333,-0.1666666666666666,0.0,-0.3313939393939393,1.1239690918290444,0.013125431757623708,0.022387330139798482,1.0419161676646704,1,0,1.05|0.88|0.82|1.10|1.17|1.00|1.78|0.72|0.98|1.04,4.54|4.50|4.44|4.48|4.53|4.53|4.87|4.76|4.97|5.01,0.72|1.83|0.72|1.49|0.94|0.79|1.45|1.09|1.25|1.47
2026-10-07,2026-10-07T21:09:06Z,leaders,v3,Insurance - Reinsurance,RNR,RNR,RenaissanceRe Holdings Ltd,Insurance - Reinsurance,Bermuda,13.42B,5.55,"465,314",323.03,-0.43%,Jul 22/a,-,7.80,1.86,1.21,3.72,-,-,22.90%,5.24%,18.30%,0.20,0.20,2.71%,58.20,9.19,16.45%,-9.01%,-,29.62%,4.20%,36.27%,19.90%,-13.67%,-9.98%,48.57%,-14.15%,-,40.36%,23.09%,-2.68%,-1.09%,1.51%,-0.02%,3.81%,5.19%,14.89%,20.97%,55.40%,6.23,1.86%,0.12,-0.90%,-0.63%,6.04%,46.65,308.57K,1.51,324.42,323.99,326.89,322.83,2.67,341.62,Oct-05,RenaissanceRe Schedules Third Quarter 2026 Financial Results Conference Call,https://finviz.com/news/398907/renaissancere-schedules-third-quarter-2026-financial-results-conference-call,RenaissanceRe declares a $0.41 quarterly dividend and renews its share repurchase authorization to a total of $750 million.,Financial,-,-,0.72,-,11.06B,2.55B,98.20%,121.31%,2.02%,-5.06%,39.74%,-0.30%,-0.13%,2.63%,10.24%,-11.37%,freshness_fill,2,94.0,35.0,29.0,30.0,0.7157578901344125,0.7447552447552447,0.875,-0.0104895104895106,0.7543706293706294,0.9610645848753144,-0.1013986013986013,0.3333333333333333,1.0,0.3333333333333333,-0.1666666666666666,0.0,-0.3313939393939393,-0.3287305530459832,-0.009081735620585202,-0.006339941632283304,0.6516853932584273,0,0,1.36|0.80|0.87|1.00|1.38|0.57|0.82|1.20|1.31|0.65,6.49|6.40|6.34|6.33|6.53|6.41|6.31|6.40|6.66|6.23,0.89|2.25|0.96|1.15|1.03|0.87|0.77|0.84|1.26|1.51
2026-10-07,2026-10-07T21:09:06Z,leaders,v3,Insurance - Reinsurance,HG,HG,Hamilton Insurance Group Ltd,Insurance - Reinsurance,Bermuda,3.38B,5.79,"387,742",34.32,0.23%,Oct 29/a,RUT,7.25,3.00,1.14,4.15,-,-,21.65%,7.21%,19.52%,0.05,0.05,-,5.93,0.86,4.31%,-6.23%,-,-,2.42%,25.34%,-,15.42%,-22.09%,57.09%,17.41%,-,29.02%,19.70%,-0.48%,0.46%,3.87%,-1.58%,0.15%,10.39%,31.63%,48.44%,-,0.81,2.37%,0.35,0.46%,-1.53%,10.08%,50.73,405.09K,0.96,34.24,34.17,34.67,34.12,2.12,38.29,Oct-01,"Hamilton to Report Third Quarter 2026 Financial Results on October 29, 2026",https://finviz.com/news/398059/hamilton-to-report-third-quarter-2026-financial-results-on-october-29-2026,Weak China industrial profits and stronger dollar drove copper futures lower,Financial,-,-,0.67,-,2.97B,585.71M,55.99%,-,3.03%,-8.01%,62.07%,0.44%,-0.20%,-,30.49%,38.68%,freshness_fill,2,94.0,35.0,29.0,30.0,0.7157578901344125,0.7447552447552447,0.875,-0.0104895104895106,0.7543706293706294,0.9610645848753144,-0.1013986013986013,0.3333333333333333,1.0,0.3333333333333333,-0.1666666666666666,0.0,-0.3313939393939393,-0.6583392573034091,0.004578936890304568,-0.015537727226566473,0.6790123456790176,0,0,0.66|0.68|1.34|0.58|0.89|0.44|1.00|0.72|2.62|0.68,0.86|0.84|0.86|0.83|0.83|0.79|0.77|0.76|0.84|0.81,1.07|1.48|1.24|1.19|0.84|0.99|0.70|0.75|0.84|0.96
2026-10-07,2026-10-07T21:09:06Z,leaders,v3,Insurance - Reinsurance,SPNT,SPNT,SiriusPoint Ltd,Insurance - Reinsurance,Bermuda,2.86B,6.02,"679,088",24.62,0.04%,Jul 29/a,RUT,8.86,1.67,0.88,11.84,-,-,23.08%,5.15%,17.00%,0.31,0.31,-,4.09,0.61,1.96%,6.82%,-,19.84%,5.30%,15.03%,29.83%,-0.55%,15.74%,371.77%,22.55%,-,21.03%,15.23%,0.00%,-0.80%,1.53%,1.95%,0.90%,5.94%,12.47%,35.87%,138.33%,0.61,2.40%,0.61,-0.57%,1.76%,8.56%,50.57,800.65K,0.85,24.61,24.48,25.00,24.42,1.67,28.75,Sep-15,SiriusPoint Appoints Rachel Winoski as Chief Human Resources Officer,https://finviz.com/news/392386/siriuspoint-appoints-rachel-winoski-as-chief-human-resources-officer,"Upgraded US growth lifts long yields, dragging SiriusPoint 2.4% lower with reinsurer peers",Financial,-,-,0.70,-,3.25B,494.70M,84.08%,160.53%,2.29%,-7.09%,41.58%,0.57%,-0.53%,-,3.68%,22.44%,freshness_fill,2,94.0,35.0,29.0,30.0,0.7157578901344125,0.7447552447552447,0.875,-0.0104895104895106,0.7543706293706294,0.9610645848753144,-0.1013986013986013,0.3333333333333333,1.0,0.3333333333333333,-0.1666666666666666,0.0,-0.3313939393939393,0.6980616558408081,-0.005732676254651602,0.017295597484276726,0.9508196721311447,1,0,0.88|1.12|0.93|1.25|0.86|1.44|1.48|0.53|0.92|0.95,0.57|0.57|0.57|0.60|0.59|0.63|0.66|0.64|0.64|0.61,0.95|4.71|2.56|3.44|1.28|2.03|0.73|0.88|0.71|0.85
2026-10-07,2026-10-07T21:09:06Z,accel,v3,Oil & Gas E&P,COP,COP,Conoco Phillips,Oil & Gas E&P,USA,155.98B,17.20,"4,775,072",129.84,0.38%,Aug 06/b,S&P 500,13.31,0.76,2.47,15.50,6.62,2.72,14.13%,7.50%,10.49%,0.35,0.36,13.48%,7.55,2.80,76.14%,-10.12%,-24.17%,-,17.59%,-9.26%,25.63%,37.70%,106.84%,1.21%,9.47%,27.18%,22.14%,14.66%,-2.39%,-1.70%,3.75%,-3.85%,20.20%,3.69%,38.70%,36.34%,13.18%,3.18,2.39%,0.19,-0.33%,0.84%,10.90%,51.62,6.66M,0.72,129.35,131.29,132.12,128.68,1.82,148.00,2 hours,"Top Stock Reports for AMD, Palo Alto & ConocoPhillips",https://finviz.com/news/400101/top-stock-reports-for-amd-palo-alto-conocophillips,"ConocoPhillips signs 20-year LNG sales and purchase agreement with Venture Global, expanding long-term liquefied natural gas offtake portfolio",Energy,20.28,171.58B,1.54,1.39,63.13B,9.25B,87.13%,92.11%,2.10%,-8.32%,51.74%,-1.10%,1.50%,-13.95%,11.69%,3.73%,accel,1,163.0,83.0,12.0,68.0,0.4103791679307667,0.7505827505827506,0.8888888888888888,0.1841491841491841,0.7316433566433568,0.5467474007524811,-0.0979020979020978,0.6666666666666666,0.3333333333333333,0.2222222222222222,0.1666666666666666,0.0,-0.3443636363636364,0.3401166054201341,-0.003310926055984759,0.008330027766759292,1.0817610062893075,1,0,0.66|0.94|1.11|1.34|0.70|1.21|1.63|1.25|0.72|1.08,3.03|3.04|3.06|3.13|3.05|3.11|3.26|3.22|3.16|3.18,0.70|0.78|0.73|0.79|0.79|0.94|0.94|0.86|0.88|0.72
2026-10-07,2026-10-07T21:09:06Z,accel,v3,Oil & Gas E&P,CNQ,CNQ,Canadian Natural Resources Ltd,Oil & Gas E&P,Canada,97.92B,11.72,"3,738,337",47.50,-1.25%,Aug 06/b,-,12.59,1.02,3.03,13.88,6.99,3.41,26.80%,12.98%,18.67%,0.38,0.43,21.67%,4.05,1.04,69.14%,-13.99%,0.02%,-,12.37%,-5.13%,17.11%,69.52%,84.04%,43.68%,18.88%,29.37%,26.63%,26.21%,0.00%,-2.84%,0.91%,-6.68%,13.42%,2.30%,40.32%,44.99%,54.67%,1.23,2.31%,0.50,-2.47%,-2.61%,7.38%,42.88,6.85M,0.55,48.10,48.35,48.79,47.24,2.38,52.14,Oct-06,"Top Research Reports for SpaceX, Dell & KLA Corp.",https://finviz.com/news/399614/top-research-reports-for-spacex-dell-kla-corp,"Canadian Natural Resources posts record Q2 2026 results with EPS $1.58, raises 2026 production guidance and returns about $4B to shareholders",Energy,53.07,110.30B,1.00,0.75,32.33B,8.47B,79.45%,149.26%,2.51%,-9.20%,60.04%,-1.76%,0.52%,12.18%,7.71%,11.69%,accel,1,163.0,83.0,12.0,68.0,0.4103791679307667,0.7505827505827506,0.8888888888888888,0.1841491841491841,0.7316433566433568,0.5467474007524811,-0.0979020979020978,0.6666666666666666,0.3333333333333333,0.2222222222222222,0.1666666666666666,0.0,-0.3443636363636364,-1.0349387301245465,-0.025325540859222877,-0.02679946606427773,1.260162601626014,0,0,0.91|0.89|0.96|1.41|0.74|0.89|1.24|1.16|0.83|1.26,1.22|1.23|1.25|1.27|1.29|1.28|1.31|1.22|1.20|1.23,1.02|0.85|0.84|2.73|1.01|1.05|0.79|1.16|0.59|0.55
2026-10-07,2026-10-07T21:09:06Z,accel,v3,Oil & Gas E&P,EOG,EOG,EOG Resources Inc,Oil & Gas E&P,USA,75.64B,11.22,"2,041,336",144.21,-0.05%,Aug 04/a,S&P 500,9.51,0.68,2.83,11.42,5.50,2.96,22.51%,13.61%,17.29%,0.25,0.26,21.61%,12.85,4.29,70.74%,-12.59%,-11.63%,-,13.95%,-8.54%,17.92%,58.67%,109.03%,24.89%,17.13%,43.24%,35.12%,25.75%,-4.30%,-0.70%,4.68%,-0.79%,7.99%,3.71%,37.33%,30.57%,21.03%,3.56,2.35%,0.30,0.46%,-0.18%,8.73%,51.88,3.07M,0.67,144.28,145.40,147.02,142.82,2.26,165.24,13 hours,Robinhood's Chief Investment Officer Says Energy Stocks Remain The Best Hedge: Here Are 2 Stocks She Prefers,https://finance.yahoo.com/energy/articles/robinhoods-chief-investment-officer-says-073923437.html,"EOG Resources announces that CFO Ann Janssen will retire and appoints Jeff Hibbard as Executive Vice President and Chief Financial Officer effective January 1, 2027.",Energy,15.42,78.99B,1.85,1.68,26.70B,6.88B,98.31%,84.17%,2.45%,-6.45%,41.95%,-0.82%,0.78%,-23.41%,1.97%,7.15%,accel,1,163.0,83.0,12.0,68.0,0.4103791679307667,0.7505827505827506,0.8888888888888888,0.1841491841491841,0.7316433566433568,0.5467474007524811,-0.0979020979020978,0.6666666666666666,0.3333333333333333,0.2222222222222222,0.1666666666666666,0.0,-0.3443636363636364,-0.07304665251385277,0.004578936890304587,-0.0018032458425165788,1.1797752808988813,0,0,0.92|0.91|1.15|1.31|0.73|1.36|1.30|1.44|0.68|1.18,3.49|3.47|3.51|3.54|3.47|3.57|3.71|3.60|3.51|3.56,0.87|0.79|0.75|1.16|0.92|1.07|1.07|0.82|0.92|0.67
2026-10-07,2026-10-07T21:09:06Z,accel,v3,Oil & Gas E&P,OXY,OXY,Occidental Petroleum Corp,Oil & Gas E&P,USA,58.19B,17.25,"7,092,499",58.21,-0.21%,Aug 05/a,S&P 500,14.10,0.56,2.39,10.95,5.84,3.19,10.87%,5.11%,7.33%,0.34,0.35,3.20%,3.38,1.29,189.13%,-35.40%,-49.35%,-,25.26%,-15.90%,4.70%,11.64%,967.52%,91.14%,-10.74%,38.08%,23.09%,14.03%,0.13%,3.36%,5.22%,-4.02%,11.30%,-2.61%,41.56%,28.41%,-5.20%,1.57,2.48%,0.20,-0.36%,-0.59%,7.20%,50.06,8.70M,0.82,58.33,58.70,59.20,57.72,2.23,68.84,Oct-05,Has The Story Under ExxonMobil Stock Run Out?,https://finance.yahoo.com/markets/stocks/articles/story-under-exxonmobil-stock-run-155425265.html,"Goldman Sachs adds Occidental Petroleum to U.S. Conviction List, upgrades to Buy and raises price target to $69",Energy,13.96,77.57B,1.41,1.13,24.31B,3.41B,84.95%,79.22%,2.85%,-13.70%,50.03%,-0.83%,0.63%,22.67%,31.47%,14.00%,accel,1,163.0,83.0,12.0,68.0,0.4103791679307667,0.7505827505827506,0.8888888888888888,0.1841491841491841,0.7316433566433568,0.5467474007524811,-0.0979020979020978,0.6666666666666666,0.3333333333333333,0.2222222222222222,0.1666666666666666,0.0,-0.3443636363636364,-0.22004924596520956,-0.003613006824568497,-0.005935016597927831,0.9426751592356712,0,0,0.58|0.73|1.16|1.37|0.68|1.07|1.10|1.26|0.89|0.94,1.42|1.41|1.45|1.50|1.46|1.47|1.51|1.59|1.57|1.57,0.66|0.79|0.74|1.05|0.90|1.05|1.21|0.99|0.82|0.82
2026-10-07,2026-10-07T21:09:06Z,accel,v3,Oil & Gas E&P,DVN,DVN,Devon Energy Corp,Oil & Gas E&P,USA,52.67B,11.34,"5,543,070",47.88,-0.29%,Aug 04/a,S&P 500,9.28,0.75,2.66,34.72,7.13,3.21,11.55%,6.41%,6.31%,0.25,0.28,17.98%,4.22,1.25,35.20%,-2.61%,-22.95%,-,12.34%,-4.76%,31.53%,73.00%,43.83%,-5.35%,18.28%,27.09%,24.36%,16.55%,-0.65%,74.82%,4.00%,-1.07%,13.95%,-0.06%,30.71%,36.84%,12.45%,1.44,2.86%,0.49,-0.63%,1.47%,6.93%,51.14,11.14M,0.50,48.02,48.40,48.93,47.40,1.34,61.03,Oct-06,Houston bound: Pair of Fortune 500 energy companies moving from Sooner State to Texas,https://finance.yahoo.com/energy/articles/houston-bound-pair-fortune-500-171500754.html,"Toms Capital discloses top-five stake in Devon Energy, urges strategic alternatives including full sale",Energy,52.20,63.55B,0.72,0.67,19.82B,3.28B,93.48%,39.33%,3.00%,-9.16%,52.13%,-1.07%,0.79%,-42.95%,12.01%,23.40%,accel,1,163.0,83.0,12.0,68.0,0.4103791679307667,0.7505827505827506,0.8888888888888888,0.1841491841491841,0.7316433566433568,0.5467474007524811,-0.0979020979020978,0.6666666666666666,0.3333333333333333,0.2222222222222222,0.1666666666666666,0.0,-0.3443636363636364,0.4816940967773705,-0.006339941632283298,0.01448704050458257,1.0625000000000009,1,0,0.63|0.80|0.79|1.25|0.83|1.65|1.24|1.19|0.67|1.06,1.22|1.23|1.21|1.23|1.21|1.27|1.31|1.47|1.43|1.44,0.91|0.73|0.89|1.39|0.87|1.24|0.97|0.88|0.64|0.50
2026-10-07,2026-10-07T21:09:06Z,accel,v3,Oil & Gas E&P,FANG,FANG,Diamondback Energy Inc,Oil & Gas E&P,USA,51.63B,35.72,"2,323,086",184.38,-0.32%,Aug 03/a,"NDX, S&P 500",9.79,0.74,3.02,7.95,6.22,4.09,3.79%,2.05%,2.97%,0.29,0.33,21.67%,5.16,5.07,57.57%,-10.58%,-38.48%,-,13.26%,15.93%,39.81%,51.22%,179.68%,-63.30%,21.45%,37.37%,35.05%,8.51%,-29.95%,4.08%,0.31%,-7.65%,1.31%,-1.12%,22.65%,23.82%,26.97%,5.09,2.42%,0.50,-3.55%,-6.36%,-0.41%,38.56,2.34M,0.99,184.98,186.81,188.00,181.85,1.51,236.13,Sep-30,"Diamondback Energy, Inc. Schedules Third Quarter 2026 Conference Call for November 3, 2026",https://finviz.com/news/397202/diamondback-energy-inc-schedules-third-quarter-2026-conference-call-for-november-3-2026,Diamondback Energy shares fall after an oil heiress completes a $1.9 billion secondary stock sale that floods the market with shares.,Energy,111.27,69.87B,0.47,0.45,17.10B,1.46B,73.65%,93.95%,1.66%,-14.99%,34.55%,-1.30%,0.99%,-23.57%,6.62%,-1.31%,accel,1,163.0,83.0,12.0,68.0,0.4103791679307667,0.7505827505827506,0.8888888888888888,0.1841491841491841,0.7316433566433568,0.5467474007524811,-0.0979020979020978,0.6666666666666666,0.3333333333333333,0.2222222222222222,0.1666666666666666,0.0,-0.3443636363636364,-2.4603208039148394,-0.036806635562467646,-0.06791969243912861,1.208251473477408,0,0,0.52|0.69|1.16|1.16|0.75|1.20|1.13|0.71|0.75|1.21,5.60|5.58|5.65|5.67|5.58|5.67|5.81|5.11|5.01|5.09,0.78|0.78|1.06|0.94|0.81|0.87|1.03|1.23|1.39|0.99
2026-10-07,2026-10-07T21:09:06Z,accel,v3,Oil & Gas E&P,WDS,WDS,Woodside Energy Group Ltd ADR,Oil & Gas E&P,Australia,41.29B,13.53,"509,736",21.77,0.09%,Aug 24/a,-,11.72,5.86,2.98,-,6.33,4.06,8.60%,4.65%,6.36%,0.34,0.38,26.01%,1.61,1.08,28.82%,0.86%,-30.60%,-,2.00%,-8.21%,29.05%,13.53%,27.22%,4.59%,-4.74%,29.82%,26.46%,22.23%,-,0.66%,-1.80%,-7.28%,8.85%,-7.87%,39.64%,43.13%,-0.77%,0.49,1.65%,0.46,-3.57%,-5.32%,2.72%,39.87,626.66K,0.81,21.75,21.89,22.18,21.68,2.62,23.99,Oct-02,Asia energy stocks rise as Middle East tensions lift oil,https://finance.yahoo.com/energy/articles/asia-energy-stocks-rise-middle-051039314.html,"Woodside Energy beats Q2 2026 estimates, hikes dividend, retires Scope 3 investment and emissions abatement targets",Energy,9.52,56.29B,1.39,1.28,13.86B,3.08B,1.64%,17.55%,1.41%,-13.58%,52.56%,-0.55%,0.64%,-24.30%,13.20%,1.03%,accel,1,163.0,83.0,12.0,68.0,0.4103791679307667,0.7505827505827506,0.8888888888888888,0.1841491841491841,0.7316433566433568,0.5467474007524811,-0.0979020979020978,0.6666666666666666,0.3333333333333333,0.2222222222222222,0.1666666666666666,0.0,-0.3443636363636364,-2.4964089564850047,-0.03702167375298132,-0.056189269117025833,1.0204081632653061,0,0,0.48|0.49|0.73|0.90|0.71|0.50|1.50|0.59|0.53|1.02,0.48|0.53|0.56|0.58|0.58|0.56|0.58|0.51|0.49|0.49,0.44|0.49|0.67|0.79|0.87|1.03|1.61|0.79|0.60|0.81
2026-10-07,2026-10-07T21:09:06Z,accel,v3,Oil & Gas E&P,TPL,TPL,Texas Pacific Land Corp,Oil & Gas E&P,USA,23.85B,44.08,"285,823",345.79,-2.64%,Aug 05/a,S&P 500,33.49,-,26.57,45.72,31.91,26.31,36.57%,33.17%,32.08%,0.01,0.01,13.92%,7.84,2.36,33.47%,10.99%,2.80%,22.56%,-,6.15%,21.41%,31.20%,32.55%,17.23%,20.82%,85.81%,74.92%,60.32%,-1.35%,0.18%,6.13%,-9.46%,-11.51%,-22.86%,20.39%,8.10%,78.50%,13.47,3.83%,0.59,-0.81%,-4.48%,-13.10%,46.90,359.32K,0.80,355.16,356.43,358.50,341.47,2.25,442.00,Aug-11,Murray Stahl's Top Q2 2026 Move: Miami International Holdings Inc at a 1.85% Portfolio Impact,https://finance.yahoo.com/markets/stocks/articles/murray-stahls-top-q2-2026-220054710.html,"TPL posts record revenue and cash flow, advances ~25GW data center and power project talks",Energy,95.94,23.62B,4.55,4.55,897.54M,541.42M,75.55%,169.26%,3.10%,-36.81%,28.44%,-2.99%,0.36%,17.00%,2.14%,-1.38%,accel,1,163.0,83.0,12.0,68.0,0.4103791679307667,0.7505827505827506,0.8888888888888888,0.1841491841491841,0.7316433566433568,0.5467474007524811,-0.0979020979020978,0.6666666666666666,0.3333333333333333,0.2222222222222222,0.1666666666666666,0.0,-0.3443636363636364,-1.2040056754945208,-0.008166145780824599,-0.046901172529313154,1.2642910170749793,0,0,0.46|0.62|1.04|0.83|0.55|1.19|0.67|0.82|1.10|1.26,14.94|14.52|15.02|15.17|14.67|14.89|14.65|13.10|13.20|13.47,0.71|0.72|0.88|0.82|0.72|0.93|0.77|0.75|1.10|0.80
2026-10-07,2026-10-07T21:09:06Z,accel,v3,Oil & Gas E&P,PR,PR,Permian Resources Holdings Inc,Oil & Gas E&P,USA,18.57B,14.72,"7,561,032",22.17,-0.81%,Aug 05/a,-,9.96,0.55,3.24,17.41,5.21,3.76,11.51%,6.86%,8.19%,0.26,0.26,-,1.51,0.57,69.19%,2.79%,-7.42%,-,18.15%,33.45%,54.23%,55.15%,231.64%,-5.91%,12.81%,39.18%,35.95%,21.52%,-0.10%,2.35%,4.97%,-6.26%,16.32%,7.83%,58.02%,76.23%,72.88%,0.68,2.86%,0.65,-0.85%,-0.56%,13.68%,49.23,9.46M,0.80,22.35,22.80,22.80,21.94,1.26,27.09,Sep-16,Permian Resources Corp's Dividend Analysis,https://finance.yahoo.com/markets/stocks/articles/permian-resources-corps-dividend-analysis-110522136.html,Ex-dividend date triggers pullback after new 52-week high in PR stock,Energy,140.97,21.59B,0.62,0.62,5.74B,1.23B,88.50%,225.37%,3.08%,-10.04%,85.99%,-2.76%,2.01%,128.94%,59.08%,12.07%,accel,1,163.0,83.0,12.0,68.0,0.4103791679307667,0.7505827505827506,0.8888888888888888,0.1841491841491841,0.7316433566433568,0.5467474007524811,-0.0979020979020978,0.6666666666666666,0.3333333333333333,0.2222222222222222,0.1666666666666666,0.0,-0.3443636363636364,-0.18360465666556305,-0.008572869389813415,-0.005631536604987951,1.2647058823529402,0,0,0.51|0.58|0.67|1.27|0.92|1.27|1.14|1.28|0.73|1.26,0.65|0.64|0.63|0.64|0.63|0.64|0.66|0.68|0.67|0.68,0.58|0.64|0.95|0.88|0.66|1.08|1.05|0.90|0.90|0.80
2026-10-07,2026-10-07T21:09:06Z,accel,v3,Oil & Gas E&P,OVV,OVV,Ovintiv Inc,Oil & Gas E&P,USA,16.93B,17.18,"3,019,678",61.44,-0.07%,Jul 23/a,-,8.42,0.46,1.76,7.53,4.53,2.21,8.41%,4.72%,5.60%,0.43,0.44,25.86%,3.58,1.78,51.94%,-4.11%,-30.65%,-,18.33%,-15.21%,9.38%,28.66%,37.05%,57.64%,6.17%,32.82%,26.16%,9.59%,-0.49%,3.79%,6.26%,-4.15%,11.61%,8.21%,56.77%,54.88%,34.91%,1.84,2.96%,0.62,0.07%,-2.15%,11.57%,49.51,3.30M,0.91,61.48,61.95,62.37,60.91,1.55,76.19,Oct-01,Ovintiv Renews Annual Share Buy-Back Program,https://finviz.com/news/397521/ovintiv-renews-annual-share-buy-back-program,"Ovintiv gets TSX approval to renew normal course issuer bid for up to 26,973,037 shares (10% of public float)",Energy,24.18,21.26B,1.01,1.01,9.60B,920.00M,93.64%,64.06%,3.38%,-8.99%,73.22%,-0.82%,0.76%,8.10%,-7.86%,27.28%,accel,1,163.0,83.0,12.0,68.0,0.4103791679307667,0.7505827505827506,0.8888888888888888,0.1841491841491841,0.7316433566433568,0.5467474007524811,-0.0979020979020978,0.6666666666666666,0.3333333333333333,0.2222222222222222,0.1666666666666666,0.0,-0.3443636363636364,-0.7336873208771174,0.0006995103427600199,-0.02197240674501784,0.7934782608695656,0,0,0.77|0.75|1.46|1.36|0.71|1.14|1.01|1.33|0.94|0.79,1.74|1.74|1.80|1.82|1.78|1.88|1.89|1.88|1.87|1.84,0.72|1.10|1.67|1.21|0.82|1.76|0.75|0.93|0.68|0.91
2026-10-07,2026-10-07T21:09:06Z,accel,v3,Oil & Gas E&P,APA,APA,APA Corp,Oil & Gas E&P,USA,15.35B,9.26,"3,579,131",43.81,-0.66%,Aug 05/a,S&P 500,9.64,2.21,1.74,7.30,3.24,2.24,25.95%,9.30%,15.58%,0.53,0.55,58.49%,4.73,1.42,64.72%,-26.83%,-28.73%,-,4.37%,-6.96%,15.00%,8.95%,26.33%,58.92%,-12.44%,48.00%,41.32%,19.04%,-0.59%,2.47%,5.46%,0.60%,31.60%,13.06%,79.11%,74.68%,16.55%,1.54,3.32%,0.33,-0.19%,4.07%,22.94%,53.34,5.60M,0.64,44.10,44.64,45.17,43.33,2.62,46.65,49 min,APA Corporation provides third-quarter 2026 supplemental information and schedules results conference call for Nov. 5 at 10 a.m. Central time,https://finviz.com/news/400071/apa-corporation-provides-third-quarter-2026-supplemental-information-and-schedules-results-conference-call-for-nov-5-at-10-am-central-time,APA Corp repurchases 10.5 million shares in Q3 at $42.78 average price,Energy,34.57,19.71B,0.95,0.79,8.81B,1.68B,104.73%,92.15%,3.71%,-7.65%,102.54%,-1.86%,1.22%,10.06%,-0.30%,-2.50%,accel,1,163.0,83.0,12.0,68.0,0.4103791679307667,0.7505827505827506,0.8888888888888888,0.1841491841491841,0.7316433566433568,0.5467474007524811,-0.0979020979020978,0.6666666666666666,0.3333333333333333,0.2222222222222222,0.1666666666666666,0.0,-0.3443636363636364,1.1125547365097677,-0.0019036168720569277,0.03910829249543579,1.194805194805197,1,0,0.41|0.77|1.03|1.46|0.63|1.20|1.42|1.14|0.77|1.19,1.42|1.42|1.44|1.48|1.44|1.47|1.54|1.54|1.52|1.54,0.65|0.77|0.79|1.19|0.77|1.24|1.15|0.68|0.61|0.64
2026-10-07,2026-10-07T21:09:06Z,accel,v3,Oil & Gas E&P,AR,AR,Antero Resources Corp,Oil & Gas E&P,USA,10.94B,10.21,"4,807,665",35.57,-0.42%,Jul 29/a,-,7.85,0.15,1.85,6.89,7.39,2.63,13.87%,7.74%,8.87%,0.47,0.55,-,3.48,0.99,150.17%,5.54%,-29.38%,-,50.98%,-15.53%,15.05%,12.47%,79.40%,141.73%,20.84%,25.75%,21.80%,18.32%,-1.56%,1.74%,6.53%,-8.98%,3.13%,-9.19%,3.22%,4.93%,38.67%,1.15,3.25%,0.55,0.03%,-2.98%,-2.13%,48.80,4.16M,1.16,35.72,36.07,36.20,35.15,1.65,49.95,Oct-06,5 Natural Gas Stocks Profiting From the Strait of Hormuz Standoff,https://finance.yahoo.com/energy/articles/5-natural-gas-stocks-profiting-230000379.html,Falling commodity prices ahead of Fed rate hike weigh on Antero Resources shares,Energy,-,15.55B,0.40,0.40,5.92B,1.08B,90.26%,74.88%,3.20%,-22.25%,22.23%,-1.39%,0.98%,-,-8.73%,2.26%,accel,1,163.0,83.0,12.0,68.0,0.4103791679307667,0.7505827505827506,0.8888888888888888,0.1841491841491841,0.7316433566433568,0.5467474007524811,-0.0979020979020978,0.6666666666666666,0.3333333333333333,0.2222222222222222,0.1666666666666666,0.0,-0.3443636363636364,-0.9500380916530005,0.000299910026991788,-0.030715316429602204,0.9130434782608734,0,0,0.64|0.75|0.81|1.06|1.20|0.94|1.24|1.03|1.16|0.91,1.07|1.05|1.04|1.04|1.04|1.03|1.05|1.07|1.16|1.15,0.70|0.56|0.60|0.68|0.60|0.63|0.99|0.84|0.97|1.16
2026-10-07,2026-10-07T21:09:06Z,accel,v3,Oil & Gas E&P,RRC,RRC,Range Resources Corp,Oil & Gas E&P,USA,9.31B,10.99,"2,380,130",39.83,-0.47%,Jul 21/a,-,10.07,0.59,2.85,13.68,7.14,3.16,19.45%,11.72%,15.16%,0.20,0.22,-,3.62,0.78,36.06%,-3.10%,-16.41%,-,17.12%,-17.52%,10.95%,8.34%,-16.44%,82.31%,16.84%,38.00%,32.08%,26.28%,-0.29%,6.36%,7.53%,-4.92%,8.44%,-8.08%,12.96%,1.19%,20.59%,1.11,2.80%,0.73,2.00%,-0.39%,1.01%,53.67,2.74M,0.87,40.02,40.20,40.31,39.50,2.59,45.88,Oct-06,Range Announces Conference Call to Discuss Third Quarter 2026 Financial Results,https://finviz.com/news/399020/range-announces-conference-call-to-discuss-third-quarter-2026-financial-results,"US crude inventory build sparked energy sector selloff, dragging RRC down 5.2%",Energy,37229.80,10.32B,0.65,0.65,3.27B,859.38M,102.94%,71.98%,2.98%,-17.55%,21.88%,-0.92%,0.45%,31.04%,20.54%,11.92%,accel,1,163.0,83.0,12.0,68.0,0.4103791679307667,0.7505827505827506,0.8888888888888888,0.1841491841491841,0.7316433566433568,0.5467474007524811,-0.0979020979020978,0.6666666666666666,0.3333333333333333,0.2222222222222222,0.1666666666666666,0.0,-0.3443636363636364,-0.14049115876241736,0.01960784313725491,-0.0039152695512498946,0.7297297297297317,0,1,0.86|0.75|0.73|0.81|1.36|0.84|1.16|1.07|1.19|0.73,1.08|1.06|1.04|1.02|1.04|1.02|1.04|1.07|1.13|1.11,0.80|0.78|0.61|0.58|0.91|0.68|0.94|1.07|1.07|0.87
2026-10-07,2026-10-07T21:09:06Z,accel,v3,Oil & Gas E&P,SM,SM,SM Energy Co,Oil & Gas E&P,USA,8.38B,6.95,"2,348,556",35.25,0.43%,Aug 05/a,RUT,4.43,0.30,1.53,11.06,3.97,2.69,16.13%,7.18%,6.93%,0.85,0.90,109.13%,5.07,1.77,38.17%,6.14%,-14.33%,-,14.84%,-2.07%,22.86%,215.28%,154.01%,-28.23%,75.39%,42.41%,37.43%,18.20%,-1.96%,0.46%,4.35%,-6.65%,24.38%,22.35%,88.50%,39.44%,-5.92%,1.42,3.74%,0.85,-1.65%,0.64%,23.21%,49.63,3.78M,0.62,35.10,35.46,35.88,34.68,2.00,44.89,Oct-05,"SM Energy Schedules Third Quarter 2026 Conference Call for November 4, 2026",https://finviz.com/news/398896/sm-energy-schedules-third-quarter-2026-conference-call-for-november-4-2026,"SM Energy announces its board has declared a quarterly cash dividend of $0.22 per share, payable September 21, 2026 to shareholders of record on September 7, 2026.",Energy,13.52,14.80B,0.62,0.62,5.50B,1.00B,98.21%,16.30%,4.09%,-15.18%,102.01%,-0.59%,1.03%,37.16%,11.53%,23.46%,accel,1,163.0,83.0,12.0,68.0,0.4103791679307667,0.7505827505827506,0.8888888888888888,0.1841491841491841,0.7316433566433568,0.5467474007524811,-0.0979020979020978,0.6666666666666666,0.3333333333333333,0.2222222222222222,0.1666666666666666,0.0,-0.3443636363636364,0.15786291676929695,-0.016776817488561295,0.006359300476947565,0.8450704225352134,1,0,0.61|0.61|0.82|0.96|0.61|0.86|1.74|0.90|0.62|0.85,1.40|1.39|1.44|1.39|1.35|1.39|1.47|1.48|1.43|1.42,1.06|0.56|1.27|0.73|0.92|1.19|1.26|0.64|0.61|0.62
2026-10-07,2026-10-07T21:09:06Z,accel,v3,Oil & Gas E&P,CHRD,CHRD,Chord Energy Corp,Oil & Gas E&P,USA,7.44B,9.12,"541,826",136.05,-1.08%,Aug 05/a,-,8.58,0.48,1.18,6.26,3.05,1.32,10.24%,6.41%,8.55%,0.18,0.18,-,14.92,4.92,121.02%,-24.69%,-76.59%,-,17.69%,10.18%,38.63%,84.04%,237.05%,268.81%,19.23%,20.84%,18.93%,13.32%,-2.38%,-6.02%,1.48%,-7.83%,14.83%,0.83%,46.76%,36.87%,-9.77%,4.29,2.91%,0.51,-3.83%,-4.04%,7.77%,42.65,735.03K,0.74,137.53,138.30,138.71,134.70,1.55,174.41,Oct-02,Chord Energy Releases 2025 Sustainability Report,https://finviz.com/news/398283/chord-energy-releases-2025-sustainability-report,Chord Energy to sell entire non-operated Marcellus position to POSCO International for $550 million cash,Energy,12.17,8.33B,1.22,1.15,6.32B,842.06M,98.08%,72.02%,2.80%,-13.38%,61.49%,-1.63%,0.56%,12.32%,-1.66%,34.25%,accel,1,163.0,83.0,12.0,68.0,0.4103791679307667,0.7505827505827506,0.8888888888888888,0.1841491841491841,0.7316433566433568,0.5467474007524811,-0.0979020979020978,0.6666666666666666,0.3333333333333333,0.2222222222222222,0.1666666666666666,0.0,-0.3443636363636364,-1.3351571313222024,-0.03982530934802963,-0.04210087536473538,0.9347319347319393,0,0,0.60|0.68|0.97|1.29|1.11|1.19|0.98|1.25|0.58|0.93,4.60|4.52|4.51|4.56|4.60|4.66|4.75|4.45|4.31|4.29,0.71|0.44|0.90|1.09|0.71|0.87|0.68|0.77|0.77|0.74
2026-10-07,2026-10-07T21:09:06Z,accel,v3,Oil & Gas E&P,VIST,VIST,Vista Energy SAB de CV ADR,Oil & Gas E&P,Mexico,7.26B,8.74,"752,831",65.43,-0.95%,Jul 17/b,-,7.20,0.50,2.06,83.16,4.64,3.01,30.42%,10.80%,13.06%,0.91,1.13,-,7.48,2.66,29.46%,2.86%,31.72%,-,14.35%,27.69%,55.33%,99.24%,27.92%,34.53%,78.68%,52.61%,38.02%,23.55%,0.00%,5.22%,0.12%,-13.75%,2.64%,-0.26%,34.46%,89.60%,120.23%,2.54,3.56%,0.58,-6.62%,-6.34%,0.48%,39.60,1.05M,0.72,66.06,66.33,66.90,65.10,1.00,98.18,Aug-20,Hamms Continental Buys Half Of Mercurias Argentina Oil Play,https://finance.yahoo.com/energy/articles/hamm-continental-buys-half-mercuria-121136297.html,Vista Energy surges on 66.8 MMboe proved reserves addition from Vaca Muerta acquisition,Energy,12.01,10.60B,0.69,0.68,3.53B,830.39M,53.88%,945.21%,2.90%,-19.66%,93.01%,-1.36%,0.41%,-,-21.38%,-6.87%,accel,1,163.0,83.0,12.0,68.0,0.4103791679307667,0.7505827505827506,0.8888888888888888,0.1841491841491841,0.7316433566433568,0.5467474007524811,-0.0979020979020978,0.6666666666666666,0.3333333333333333,0.2222222222222222,0.1666666666666666,0.0,-0.3443636363636364,-1.743726260674816,-0.0708931248661383,-0.06769165065129196,0.7086614173228392,0,1,1.50|0.50|0.58|1.54|0.85|0.92|0.88|0.85|0.78|0.71,3.17|3.05|3.02|3.16|3.17|3.15|3.14|2.64|2.59|2.54,1.57|0.75|1.76|2.33|1.12|1.25|1.43|1.01|1.01|0.72
2026-10-07,2026-10-07T21:09:06Z,accel,v3,Oil & Gas E&P,LB,LB,Landbridge Company LLC,Oil & Gas E&P,USA,6.61B,96.99,"197,119",85.72,0.08%,Aug 05/a,-,35.70,1.18,29.31,-,47.62,33.62,11.72%,2.98%,4.09%,1.51,1.51,-,0.88,0.53,37.87%,27.21%,-,-,30.28%,56.67%,-,40.62%,-34.42%,62.65%,44.09%,89.95%,63.89%,16.17%,-74.16%,1.48%,5.61%,-2.98%,9.35%,24.83%,74.97%,57.54%,-,3.06,3.49%,0.18,1.82%,3.21%,21.10%,55.58,274.10K,0.72,85.65,85.10,86.32,83.56,1.89,91.38,Sep-22,"LandBridge Announces Pricing of Upsized $125,000,000 Offering of Additional 6.250% Senior Notes due 2030",https://www.businesswire.com/news/home/20260922631817/en/,LandBridge unit prices upsized $125 million private offering of additional 6.250% senior notes due 2030 at 99.375% of par,Energy,166.02,7.58B,7.21,7.21,225.45M,36.45M,96.40%,-,3.37%,-6.51%,95.93%,0.73%,-0.64%,-,-4.93%,11.34%,accel,1,163.0,83.0,12.0,68.0,0.4103791679307667,0.7505827505827506,0.8888888888888888,0.1841491841491841,0.7316433566433568,0.5467474007524811,-0.0979020979020978,0.6666666666666666,0.3333333333333333,0.2222222222222222,0.1666666666666666,0.0,-0.3443636363636364,0.8712524056226505,0.017874680809271293,0.03110163743823274,0.9019607843137225,1,0,0.81|0.72|0.77|0.54|0.66|0.92|0.65|0.58|1.36|0.90,3.77|3.69|3.62|3.43|3.34|3.32|3.24|2.96|3.09|3.06,0.75|0.54|0.68|0.45|0.56|0.79|0.37|0.51|0.88|0.72
2026-10-07,2026-10-07T21:09:06Z,accel,v3,Oil & Gas E&P,MTDR,MTDR,Matador Resources Co,Oil & Gas E&P,USA,6.54B,9.08,"1,312,247",52.85,-0.11%,Aug 05/a,-,5.95,0.44,1.70,-,4.23,2.86,12.81%,5.84%,7.13%,0.71,0.71,-,5.82,1.84,38.49%,11.29%,-15.52%,-,13.59%,4.58%,33.72%,26.76%,160.69%,-14.76%,1.84%,45.69%,35.62%,18.85%,0.40%,2.67%,2.46%,-11.58%,2.86%,-12.41%,24.53%,19.38%,-4.67%,1.84,3.32%,0.96,-3.98%,-3.49%,-0.60%,43.27,1.92M,0.69,52.91,53.44,54.08,51.98,1.42,70.45,Oct-01,Matador Resources Company Closes Paloma Acquisition and Provides Additional Integration Details,https://finviz.com/news/398061/matador-resources-company-closes-paloma-acquisition-and-provides-additional-integration-details,"Matador Resources closes $1.255 billion Paloma Permian acquisition, expanding its Delaware Basin position",Energy,71.94,10.99B,0.65,0.62,3.84B,723.69M,97.74%,28.90%,3.14%,-20.93%,42.30%,-1.10%,1.00%,63.45%,25.72%,11.71%,accel,1,163.0,83.0,12.0,68.0,0.4103791679307667,0.7505827505827506,0.8888888888888888,0.1841491841491841,0.7316433566433568,0.5467474007524811,-0.0979020979020978,0.6666666666666666,0.3333333333333333,0.2222222222222222,0.1666666666666666,0.0,-0.3443636363636364,-1.0386764381253584,-0.041449697979587634,-0.036162055745518625,1.1413043478260876,0,0,0.49|0.82|0.99|1.05|0.73|1.48|1.57|0.81|0.58|1.14,1.78|1.76|1.79|1.77|1.73|1.80|1.88|1.88|1.82|1.84,0.69|1.22|0.92|1.01|0.78|1.17|1.10|0.75|0.55|0.69
2026-10-07,2026-10-07T21:09:06Z,accel,v3,Oil & Gas E&P,MUR,MUR,Murphy Oil Corp,Oil & Gas E&P,USA,5.34B,18.47,"1,355,847",37.25,-1.43%,Aug 05/a,RUT,11.22,0.33,1.78,17.44,4.14,2.43,5.65%,2.94%,4.06%,0.38,0.43,15.96%,2.02,0.30,135.14%,3.10%,-50.94%,-,33.89%,-13.94%,8.96%,35.61%,920.95%,5.87%,7.73%,28.87%,21.61%,9.82%,0.00%,-1.27%,0.62%,-0.88%,10.83%,-4.73%,19.20%,23.80%,-12.46%,1.39,3.17%,0.54,-0.52%,1.12%,3.41%,50.48,1.65M,0.82,37.79,38.32,38.54,36.58,2.89,40.93,8 hours,Murphy Oil Corporation Announces Quarterly Dividend,https://finviz.com/news/399855/murphy-oil-corporation-announces-quarterly-dividend,"Murphy Oil Corporation declares a quarterly cash dividend of $0.35 per share, payable December 1, 2026 to shareholders of record on November 16, 2026.",Energy,11.04,7.26B,0.85,0.80,2.99B,294.08M,89.01%,33.94%,3.63%,-14.05%,40.62%,-2.79%,1.40%,16.60%,-1.11%,4.48%,accel,1,163.0,83.0,12.0,68.0,0.4103791679307667,0.7505827505827506,0.8888888888888888,0.1841491841491841,0.7316433566433568,0.5467474007524811,-0.0979020979020978,0.6666666666666666,0.3333333333333333,0.2222222222222222,0.1666666666666666,0.0,-0.3443636363636364,0.2968195064201823,-0.00522718134298341,0.01107594936708868,1.410071942446044,1,0,0.63|0.76|0.75|1.15|0.48|1.01|1.41|1.29|0.62|1.41,1.40|1.38|1.42|1.41|1.37|1.37|1.45|1.38|1.34|1.39,0.66|0.85|0.88|1.13|0.84|0.89|1.06|1.08|0.73|0.82
2026-10-07,2026-10-07T21:09:06Z,accel,v3,Oil & Gas E&P,CRC,CRC,California Resources Corp,Oil & Gas E&P,USA,4.62B,-,"573,752",52.06,-0.78%,Aug 10/b,RUT,12.91,0.82,1.24,11.71,4.10,1.58,-3.55%,-1.75%,-2.55%,0.39,0.40,-,-1.36,1.12,3.10%,-4.84%,-14.96%,-28.73%,15.76%,1.46%,16.16%,33.01%,199.18%,-117.79%,2.33%,39.73%,21.58%,-3.24%,-0.97%,-2.23%,2.48%,-6.32%,-1.08%,-21.61%,16.44%,-2.89%,-3.23%,1.60,2.97%,0.99,-2.38%,-2.07%,-7.64%,44.96,832.95K,0.69,52.47,52.59,53.26,51.31,1.38,75.79,8 hours,California Resources Corporation Schedules Third Quarter 2026 Earnings Conference Call,https://finviz.com/news/399894/california-resources-corporation-schedules-third-quarter-2026-earnings-conference-call,"California Resources to sell Uinta Basin assets for about $90 million in cash, plans proceeds for shareholder returns",Energy,82.57,5.91B,0.66,0.56,3.73B,-121.00M,97.18%,27.57%,2.99%,-27.67%,20.38%,-1.01%,0.23%,25.73%,-27.40%,35.08%,accel,1,163.0,83.0,12.0,68.0,0.4103791679307667,0.7505827505827506,0.8888888888888888,0.1841491841491841,0.7316433566433568,0.5467474007524811,-0.0979020979020978,0.6666666666666666,0.3333333333333333,0.2222222222222222,0.1666666666666666,0.0,-0.3443636363636364,-0.6877629429184129,-0.02438024994878104,-0.021137547227611613,1.2187499999999973,0,0,0.65|1.57|0.70|1.22|0.89|1.31|0.95|1.32|0.61|1.22,1.43|1.49|1.52|1.57|1.55|1.59|1.64|1.62|1.58|1.60,1.06|1.28|1.43|1.34|1.12|1.23|1.02|0.88|0.72|0.69
2026-10-07,2026-10-07T21:09:06Z,accel,v3,Oil & Gas E&P,CRGY,CRGY,Crescent Energy Co,Oil & Gas E&P,USA,4.45B,-,"4,313,895",13.47,-1.10%,Aug 03/a,RUT,6.09,1.28,1.03,5.34,3.96,2.17,1.14%,0.50%,0.53%,1.00,1.00,-,-0.04,0.58,37.10%,-10.41%,-37.27%,-,4.76%,5.40%,36.54%,55.34%,117.15%,187.25%,24.25%,31.59%,24.67%,1.27%,-43.66%,-0.59%,4.50%,-5.07%,41.49%,5.48%,60.55%,47.70%,22.01%,0.48,3.31%,0.93,-1.51%,2.42%,16.40%,50.85,5.87M,0.73,13.62,13.72,13.86,13.21,1.58,17.56,Aug-17,Crescent Energy Co's Dividend Analysis,https://finance.yahoo.com/energy/articles/crescent-energy-cos-dividend-analysis-111548558.html,"Surprise U.S. crude inventory build drives oil lower, pulling CRGY down 5.64%",Energy,16.46,9.36B,0.94,0.94,4.31B,54.75M,83.28%,-,3.41%,-12.93%,75.39%,-1.82%,0.73%,-8.67%,16.87%,10.95%,accel,1,163.0,83.0,12.0,68.0,0.4103791679307667,0.7505827505827506,0.8888888888888888,0.1841491841491841,0.7316433566433568,0.5467474007524811,-0.0979020979020978,0.6666666666666666,0.3333333333333333,0.2222222222222222,0.1666666666666666,0.0,-0.3443636363636364,0.6630662956453833,-0.01533150573662295,0.023628197617652856,1.3541666666666639,1,0,0.70|0.67|0.74|1.09|0.82|1.11|1.47|1.33|0.55|1.35,0.47|0.46|0.47|0.46|0.45|0.46|0.49|0.49|0.47|0.48,1.09|0.76|1.28|1.08|0.91|1.02|1.19|0.61|0.48|0.73
2026-10-07,2026-10-07T21:09:06Z,accel,v3,Oil & Gas E&P,BTE,BTE,Baytex Energy Corp,Oil & Gas E&P,Canada,3.20B,23.03,"25,104,067",4.58,-2.35%,Jul 30/a,-,9.62,-,1.47,10.82,2.02,1.28,5.16%,2.77%,9.51%,0.06,0.07,-,0.20,0.10,150.27%,66.18%,-,29.58%,-,-15.98%,11.86%,-28.01%,177.96%,166.74%,-11.38%,23.47%,20.11%,7.03%,0.00%,3.28%,1.10%,-6.34%,13.09%,10.10%,41.80%,80.31%,15.95%,0.17,3.34%,0.42,-3.04%,-1.31%,8.13%,44.83,16.76M,1.50,4.69,4.71,4.76,4.55,1.91,5.71,Jul-31,"Baytex Energy Corp (BTE) (Q2 2026) Earnings Call Highlights: Production Beats Guidance, ...",https://finance.yahoo.com/energy/articles/baytex-energy-corp-bte-q2-230157441.html,Baytex Energy surges 7% on Q2 earnings beat and raised production guidance,Energy,6.31,2.80B,2.82,2.79,2.19B,153.64M,56.77%,53.54%,3.88%,-14.55%,109.75%,-2.76%,0.43%,-,133.42%,-,accel,1,163.0,83.0,12.0,68.0,0.4103791679307667,0.7505827505827506,0.8888888888888888,0.1841491841491841,0.7316433566433568,0.5467474007524811,-0.0979020979020978,0.6666666666666666,0.3333333333333333,0.2222222222222222,0.1666666666666666,0.0,-0.3443636363636364,-0.3576141572243455,-0.03135313531353127,-0.013273887931908021,1.2352941176470584,0,0,1.19|0.75|1.12|0.94|0.94|0.81|1.13|1.56|1.00|1.24,0.16|0.16|0.17|0.16|0.16|0.16|0.16|0.16|0.16|0.17,1.42|0.82|0.65|1.16|0.74|1.01|1.11|1.03|1.28|1.50
2026-10-07,2026-10-07T21:09:06Z,accel,v3,Oil & Gas E&P,TALO,TALO,Talos Energy Inc,Oil & Gas E&P,USA,2.78B,-,"1,735,235",16.66,-0.60%,Aug 04/a,RUT,15.89,-,1.41,8.60,2.90,1.79,-17.80%,-7.13%,-12.09%,0.65,0.66,-,-2.39,0.31,258.78%,-21.41%,-,16.33%,-,2.52%,25.32%,56.53%,183.96%,-144.04%,2.44%,15.84%,6.28%,-20.46%,-5.60%,0.55%,2.02%,-2.91%,21.34%,11.66%,51.18%,65.28%,9.68%,0.62,3.48%,0.47,-1.48%,1.44%,15.45%,49.47,1.97M,0.88,16.76,16.97,17.08,16.39,1.69,20.45,Sep-25,Vail Resorts and 3 More Stocks See Action From Activist Investors,https://www.barrons.com/articles/vail-resorts-and-3-more-stocks-see-action-from-activist-investors-2a50df32?mod=bar_FV,Talos Energy closes previously announced $420 million acquisition of Shell Gulf of America deepwater oil assets,Energy,4.82,3.55B,1.61,1.61,1.98B,-404.98M,75.14%,24.14%,3.34%,-11.03%,85.83%,-1.83%,1.25%,-,58.55%,15.03%,accel,1,163.0,83.0,12.0,68.0,0.4103791679307667,0.7505827505827506,0.8888888888888888,0.1841491841491841,0.7316433566433568,0.5467474007524811,-0.0979020979020978,0.6666666666666666,0.3333333333333333,0.2222222222222222,0.1666666666666666,0.0,-0.3443636363636364,0.38144906889182917,-0.015022330491270807,0.01419558359621453,1.112903225806448,1,0,0.68|0.82|0.95|1.18|0.69|0.94|1.34|1.28|0.57|1.11,0.65|0.65|0.65|0.66|0.65|0.64|0.67|0.64|0.61|0.62,0.61|0.66|0.78|0.88|0.63|1.06|2.07|0.98|0.98|0.88
2026-10-07,2026-10-07T21:09:06Z,accel,v3,Oil & Gas E&P,NOG,NOG,Northern Oil and Gas Inc,Oil & Gas E&P,USA,2.58B,-,"1,534,349",24.18,1.13%,Aug 06/a,RUT,6.03,-,1.20,-,3.67,2.44,-22.05%,-8.43%,-10.30%,1.37,1.37,-,-5.18,1.02,-12.27%,0.07%,-64.04%,-,-3.75%,1.80%,45.25%,16.79%,118.50%,-183.44%,-3.02%,33.57%,29.64%,-22.54%,0.84%,-3.92%,5.68%,-5.84%,28.69%,-13.83%,12.62%,-2.74%,-36.98%,0.83,3.33%,0.92,-0.67%,-0.73%,0.36%,49.83,2.44M,0.63,23.91,24.09,24.30,23.66,2.36,30.90,42 min,NOG Schedules Third Quarter Earnings Release and Conference Call,https://finviz.com/news/400086/nog-schedules-third-quarter-earnings-release-and-conference-call,Northern Oil and Gas prices $500 million private offering of senior notes due 2034 to repay revolving credit facility borrowings,Energy,54.13,5.25B,0.80,0.80,2.16B,-486.02M,103.25%,-1.79%,3.47%,-22.43%,40.75%,0.37%,0.75%,26.94%,-3.84%,25.44%,accel,1,163.0,83.0,12.0,68.0,0.4103791679307667,0.7505827505827506,0.8888888888888888,0.1841491841491841,0.7316433566433568,0.5467474007524811,-0.0979020979020978,0.6666666666666666,0.3333333333333333,0.2222222222222222,0.1666666666666666,0.0,-0.3443636363636364,-0.21423135879874836,-0.006745192791704424,-0.007353681877707243,0.7710843373493983,0,0,0.98|0.70|0.99|1.38|0.84|1.07|0.79|1.10|0.63|0.77,0.88|0.86|0.86|0.87|0.85|0.86|0.86|0.87|0.84|0.83,0.79|0.43|0.59|0.92|0.55|0.53|0.60|0.76|0.48|0.63
2026-10-07,2026-10-07T21:09:06Z,all_green,v3,Internet Content & Information,GOOGL,GOOGL,Alphabet Inc,Internet Content & Information,USA,4269.40B,17.61,"20,481,979",350.50,0.81%,Jul 22/a,"DJIA, NDX, S&P 500",23.13,1.24,9.57,80.14,23.47,9.33,48.68%,34.30%,32.33%,0.18,0.18,-,19.91,3.05,90.67%,-26.47%,33.35%,29.82%,18.58%,12.78%,17.18%,23.98%,294.02%,112.71%,20.23%,60.94%,33.96%,54.70%,-0.01%,2.39%,1.87%,3.59%,-2.34%,10.46%,11.98%,42.62%,154.76%,8.40,2.27%,1.20,1.75%,1.40%,3.21%,55.71,26.97M,0.76,347.68,346.71,350.80,343.07,1.25,426.59,1 hour,"Amazon stock is trading at its lowest trailing PE ratio as a public company, despite AI boom",https://finance.yahoo.com/markets/stocks/article/amazon-stock-is-trading-at-its-lowest-trailing-pe-ratio-as-a-public-company-despite-ai-boom-154718912.html,"Alphabet's DeepMind and Isomorphic Labs join Meta in $300M Biohub investment, gain one-year early access to cell-behavior data",Communication Services,17.61,4162.30B,2.72,2.64,446.31B,244.12B,39.83%,151.75%,2.60%,-14.22%,48.62%,1.09%,-0.28%,-,216.61%,2.94%,all_green,9,68.0,6.0,39.0,23.0,0.6126773094908082,0.7657342657342657,0.9027777777777778,-0.0058275058275057,0.7867132867132867,0.8001173996090007,0.0081585081585081,0.3333333333333333,0.3333333333333333,0.1111111111111111,-0.1666666666666666,0.0,-0.1756969696969697,0.5761012491781717,0.01719901719901728,0.01380670611439841,0.9202380952380974,1,0,1.59|1.37|0.78|0.67|0.48|0.59|1.37|0.65|0.52|0.92,8.80|9.15|9.01|8.79|8.47|8.21|8.46|8.77|8.46|8.40,1.00|1.21|0.81|0.75|0.67|0.77|1.38|0.95|0.69|0.76
2026-10-07,2026-10-07T21:09:06Z,all_green,v3,Internet Content & Information,GOOG,GOOG,Alphabet Inc,Internet Content & Information,USA,4269.21B,17.45,"11,295,871",347.37,0.81%,Jul 22/a,"NDX, S&P 500",22.93,1.24,9.57,80.14,23.47,9.33,48.68%,34.30%,32.33%,0.18,0.18,-,19.91,3.05,90.66%,-26.51%,33.35%,29.82%,18.52%,12.78%,17.18%,23.98%,294.02%,112.71%,20.23%,60.94%,33.96%,54.70%,-0.01%,2.37%,1.95%,3.58%,-2.49%,10.37%,10.70%,40.56%,150.39%,8.20,2.23%,1.18,1.84%,1.30%,2.77%,55.89,17.89M,0.63,344.59,343.68,347.61,340.28,1.25,426.26,1 hour,"Amazon stock is trading at its lowest trailing PE ratio as a public company, despite AI boom",https://finance.yahoo.com/markets/stocks/article/amazon-stock-is-trading-at-its-lowest-trailing-pe-ratio-as-a-public-company-despite-ai-boom-154718912.html,"Alphabet's DeepMind and Isomorphic Labs join Meta in $300M Biohub investment, gain one-year early access to cell-behavior data",Communication Services,17.61,4162.11B,2.72,2.64,446.31B,244.12B,28.68%,149.57%,2.58%,-14.12%,46.76%,1.07%,-0.26%,-,216.66%,2.96%,all_green,9,68.0,6.0,39.0,23.0,0.6126773094908082,0.7657342657342657,0.9027777777777778,-0.0058275058275057,0.7867132867132867,0.8001173996090007,0.0081585081585081,0.3333333333333333,0.3333333333333333,0.1111111111111111,-0.1666666666666666,0.0,-0.1756969696969697,0.5436412009727195,0.01806755695208165,0.01283316880552811,0.8939024390243954,1,0,1.67|1.37|0.75|0.67|0.43|0.58|1.38|0.68|0.48|0.89,8.54|8.88|8.71|8.49|8.20|7.95|8.22|8.59|8.26|8.20,1.02|1.19|0.81|0.71|0.72|0.77|1.35|0.77|0.73|0.63
2026-10-07,2026-10-07T21:09:06Z,all_green,v3,Internet Content & Information,META,META,Meta Platforms Inc,Internet Content & Information,USA,1837.54B,27.17,"12,749,564",721.31,-2.38%,Jul 29/a,"NDX, S&P 500",21.21,1.13,8.05,44.84,16.95,8.14,29.85%,18.29%,18.35%,0.42,0.43,-,26.55,6.77,32.50%,9.27%,39.86%,18.41%,18.77%,19.89%,18.51%,27.96%,-13.44%,-5.02%,27.65%,81.75%,38.08%,29.84%,-0.06%,0.09%,-0.53%,17.58%,14.23%,17.78%,9.27%,1.15%,128.68%,23.62,3.44%,1.25,1.33%,13.87%,14.58%,57.64,19.22M,0.66,738.88,738.29,738.29,720.15,1.33,796.79,38 min,Does The Fall In AppLovin Stock Change Anything?,https://finance.yahoo.com/markets/stocks/articles/does-fall-applovin-stock-change-203412883.html,"Meta joins $300 million AI-biology investment with Google DeepMind, Isomorphic Labs for Biohub’s $1.8 billion Virtual Biology Initiative",Communication Services,20.20,1858.90B,2.23,2.23,228.25B,68.10B,69.07%,119.10%,2.13%,-7.50%,38.64%,-2.30%,-0.08%,-,-14.02%,0.96%,all_green,9,68.0,6.0,39.0,23.0,0.6126773094908082,0.7657342657342657,0.9027777777777778,-0.0058275058275057,0.7867132867132867,0.8001173996090007,0.0081585081585081,0.3333333333333333,0.3333333333333333,0.1111111111111111,-0.1666666666666666,0.0,-0.1756969696969697,3.7197110108255873,0.013125431757623625,0.12180556775270049,0.767993226079593,1,0,1.05|0.93|1.37|0.85|1.34|0.91|0.63|0.78|0.45|0.77,26.05|26.14|26.90|27.19|28.00|27.81|27.07|25.00|23.99|23.62,1.50|1.62|1.81|1.32|1.42|1.19|0.96|0.79|0.65|0.66
2026-10-07,2026-10-07T21:09:06Z,all_green,v3,Internet Content & Information,SPOT,SPOT,Spotify Technology SA,Internet Content & Information,Sweden,105.60B,31.93,"2,000,870",512.92,5.08%,Oct 22/b,-,29.81,1.34,5.00,27.25,29.67,4.52,44.85%,24.71%,38.75%,0.05,0.06,-,16.06,3.16,15.74%,25.63%,-,-,22.27%,16.32%,16.64%,16.87%,739.41%,346.36%,16.91%,32.70%,14.65%,18.44%,-0.32%,-0.10%,5.24%,-2.97%,5.57%,6.16%,-11.67%,-24.62%,219.52%,18.21,3.19%,1.52,0.33%,-0.67%,2.74%,51.46,1.67M,1.20,488.13,487.55,518.11,485.06,1.64,592.03,10 hours,Spotify expands audiobooks to more than 180 markets,https://finance.yahoo.com/media-advertising/articles/spotify-expands-audiobooks-more-180-105133866.html,Spotify expands Audiobook+ globally to 180+ markets as service tops 1 million subscribers and $100M annual recurring revenue,Communication Services,9.84,95.40B,2.11,2.11,21.12B,3.89B,66.89%,118.36%,3.01%,-26.74%,26.65%,5.20%,-0.12%,-,-5.83%,0.01%,all_green,9,68.0,6.0,39.0,23.0,0.6126773094908082,0.7657342657342657,0.9027777777777778,-0.0058275058275057,0.7867132867132867,0.8001173996090007,0.0081585081585081,0.3333333333333333,0.3333333333333333,0.1111111111111111,-0.1666666666666666,0.0,-0.1756969696969697,-0.1899914490236709,0.0032891458187980466,-0.0067451927917044525,1.8149368478857777,0,0,0.86|1.34|1.17|0.47|0.45|0.54|0.68|0.59|0.82|1.81,19.90|20.44|20.72|19.90|19.09|18.66|18.22|17.66|17.07|18.21,0.88|1.13|1.05|0.71|0.49|0.74|0.90|0.78|0.68|1.20
2026-10-07,2026-10-07T21:09:06Z,all_green,v3,Internet Content & Information,RDDT,RDDT,Reddit Inc,Internet Content & Information,USA,29.38B,35.51,"2,685,557",152.71,2.52%,Jul 30/a,S&P 500,21.49,0.42,10.57,28.84,33.21,9.58,30.71%,27.79%,26.41%,0.00,0.01,-,4.30,1.32,105.27%,32.14%,-,-,50.96%,48.93%,57.27%,61.10%,162.20%,285.68%,66.59%,90.85%,28.25%,31.35%,-1.02%,-1.24%,7.21%,2.23%,-23.76%,5.32%,-33.57%,-25.84%,-,7.24,4.49%,2.04,0.28%,-1.37%,-8.77%,50.38,5.80M,0.46,148.95,147.26,154.52,146.25,1.81,216.20,Oct-06,Reddit launches updated lead gen ads options,https://finance.yahoo.com/media-advertising/articles/reddit-launches-updated-lead-gen-185910870.html,"Reddit Inc. shares rise after Piper Sandler data show August users up 8% month-on-month, with international audience growing 29% year-over-year.",Communication Services,10.54,26.62B,10.49,10.49,2.78B,871.10M,68.61%,-,4.39%,-42.05%,28.04%,3.70%,-1.14%,-,31.68%,10.11%,all_green,9,68.0,6.0,39.0,23.0,0.6126773094908082,0.7657342657342657,0.9027777777777778,-0.0058275058275057,0.7867132867132867,0.8001173996090007,0.0081585081585081,0.3333333333333333,0.3333333333333333,0.1111111111111111,-0.1666666666666666,0.0,-0.1756969696969697,-0.29298166651075747,0.0027921818907058545,-0.01389029706985714,1.142265193370167,0,0,0.87|1.05|1.13|0.87|0.47|0.64|0.83|0.62|0.52|1.14,8.40|8.18|8.26|8.24|7.91|7.70|7.53|7.42|7.16|7.24,1.00|0.93|0.72|0.78|0.55|0.49|0.85|0.89|0.66|0.46
2026-10-07,2026-10-07T21:09:06Z,all_green,v3,Internet Content & Information,PINS,PINS,Pinterest Inc,Internet Content & Information,USA,11.50B,59.20,"14,342,421",20.31,1.40%,Aug 04/a,-,8.43,0.43,2.52,8.98,35.76,2.51,6.46%,4.90%,6.09%,0.41,0.41,-,0.34,0.49,26.50%,19.10%,-,-,19.58%,14.63%,20.06%,18.17%,-247.51%,-87.65%,16.64%,79.47%,6.27%,5.46%,-2.16%,-9.23%,7.52%,0.84%,-10.53%,12.21%,-21.55%,-35.30%,-27.67%,0.76,3.95%,0.99,6.72%,-4.96%,-3.92%,54.23,12.35M,1.16,20.03,19.89,20.64,19.89,2.10,29.25,Oct-06,Pinterest Names Former Amazon Finance Executive James Dibbo as CFO,https://finance.yahoo.com/markets/stocks/articles/pinterest-names-former-amazon-finance-132452014.html,"Pinterest announces the appointment of former Amazon finance executive James Dibbo as Chief Financial Officer, succeeding Julia Brau Donnelly effective October 26, 2026.",Communication Services,9.02,11.42B,3.81,3.81,4.56B,248.92M,93.64%,-60.80%,3.87%,-42.66%,46.75%,2.11%,-0.70%,-,20.52%,2.73%,all_green,9,68.0,6.0,39.0,23.0,0.6126773094908082,0.7657342657342657,0.9027777777777778,-0.0058275058275057,0.7867132867132867,0.8001173996090007,0.0081585081585081,0.3333333333333333,0.3333333333333333,0.1111111111111111,-0.1666666666666666,0.0,-0.1756969696969697,-1.3946703880914422,0.06296851574212882,-0.05218855218855225,0.9868421052631579,0,0,1.73|0.87|0.54|0.49|0.57|0.45|0.97|0.91|1.14|0.99,0.88|0.87|0.84|0.81|0.79|0.76|0.76|0.76|0.76|0.76,1.76|1.16|0.93|0.71|0.70|0.78|1.32|0.93|1.24|1.16
2026-10-07,2026-10-07T21:09:06Z,all_green,v3,Internet Content & Information,SNAP,SNAP,Snap Inc,Internet Content & Information,USA,9.83B,-,"28,533,413",5.81,0.52%,Aug 03/a,-,39.87,-,1.55,13.52,-,1.79,-15.58%,-4.19%,-5.23%,2.09,2.19,-,-0.19,0.01,82.68%,411.71%,32.64%,15.99%,-,8.83%,18.80%,18.89%,37.12%,42.94%,12.65%,54.63%,-5.10%,-4.90%,-1.71%,-11.28%,7.59%,7.00%,23.62%,22.83%,-28.00%,-28.54%,-32.68%,0.27,4.66%,1.25,4.10%,7.11%,3.70%,58.62,36.15M,0.79,5.78,5.70,5.90,5.64,2.68,7.40,Oct-06,Blue Duck Capital Urges Snap Inc. Board of Directors to Raise External Capital for Specs to Unlock Sum-of-the-Parts Value,https://finviz.com/news/399312/blue-duck-capital-urges-snap-inc-board-of-directors-to-raise-external-capital-for-specs-to-unlock-sum-of-the-parts-value,"Snap unveils $2,195 SPECS AR glasses and SPECS Intelligence AI service with new consumer, enterprise and carrier partnerships",Communication Services,3.69,11.39B,2.94,3.53,6.35B,-311.24M,37.87%,-92.38%,5.14%,-36.36%,52.49%,1.93%,-1.38%,-,17.83%,3.93%,all_green,9,68.0,6.0,39.0,23.0,0.6126773094908082,0.7657342657342657,0.9027777777777778,-0.0058275058275057,0.7867132867132867,0.8001173996090007,0.0081585081585081,0.3333333333333333,0.3333333333333333,0.1111111111111111,-0.1666666666666666,0.0,-0.1756969696969697,1.428406933681885,0.03938520653218052,0.06638035664270378,0.9629629629629654,0,0,0.83|1.14|0.71|0.52|0.74|0.65|1.11|0.74|1.00|0.96,0.29|0.29|0.28|0.27|0.27|0.26|0.27|0.27|0.27|0.27,0.67|0.95|0.74|0.54|0.76|0.63|1.10|0.67|1.04|0.79
2026-10-07,2026-10-07T21:09:06Z,all_green,v3,Internet Content & Information,MTCH,MTCH,Match Group Inc,Internet Content & Information,USA,9.38B,14.43,"2,544,041",40.86,0.59%,Aug 04/a,-,12.66,0.88,2.67,8.22,11.18,3.52,-,17.91%,21.35%,-,-,-,2.83,0.71,16.90%,16.00%,24.22%,2.63%,14.36%,3.03%,7.84%,-1.23%,43.47%,40.52%,1.70%,71.47%,28.15%,20.17%,-1.35%,-2.26%,1.77%,-0.70%,3.92%,24.95%,26.54%,23.44%,9.54%,1.13,2.83%,1.49,-1.67%,0.85%,14.76%,49.34,3.22M,0.79,40.62,40.62,41.10,40.36,2.48,41.88,Sep-23,Shareholder Activism: Media and Entertainment Focus: 2nd LA CorpGov Forum,https://finance.yahoo.com/media-advertising/articles/shareholder-activism-media-entertainment-focus-174941277.html,Meta Muse disruption fears extend Match Group’s selloff 4.3% during Wednesday trading,Communication Services,16.07,12.35B,1.72,1.72,3.51B,707.78M,108.45%,-74.45%,2.14%,-9.07%,41.83%,0.59%,0.00%,-,7.16%,-0.54%,all_green,9,68.0,6.0,39.0,23.0,0.6126773094908082,0.7657342657342657,0.9027777777777778,-0.0058275058275057,0.7867132867132867,0.8001173996090007,0.0081585081585081,0.3333333333333333,0.3333333333333333,0.1111111111111111,-0.1666666666666666,0.0,-0.1756969696969697,0.30476349261366764,-0.01698362656361234,0.008428358948934027,0.6548672566371699,1,0,1.60|1.54|0.80|0.80|0.70|0.80|0.50|0.73|0.70|0.65,1.29|1.36|1.34|1.32|1.32|1.29|1.25|1.19|1.16|1.13,1.34|1.65|0.84|0.69|0.86|0.95|0.90|1.12|0.92|0.79
2026-10-07,2026-10-07T21:09:06Z,all_green,v3,Internet Content & Information,RUM,RUM,RUM Group Inc,Internet Content & Information,USA,3.73B,-,"3,149,478",7.52,-1.70%,Aug 10/a,RUT,-,-,31.69,-,-,34.98,-19.18%,-12.65%,-8.80%,0.35,0.38,-,-0.58,-0.11,-53.91%,22.84%,-89.77%,-,-25.11%,36.71%,-,60.92%,-140.14%,59.37%,13.05%,-15.88%,-100.96%,-134.60%,0.00%,4.59%,-0.53%,-10.37%,17.87%,46.59%,18.99%,-4.45%,48.91%,0.56,7.09%,1.30,-6.79%,-4.85%,10.97%,43.21,4.17M,0.76,7.65,7.50,7.60,7.35,1.50,20.67,12 hours,"RUM Stock Jumps Premarket: Analyst Sees Over 200% Upside, Says AI Shift Not Yet Priced In",https://finance.yahoo.com/markets/stocks/articles/rum-stock-jumps-premarket-analyst-082723402.html,Lake Street initiates RUM Group coverage with Buy rating and $25 price target,Communication Services,18.34,4.12B,2.12,2.12,117.66M,-158.37M,14.09%,-22.95%,7.15%,-29.02%,62.78%,0.27%,-1.96%,-,-211.11%,29.26%,all_green,9,68.0,6.0,39.0,23.0,0.6126773094908082,0.7657342657342657,0.9027777777777778,-0.0058275058275057,0.7867132867132867,0.8001173996090007,0.0081585081585081,0.3333333333333333,0.3333333333333333,0.1111111111111111,-0.1666666666666666,0.0,-0.1756969696969697,-0.6844831469108922,-0.07284626113077983,-0.05097214923804517,0.4464285714285714,0,1,0.92|0.92|0.86|0.65|0.54|0.67|1.26|0.81|0.45|0.45,0.64|0.64|0.64|0.62|0.61|0.60|0.61|0.59|0.58|0.56,1.47|1.16|1.10|0.65|0.86|0.80|1.23|1.28|0.80|0.76
2026-10-07,2026-10-07T21:09:06Z,all_green,v3,Internet Content & Information,PPLI,PPLI,People Inc,Internet Content & Information,USA,3.02B,7.39,"932,191",40.59,-1.70%,Aug 03/a,-,36.38,-,1.44,36.64,24.80,1.61,8.24%,5.53%,6.41%,0.27,0.28,-,5.49,-0.19,591.43%,-82.54%,54.23%,-,-,-22.97%,-2.84%,-25.59%,160.90%,206.77%,-32.09%,60.13%,0.92%,19.79%,-0.05%,-9.65%,-3.27%,5.76%,-14.57%,0.37%,3.81%,21.27%,0.53%,1.37,3.27%,0.98,4.53%,2.52%,0.05%,55.30,1.10M,0.85,41.29,41.20,41.68,40.56,1.67,56.73,1 hour,PEOPLE INCORPORATED TO HOST Q3 2026 EARNINGS CONFERENCE CALL ON NOVEMBER 3RD,https://finviz.com/news/400042/people-incorporated-to-host-q3-2026-earnings-conference-call-on-november-3rd,"MGM takeover-bid report lifts People Incorporated 11% Friday, extending overnight gains into regular trading",Communication Services,2.72,3.37B,3.69,3.69,2.10B,414.60M,93.15%,-65.29%,3.15%,-16.00%,37.31%,-1.48%,-0.22%,-,1773.35%,0.68%,all_green,9,68.0,6.0,39.0,23.0,0.6126773094908082,0.7657342657342657,0.9027777777777778,-0.0058275058275057,0.7867132867132867,0.8001173996090007,0.0081585081585081,0.3333333333333333,0.3333333333333333,0.1111111111111111,-0.1666666666666666,0.0,-0.1756969696969697,0.7282666583127081,0.04333684109824927,0.02458056964494728,0.8175182481751806,0,0,0.71|1.07|1.68|1.48|0.83|1.26|0.99|0.78|0.74|0.82,1.12|1.13|1.19|1.43|1.41|1.44|1.44|1.42|1.39|1.37,1.42|1.55|3.19|3.07|1.55|1.83|2.06|1.91|0.77|0.85
2026-10-07,2026-10-07T21:09:06Z,all_green,v3,Internet Content & Information,JOYY,JOYY,JOYY Inc ADR,Internet Content & Information,Singapore,2.66B,19.40,"155,648",81.33,0.84%,Aug 25/a,-,12.65,1.14,1.17,-,10.47,0.60,3.37%,2.91%,3.39%,0.00,0.01,26.17%,4.19,1.33,0.04%,21.00%,37.74%,-24.59%,11.12%,-4.02%,2.08%,16.12%,-11.38%,296.46%,7.52%,34.81%,2.47%,9.58%,0.00%,-2.26%,1.35%,9.37%,13.34%,33.79%,25.59%,40.78%,102.31%,1.77,2.11%,0.46,2.51%,6.70%,21.46%,67.84,322.48K,0.48,80.65,80.77,81.70,80.19,1.23,91.64,Sep-02,BIGO Ads Calls for a More Connected Approach to Mobile App Growth,https://finviz.com/news/387822/bigo-ads-calls-for-a-more-connected-approach-to-mobile-app-growth,Post-Q2 earnings momentum and analyst upgrades propel JOYY 2.86% higher,Communication Services,1.87,1.36B,2.01,2.01,2.27B,217.92M,64.72%,47.98%,1.90%,-0.02%,49.94%,0.69%,0.15%,27.63%,5.54%,2.78%,all_green,9,68.0,6.0,39.0,23.0,0.6126773094908082,0.7657342657342657,0.9027777777777778,-0.0058275058275057,0.7867132867132867,0.8001173996090007,0.0081585081585081,0.3333333333333333,0.3333333333333333,0.1111111111111111,-0.1666666666666666,0.0,-0.1756969696969697,2.885279494225847,0.024485416056969907,0.06279287722586684,0.8531073446327713,1,0,1.06|1.63|0.55|0.67|0.87|0.52|0.76|0.72|0.65|0.85,1.94|2.07|2.00|1.96|1.94|1.87|1.83|1.84|1.79|1.77,1.61|2.80|1.08|0.95|0.69|0.89|1.32|0.89|0.54|0.48
2026-10-07,2026-10-07T21:09:06Z,all_green,v3,Internet Content & Information,ATHM,ATHM,Autohome Inc ADR,Internet Content & Information,China,2.39B,18.01,"221,122",20.66,-0.29%,Aug 20/b,-,16.20,-,3.06,-,-3.59,-0.15,4.05%,3.35%,4.14%,0.00,0.00,15.54%,1.15,0.31,-37.48%,16.48%,-8.78%,-16.03%,-7.93%,-4.51%,-6.48%,-27.59%,-31.10%,-32.32%,-16.67%,72.81%,1.49%,17.05%,-47.67%,-0.11%,-2.78%,-5.36%,0.78%,14.02%,-7.19%,-27.99%,-29.66%,0.61,2.82%,0.35,-2.47%,-5.83%,2.08%,37.01,687.46K,0.32,20.72,20.52,20.77,20.38,2.92,21.69,Aug-20,Autohome Inc (ATHM) (Q2 2026) Earnings Call Highlights: Navigating Market Headwinds with ...,https://finance.yahoo.com/markets/stocks/articles/autohome-inc-athm-q2-2026-190217535.html,"Autohome Q2 2026 profit falls on China auto weakness as it announces RMB500 million dividend, expands share repurchase program",Communication Services,0.89,-115.73M,6.75,6.75,782.03M,133.32M,45.69%,-57.68%,3.17%,-28.92%,32.66%,0.68%,-0.97%,46.20%,13.38%,0.94%,all_green,9,68.0,6.0,39.0,23.0,0.6126773094908082,0.7657342657342657,0.9027777777777778,-0.0058275058275057,0.7867132867132867,0.8001173996090007,0.0081585081585081,0.3333333333333333,0.3333333333333333,0.1111111111111111,-0.1666666666666666,0.0,-0.1756969696969697,-2.096797385962255,-0.025325540859222822,-0.06190931294467453,0.6393442622950829,0,1,1.15|0.74|0.71|0.77|0.98|0.73|0.94|0.80|0.70|0.64,0.67|0.66|0.65|0.64|0.63|0.62|0.62|0.64|0.63|0.61,0.38|0.50|0.41|0.74|0.29|0.64|0.90|0.61|0.57|0.32
2026-10-07,2026-10-07T21:09:06Z,all_green,v3,Medical Care Facilities,HCA,HCA,HCA Healthcare Inc,Medical Care Facilities,USA,95.08B,14.70,"998,787",439.17,1.61%,Oct 27/b,S&P 500,13.71,1.76,1.22,15.85,9.46,1.91,-,11.14%,17.70%,-,-,46.28%,29.87,6.67,4.43%,8.72%,13.94%,20.99%,7.77%,7.87%,7.97%,8.73%,11.58%,25.54%,7.31%,15.48%,15.48%,8.77%,0.00%,-1.50%,2.91%,9.24%,7.37%,-13.06%,-5.93%,0.37%,78.98%,12.03,3.02%,1.13,2.23%,4.85%,-1.41%,59.67,1.48M,0.68,432.20,431.76,442.59,427.59,2.03,461.48,Sep-30,"HCA Healthcare, Inc. 3rd Quarter 2026 Earnings Conference Call",https://finviz.com/news/397389/hca-healthcare-inc-3rd-quarter-2026-earnings-conference-call,"HCA Healthcare announces it has completed the previously announced acquisition of The College of Health Care Professions, expanding its healthcare education platform.",Healthcare,84.14,148.94B,0.99,0.90,78.01B,6.84B,62.99%,81.27%,2.16%,-21.09%,24.06%,1.72%,-0.10%,8.74%,0.37%,2.40%,all_green,10,103.0,18.0,28.0,57.0,0.5382790269577408,0.7132867132867133,0.8333333333333334,0.0547785547785548,0.7465034965034965,0.7546460868133031,0.0990675990675989,0.1666666666666666,0.3333333333333333,0.0555555555555555,0.0,0.0,0.391030303030303,1.6886527125200823,0.021813557664090714,0.046256556986170705,1.2468827930174564,0,0,1.09|0.66|1.05|1.02|0.54|0.84|0.90|0.94|0.73|1.25,14.29|13.08|13.13|13.40|12.94|12.78|13.38|12.04|11.80|12.03,1.11|0.87|0.87|0.92|0.80|3.68|0.73|0.77|0.67|0.68
2026-10-07,2026-10-07T21:09:06Z,all_green,v3,Medical Care Facilities,THC,THC,Tenet Healthcare Corp,Medical Care Facilities,USA,20.92B,10.02,"455,764",259.83,0.53%,Oct 29/b,-,12.32,1.10,0.96,6.92,8.04,1.65,53.31%,7.55%,12.63%,2.81,2.84,-,25.93,4.67,26.43%,-0.63%,60.90%,32.77%,11.25%,3.58%,3.85%,6.77%,213.54%,65.86%,5.43%,16.47%,16.47%,10.27%,-20.30%,-4.87%,1.67%,0.30%,25.66%,30.35%,30.75%,26.85%,321.39%,7.50,2.95%,1.21,0.08%,-1.02%,21.17%,51.14,972.16K,0.47,258.47,256.45,261.58,256.45,1.58,285.33,Oct-02,Tenet to Report Its Third Quarter 2026 Results on October 29,https://finviz.com/news/398248/tenet-to-report-its-third-quarter-2026-results-on-october-29,No clear catalyst identified; Tenet rebounds with hospital peers after two-session selloff,Healthcare,9.64,36.04B,1.41,1.35,21.81B,2.24B,100.43%,308.99%,2.47%,-8.20%,64.89%,1.32%,-0.78%,-,43.63%,3.62%,all_green,10,103.0,18.0,28.0,57.0,0.5382790269577408,0.7132867132867133,0.8333333333333334,0.0547785547785548,0.7465034965034965,0.7546460868133031,0.0990675990675989,0.1666666666666666,0.3333333333333333,0.0555555555555555,0.0,0.0,0.391030303030303,-0.3570103051121426,0.000799360511590652,-0.010305112143867413,0.6839999999999994,0,1,0.83|0.94|0.81|0.81|0.68|0.87|1.05|0.73|0.83|0.68,8.85|8.81|8.73|8.61|8.41|8.33|8.38|7.78|7.68|7.50,0.52|0.56|0.47|0.57|0.65|2.96|0.51|0.70|0.43|0.47
2026-10-07,2026-10-07T21:09:06Z,all_green,v3,Medical Care Facilities,EHC,EHC,Encompass Health Corp,Medical Care Facilities,USA,12.08B,19.94,"875,238",122.48,-1.77%,Oct 28/a,-,18.34,1.80,1.95,29.23,10.66,2.51,24.75%,8.48%,11.52%,1.07,1.09,-8.46%,6.14,1.36,12.15%,9.25%,27.08%,14.24%,10.18%,10.92%,5.03%,9.58%,10.80%,19.85%,9.47%,21.95%,18.00%,9.98%,-19.37%,-0.97%,0.81%,1.67%,10.32%,14.67%,15.39%,-2.17%,88.31%,3.02,2.44%,0.86,0.22%,1.29%,12.99%,52.53,921.66K,0.95,124.69,124.86,125.55,121.99,1.20,148.17,Oct-06,Encompass Health Rehabilitation Hospital of Bangor now open in Maine,https://finviz.com/news/399572/encompass-health-rehabilitation-hospital-of-bangor-now-open-in-maine,"Encompass Health opens first wholly owned rehabilitation hospital in Maine, a 50-bed facility in Bangor",Healthcare,65.00,15.60B,1.19,1.19,6.21B,619.40M,98.09%,115.81%,2.70%,-4.31%,32.03%,-1.91%,0.14%,-5.75%,4.77%,1.66%,all_green,10,103.0,18.0,28.0,57.0,0.5382790269577408,0.7132867132867133,0.8333333333333334,0.0547785547785548,0.7465034965034965,0.7546460868133031,0.0990675990675989,0.1666666666666666,0.3333333333333333,0.0555555555555555,0.0,0.0,0.391030303030303,0.5165131394415977,0.002195170624625774,0.012735709349392757,1.1788079470198682,1,0,0.73|0.57|1.24|1.25|0.63|0.96|0.75|1.27|1.32|1.18,2.63|2.60|2.65|2.70|2.63|2.62|2.86|2.91|2.98|3.02,0.65|0.75|0.80|0.89|0.76|1.46|1.05|1.16|1.41|0.95
2026-10-07,2026-10-07T21:09:06Z,all_green,v3,Medical Care Facilities,DVA,DVA,DaVita Inc,Medical Care Facilities,USA,11.28B,14.91,"650,294",176.78,-2.01%,Aug 04/a,S&P 500,10.42,0.48,0.81,7.01,9.20,1.84,-,4.67%,6.81%,-,-,-,11.86,3.57,37.53%,14.41%,18.56%,8.29%,21.92%,5.53%,3.39%,5.17%,55.84%,16.30%,6.45%,27.29%,14.93%,5.87%,-54.31%,-3.70%,1.06%,-1.82%,-22.96%,19.09%,55.60%,34.91%,97.32%,5.07,2.73%,0.88,-2.48%,-4.94%,3.38%,42.78,778.21K,0.84,180.40,180.61,182.60,175.76,2.27,229.00,Sep-24,DaVita Inc. stock underperforms Thursday when compared to competitors,https://www.marketwatch.com/data-news/davita-inc-stock-underperforms-thursday-when-compared-to-competitors-8d3d6f38-39f13c757f79?mod=mw_FV,"DaVita, Humana sign value-based care pact for over 10,000 Medicare Advantage members with advanced chronic kidney disease",Healthcare,14.61,25.76B,1.47,1.41,14.01B,822.48M,93.32%,54.43%,2.11%,-28.57%,75.03%,-2.12%,0.12%,-,3.55%,1.65%,all_green,10,103.0,18.0,28.0,57.0,0.5382790269577408,0.7132867132867133,0.8333333333333334,0.0547785547785548,0.7465034965034965,0.7546460868133031,0.0990675990675989,0.1666666666666666,0.3333333333333333,0.0555555555555555,0.0,0.0,0.391030303030303,-1.811983794310746,-0.025430680885972116,-0.051967178624026944,1.3491124260355036,0,0,0.56|1.06|0.91|0.92|2.20|0.76|0.86|0.44|0.60|1.35,5.39|5.60|5.56|5.53|6.10|5.99|5.61|5.07|4.93|5.07,0.93|0.85|0.83|0.73|1.73|2.53|0.53|0.57|0.48|0.84
2026-10-07,2026-10-07T21:09:06Z,all_green,v3,Medical Care Facilities,UHS,UHS,Universal Health Services Inc,Medical Care Facilities,USA,10.29B,7.11,"540,218",174.62,-1.39%,Jul 27/a,S&P 500,7.28,1.11,0.57,12.17,5.76,0.86,20.99%,9.87%,12.79%,0.59,0.70,31.95%,24.56,5.22,3.90%,6.21%,36.20%,15.93%,6.54%,9.03%,8.48%,8.27%,10.09%,28.53%,10.05%,11.36%,11.36%,8.42%,0.00%,-0.63%,0.21%,1.59%,12.51%,-6.50%,-19.91%,-16.73%,38.16%,4.82,3.05%,1.12,-1.17%,0.63%,-3.04%,49.19,801.29K,0.67,177.08,175.83,178.13,174.19,2.41,193.88,Oct-05,"Universal Health Services, Inc. Announces Date for Third Quarter 2026 Earnings Release and Conference Call",https://finviz.com/news/398864/universal-health-services-inc-announces-date-for-third-quarter-2026-earnings-release-and-conference-call,No clear catalyst identified; UHS rises 3.4% alongside HCA and Community Health,Healthcare,74.13,15.55B,1.12,1.04,18.11B,1.53B,91.21%,31.14%,1.88%,-29.11%,24.66%,-0.69%,-0.71%,0.00%,0.67%,1.29%,all_green,10,103.0,18.0,28.0,57.0,0.5382790269577408,0.7132867132867133,0.8333333333333334,0.0547785547785548,0.7465034965034965,0.7546460868133031,0.0990675990675989,0.1666666666666666,0.3333333333333333,0.0555555555555555,0.0,0.0,0.391030303030303,0.2268088634960711,-0.011838510573712413,0.006260558481566044,0.8174273858921156,0,0,0.70|1.52|1.59|1.18|0.48|1.00|1.05|0.57|0.80|0.82,5.20|5.42|5.67|5.76|5.54|5.53|5.79|4.97|4.89|4.82,0.61|0.73|0.96|1.06|1.25|2.13|0.91|0.72|0.51|0.67
2026-10-07,2026-10-07T21:09:06Z,all_green,v3,Medical Care Facilities,PACS,PACS,PACS Group Inc,Medical Care Facilities,USA,6.84B,25.88,"673,029",43.19,0.89%,Aug 04/a,RUT,16.02,0.95,1.23,15.00,21.02,1.81,28.08%,4.82%,6.23%,2.89,3.07,-,1.67,0.58,32.40%,10.45%,-41.50%,-10.97%,16.93%,29.74%,45.92%,9.07%,53.08%,101.51%,15.15%,15.37%,7.41%,4.85%,-1.61%,5.09%,3.95%,-1.10%,-1.44%,22.07%,12.50%,224.74%,-,1.55,3.66%,-0.09,1.62%,-1.35%,10.48%,52.80,806.63K,0.83,42.81,42.48,43.67,42.43,1.00,59.00,Oct-05,Omega to Transition Operations of 32 Facilities in Florida to PACS Group,https://finviz.com/news/398459/omega-to-transition-operations-of-32-facilities-in-florida-to-pacs-group,PACS Group announced that it will assume operations of 32 Florida facilities being transitioned to it by Omega under a new agreement disclosed today.,Healthcare,38.66,10.07B,0.91,0.91,5.55B,269.17M,31.00%,-,3.14%,-12.73%,318.91%,1.67%,-0.77%,-,17.43%,1.00%,all_green,10,103.0,18.0,28.0,57.0,0.5382790269577408,0.7132867132867133,0.8333333333333334,0.0547785547785548,0.7465034965034965,0.7546460868133031,0.0990675990675989,0.1666666666666666,0.3333333333333333,0.0555555555555555,0.0,0.0,0.391030303030303,-0.3813187711524928,0.01594174375123013,-0.01368474404460208,0.8000000000000013,0,0,0.88|0.84|1.61|0.74|0.75|0.57|1.48|0.57|0.92|0.80,1.78|1.75|1.85|1.84|1.80|1.74|1.63|1.58|1.57|1.55,0.73|0.88|1.18|1.33|0.82|1.38|1.31|1.04|1.13|0.83
2026-10-07,2026-10-07T21:09:06Z,all_green,v3,Medical Care Facilities,CHE,CHE,Chemed Corp,Medical Care Facilities,USA,6.55B,25.19,"139,128",501.45,-1.65%,Oct 27/a,-,18.22,1.52,2.53,20.25,16.45,2.64,27.11%,16.68%,25.37%,0.31,0.40,10.76%,19.91,6.44,18.30%,7.94%,3.52%,-1.20%,11.95%,5.82%,4.00%,8.80%,43.67%,1.56%,3.31%,30.44%,13.47%,10.60%,-5.03%,-2.51%,-0.72%,-3.38%,2.24%,26.87%,17.20%,14.99%,-2.91%,12.88,2.48%,0.51,-1.07%,-4.13%,9.90%,42.23,160.23K,0.87,509.84,508.32,514.67,499.52,2.50,571.60,Oct-01,"Chemed To Report Third Quarter 2026 Earnings October 27, Related Conference Call To Be Held On October 28",https://finviz.com/news/397790/chemed-to-report-third-quarter-2026-earnings-october-27-related-conference-call-to-be-held-on-october-28,Chemed's Roto-Rooter subsidiary announces $60.6M acquisition of its largest independent California franchise territory,Healthcare,162.95,6.84B,0.91,0.89,2.60B,274.99M,105.78%,19.26%,2.33%,-9.97%,37.31%,-1.35%,-0.30%,14.13%,8.21%,1.24%,all_green,10,103.0,18.0,28.0,57.0,0.5382790269577408,0.7132867132867133,0.8333333333333334,0.0547785547785548,0.7465034965034965,0.7546460868133031,0.0990675990675989,0.1666666666666666,0.3333333333333333,0.0555555555555555,0.0,0.0,0.391030303030303,-1.6771777679012823,-0.010815728292732295,-0.04307916970898099,1.1762422360248428,0,0,1.15|0.79|0.88|0.90|1.16|0.99|0.74|1.06|0.92|1.18,14.20|13.97|14.06|13.95|14.12|14.12|13.42|12.78|12.70|12.88,0.47|0.75|1.02|0.83|0.86|2.50|1.33|0.87|0.81|0.87
2026-10-07,2026-10-07T21:09:06Z,all_green,v3,Medical Care Facilities,OPCH,OPCH,Option Care Health Inc,Medical Care Facilities,USA,4.64B,23.46,"19,281,406",31.01,0.03%,Jul 29/b,RUT,14.89,1.42,0.82,15.29,14.12,1.00,16.00%,6.20%,8.39%,0.98,1.01,-,1.32,0.49,9.38%,10.71%,15.40%,-,10.52%,12.72%,13.25%,1.86%,14.13%,5.33%,5.95%,17.87%,5.86%,3.68%,3.51%,-40.09%,37.88%,30.62%,43.10%,6.34%,-2.67%,14.39%,-4.67%,1.09,2.79%,0.57,28.17%,29.66%,17.31%,83.70,3.16M,6.10,31.00,31.03,31.06,30.99,2.58,30.39,7 hours,"Flutter upgraded, AppFolio downgraded: Wall Street's top analyst calls",https://finance.yahoo.com/markets/stocks/articles/intel-downgraded-marvell-upgraded-wall-133448639.html,William Blair downgrades Option Care Health to Market Perform after announced $32.05-per-share CD&R–McKesson buyout,Healthcare,23.97,5.72B,1.47,0.98,5.69B,209.58M,106.85%,23.69%,2.45%,-15.73%,72.18%,-0.06%,0.10%,-,5.56%,1.60%,all_green,10,103.0,18.0,28.0,57.0,0.5382790269577408,0.7132867132867133,0.8333333333333334,0.0547785547785548,0.7465034965034965,0.7546460868133031,0.0990675990675989,0.1666666666666666,0.3333333333333333,0.0555555555555555,0.0,0.0,0.391030303030303,6.507892908340372,0.21978622142467039,0.22875212093166736,0.06422018348623879,0,1,1.08|0.81|1.41|2.43|1.29|1.04|0.96|1.59|0.12|0.06,0.59|0.59|0.61|0.68|0.70|0.70|0.68|0.66|1.17|1.09,0.74|0.68|1.11|1.65|1.67|2.46|0.81|1.29|29.68|6.10
2026-10-07,2026-10-07T21:09:06Z,all_green,v3,Medical Care Facilities,CON,CON,Concentra Group Holdings Parent Inc,Medical Care Facilities,USA,4.64B,23.93,"1,283,330",36.40,0.00%,Aug 06/a,RUT,19.77,1.38,2.03,17.36,14.41,2.91,47.89%,6.71%,7.79%,4.28,4.49,-,1.52,0.44,20.44%,11.58%,-0.96%,-6.16%,14.29%,7.85%,5.72%,10.03%,45.65%,31.92%,14.02%,25.83%,16.71%,8.53%,-5.51%,1.86%,5.75%,7.44%,15.92%,66.13%,84.96%,73.66%,-,0.91,2.75%,0.64,3.00%,5.84%,35.42%,63.23,914.54K,1.40,36.40,36.41,36.72,36.30,1.00,41.00,Sep-14,Concentra Expands Florida Footprint with New Daytona Beach Medical Center,https://finviz.com/news/391650/concentra-expands-florida-footprint-with-new-daytona-beach-medical-center,"Soft jobs report lowers yields, lifting Concentra 2.8% with healthcare-provider peers Friday",Healthcare,29.37,6.66B,1.38,1.38,2.29B,195.03M,88.10%,-,2.99%,-1.17%,96.28%,-0.03%,0.03%,-,23.34%,2.41%,all_green,10,103.0,18.0,28.0,57.0,0.5382790269577408,0.7132867132867133,0.8333333333333334,0.0547785547785548,0.7465034965034965,0.7546460868133031,0.0990675990675989,0.1666666666666666,0.3333333333333333,0.0555555555555555,0.0,0.0,0.391030303030303,2.207105064247919,0.02912621359223311,0.055177626606197974,0.4615384615384634,1,1,0.51|1.70|0.57|1.71|1.24|0.94|0.91|1.06|0.72|0.46,0.85|0.90|0.87|0.92|0.94|0.94|0.89|0.97|0.95|0.91,0.70|1.18|0.90|1.19|1.21|5.24|0.61|1.13|0.99|1.40
2026-10-07,2026-10-07T21:09:06Z,all_green,v3,Medical Care Facilities,LFST,LFST,LifeStance Health Group Inc,Medical Care Facilities,USA,4.63B,93.15,"3,652,940",12.11,-0.08%,Aug 06/b,RUT,55.19,0.31,2.92,26.61,36.14,3.08,3.43%,2.34%,2.68%,0.28,0.32,-,0.13,0.04,702.67%,36.68%,-,-,180.50%,18.33%,30.44%,26.08%,722.45%,411.37%,20.38%,30.12%,5.07%,3.19%,-36.24%,12.71%,0.67%,-5.39%,12.13%,85.17%,72.02%,118.99%,82.93%,0.43,3.64%,1.37,-2.05%,0.05%,36.43%,48.02,4.35M,0.84,12.12,11.99,12.30,11.96,1.45,14.40,Sep-30,"Nearly Half of Americans Say Fear of an Unwanted Viral Moment Keeps Them from Being Themselves in Public, LifeStance Survey Finds",https://finviz.com/news/397123/nearly-half-of-americans-say-fear-of-an-unwanted-viral-moment-keeps-them-from-being-themselves-in-public-lifestance-survey-finds,"Barclays raises LifeStance Health price target, citing reduced private‑equity overhang after secondary share offering by existing shareholders",Healthcare,20.48,4.88B,1.38,1.38,1.58B,50.60M,63.51%,-7.91%,3.67%,-10.69%,153.88%,1.00%,-1.07%,-,82.93%,5.01%,all_green,10,103.0,18.0,28.0,57.0,0.5382790269577408,0.7132867132867133,0.8333333333333334,0.0547785547785548,0.7465034965034965,0.7546460868133031,0.0990675990675989,0.1666666666666666,0.3333333333333333,0.0555555555555555,0.0,0.0,0.391030303030303,0.01407435816974951,-0.02092904543134245,0.000499750124937431,0.7906976744186043,1,0,0.74|1.09|1.31|1.22|1.04|0.60|0.64|0.93|0.91|0.79,0.46|0.47|0.49|0.49|0.50|0.48|0.45|0.44|0.44|0.43,1.72|1.27|1.55|1.24|1.72|4.13|0.66|0.74|0.57|0.84
2026-10-07,2026-10-07T21:09:06Z,all_green,v3,Medical Care Facilities,NHC,NHC,National Healthcare Corp,Medical Care Facilities,USA,3.46B,24.86,"100,861",221.19,-3.10%,May 08/b,RUT,-,-,2.23,23.64,-,2.08,13.08%,9.05%,12.35%,0.01,0.03,3.99%,8.90,-,-,-,74.12%,23.00%,-,12.71%,9.68%,8.87%,67.13%,32.91%,7.19%,53.41%,-7.51%,9.04%,-1.36%,-0.61%,0.77%,0.10%,3.27%,28.32%,61.35%,87.75%,233.27%,6.49,2.71%,0.64,-1.62%,-1.27%,18.86%,46.21,109.74K,0.92,228.27,225.99,229.19,220.40,-,-,Aug-06,NHC Announces Common Dividend,https://finviz.com/news/379209/nhc-announces-common-dividend,National HealthCare Corp reports Q2 net income $40.3 million on $408 million revenue and declares $0.67 quarterly dividend,Healthcare,13.03,3.24B,1.86,1.83,1.55B,140.26M,65.87%,223.05%,2.58%,-7.56%,90.00%,-2.12%,-1.00%,3.83%,31.76%,-0.06%,all_green,10,103.0,18.0,28.0,57.0,0.5382790269577408,0.7132867132867133,0.8333333333333334,0.0547785547785548,0.7465034965034965,0.7546460868133031,0.0990675990675989,0.1666666666666666,0.3333333333333333,0.0555555555555555,0.0,0.0,0.391030303030303,-0.43840487597730105,-0.016466761536897793,-0.012863364732097671,1.3543913713405227,0,0,0.72|0.86|0.57|0.85|0.36|1.27|0.91|1.36|0.74|1.35,7.28|7.20|6.99|6.91|6.58|6.72|6.41|6.44|6.32|6.49,0.41|0.57|0.47|0.58|0.62|3.83|0.79|1.03|0.82|0.92
2026-10-07,2026-10-07T21:09:06Z,all_green,v3,Medical Care Facilities,ACHC,ACHC,Acadia Healthcare Company Inc,Medical Care Facilities,USA,2.72B,-,"1,430,641",29.23,0.65%,Jul 28/a,RUT,15.83,5.61,0.81,-,9.96,1.58,-44.54%,-19.00%,-25.08%,1.27,1.30,-,-12.45,0.46,-23.69%,20.99%,-,-,2.82%,8.27%,9.65%,-0.39%,-64.09%,-917.61%,4.27%,16.26%,10.06%,-33.44%,0.00%,0.10%,6.29%,6.29%,-6.91%,11.10%,105.99%,7.34%,-57.81%,1.22,4.40%,0.66,3.42%,1.06%,19.84%,55.00,2.06M,0.70,29.04,28.84,29.66,28.66,2.00,33.79,Sep-28,"Roblox downgraded, Royal Caribbean upgraded: Wall Street's top analyst calls",https://finance.yahoo.com/markets/stocks/articles/dicks-sporting-upgraded-trade-desk-134706727.html,"Raymond James downgrades Acadia Healthcare to Outperform from Strong Buy, cuts price target to $39 on PLGL accrual visibility concerns",Healthcare,15.89,5.33B,1.57,1.56,3.37B,-1.13B,138.48%,-51.40%,4.01%,-18.42%,155.73%,1.35%,-0.69%,-,9.73%,2.56%,all_green,10,103.0,18.0,28.0,57.0,0.5382790269577408,0.7132867132867133,0.8333333333333334,0.0547785547785548,0.7465034965034965,0.7546460868133031,0.0990675990675989,0.1666666666666666,0.3333333333333333,0.0555555555555555,0.0,0.0,0.391030303030303,0.2513017749559573,0.03306903887062467,0.01048881852364926,0.819672131147541,1,0,0.69|0.95|0.73|0.90|0.65|1.07|0.78|0.86|0.66|0.82,1.49|1.49|1.46|1.45|1.41|1.42|1.34|1.27|1.24|1.22,0.25|0.42|0.46|0.48|0.61|1.06|0.46|1.18|0.68|0.70
2026-10-07,2026-10-07T21:09:06Z,all_green,v3,Medical Care Facilities,AVAH,AVAH,Aveanna Healthcare Holdings Inc,Medical Care Facilities,USA,2.69B,10.01,"4,591,772",12.31,0.74%,Aug 13/b,RUT,13.57,0.72,1.03,17.24,12.56,1.57,199.62%,14.17%,17.20%,4.56,5.24,-,1.23,0.21,37.41%,10.04%,-,-,18.75%,10.82%,10.23%,13.73%,39.56%,1337.90%,19.52%,31.84%,11.39%,10.56%,-43.86%,7.48%,-0.81%,-9.88%,25.36%,85.67%,50.67%,44.31%,970.43%,0.49,3.67%,2.04,-6.23%,-0.28%,38.61%,42.11,3.02M,1.52,12.22,12.24,12.55,12.14,1.64,14.85,Aug-27,Aveanna to Participate in the Deutsche Bank 2026 Healthcare Summit,https://finviz.com/news/386068/aveanna-to-participate-in-the-deutsche-bank-2026-healthcare-summit,"Aveanna Healthcare selling stockholders price 15M-share secondary offering at $11.75, grant 2.25M-share underwriter option",Healthcare,27.65,4.10B,1.16,1.16,2.60B,274.76M,43.69%,69.09%,3.43%,-16.32%,107.59%,0.57%,0.16%,-,30.72%,4.99%,all_green,10,103.0,18.0,28.0,57.0,0.5382790269577408,0.7132867132867133,0.8333333333333334,0.0547785547785548,0.7465034965034965,0.7546460868133031,0.0990675990675989,0.1666666666666666,0.3333333333333333,0.0555555555555555,0.0,0.0,0.391030303030303,-0.07054037017935826,-0.06643915964594221,-0.0028078620136381435,0.8367346938775513,0,1,1.16|0.86|0.71|0.93|1.00|0.89|0.79|0.90|0.96|0.84,0.57|0.57|0.56|0.56|0.56|0.55|0.53|0.50|0.50|0.49,0.85|0.92|1.23|1.68|1.13|2.23|0.69|1.54|1.09|1.52
2026-10-07,2026-10-07T21:09:06Z,all_green,v3,Medical Care Facilities,GRDN,GRDN,Guardian Pharmacy Services Inc,Medical Care Facilities,USA,2.58B,39.30,"388,309",40.68,-1.26%,Aug 06/a,RUT,28.36,2.02,1.76,32.30,23.68,1.73,31.75%,16.48%,24.10%,0.11,0.14,-,1.03,0.31,21.63%,10.21%,10.88%,31.17%,14.07%,16.81%,16.29%,2.16%,139.75%,172.45%,10.31%,21.63%,5.72%,4.50%,0.00%,2.61%,-0.25%,-4.17%,-0.93%,1.62%,35.19%,71.36%,-,1.65,4.21%,0.01,-5.73%,-0.52%,9.10%,44.29,472.08K,0.82,41.20,40.77,41.98,40.35,1.14,49.86,Sep-01,Guardian Pharmacy Services Acquires Assets of Tennessee-Based Nautilus Pharmacy,https://finviz.com/news/387762/guardian-pharmacy-services-acquires-assets-of-tennessee-based-nautilus-pharmacy,"Guardian Pharmacy Services acquires Nautilus Pharmacy assets, adding assisted-living customer base across 14 states to long-term care network",Healthcare,28.69,2.53B,1.65,1.33,1.46B,65.91M,47.02%,-,3.41%,-15.83%,75.80%,-0.22%,-1.04%,-,10.81%,3.32%,all_green,10,103.0,18.0,28.0,57.0,0.5382790269577408,0.7132867132867133,0.8333333333333334,0.0547785547785548,0.7465034965034965,0.7546460868133031,0.0990675990675989,0.1666666666666666,0.3333333333333333,0.0555555555555555,0.0,0.0,0.391030303030303,-0.12887378001973923,-0.060782857749018836,-0.0052271813429835235,0.9878787878787851,0,0,0.83|1.86|1.18|1.65|1.03|0.75|1.26|0.41|1.30|0.99,1.66|1.78|1.81|1.90|1.90|1.87|1.85|1.62|1.65|1.65,2.25|2.21|1.67|1.92|1.36|7.13|1.27|0.58|0.83|0.82
2026-10-07,2026-10-07T21:09:06Z,all_green,v3,Medical Care Facilities,BKD,BKD,Brookdale Senior Living Inc,Medical Care Facilities,USA,2.57B,-,"6,604,240",10.77,-1.19%,Aug 10/a,RUT,62.74,-,0.84,108.39,16.30,2.50,-362.06%,-2.30%,-2.60%,-,-,-,-0.58,-0.03,102.98%,415.01%,3.73%,-,-,5.18%,-1.38%,-11.61%,152.05%,44.67%,-4.42%,10.55%,5.00%,-4.53%,0.00%,5.92%,-0.55%,-10.92%,-29.52%,-23.73%,-0.19%,33.13%,184.17%,0.38,3.26%,0.54,-4.55%,-11.70%,-19.63%,32.36,4.94M,1.34,10.90,10.96,11.07,10.77,1.17,19.25,Sep-09,Brookdale Reports August 2026 Occupancy,https://finviz.com/news/390466/brookdale-reports-august-2026-occupancy,No clear catalyst identified; Brookdale rebounds 4% premarket after Monday’s 3% decline,Healthcare,6.07,7.64B,1.14,1.14,3.05B,-138.31M,109.11%,68.81%,4.01%,-36.98%,34.63%,-1.73%,0.55%,-,280.18%,-2.32%,all_green,10,103.0,18.0,28.0,57.0,0.5382790269577408,0.7132867132867133,0.8333333333333334,0.0547785547785548,0.7465034965034965,0.7546460868133031,0.0990675990675989,0.1666666666666666,0.3333333333333333,0.0555555555555555,0.0,0.0,0.391030303030303,-3.755409191154555,-0.04766893661602925,-0.13250283125707807,0.7894736842105282,0,0,1.06|1.02|1.10|0.81|0.51|0.55|0.68|1.50|1.28|0.79,0.47|0.47|0.48|0.47|0.45|0.44|0.37|0.38|0.39|0.38,1.10|0.49|1.19|0.65|0.84|1.46|0.76|0.89|0.93|1.34
2026-10-07,2026-10-07T21:09:06Z,all_green,v3,Medical Care Facilities,ADUS,ADUS,Addus HomeCare Corp,Medical Care Facilities,USA,2.12B,19.87,"229,217",113.27,0.10%,Aug 03/a,RUT,15.02,1.72,1.43,13.67,12.01,1.44,9.71%,7.35%,8.47%,0.08,0.09,-,5.70,1.79,13.12%,7.01%,22.39%,20.22%,8.72%,14.36%,13.22%,8.01%,24.24%,25.01%,15.88%,31.23%,10.85%,7.13%,-0.18%,0.33%,2.47%,-5.07%,3.24%,22.72%,5.48%,2.38%,35.56%,3.00,2.52%,0.77,-1.16%,-2.87%,7.22%,45.40,219.69K,1.04,113.16,113.16,117.31,112.90,1.64,134.08,Sep-14,Addus HomeCare Announces a Definitive Agreement to Acquire Personal Care Division of AccentCare,https://finviz.com/news/391539/addus-homecare-announces-a-definitive-agreement-to-acquire-personal-care-division-of-accentcare,"Addus HomeCare to buy AccentCare personal care unit for $275 million, adding about $280 million in annual revenue",Healthcare,21.24,2.12B,1.69,1.69,1.48B,105.31M,104.96%,51.59%,2.50%,-8.97%,28.79%,0.10%,0.00%,-,1.88%,0.31%,all_green,10,103.0,18.0,28.0,57.0,0.5382790269577408,0.7132867132867133,0.8333333333333334,0.0547785547785548,0.7465034965034965,0.7546460868133031,0.0990675990675989,0.1666666666666666,0.3333333333333333,0.0555555555555555,0.0,0.0,0.391030303030303,-1.1156350595421902,-0.011736139214892824,-0.02954802841552548,1.4699999999999989,0,0,1.10|1.13|0.82|1.18|0.57|0.86|1.07|1.22|0.84|1.47,3.13|3.16|3.12|3.16|3.06|3.05|2.96|2.93|2.89|3.00,0.56|0.82|1.21|0.82|0.96|2.53|0.88|0.99|0.57|1.04
2026-10-07,2026-10-07T21:09:06Z,all_green,v3,Medical Care Facilities,MD,MD,Pediatrix Medical Group Inc,Medical Care Facilities,USA,2.10B,12.41,"655,824",25.83,-0.65%,Aug 04/b,RUT,10.58,1.49,1.08,9.18,8.78,1.19,20.39%,8.26%,13.42%,0.48,0.70,-,2.08,0.65,15.09%,3.99%,34.98%,-,7.11%,-0.99%,1.99%,4.04%,6.62%,63.72%,0.51%,25.05%,12.34%,8.96%,-2.73%,0.50%,0.39%,-4.12%,-4.05%,20.81%,20.76%,46.76%,100.54%,0.80,3.24%,0.65,-1.03%,-1.96%,10.62%,45.65,779.32K,0.84,26.00,25.81,26.40,25.72,2.71,26.33,Aug-04,"Pediatrix Medical Group, Inc. Q2 2026 Earnings Call Summary",https://finance.yahoo.com/m/485ddc1d-84a4-31ca-8add-2674022ad33b/pediatrix-medical-group%2C-inc..html,"Pediatrix beats Q2 2026 estimates, reaffirms $280–$300M 2026 EBITDA, signals flat volumes and fading RCM tailwinds",Healthcare,5.19,2.31B,1.32,1.32,1.95B,174.81M,104.27%,-5.87%,3.04%,-7.55%,64.57%,0.08%,-0.73%,-,6.60%,1.94%,all_green,10,103.0,18.0,28.0,57.0,0.5382790269577408,0.7132867132867133,0.8333333333333334,0.0547785547785548,0.7465034965034965,0.7546460868133031,0.0990675990675989,0.1666666666666666,0.3333333333333333,0.0555555555555555,0.0,0.0,0.391030303030303,-0.6454865361077111,-0.010407194099221972,-0.01999184006527948,0.8499999999999996,0,1,0.71|1.51|1.19|1.30|1.10|0.89|1.15|1.07|1.00|0.85,0.82|0.85|0.86|0.89|0.89|0.89|0.84|0.81|0.81|0.80,0.65|0.95|1.01|0.79|1.07|2.57|0.80|1.23|0.86|0.84
2026-10-07,2026-10-07T21:09:06Z,all_green,v3,Drug Manufacturers - General,LLY,LLY,Lilly(Eli) & Co,Drug Manufacturers - General,USA,1119.01B,40.39,"2,297,481",1188.72,2.70%,Oct 29/b,S&P 500,25.35,0.83,14.05,61.52,27.93,14.62,102.43%,21.96%,32.68%,1.41,1.62,15.18%,29.43,9.92,51.12%,28.19%,49.25%,27.59%,30.55%,31.69%,21.58%,47.67%,26.20%,95.08%,49.58%,83.40%,49.72%,33.53%,-0.03%,0.02%,2.73%,5.77%,-2.32%,24.70%,10.61%,40.91%,110.31%,33.15,2.48%,0.43,2.85%,1.23%,10.53%,57.67,2.49M,0.92,1157.49,1173.62,1206.63,1166.00,1.50,1363.42,2 hours,Nasdaq and S&P Hold Weekly Gains as Small Caps and Dow Slip Midweek,https://finviz.com/news/399984/nasdaq-and-sp-hold-weekly-gains-as-small-caps-and-dow-slip-midweek,Morgan Stanley target hike and healthcare rotation lift Lilly 3.8% by midday,Healthcare,125.03,1164.97B,1.35,1.00,79.67B,26.71B,76.28%,409.79%,2.97%,-8.04%,51.65%,1.29%,1.39%,15.24%,30.92%,10.33%,all_green,11,106.0,28.0,45.0,33.0,0.6252983228988139,0.6993006993006993,0.8194444444444444,-0.0233100233100234,0.7124125874125874,0.8941766017453039,-0.1480186480186479,0.1666666666666666,1.0,0.1666666666666666,-0.1666666666666666,0.0,-0.2069090909090908,0.4357043657134851,0.027710257656781662,0.012150548256445614,1.225641025641029,1,0,0.93|0.92|0.60|0.71|1.43|0.90|0.68|0.78|1.80|1.23,36.54|32.06|31.10|30.44|32.75|32.50|31.71|31.20|33.23|33.15,0.89|0.69|0.54|0.70|0.91|0.72|0.74|0.65|1.35|0.92
2026-10-07,2026-10-07T21:09:06Z,all_green,v3,Drug Manufacturers - General,JNJ,JNJ,Johnson & Johnson,Drug Manufacturers - General,USA,622.84B,29.96,"5,277,558",258.45,1.44%,Oct 13/b,"DJIA, S&P 500",20.74,2.09,6.36,28.00,19.05,6.65,25.74%,10.67%,17.20%,0.44,0.58,5.25%,8.63,2.66,4.81%,10.18%,17.88%,14.90%,9.92%,5.56%,2.67%,6.64%,-0.92%,-7.21%,8.07%,68.03%,26.99%,21.48%,-8.52%,0.09%,-2.38%,-3.96%,-0.25%,7.11%,24.89%,36.83%,63.95%,5.06,1.80%,0.21,-2.61%,-2.62%,6.62%,40.55,7.07M,0.75,254.78,256.21,260.68,255.73,1.89,283.90,4 hours,Why You Should Think About Eli Lilly Stock Differently Now,https://finance.yahoo.com/markets/stocks/articles/why-think-eli-lilly-stock-161356575.html,"J&J oral IL-23R inhibitor ICOTYDE shows durable skin clearance, favorable safety in 2-year Phase 3 psoriasis data",Healthcare,30.00,651.12B,1.09,0.81,97.94B,21.04B,77.22%,60.19%,1.71%,-8.05%,41.28%,0.87%,0.56%,4.92%,1.59%,0.99%,all_green,11,106.0,28.0,45.0,33.0,0.6252983228988139,0.6993006993006993,0.8194444444444444,-0.0233100233100234,0.7124125874125874,0.8941766017453039,-0.1480186480186479,0.1666666666666666,1.0,0.1666666666666666,-0.1666666666666666,0.0,-0.2069090909090908,-1.3742240373679788,-0.026799466064277685,-0.026904908605463233,0.9782608695652208,0,0,1.01|1.16|0.44|0.71|1.17|0.58|0.88|1.21|0.78|0.98,5.67|5.63|5.39|5.28|5.33|5.17|5.12|5.21|5.12|5.06,0.76|0.69|0.64|0.87|0.86|0.56|1.00|0.80|0.91|0.75
2026-10-07,2026-10-07T21:09:06Z,all_green,v3,Drug Manufacturers - General,ABBV,ABBV,Abbvie Inc,Drug Manufacturers - General,USA,479.52B,76.72,"5,475,438",271.36,1.75%,Oct 30/b,S&P 500,16.50,0.77,7.45,26.33,18.18,8.45,15221.82%,4.60%,11.08%,-,-,6.56%,3.54,3.85,40.26%,17.27%,-29.11%,-2.81%,21.32%,1.75%,5.95%,10.16%,288.03%,68.16%,10.39%,71.42%,34.18%,9.74%,-1.82%,0.56%,3.73%,9.08%,8.58%,28.25%,18.76%,16.55%,83.05%,5.70,1.99%,0.21,3.00%,5.04%,16.87%,65.81,4.92M,1.11,266.69,268.40,274.94,266.89,1.62,282.08,4 hours,Why You Should Think About Eli Lilly Stock Differently Now,https://finance.yahoo.com/markets/stocks/articles/why-think-eli-lilly-stock-161356575.html,FDA grants two Breakthrough Therapy Designations to AbbVie investigational ADC telisotuzumab adizutecan (Temab-A) in colorectal and non-small cell lung cancer,Healthcare,73.00,543.82B,0.81,0.69,64.39B,6.27B,78.21%,144.76%,2.20%,0.73%,42.26%,1.10%,0.64%,5.21%,1.24%,1.11%,all_green,11,106.0,28.0,45.0,33.0,0.6252983228988139,0.6993006993006993,0.8194444444444444,-0.0233100233100234,0.7124125874125874,0.8941766017453039,-0.1480186480186479,0.1666666666666666,1.0,0.1666666666666666,-0.1666666666666666,0.0,-0.2069090909090908,2.284266645288011,0.02912621359223307,0.04798172124904799,1.412280701754388,1,0,1.23|1.18|0.53|0.67|0.81|0.65|0.84|1.39|0.72|1.41,5.78|5.95|5.74|5.60|5.36|5.22|5.16|5.32|5.21|5.70,0.45|0.80|0.49|0.55|0.57|0.42|0.75|0.78|0.87|1.11
2026-10-07,2026-10-07T21:09:06Z,all_green,v3,Drug Manufacturers - General,MRK,MRK,Merck & Co Inc,Drug Manufacturers - General,USA,352.29B,114.13,"6,349,088",142.79,0.60%,Oct 29/b,"DJIA, S&P 500",15.14,3.02,5.31,21.93,20.99,6.02,6.98%,2.57%,3.41%,1.22,1.29,5.75%,1.25,2.16,-69.83%,248.18%,8.43%,21.23%,5.02%,3.55%,9.34%,4.94%,-130.68%,-80.62%,4.51%,72.43%,18.81%,4.79%,-8.47%,0.51%,-1.73%,-3.82%,14.17%,15.92%,35.65%,62.98%,37.46%,3.41,2.19%,0.14,-2.10%,-0.08%,15.63%,45.30,9.80M,0.65,141.94,142.02,144.15,141.49,1.81,155.36,4 hours,Merck's Keytruda Is Dealt a Legal Setback. It's Good News for This Biotech Stock.,https://www.barrons.com/articles/merck-stock-keytruda-halozyme-therapeutics-c667ba47?mod=bar_FV,"Dutch patent court issues injunction halting Merck’s Keytruda SC in multiple European countries after finding it infringes Halozyme’s MDASE patent EP 2,797,622.",Healthcare,49.05,399.06B,1.32,1.10,66.29B,3.17B,83.02%,74.26%,2.18%,-9.00%,74.11%,0.54%,0.06%,5.42%,51.94%,1.45%,all_green,11,106.0,28.0,45.0,33.0,0.6252983228988139,0.6993006993006993,0.8194444444444444,-0.0233100233100234,0.7124125874125874,0.8941766017453039,-0.1480186480186479,0.1666666666666666,1.0,0.1666666666666666,-0.1666666666666666,0.0,-0.2069090909090908,-0.033525940987395274,-0.021450459652706904,-0.0008006405124099579,0.7800586510263919,0,0,0.95|0.51|0.42|0.68|0.97|0.69|0.82|1.19|1.10|0.78,4.11|3.62|3.46|3.41|3.68|3.60|3.55|3.60|3.63|3.41,0.60|0.80|0.71|1.09|1.02|0.82|0.76|0.83|1.04|0.65
2026-10-07,2026-10-07T21:09:06Z,all_green,v3,Drug Manufacturers - General,AMGN,AMGN,AMGEN Inc,Drug Manufacturers - General,USA,223.32B,25.66,"2,218,952",413.08,2.60%,Aug 04/a,"DJIA, NDX, S&P 500",16.88,2.93,5.85,21.95,15.33,6.98,91.47%,9.53%,13.76%,4.44,4.90,8.27%,16.10,5.79,5.66%,6.07%,5.51%,2.93%,5.76%,12.09%,7.79%,9.82%,64.93%,31.69%,9.89%,72.71%,33.31%,22.89%,-0.90%,0.04%,-2.00%,5.06%,13.60%,18.09%,26.20%,39.77%,54.44%,10.28,2.39%,0.43,3.51%,0.52%,12.94%,54.06,2.71M,0.82,402.60,403.06,415.79,401.85,2.62,399.25,4 hours,Why You Should Think About Eli Lilly Stock Differently Now,https://finance.yahoo.com/markets/stocks/articles/why-think-eli-lilly-stock-161356575.html,Jefferies raises Amgen price target to $410 after positive Phase 3 dazodalibep data in systemic Sjögren's disease,Healthcare,15.96,266.64B,1.37,1.13,38.20B,8.74B,85.56%,97.53%,2.25%,-7.59%,43.43%,2.49%,0.11%,7.05%,11.97%,6.66%,all_green,11,106.0,28.0,45.0,33.0,0.6252983228988139,0.6993006993006993,0.8194444444444444,-0.0233100233100234,0.7124125874125874,0.8941766017453039,-0.1480186480186479,0.1666666666666666,1.0,0.1666666666666666,-0.1666666666666666,0.0,-0.2069090909090908,0.20787004851039315,0.033909767172253864,0.005173099880620803,1.356031128404669,1,0,0.81|0.54|0.45|0.63|0.58|1.04|0.77|1.00|0.59|1.36,9.60|10.89|10.44|10.16|10.57|10.60|10.42|10.42|10.10|10.28,0.68|0.97|0.90|1.22|0.94|0.83|1.09|1.40|1.17|0.82
2026-10-07,2026-10-07T21:09:06Z,all_green,v3,Drug Manufacturers - General,GILD,GILD,Gilead Sciences Inc,Drug Manufacturers - General,USA,182.09B,-,"4,960,248",146.85,1.82%,Aug 04/a,"NDX, S&P 500",14.77,1.56,5.96,14.07,13.87,6.66,-20.57%,-6.17%,-9.09%,2.01,2.22,3.04%,-2.66,2.12,-105.39%,2362.64%,23.06%,133.64%,9.48%,2.83%,3.63%,10.73%,-640.66%,-151.43%,6.05%,79.66%,39.05%,-10.61%,-8.43%,0.15%,-1.48%,0.14%,8.91%,3.75%,19.64%,25.75%,96.48%,3.45,2.23%,0.38,-0.97%,1.96%,7.14%,49.60,6.11M,0.81,144.23,145.27,148.60,144.85,1.63,160.40,7 hours,Former Gilead and Amgen Commercial Leader Laura Hamill Just Joined Entera (NASDAQ: ENTX),https://finviz.com/news/399925/former-gilead-and-amgen-commercial-leader-laura-hamill-just-joined-entera-nasdaq-entx,Gilead expands lenacapavir HIV prevention access with new licensing and 50% increase in no-profit supply program through 2028,Healthcare,37.30,203.37B,1.27,1.09,30.54B,-3.24B,92.60%,115.51%,2.00%,-6.64%,30.16%,1.08%,0.72%,2.67%,6.85%,5.47%,all_green,11,106.0,28.0,45.0,33.0,0.6252983228988139,0.6993006993006993,0.8194444444444444,-0.0233100233100234,0.7124125874125874,0.8941766017453039,-0.1480186480186479,0.1666666666666666,1.0,0.1666666666666666,-0.1666666666666666,0.0,-0.2069090909090908,0.8182407423200906,-0.009795011612642764,0.01922322479403686,1.0869565217391304,1,0,0.82|0.98|0.92|1.19|0.93|0.83|0.93|1.07|0.66|1.09,3.75|3.47|3.45|3.50|3.63|3.59|3.57|3.59|3.50|3.45,0.61|0.67|0.76|1.17|0.76|0.80|0.77|0.84|0.85|0.81
2026-10-07,2026-10-07T21:09:06Z,all_green,v3,Drug Manufacturers - General,BMY,BMY,Bristol-Myers Squibb Co,Drug Manufacturers - General,USA,121.95B,13.15,"11,037,979",59.70,0.18%,Oct 29/b,S&P 500,9.07,-,2.48,10.66,8.12,3.17,46.70%,10.18%,14.03%,1.96,2.02,6.24%,4.54,1.70,13.09%,-5.32%,5.47%,-,-2.81%,1.45%,2.54%,6.22%,49.96%,83.17%,3.13%,66.64%,32.35%,18.87%,-0.10%,0.87%,-4.33%,-7.71%,3.04%,0.84%,10.68%,33.68%,5.37%,1.44,2.07%,0.19,-4.09%,-7.16%,0.37%,35.55,11.15M,0.99,59.59,59.45,60.10,59.01,2.48,66.00,5 hours,Halozyme prevails in patent fight with Merck; Enliven readies anticipated leukemia trial,https://finance.yahoo.com/healthcare/articles/halozyme-prevails-patent-fight-merck-152100259.html,Leerink downgraded Bristol Myers Squibb to Market Perform from Outperform and cut its price target to $59 from $73 after reassessing key pipeline candidates.,Healthcare,11.02,155.94B,1.53,1.38,49.20B,9.28B,85.17%,1.17%,2.28%,-13.02%,40.40%,0.42%,-0.23%,4.37%,27.73%,10.51%,all_green,11,106.0,28.0,45.0,33.0,0.6252983228988139,0.6993006993006993,0.8194444444444444,-0.0233100233100234,0.7124125874125874,0.8941766017453039,-0.1480186480186479,0.1666666666666666,1.0,0.1666666666666666,-0.1666666666666666,0.0,-0.2069090909090908,-3.1973466896452667,-0.042644145553122764,-0.07712193020249888,0.7569444444444469,0,0,1.08|0.69|0.82|1.27|0.74|1.13|1.20|1.39|1.21|0.76,1.51|1.43|1.42|1.44|1.33|1.34|1.36|1.40|1.43|1.44,0.54|0.89|0.85|1.10|1.33|0.96|1.27|1.45|1.45|0.99
2026-10-07,2026-10-07T21:09:06Z,all_green,v3,Drug Manufacturers - General,BIIB,BIIB,Biogen Inc,Drug Manufacturers - General,USA,32.82B,39.34,"1,298,117",222.15,-0.33%,Jul 29/b,S&P 500,13.42,1.93,3.40,12.17,14.63,4.13,4.58%,2.76%,3.16%,0.40,0.44,-,5.65,2.04,-18.69%,33.24%,-25.04%,-18.74%,6.94%,0.35%,-5.06%,2.38%,-84.85%,-45.79%,0.53%,64.29%,19.50%,8.64%,-0.11%,3.10%,-1.65%,4.54%,11.68%,23.49%,26.23%,45.95%,-15.61%,5.72,2.52%,0.12,0.17%,2.61%,13.36%,52.21,1.08M,1.20,222.89,222.93,228.00,221.40,1.89,239.28,Oct-06,"Biogen expected to slightly beat third-quarter earnings as lupus trial data loom, Jefferies says",https://finance.yahoo.com/healthcare/articles/biogen-expected-slightly-beat-third-170600483.html,"Biogen reports 52-week Phase 2 AMETHYST data showing continued efficacy, consistent safety for cutaneous lupus drug litifilimab",Healthcare,25.54,39.89B,1.87,1.26,9.66B,834.60M,98.65%,-22.80%,2.50%,-3.62%,60.98%,-0.35%,0.02%,-,22.49%,11.20%,all_green,11,106.0,28.0,45.0,33.0,0.6252983228988139,0.6993006993006993,0.8194444444444444,-0.0233100233100234,0.7124125874125874,0.8941766017453039,-0.1480186480186479,0.1666666666666666,1.0,0.1666666666666666,-0.1666666666666666,0.0,-0.2069090909090908,0.9878729836579971,0.001697114904662073,0.02543611733749153,1.1538461538461529,1,0,0.77|0.53|0.60|0.72|0.76|0.89|0.87|0.87|0.69|1.15,5.97|5.99|5.81|5.68|5.83|5.78|5.72|5.67|5.54|5.72,0.49|0.68|0.55|0.76|0.94|0.87|1.22|1.08|1.45|1.20
2026-10-07,2026-10-07T21:09:06Z,all_green,v3,Drug Manufacturers - General,OGN,OGN,Organon & Co,Drug Manufacturers - General,USA,3.62B,17.67,"2,208,150",13.79,0.36%,Aug 11,-,3.80,1.23,0.59,6.39,7.19,1.80,24.04%,1.57%,2.20%,8.43,8.50,-,0.78,0.88,-8.47%,8.36%,-41.56%,-39.04%,3.09%,0.23%,-1.00%,-2.26%,-28.36%,-70.52%,-2.45%,53.09%,19.41%,3.41%,0.70%,-0.16%,0.66%,0.29%,2.22%,135.32%,92.33%,30.09%,-16.83%,0.04,0.30%,1.53,0.65%,0.73%,25.46%,65.54,2.68M,0.82,13.74,13.72,13.79,13.72,3.00,14.00,Oct-01,"Organon to Present New Real-World Analysis of VTAMA (tapinarof) Cream, 1%, at the 2026 Fall Clinical Dermatology Conference",https://www.businesswire.com/news/home/20261001161544/en/,"Organon says US FDA accepts Sebela Women’s Health’s sNDA for MIUDELLA copper IUD to extend use to 6 years, PDUFA Q2 2027",Healthcare,3.20,11.04B,1.95,1.44,6.13B,209.00M,83.38%,-58.01%,0.29%,0.04%,142.36%,0.51%,-0.15%,-32.79%,-6.59%,0.00%,all_green,11,106.0,28.0,45.0,33.0,0.6252983228988139,0.6993006993006993,0.8194444444444444,-0.0233100233100234,0.7124125874125874,0.8941766017453039,-0.1480186480186479,0.1666666666666666,1.0,0.1666666666666666,-0.1666666666666666,0.0,-0.2069090909090908,2.4984364141765525,0.006458022851465463,0.0072470961977564976,1.7499999999999627,1,0,1.25|0.75|0.75|0.75|0.50|1.00|0.75|0.75|1.50|1.75,0.04|0.04|0.04|0.04|0.04|0.04|0.04|0.04|0.04|0.04,1.47|1.30|0.75|0.46|0.81|0.51|0.73|0.60|0.76|0.82
