date,session,collected_at,ticker,group,list_category,trigger,stop,atr,price,open,high,low,change,status,atr_from_lod
2026-08-10,morning,2026-08-10T14:08:12Z,ABNB,Travel Services,accel,178.48,163.45,5.97,181.44,178.69,181.8,177.73,1.89,gapped_through,0.6214405360134017
2026-08-10,morning,2026-08-10T14:08:12Z,ACIW,Software - Infrastructure,rs_new_high,55.44,52.85,2.34,52.6,52.43,53.4,52.19,-2.0,invalidated,
2026-08-10,morning,2026-08-10T14:08:12Z,ADBE,Software - Application,emerging,270.16,261.29,11.42,266.73,263.46,267.88,262.14,0.58,setting_up,
2026-08-10,morning,2026-08-10T14:08:12Z,ADIG,Electronics & Computer Distribution,leaders,27.46,26.31,2.53,27.66,28.26,28.26,27.6,2.31,gapped_through,0.02371541501976234
2026-08-10,morning,2026-08-10T14:08:12Z,ADP,Software - Application,emerging,275.27,270.14,8.16,270.39,270.19,272.4,268.08,-0.34,setting_up,
2026-08-10,morning,2026-08-10T14:08:12Z,ADSK,Software - Application,emerging,252.88,245.0,9.25,251.99,246.95,252.99,246.62,1.17,failed_breakout,
2026-08-10,morning,2026-08-10T14:08:12Z,AER,Rental & Leasing Services,leaders,156.59,151.48,4.09,150.24,152.23,151.27,150.74,-0.97,invalidated,
2026-08-10,morning,2026-08-10T14:08:12Z,AG,Silver,rs_new_high,18.76,17.99,1.04,18.43,18.35,18.63,18.28,0.19,setting_up,
2026-08-10,morning,2026-08-10T14:08:12Z,AKAM,Software - Infrastructure,rs_new_high,125.55,110.02,6.35,118.71,107.47,118.6,107.32,7.39,setting_up,
2026-08-10,morning,2026-08-10T14:08:12Z,ALH,"Furnishings, Fixtures & Appliances",emerging,27.98,27.49,0.86,27.24,27.75,27.76,27.1,-1.91,invalidated,
2026-08-10,morning,2026-08-10T14:08:12Z,ALM,Other Industrial Metals & Mining,rs_new_high,14.22,13.07,1.25,14.18,14.56,14.53,13.78,0.0,gapped_through,0.3200000000000003
2026-08-10,morning,2026-08-10T14:08:12Z,AMBP,Packaging & Containers,rs_new_high,5.04,4.93,0.21,4.91,5.01,5.02,4.9,-2.58,invalidated,
2026-08-10,morning,2026-08-10T14:08:12Z,AMCR,Packaging & Containers,rs_new_high,47.9,46.89,1.24,46.95,47.54,47.37,46.89,-1.9,setting_up,
2026-08-10,morning,2026-08-10T14:08:12Z,APH,Electronic Components,accel,172.41,166.88,7.45,170.06,169.2,171.71,168.29,0.52,setting_up,
2026-08-10,morning,2026-08-10T14:08:12Z,ARW,Electronics & Computer Distribution,leaders,209.6,194.45,9.77,206.21,204.81,206.37,203.46,1.33,setting_up,
2026-08-10,morning,2026-08-10T14:08:12Z,ATI,Metal Fabrication,leaders,230.45,221.83,10.31,230.74,237.07,237.01,227.01,1.27,gapped_through,0.36178467507274664
2026-08-10,morning,2026-08-10T14:08:12Z,AVT,Electronics & Computer Distribution,leaders,97.77,93.01,3.9,97.83,97.57,98.0,96.63,1.35,triggered,0.30769230769230843
2026-08-10,morning,2026-08-10T14:08:12Z,AYA,Silver,rs_new_high,27.33,26.32,1.53,27.05,26.7,27.29,26.41,-0.51,setting_up,
2026-08-10,morning,2026-08-10T14:08:12Z,BALL,Packaging & Containers,rs_new_high,63.56,62.4,1.67,62.17,63.28,63.28,61.99,-2.03,invalidated,
2026-08-10,morning,2026-08-10T14:08:12Z,BCC,Lumber & Wood Production,emerging,87.82,84.07,3.68,84.68,85.56,85.64,84.32,-2.21,setting_up,
2026-08-10,morning,2026-08-10T14:08:12Z,BELFA,Electronic Components,accel,237.84,231.0,15.58,237.89,234.42,235.04,235.04,1.86,triggered,0.18292682926829232
2026-08-10,morning,2026-08-10T14:08:12Z,BELFB,Electronic Components,accel,297.68,288.45,18.56,296.58,294.68,297.85,288.51,1.71,failed_breakout,
2026-08-10,morning,2026-08-10T14:08:12Z,BHE,Electronic Components,accel,84.2,80.82,4.71,81.5,83.35,83.14,81.57,-1.04,setting_up,
2026-08-10,morning,2026-08-10T14:08:12Z,BHP,Other Industrial Metals & Mining,rs_new_high,90.6,89.33,2.46,89.67,90.23,90.23,89.31,-0.82,setting_up,
2026-08-10,morning,2026-08-10T14:08:12Z,BKNG,Travel Services,accel,215.69,207.15,7.7,209.95,213.96,215.44,209.52,-2.09,setting_up,
2026-08-10,morning,2026-08-10T14:08:12Z,BMI,Scientific & Technical Instruments,rs_new_high,140.15,136.37,5.65,136.83,138.84,138.82,138.12,-1.46,setting_up,
2026-08-10,morning,2026-08-10T14:08:12Z,BSP,Software - Application,emerging,48.25,42.6,3.61,45.64,44.45,46.48,44.39,2.68,setting_up,
2026-08-10,morning,2026-08-10T14:08:12Z,BSY,Software - Application,emerging,36.28,34.91,1.56,35.43,35.03,35.65,34.75,0.62,setting_up,
2026-08-10,morning,2026-08-10T14:08:12Z,BTSG,Health Information Services,leaders,63.4,61.17,3.46,62.56,61.91,62.89,61.58,0.21,setting_up,
2026-08-10,morning,2026-08-10T14:08:12Z,CAR,Rental & Leasing Services,leaders,142.86,137.0,9.33,139.26,140.0,140.58,138.41,-2.06,setting_up,
2026-08-10,morning,2026-08-10T14:08:12Z,CCK,Packaging & Containers,rs_new_high,122.21,119.25,3.17,118.7,118.88,119.52,118.0,-1.65,invalidated,
2026-08-10,morning,2026-08-10T14:08:12Z,CCL,Travel Services,accel,29.27,28.32,1.03,28.21,28.36,28.49,28.13,-2.69,invalidated,
2026-08-10,morning,2026-08-10T14:08:12Z,CDNS,Software - Application,emerging,348.12,335.58,14.15,341.32,337.38,342.03,338.5,0.61,setting_up,
2026-08-10,morning,2026-08-10T14:08:12Z,CGNX,Scientific & Technical Instruments,rs_new_high,70.14,66.79,3.43,64.5,66.48,66.48,64.12,-3.57,invalidated,
2026-08-10,morning,2026-08-10T14:08:12Z,CHYM,Software - Application,emerging,31.0,28.74,1.65,30.19,29.14,30.39,28.55,3.75,setting_up,
2026-08-10,morning,2026-08-10T14:08:12Z,CLF,Steel,leaders,12.37,11.98,0.67,12.48,12.26,12.63,12.26,1.84,triggered,0.32835820895522483
2026-08-10,morning,2026-08-10T14:08:12Z,CLS,Electronic Components,accel,319.48,305.75,28.43,327.74,320.0,327.98,318.44,3.12,gapped_through,0.3271192402391844
2026-08-10,morning,2026-08-10T14:08:12Z,CMC,Metal Fabrication,leaders,75.52,73.29,2.42,73.93,75.3,75.0,74.43,-1.6,setting_up,
2026-08-10,morning,2026-08-10T14:08:12Z,CNXN,Electronics & Computer Distribution,leaders,87.23,83.76,2.92,84.4,83.71,84.4,83.25,0.31,setting_up,
2026-08-10,morning,2026-08-10T14:08:12Z,COHR,Scientific & Technical Instruments,rs_new_high,391.36,353.15,34.18,349.38,383.94,386.5,342.3,-7.85,invalidated,
2026-08-10,morning,2026-08-10T14:08:12Z,CORZ,Software - Infrastructure,rs_new_high,21.65,20.43,1.89,20.36,20.96,21.01,20.25,-3.07,invalidated,
2026-08-10,morning,2026-08-10T14:08:12Z,CPAY,Software - Infrastructure,rs_new_high,400.96,390.63,11.63,392.71,391.81,395.5,392.0,-0.06,setting_up,
2026-08-10,morning,2026-08-10T14:08:12Z,CRM,Software - Application,emerging,194.7,190.6,8.28,194.38,190.27,194.73,190.03,0.85,failed_breakout,
2026-08-10,morning,2026-08-10T14:08:12Z,CRS,Metal Fabrication,leaders,574.22,542.38,28.55,569.87,575.29,575.29,562.08,-0.14,gapped_through,0.27285464098073425
2026-08-10,morning,2026-08-10T14:08:12Z,CRWD,Software - Infrastructure,rs_new_high,216.57,208.2,9.53,225.21,214.3,226.02,214.55,5.03,triggered,1.1185729275970617
2026-08-10,morning,2026-08-10T14:08:12Z,CRWV,Software - Infrastructure,rs_new_high,91.03,85.58,7.58,91.02,92.43,93.96,89.3,0.38,gapped_through,0.2269129287598943
2026-08-10,morning,2026-08-10T14:08:12Z,CTOS,Rental & Leasing Services,leaders,11.12,10.31,0.6,10.49,10.45,10.57,10.41,0.72,setting_up,
2026-08-10,morning,2026-08-10T14:08:12Z,CVI,Oil & Gas Refining & Marketing,leaders,31.68,29.8,1.99,32.49,31.86,32.84,32.01,4.3,gapped_through,0.24120603015075576
2026-08-10,morning,2026-08-10T14:08:12Z,DBX,Software - Infrastructure,rs_new_high,35.72,33.92,1.26,34.56,34.39,34.73,33.48,-0.72,setting_up,
2026-08-10,morning,2026-08-10T14:08:12Z,DDOG,Software - Application,emerging,248.35,233.2,16.53,248.08,232.89,248.17,229.76,6.05,setting_up,
2026-08-10,morning,2026-08-10T14:08:12Z,DINO,Oil & Gas Refining & Marketing,leaders,83.81,80.5,3.69,84.3,84.58,84.72,83.15,3.55,gapped_through,0.311653116531163
2026-08-10,morning,2026-08-10T14:08:12Z,DK,Oil & Gas Refining & Marketing,leaders,60.17,56.34,3.32,60.62,59.4,60.97,59.54,3.7,triggered,0.3253012048192766
2026-08-10,morning,2026-08-10T14:08:12Z,DOCN,Software - Infrastructure,rs_new_high,128.99,123.59,12.05,130.88,124.69,131.5,122.69,5.42,triggered,0.6796680497925309
2026-08-10,morning,2026-08-10T14:08:12Z,DOCS,Health Information Services,leaders,40.0,27.16,2.31,25.4,26.32,26.58,24.36,-7.32,invalidated,
2026-08-10,morning,2026-08-10T14:08:12Z,DOCU,Software - Application,emerging,60.38,57.89,2.72,59.75,59.2,60.12,59.05,-0.85,setting_up,
2026-08-10,morning,2026-08-10T14:08:12Z,DT,Software - Application,emerging,50.62,48.83,2.12,49.97,48.61,50.2,48.51,2.04,setting_up,
2026-08-10,morning,2026-08-10T14:08:12Z,EQPT,Rental & Leasing Services,leaders,20.53,19.9,1.36,20.01,20.47,20.57,19.95,-2.2,failed_breakout,
2026-08-10,morning,2026-08-10T14:08:12Z,ESE,Scientific & Technical Instruments,rs_new_high,308.8,294.66,13.47,305.0,309.18,310.98,305.05,-0.24,gapped_through,-0.00371195248700901
2026-08-10,morning,2026-08-10T14:08:12Z,ESTC,Software - Application,emerging,75.48,71.21,3.34,75.84,74.03,76.15,74.03,0.98,triggered,0.5419161676646713
2026-08-10,morning,2026-08-10T14:08:12Z,EXK,Silver,rs_new_high,9.59,9.23,0.54,9.82,9.52,9.86,9.51,2.99,triggered,0.574074074074075
2026-08-10,morning,2026-08-10T14:08:12Z,EXPE,Travel Services,accel,314.79,304.85,13.03,306.69,309.5,309.5,304.2,-1.28,setting_up,
2026-08-10,morning,2026-08-10T14:08:12Z,FFIV,Software - Infrastructure,rs_new_high,420.0,400.07,15.47,413.86,403.86,414.5,401.83,3.4,setting_up,
2026-08-10,morning,2026-08-10T14:08:12Z,FIG,Software - Application,emerging,24.56,23.25,2.07,24.04,22.82,24.19,22.87,3.22,setting_up,
2026-08-10,morning,2026-08-10T14:08:12Z,FLEX,Electronic Components,accel,126.11,119.78,9.27,122.38,122.62,122.77,120.14,0.85,setting_up,
2026-08-10,morning,2026-08-10T14:08:12Z,FN,Electronic Components,accel,579.47,554.47,40.65,553.14,572.0,574.48,543.01,-1.64,invalidated,
2026-08-10,morning,2026-08-10T14:08:12Z,FROG,Software - Application,emerging,96.25,84.79,5.85,88.14,88.5,89.49,86.06,-1.54,setting_up,
2026-08-10,morning,2026-08-10T14:08:12Z,FTNT,Software - Infrastructure,rs_new_high,165.5,158.55,7.1,166.91,159.86,167.05,160.32,4.55,triggered,0.9281690140845076
2026-08-10,morning,2026-08-10T14:08:12Z,FTV,Scientific & Technical Instruments,rs_new_high,62.17,60.42,1.69,61.25,61.74,61.53,61.03,-0.75,setting_up,
2026-08-10,morning,2026-08-10T14:08:12Z,GBTG,Travel Services,accel,9.46,9.43,0.03,9.44,9.43,9.45,9.44,-0.21,setting_up,
2026-08-10,morning,2026-08-10T14:08:12Z,GDDY,Software - Infrastructure,rs_new_high,93.45,90.56,5.43,91.15,90.11,91.85,90.0,0.09,setting_up,
2026-08-10,morning,2026-08-10T14:08:12Z,GEF,Packaging & Containers,rs_new_high,89.95,88.1,2.44,86.87,87.32,88.1,86.56,-2.04,invalidated,
2026-08-10,morning,2026-08-10T14:08:12Z,GEN,Software - Infrastructure,rs_new_high,29.7,27.64,0.97,29.69,28.79,29.86,28.76,1.78,failed_breakout,
2026-08-10,morning,2026-08-10T14:08:12Z,GGB,Steel,leaders,5.07,4.89,0.15,4.98,4.96,5.0,4.96,0.81,setting_up,
2026-08-10,morning,2026-08-10T14:08:12Z,GLW,Electronic Components,accel,170.43,161.16,14.14,163.85,168.96,167.87,161.68,-1.1,setting_up,
2026-08-10,morning,2026-08-10T14:08:12Z,GPGI,Metal Fabrication,leaders,15.52,14.71,0.87,14.39,14.75,14.88,14.32,-4.01,invalidated,
2026-08-10,morning,2026-08-10T14:08:12Z,GPK,Packaging & Containers,rs_new_high,12.24,11.84,0.5,11.94,11.95,12.08,11.85,-1.28,setting_up,
2026-08-10,morning,2026-08-10T14:08:12Z,GPN,Software - Infrastructure,rs_new_high,88.5,84.64,3.24,85.74,85.56,86.93,85.37,-0.45,setting_up,
2026-08-10,morning,2026-08-10T14:08:12Z,GRMN,Scientific & Technical Instruments,rs_new_high,312.7,303.36,9.79,310.55,311.07,312.99,308.13,-0.11,failed_breakout,
2026-08-10,morning,2026-08-10T14:08:12Z,GTLB,Software - Infrastructure,rs_new_high,39.49,37.52,2.06,40.11,38.42,40.23,38.38,2.93,triggered,0.8398058252427169
2026-08-10,morning,2026-08-10T14:08:12Z,GWRE,Software - Application,emerging,172.07,162.65,8.83,173.76,169.5,174.73,169.5,1.9,triggered,0.48244620611551425
2026-08-10,morning,2026-08-10T14:08:12Z,HNGE,Health Information Services,leaders,90.4,80.36,4.88,90.86,89.88,91.46,89.5,1.72,triggered,0.2786885245901638
2026-08-10,morning,2026-08-10T14:08:12Z,HNI,"Furnishings, Fixtures & Appliances",emerging,50.36,48.52,1.77,49.22,50.0,50.0,50.0,-0.96,setting_up,
2026-08-10,morning,2026-08-10T14:08:12Z,HQY,Health Information Services,leaders,105.4,103.18,3.01,106.78,103.78,107.18,103.73,2.06,triggered,1.0132890365448497
2026-08-10,morning,2026-08-10T14:08:12Z,HRI,Rental & Leasing Services,leaders,172.21,164.22,8.51,168.31,168.74,169.35,166.79,0.24,setting_up,
2026-08-10,morning,2026-08-10T14:08:12Z,HTFL,Health Information Services,leaders,29.06,27.54,1.58,30.29,28.26,30.33,28.09,5.09,triggered,1.3924050632911387
2026-08-10,morning,2026-08-10T14:08:12Z,HUBS,Software - Application,emerging,214.85,202.33,19.55,209.55,207.67,211.33,205.27,-0.43,setting_up,
2026-08-10,morning,2026-08-10T14:08:12Z,IDCC,Software - Application,emerging,345.0,331.06,12.79,343.67,344.32,346.0,343.04,-0.26,failed_breakout,
2026-08-10,morning,2026-08-10T14:08:12Z,INTU,Software - Application,emerging,336.3,324.64,14.88,326.5,322.7,329.32,322.32,0.38,setting_up,
2026-08-10,morning,2026-08-10T14:08:12Z,IOT,Software - Infrastructure,rs_new_high,41.37,39.44,2.28,39.64,38.9,39.79,38.76,-3.03,setting_up,
2026-08-10,morning,2026-08-10T14:08:12Z,IP,Packaging & Containers,rs_new_high,41.88,40.03,1.69,41.17,41.39,41.49,40.99,-0.97,setting_up,
2026-08-10,morning,2026-08-10T14:08:12Z,ITRI,Scientific & Technical Instruments,rs_new_high,104.06,102.48,3.98,102.49,103.24,103.6,102.76,-1.22,setting_up,
2026-08-10,morning,2026-08-10T14:08:12Z,JBL,Electronic Components,accel,351.23,338.5,16.9,345.8,345.04,346.0,342.29,1.34,setting_up,
2026-08-10,morning,2026-08-10T14:08:12Z,KEYS,Scientific & Technical Instruments,rs_new_high,344.92,335.48,13.83,341.24,344.79,344.79,338.43,0.08,setting_up,
2026-08-10,morning,2026-08-10T14:08:12Z,KFY,Staffing & Employment Services,leaders,84.71,81.86,2.39,84.08,84.07,84.51,83.36,0.01,setting_up,
2026-08-10,morning,2026-08-10T14:08:12Z,KMT,Tools & Accessories,rs_new_high,34.51,32.92,1.74,32.08,32.45,32.45,31.67,-3.16,invalidated,
2026-08-10,morning,2026-08-10T14:08:12Z,KN,Electronic Components,accel,40.39,38.83,1.93,39.09,39.05,39.69,38.74,0.03,setting_up,
2026-08-10,morning,2026-08-10T14:08:12Z,KSPI,Software - Infrastructure,rs_new_high,92.62,90.02,2.6,96.45,91.76,97.5,90.77,6.81,triggered,2.184615384615387
2026-08-10,morning,2026-08-10T14:08:12Z,LECO,Tools & Accessories,rs_new_high,283.22,277.0,8.62,279.57,283.82,284.48,279.25,-0.85,gapped_through,0.03712296983758622
2026-08-10,morning,2026-08-10T14:08:12Z,LFUS,Electronic Components,accel,464.51,453.87,20.76,456.86,460.26,460.27,454.98,0.07,setting_up,
2026-08-10,morning,2026-08-10T14:08:12Z,LIME,Rental & Leasing Services,leaders,39.24,36.01,2.33,38.87,38.49,39.9,38.12,1.54,failed_breakout,
2026-08-10,morning,2026-08-10T14:08:12Z,LIND,Travel Services,accel,34.15,33.16,1.39,33.44,33.95,33.72,33.13,-1.5,setting_up,
2026-08-10,morning,2026-08-10T14:08:12Z,MAN,Staffing & Employment Services,leaders,57.94,55.0,2.64,56.53,55.79,56.81,55.0,-0.13,setting_up,
2026-08-10,morning,2026-08-10T14:08:12Z,MANH,Software - Application,emerging,196.76,189.52,9.55,195.96,193.36,197.17,193.11,0.37,failed_breakout,
2026-08-10,morning,2026-08-10T14:08:12Z,MDB,Software - Infrastructure,rs_new_high,399.87,380.43,20.06,422.04,395.85,423.3,394.86,5.83,triggered,1.3549351944167503
2026-08-10,morning,2026-08-10T14:08:12Z,MGRC,Rental & Leasing Services,leaders,123.82,119.5,3.39,118.8,118.71,119.28,118.71,-0.79,invalidated,
2026-08-10,morning,2026-08-10T14:08:12Z,MHK,"Furnishings, Fixtures & Appliances",emerging,137.36,132.74,4.8,133.51,133.01,135.14,133.18,-1.87,setting_up,
2026-08-10,morning,2026-08-10T14:08:12Z,MKSI,Scientific & Technical Instruments,rs_new_high,310.43,298.0,25.22,300.86,309.78,309.84,297.88,-1.35,setting_up,
2026-08-10,morning,2026-08-10T14:08:12Z,MLI,Metal Fabrication,leaders,69.98,68.49,1.97,69.09,69.44,69.94,68.8,0.35,setting_up,
2026-08-10,morning,2026-08-10T14:08:12Z,MMYT,Travel Services,accel,60.96,59.5,3.08,60.39,60.09,60.96,60.09,0.63,failed_breakout,
2026-08-10,morning,2026-08-10T14:08:12Z,MP,Other Industrial Metals & Mining,rs_new_high,53.47,48.17,3.24,55.41,52.81,55.4,52.66,8.41,triggered,0.8487654320987654
2026-08-10,morning,2026-08-10T14:08:12Z,MPC,Oil & Gas Refining & Marketing,leaders,301.49,290.36,10.09,310.89,302.97,311.28,302.24,4.26,gapped_through,0.857284440039641
2026-08-10,morning,2026-08-10T14:08:12Z,MSFT,Software - Infrastructure,rs_new_high,505.18,498.73,15.81,509.3,503.44,509.38,502.5,1.86,triggered,0.43010752688172116
2026-08-10,morning,2026-08-10T14:08:12Z,MSTR,Software - Application,emerging,105.5,96.77,6.39,97.56,99.6,100.08,97.12,-2.45,setting_up,
2026-08-10,morning,2026-08-10T14:08:12Z,MT,Steel,leaders,73.77,72.21,2.15,73.33,73.23,73.64,72.84,0.06,setting_up,
2026-08-10,morning,2026-08-10T14:08:12Z,MTRN,Other Industrial Metals & Mining,rs_new_high,300.99,287.33,20.06,285.46,291.91,295.88,283.0,-1.58,invalidated,
2026-08-10,morning,2026-08-10T14:08:12Z,NBIS,Software - Infrastructure,rs_new_high,197.42,180.63,25.21,192.32,185.67,193.47,183.11,2.31,setting_up,
2026-08-10,morning,2026-08-10T14:08:12Z,NCLH,Travel Services,accel,19.65,19.07,0.91,18.76,19.05,19.08,18.75,-2.52,invalidated,
2026-08-10,morning,2026-08-10T14:08:12Z,NET,Software - Infrastructure,rs_new_high,324.73,295.89,16.59,300.99,294.08,303.64,290.49,0.24,setting_up,
2026-08-10,morning,2026-08-10T14:08:12Z,NOVT,Scientific & Technical Instruments,rs_new_high,170.39,164.03,8.29,166.19,166.51,166.63,163.21,-0.11,setting_up,
2026-08-10,morning,2026-08-10T14:08:12Z,NOW,Software - Application,emerging,126.15,120.96,6.76,124.76,124.72,125.75,123.28,-0.1,setting_up,
2026-08-10,morning,2026-08-10T14:08:12Z,NSIT,Electronics & Computer Distribution,leaders,154.57,148.3,6.45,149.98,148.45,150.44,146.76,0.44,setting_up,
2026-08-10,morning,2026-08-10T14:08:12Z,NSP,Staffing & Employment Services,leaders,54.0,50.59,2.94,52.44,51.51,52.99,51.23,-0.15,setting_up,
2026-08-10,morning,2026-08-10T14:08:12Z,NTAP,Software - Infrastructure,rs_new_high,194.18,186.42,7.74,201.37,193.12,201.82,193.81,6.25,triggered,0.9767441860465119
2026-08-10,morning,2026-08-10T14:08:12Z,NTNX,Software - Infrastructure,rs_new_high,62.82,60.87,2.2,64.66,62.65,64.8,62.33,3.18,triggered,1.0590909090909082
2026-08-10,morning,2026-08-10T14:08:12Z,NTSK,Software - Infrastructure,rs_new_high,14.88,13.84,0.87,15.57,14.86,15.64,14.73,4.71,triggered,0.9655172413793102
2026-08-10,morning,2026-08-10T14:08:12Z,NUE,Steel,leaders,273.16,266.89,8.2,275.32,273.0,276.45,273.0,0.98,triggered,0.2829268292682919
2026-08-10,morning,2026-08-10T14:08:12Z,OKTA,Software - Infrastructure,rs_new_high,150.19,146.0,6.96,153.16,147.65,153.68,146.22,3.26,triggered,0.9971264367816088
2026-08-10,morning,2026-08-10T14:08:12Z,ORCL,Software - Infrastructure,rs_new_high,147.16,142.34,7.59,149.43,148.93,150.76,146.62,1.64,gapped_through,0.3702239789196314
2026-08-10,morning,2026-08-10T14:08:12Z,OUST,Electronic Components,accel,49.5,42.8,4.83,44.85,43.02,44.94,40.51,3.34,setting_up,
2026-08-10,morning,2026-08-10T14:08:12Z,PANW,Software - Infrastructure,rs_new_high,370.5,359.15,15.27,381.33,364.22,382.26,363.4,4.8,triggered,1.1741977734119193
2026-08-10,morning,2026-08-10T14:08:12Z,PARR,Oil & Gas Refining & Marketing,leaders,69.45,64.98,4.53,71.08,67.87,71.81,67.79,7.23,triggered,0.7262693156732873
2026-08-10,morning,2026-08-10T14:08:12Z,PATH,Software - Infrastructure,rs_new_high,15.1,14.16,0.8,15.03,14.86,15.08,14.73,-0.1,setting_up,
2026-08-10,morning,2026-08-10T14:08:12Z,PAYC,Software - Application,emerging,222.43,213.56,10.47,210.82,214.75,213.49,210.03,-1.92,invalidated,
2026-08-10,morning,2026-08-10T14:08:12Z,PAYP,Software - Infrastructure,rs_new_high,15.69,15.14,0.9,15.08,15.32,15.42,15.04,-1.76,invalidated,
2026-08-10,morning,2026-08-10T14:08:12Z,PAYX,Software - Application,emerging,121.42,119.06,3.66,119.58,119.13,120.45,119.0,-0.38,setting_up,
2026-08-10,morning,2026-08-10T14:08:12Z,PBF,Oil & Gas Refining & Marketing,leaders,63.43,58.88,4.11,64.54,63.5,65.32,63.05,4.59,gapped_through,0.3625304136253063
2026-08-10,morning,2026-08-10T14:08:12Z,PCOR,Software - Application,emerging,57.87,56.16,2.64,57.35,56.42,57.81,55.96,0.5,setting_up,
2026-08-10,morning,2026-08-10T14:08:12Z,PCTY,Software - Application,emerging,156.18,150.26,6.39,148.03,147.53,149.8,147.8,-1.59,invalidated,
2026-08-10,morning,2026-08-10T14:08:12Z,PKG,Packaging & Containers,rs_new_high,256.94,248.66,7.15,253.09,254.82,254.53,252.99,-1.15,setting_up,
2026-08-10,morning,2026-08-10T14:08:12Z,PKX,Steel,leaders,58.4,56.97,2.0,59.1,58.96,59.1,58.55,2.31,gapped_through,0.27500000000000213
2026-08-10,morning,2026-08-10T14:08:12Z,PLTR,Software - Infrastructure,rs_new_high,172.41,159.96,8.96,175.7,171.08,177.38,170.88,2.15,triggered,0.5379464285714277
2026-08-10,morning,2026-08-10T14:08:12Z,PLXS,Electronic Components,accel,272.3,265.98,14.0,271.81,272.64,272.62,268.15,0.54,gapped_through,0.26142857142857323
2026-08-10,morning,2026-08-10T14:08:12Z,PRLB,Metal Fabrication,leaders,89.37,87.94,3.86,89.39,89.63,89.88,88.94,0.54,gapped_through,0.11658031088082975
2026-08-10,morning,2026-08-10T14:08:12Z,PSX,Oil & Gas Refining & Marketing,leaders,206.04,200.5,6.55,210.68,206.97,211.21,206.97,3.32,gapped_through,0.5664122137404592
2026-08-10,morning,2026-08-10T14:08:12Z,PTC,Software - Application,emerging,149.67,146.38,5.68,150.48,146.19,151.66,146.09,1.88,triggered,0.7728873239436596
2026-08-10,morning,2026-08-10T14:08:12Z,QH,Software - Application,emerging,4.45,4.12,0.89,4.45,4.38,4.43,4.25,1.37,triggered,0.2247191011235957
2026-08-10,morning,2026-08-10T14:08:12Z,QLYS,Software - Infrastructure,rs_new_high,184.39,178.3,10.34,191.9,184.0,192.73,182.31,4.59,triggered,0.9274661508704065
2026-08-10,morning,2026-08-10T14:08:12Z,QNT,Software - Application,emerging,62.47,58.4,5.73,57.76,58.7,59.45,56.92,-1.63,invalidated,
2026-08-10,morning,2026-08-10T14:08:12Z,R,Rental & Leasing Services,leaders,265.3,261.68,6.98,262.65,261.06,263.27,261.33,0.18,setting_up,
2026-08-10,morning,2026-08-10T14:08:12Z,RAL,Electronic Components,accel,67.64,65.98,2.9,68.83,67.3,68.72,67.68,2.05,triggered,0.3965517241379281
2026-08-10,morning,2026-08-10T14:08:12Z,RBC,Tools & Accessories,rs_new_high,573.67,559.87,19.54,566.49,567.61,568.08,562.42,-0.13,setting_up,
2026-08-10,morning,2026-08-10T14:08:12Z,RBRK,Software - Infrastructure,rs_new_high,91.05,86.99,4.43,95.82,90.49,96.24,90.42,6.38,triggered,1.2189616252821651
2026-08-10,morning,2026-08-10T14:08:12Z,RCL,Travel Services,accel,325.01,318.2,11.12,308.81,315.0,316.43,308.63,-3.5,invalidated,
2026-08-10,morning,2026-08-10T14:08:12Z,REYN,Packaging & Containers,rs_new_high,26.66,26.21,0.7,26.23,26.28,26.47,26.24,-1.09,setting_up,
2026-08-10,morning,2026-08-10T14:08:12Z,RHI,Staffing & Employment Services,leaders,44.18,40.57,2.32,42.42,41.82,42.67,41.72,-0.75,setting_up,
2026-08-10,morning,2026-08-10T14:08:12Z,RIO,Other Industrial Metals & Mining,rs_new_high,101.68,100.68,2.33,100.9,101.17,102.05,100.61,-0.2,failed_breakout,
2026-08-10,morning,2026-08-10T14:08:12Z,ROG,Electronic Components,accel,136.12,133.17,6.45,132.9,134.56,133.24,132.96,-1.18,invalidated,
2026-08-10,morning,2026-08-10T14:08:12Z,ROP,Software - Application,emerging,404.26,394.72,13.27,400.82,398.21,403.99,397.28,-0.36,setting_up,
2026-08-10,morning,2026-08-10T14:08:12Z,RS,Steel,leaders,424.75,415.38,11.48,427.59,423.9,431.05,424.0,0.88,triggered,0.312717770034841
2026-08-10,morning,2026-08-10T14:08:12Z,S,Software - Infrastructure,rs_new_high,21.5,21.02,0.9,22.09,21.24,22.16,21.14,3.25,triggered,1.0555555555555547
2026-08-10,morning,2026-08-10T14:08:12Z,SAIL,Software - Infrastructure,rs_new_high,18.9,18.14,0.93,18.98,18.6,19.03,18.57,1.69,triggered,0.44086021505376355
2026-08-10,morning,2026-08-10T14:08:12Z,SANM,Electronic Components,accel,210.23,199.41,15.67,203.9,202.73,204.85,201.02,0.58,setting_up,
2026-08-10,morning,2026-08-10T14:08:12Z,SAP,Software - Application,emerging,207.53,203.01,7.02,206.73,203.81,207.41,203.22,0.27,setting_up,
2026-08-10,morning,2026-08-10T14:08:12Z,SHOP,Software - Application,emerging,152.85,145.6,7.85,153.35,150.9,154.39,148.9,1.17,triggered,0.5668789808917183
2026-08-10,morning,2026-08-10T14:08:12Z,SIG,Luxury Goods,accel,97.42,91.6,3.69,95.93,95.43,96.77,95.51,-1.01,setting_up,
2026-08-10,morning,2026-08-10T14:08:12Z,SKE,Other Industrial Metals & Mining,rs_new_high,33.46,31.9,1.7,32.26,32.12,32.46,31.86,-0.86,setting_up,
2026-08-10,morning,2026-08-10T14:08:12Z,SN,"Furnishings, Fixtures & Appliances",emerging,187.63,179.18,6.7,186.2,185.6,186.49,185.09,0.37,setting_up,
2026-08-10,morning,2026-08-10T14:08:12Z,SNA,Tools & Accessories,rs_new_high,416.91,411.52,8.83,413.06,417.67,417.03,412.01,-0.79,gapped_through,0.1189127972819945
2026-08-10,morning,2026-08-10T14:08:12Z,SNOW,Software - Application,emerging,331.4,322.13,14.64,337.71,327.91,340.5,326.0,2.18,triggered,0.7998633879781406
2026-08-10,morning,2026-08-10T14:08:12Z,SNX,Electronics & Computer Distribution,leaders,260.27,252.14,9.25,259.08,254.16,256.99,250.71,2.64,setting_up,
2026-08-10,morning,2026-08-10T14:08:12Z,SON,Packaging & Containers,rs_new_high,58.06,56.53,1.8,56.47,56.98,58.0,56.51,-2.67,invalidated,
2026-08-10,morning,2026-08-10T14:08:12Z,SSD,Lumber & Wood Production,emerging,198.47,192.98,5.94,194.24,196.64,197.98,194.55,-2.04,setting_up,
2026-08-10,morning,2026-08-10T14:08:12Z,SSMR,Other Industrial Metals & Mining,rs_new_high,16.7,15.6,1.11,16.43,15.98,16.72,16.21,2.27,failed_breakout,
2026-08-10,morning,2026-08-10T14:08:12Z,SSNC,Software - Application,emerging,80.57,79.18,2.31,79.12,78.54,79.64,78.37,-0.14,invalidated,
2026-08-10,morning,2026-08-10T14:08:12Z,ST,Scientific & Technical Instruments,rs_new_high,47.05,45.88,1.93,46.13,46.93,46.93,46.01,-1.16,setting_up,
2026-08-10,morning,2026-08-10T14:08:12Z,STLD,Steel,leaders,262.76,255.8,8.74,266.11,262.8,267.51,261.7,1.39,gapped_through,0.5045766590389045
2026-08-10,morning,2026-08-10T14:08:12Z,STRC,Software - Application,emerging,95.38,94.58,2.34,95.22,95.26,95.55,95.02,0.22,failed_breakout,
2026-08-10,morning,2026-08-10T14:08:12Z,SUN,Oil & Gas Refining & Marketing,leaders,72.5,70.5,2.11,72.11,70.9,72.2,70.65,2.19,setting_up,
2026-08-10,morning,2026-08-10T14:08:12Z,SUNB,Rental & Leasing Services,leaders,81.32,79.96,2.74,79.61,80.61,80.89,79.52,-1.82,invalidated,
2026-08-10,morning,2026-08-10T14:08:12Z,SVM,Silver,rs_new_high,11.79,11.15,0.62,11.69,11.45,11.73,11.38,2.14,setting_up,
2026-08-10,morning,2026-08-10T14:08:12Z,SW,Packaging & Containers,rs_new_high,48.31,46.65,1.95,47.43,47.79,47.91,47.31,-1.76,setting_up,
2026-08-10,morning,2026-08-10T14:08:12Z,SWK,Tools & Accessories,rs_new_high,104.4,100.41,3.44,101.37,102.95,102.5,101.39,-2.43,setting_up,
2026-08-10,morning,2026-08-10T14:08:12Z,TCOM,Travel Services,accel,46.28,45.68,1.22,46.37,46.42,46.57,46.24,0.51,gapped_through,0.1065573770491766
2026-08-10,morning,2026-08-10T14:08:12Z,TDY,Scientific & Technical Instruments,rs_new_high,691.62,680.96,18.62,692.84,694.61,697.4,691.04,0.22,gapped_through,0.09667024704619055
2026-08-10,morning,2026-08-10T14:08:12Z,TEAM,Software - Application,emerging,153.2,141.51,9.33,149.45,149.21,153.99,145.14,0.25,failed_breakout,
2026-08-10,morning,2026-08-10T14:08:12Z,TEM,Health Information Services,leaders,52.4,47.23,3.49,55.05,51.7,55.7,51.63,5.76,triggered,0.9799426934097405
2026-08-10,morning,2026-08-10T14:08:12Z,TILE,"Furnishings, Fixtures & Appliances",emerging,40.5,36.49,1.36,38.7,38.0,39.51,37.63,1.08,setting_up,
2026-08-10,morning,2026-08-10T14:08:12Z,TKR,Tools & Accessories,rs_new_high,130.5,128.9,5.22,127.92,130.5,130.26,127.53,-1.85,invalidated,
2026-08-10,morning,2026-08-10T14:08:12Z,TNET,Staffing & Employment Services,leaders,69.96,65.91,3.34,68.24,67.56,68.78,66.96,-0.38,setting_up,
2026-08-10,morning,2026-08-10T14:08:12Z,TNL,Travel Services,accel,77.48,76.04,2.13,74.21,75.85,76.27,74.24,-3.25,invalidated,
2026-08-10,morning,2026-08-10T14:08:12Z,TOST,Software - Infrastructure,rs_new_high,35.5,34.35,1.37,35.37,34.27,35.51,34.27,2.58,failed_breakout,
2026-08-10,morning,2026-08-10T14:08:12Z,TPR,Luxury Goods,accel,163.4,159.86,4.57,159.74,161.52,162.72,159.43,-1.61,invalidated,
2026-08-10,morning,2026-08-10T14:08:12Z,TRMB,Scientific & Technical Instruments,rs_new_high,59.87,58.33,2.0,59.24,58.79,59.77,58.49,-0.45,setting_up,
2026-08-10,morning,2026-08-10T14:08:12Z,TTAN,Software - Application,emerging,88.63,85.43,4.9,86.35,84.77,84.79,84.79,0.61,setting_up,
2026-08-10,morning,2026-08-10T14:08:12Z,TTC,Tools & Accessories,rs_new_high,100.1,97.91,2.57,98.75,99.37,99.45,98.75,-0.89,setting_up,
2026-08-10,morning,2026-08-10T14:08:12Z,TTMI,Electronic Components,accel,145.89,135.02,13.62,139.95,140.55,142.0,135.43,2.0,setting_up,
2026-08-10,morning,2026-08-10T14:08:12Z,TWLO,Software - Infrastructure,rs_new_high,254.5,227.02,13.28,255.14,243.77,255.55,243.1,5.74,triggered,0.9066265060240958
2026-08-10,morning,2026-08-10T14:08:12Z,TX,Steel,leaders,54.38,52.26,1.69,54.06,54.05,54.26,53.67,0.3,setting_up,
2026-08-10,morning,2026-08-10T14:08:12Z,TXG,Health Information Services,leaders,52.22,44.39,3.1,54.1,51.91,54.94,51.06,3.98,triggered,0.9806451612903223
2026-08-10,morning,2026-08-10T14:08:12Z,U,Software - Application,emerging,44.38,41.77,2.29,42.61,42.57,43.55,42.4,-0.91,setting_up,
2026-08-10,morning,2026-08-10T14:08:12Z,UFPI,Lumber & Wood Production,emerging,94.93,91.5,3.05,90.95,93.42,93.26,91.43,-3.29,invalidated,
2026-08-10,morning,2026-08-10T14:08:12Z,UGP,Oil & Gas Refining & Marketing,leaders,6.44,6.11,0.18,6.07,6.06,6.11,6.04,-0.78,invalidated,
2026-08-10,morning,2026-08-10T14:08:12Z,UHAL,Rental & Leasing Services,leaders,76.18,74.54,1.98,75.0,75.32,75.23,74.57,-0.35,setting_up,
2026-08-10,morning,2026-08-10T14:08:12Z,UHAL-B,Rental & Leasing Services,leaders,66.7,64.58,1.78,65.68,65.35,65.9,65.55,-0.51,setting_up,
2026-08-10,morning,2026-08-10T14:08:12Z,URI,Rental & Leasing Services,leaders,1179.18,1159.14,35.32,1158.07,1169.44,1164.5,1153.0,-0.41,invalidated,
2026-08-10,morning,2026-08-10T14:08:12Z,USAR,Other Industrial Metals & Mining,rs_new_high,19.62,18.12,1.48,19.66,19.31,19.7,18.95,1.71,triggered,0.4797297297297303
2026-08-10,morning,2026-08-10T14:08:12Z,VALE,Other Industrial Metals & Mining,rs_new_high,14.89,14.61,0.37,14.7,14.8,14.99,14.63,-0.07,failed_breakout,
2026-08-10,morning,2026-08-10T14:08:12Z,VEEV,Health Information Services,leaders,231.66,223.31,8.33,233.57,229.96,233.93,228.5,1.34,triggered,0.6086434573829523
2026-08-10,morning,2026-08-10T14:08:12Z,VICR,Electronic Components,accel,229.1,215.0,23.21,222.07,224.99,225.03,217.67,0.39,setting_up,
2026-08-10,morning,2026-08-10T14:08:12Z,VIK,Travel Services,accel,106.89,104.73,3.01,103.52,104.89,105.25,103.51,-2.15,invalidated,
2026-08-10,morning,2026-08-10T14:08:12Z,VLO,Oil & Gas Refining & Marketing,leaders,301.89,291.45,11.26,310.12,302.45,310.27,303.9,3.96,gapped_through,0.5523978685612813
2026-08-10,morning,2026-08-10T14:08:12Z,VNT,Scientific & Technical Instruments,rs_new_high,35.95,34.82,1.08,34.88,34.95,35.25,34.72,-0.6,setting_up,
2026-08-10,morning,2026-08-10T14:08:12Z,VRSN,Software - Infrastructure,rs_new_high,296.15,291.76,9.53,294.65,293.07,295.79,292.51,0.03,setting_up,
2026-08-10,morning,2026-08-10T14:08:12Z,WAY,Health Information Services,leaders,25.18,24.16,1.3,24.43,23.94,24.62,23.93,0.83,setting_up,
2026-08-10,morning,2026-08-10T14:08:12Z,WDAY,Software - Application,emerging,182.72,174.28,9.46,180.39,177.37,181.77,176.9,0.42,setting_up,
2026-08-10,morning,2026-08-10T14:08:12Z,WEX,Software - Infrastructure,rs_new_high,191.88,184.68,6.43,183.35,187.25,187.25,183.32,-1.01,invalidated,
2026-08-10,morning,2026-08-10T14:08:12Z,WFG,Lumber & Wood Production,emerging,72.25,70.1,2.43,71.34,71.97,71.93,70.98,-1.11,setting_up,
2026-08-10,morning,2026-08-10T14:08:12Z,WHR,"Furnishings, Fixtures & Appliances",emerging,44.14,41.88,2.35,41.54,42.63,42.96,41.56,-4.02,invalidated,
2026-08-10,morning,2026-08-10T14:08:12Z,WOR,Metal Fabrication,leaders,58.66,57.85,1.86,57.49,57.87,58.09,57.67,-1.59,invalidated,
2026-08-10,morning,2026-08-10T14:08:12Z,WSC,Rental & Leasing Services,leaders,26.72,24.25,1.19,23.89,24.3,24.44,23.75,-1.97,invalidated,
2026-08-10,morning,2026-08-10T14:08:12Z,XYZ,Software - Infrastructure,rs_new_high,80.04,77.92,2.91,78.76,78.53,79.43,78.39,-0.3,setting_up,
2026-08-10,morning,2026-08-10T14:08:12Z,YMM,Software - Application,emerging,9.64,9.39,0.29,9.57,9.58,9.66,9.53,-0.57,failed_breakout,
2026-08-10,morning,2026-08-10T14:08:12Z,ZETA,Software - Infrastructure,rs_new_high,26.65,25.0,1.6,27.18,26.6,27.33,26.3,2.05,triggered,0.5499999999999994
2026-08-10,morning,2026-08-10T14:08:12Z,ZM,Software - Application,emerging,105.53,102.25,3.63,106.21,104.1,106.36,103.74,1.63,triggered,0.6804407713498619
2026-08-10,morning,2026-08-10T14:08:12Z,ZS,Software - Infrastructure,rs_new_high,169.77,165.0,7.65,175.59,169.12,176.01,168.0,4.1,triggered,0.9921568627450984
2026-08-11,morning,2026-08-11T14:07:36Z,A,Diagnostics & Research,leaders,148.82,145.45,3.89,149.34,146.44,149.74,147.4,0.42,triggered,0.4987146529562976
2026-08-11,morning,2026-08-11T14:07:36Z,AA,Aluminum,rs_new_high,51.76,50.63,2.11,53.4,53.6,54.83,53.36,3.44,gapped_through,0.018957345971563577
2026-08-11,morning,2026-08-11T14:07:36Z,ACIW,Software - Infrastructure,rs_new_high,53.4,51.87,2.31,52.92,52.58,52.85,52.01,0.13,setting_up,
2026-08-11,morning,2026-08-11T14:07:36Z,ADBE,Software - Application,emerging,273.13,262.14,11.39,270.0,270.48,272.23,267.21,-1.08,setting_up,
2026-08-11,morning,2026-08-11T14:07:36Z,ADP,Software - Application,emerging,273.72,268.01,7.98,271.19,270.76,271.61,270.52,-0.91,setting_up,
2026-08-11,morning,2026-08-11T14:07:36Z,ADPT,Diagnostics & Research,leaders,26.16,24.65,1.36,25.82,25.38,25.86,25.01,1.43,setting_up,
2026-08-11,morning,2026-08-11T14:07:36Z,ADSK,Software - Application,emerging,257.29,246.51,9.36,253.72,253.26,254.16,249.91,-0.92,setting_up,
2026-08-11,morning,2026-08-11T14:07:36Z,AG,Silver,rs_new_high,19.0,18.28,1.02,18.65,18.7,19.03,18.57,-1.06,failed_breakout,
2026-08-11,morning,2026-08-11T14:07:36Z,AKAM,Software - Infrastructure,rs_new_high,120.14,107.32,6.81,117.37,118.01,119.04,116.33,-0.24,setting_up,
2026-08-11,morning,2026-08-11T14:07:36Z,APH,Electronic Components,accel,171.71,167.63,7.21,171.21,169.85,171.34,169.5,2.1,setting_up,
2026-08-11,morning,2026-08-11T14:07:36Z,ATI,Metal Fabrication,leaders,239.23,227.01,10.45,229.8,228.22,231.15,226.0,0.71,setting_up,
2026-08-11,morning,2026-08-11T14:07:36Z,AYA,Silver,rs_new_high,28.16,26.41,1.55,27.92,27.77,28.22,27.45,0.0,failed_breakout,
2026-08-11,morning,2026-08-11T14:07:36Z,BCC,Lumber & Wood Production,emerging,85.64,84.26,3.58,85.87,83.4,86.14,84.89,1.32,triggered,0.27374301675977764
2026-08-11,morning,2026-08-11T14:07:36Z,BELFA,Electronic Components,accel,240.22,226.77,15.42,234.91,230.69,236.6,230.95,3.17,setting_up,
2026-08-11,morning,2026-08-11T14:07:36Z,BELFB,Electronic Components,accel,300.72,283.72,18.44,292.14,286.55,293.34,286.55,2.79,setting_up,
2026-08-11,morning,2026-08-11T14:07:36Z,BHE,Electronic Components,accel,83.77,81.02,4.57,83.17,82.97,83.63,81.08,2.36,setting_up,
2026-08-11,morning,2026-08-11T14:07:36Z,BLLN,Diagnostics & Research,leaders,99.53,92.0,10.68,96.53,97.64,98.41,96.26,-2.15,setting_up,
2026-08-11,morning,2026-08-11T14:07:36Z,BMI,Scientific & Technical Instruments,accel,138.84,135.42,5.49,136.99,135.73,135.87,134.44,0.41,setting_up,
2026-08-11,morning,2026-08-11T14:07:36Z,BSP,Software - Application,emerging,58.18,44.36,4.34,55.97,52.93,56.99,51.93,8.82,setting_up,
2026-08-11,morning,2026-08-11T14:07:36Z,BSY,Software - Application,emerging,35.88,34.75,1.53,35.32,34.95,35.44,34.95,0.03,setting_up,
2026-08-11,morning,2026-08-11T14:07:36Z,BTSG,Health Information Services,accel,62.89,61.23,3.33,59.83,61.23,61.98,59.78,-2.64,invalidated,
2026-08-11,morning,2026-08-11T14:07:36Z,CDNA,Diagnostics & Research,leaders,48.29,46.09,2.33,47.04,47.07,47.33,46.41,-0.06,setting_up,
2026-08-11,morning,2026-08-11T14:07:36Z,CDNS,Software - Application,emerging,342.03,331.53,13.89,327.67,329.84,331.22,323.33,-1.28,invalidated,
2026-08-11,morning,2026-08-11T14:07:36Z,CENX,Aluminum,rs_new_high,53.62,51.5,2.77,53.06,54.12,55.49,52.68,2.26,gapped_through,0.13718411552346663
2026-08-11,morning,2026-08-11T14:07:36Z,CGNX,Scientific & Technical Instruments,accel,66.48,63.68,3.41,65.38,65.43,65.43,64.47,1.58,setting_up,
2026-08-11,morning,2026-08-11T14:07:36Z,CHYM,Software - Application,emerging,30.98,29.14,1.67,31.97,30.7,32.24,30.67,3.61,triggered,0.7784431137724535
2026-08-11,morning,2026-08-11T14:07:36Z,CLF,Steel,leaders,12.77,12.25,0.66,12.73,12.6,12.84,12.59,1.88,failed_breakout,
2026-08-11,morning,2026-08-11T14:07:36Z,CLS,Electronic Components,accel,329.37,314.47,27.46,312.09,318.5,318.31,309.5,-0.79,invalidated,
2026-08-11,morning,2026-08-11T14:07:36Z,CMC,Metal Fabrication,leaders,75.09,72.94,2.41,73.7,73.61,74.17,73.43,0.67,setting_up,
2026-08-11,morning,2026-08-11T14:07:36Z,COHR,Scientific & Technical Instruments,accel,386.5,325.0,36.13,326.46,323.92,327.4,315.4,0.4,setting_up,
2026-08-11,morning,2026-08-11T14:07:36Z,CORZ,Software - Infrastructure,rs_new_high,21.05,19.43,1.87,20.46,20.29,20.56,20.13,5.25,setting_up,
2026-08-11,morning,2026-08-11T14:07:36Z,CPAY,Software - Infrastructure,rs_new_high,402.34,390.71,11.63,405.39,397.54,407.7,403.39,1.13,triggered,0.17196904557179707
2026-08-11,morning,2026-08-11T14:07:36Z,CRL,Diagnostics & Research,leaders,277.07,265.49,10.59,279.11,278.93,279.5,271.83,0.76,gapped_through,0.6874409820585486
2026-08-11,morning,2026-08-11T14:07:36Z,CRM,Software - Application,emerging,198.18,190.0,8.27,197.89,196.97,198.79,195.67,0.19,failed_breakout,
2026-08-11,morning,2026-08-11T14:07:36Z,CRS,Metal Fabrication,leaders,575.29,559.67,27.63,555.48,564.96,567.46,555.34,-0.8,invalidated,
2026-08-11,morning,2026-08-11T14:07:36Z,CRWD,Software - Infrastructure,rs_new_high,226.9,214.55,9.74,223.51,224.25,224.95,219.24,-0.73,setting_up,
2026-08-11,morning,2026-08-11T14:07:36Z,CRWV,Software - Infrastructure,rs_new_high,93.98,88.17,7.46,90.4,91.01,93.6,88.3,2.51,setting_up,
2026-08-11,morning,2026-08-11T14:07:36Z,CSTM,Aluminum,rs_new_high,29.85,29.17,1.28,30.03,29.79,30.14,29.79,2.2,triggered,0.18750000000000155
2026-08-11,morning,2026-08-11T14:07:36Z,CVI,Oil & Gas Refining & Marketing,leaders,32.84,31.86,1.97,33.41,32.47,33.65,32.51,3.05,triggered,0.45685279187817185
2026-08-11,morning,2026-08-11T14:07:36Z,DBX,Software - Infrastructure,rs_new_high,34.76,33.48,1.26,34.54,34.14,34.68,34.14,-0.14,setting_up,
2026-08-11,morning,2026-08-11T14:07:36Z,DDOG,Software - Application,emerging,262.99,229.76,17.73,252.44,256.76,258.24,246.48,-3.2,setting_up,
2026-08-11,morning,2026-08-11T14:07:36Z,DGX,Diagnostics & Research,leaders,239.33,235.85,5.53,237.99,236.35,239.92,235.51,0.15,failed_breakout,
2026-08-11,morning,2026-08-11T14:07:36Z,DHR,Diagnostics & Research,leaders,209.37,200.78,7.14,206.73,208.0,208.44,206.6,-1.26,setting_up,
2026-08-11,morning,2026-08-11T14:07:36Z,DINO,Oil & Gas Refining & Marketing,leaders,85.56,83.06,3.72,85.41,84.34,85.57,84.19,0.22,failed_breakout,
2026-08-11,morning,2026-08-11T14:07:36Z,DK,Oil & Gas Refining & Marketing,leaders,61.53,59.4,3.3,61.61,60.93,61.72,60.68,1.32,triggered,0.28181818181818175
2026-08-11,morning,2026-08-11T14:07:36Z,DOCN,Software - Infrastructure,rs_new_high,133.65,122.69,11.98,128.26,131.38,133.65,127.0,-1.13,failed_breakout,
2026-08-11,morning,2026-08-11T14:07:36Z,DOCS,Health Information Services,accel,26.61,24.36,2.36,25.61,25.52,25.89,25.29,-0.09,setting_up,
2026-08-11,morning,2026-08-11T14:07:36Z,DOCU,Software - Application,emerging,60.59,59.05,2.64,59.64,59.06,59.8,58.68,0.0,setting_up,
2026-08-11,morning,2026-08-11T14:07:36Z,DT,Software - Application,emerging,51.05,48.49,2.15,50.41,50.47,50.51,49.42,-0.32,setting_up,
2026-08-11,morning,2026-08-11T14:07:36Z,ERO,Copper,leaders,36.62,34.31,1.65,36.48,36.44,36.56,35.42,-0.16,setting_up,
2026-08-11,morning,2026-08-11T14:07:36Z,ESE,Scientific & Technical Instruments,accel,311.07,300.44,13.26,306.54,304.25,309.21,303.0,1.91,setting_up,
2026-08-11,morning,2026-08-11T14:07:36Z,ESTC,Software - Application,emerging,77.07,73.79,3.34,76.24,75.99,76.63,75.31,-0.11,setting_up,
2026-08-11,morning,2026-08-11T14:07:36Z,EXK,Silver,rs_new_high,10.3,9.5,0.55,10.3,10.16,10.39,10.13,0.54,triggered,0.3090909090909089
2026-08-11,morning,2026-08-11T14:07:36Z,FCX,Copper,leaders,71.21,68.89,2.81,69.37,70.74,70.82,69.29,-1.62,setting_up,
2026-08-11,morning,2026-08-11T14:07:36Z,FFIV,Software - Infrastructure,rs_new_high,415.79,401.83,15.47,418.9,409.71,419.52,407.05,2.17,triggered,0.7659987071751755
2026-08-11,morning,2026-08-11T14:07:36Z,FICO,Software - Application,emerging,1070.0,1029.35,64.99,1038.29,1049.99,1044.22,1029.15,-1.09,setting_up,
2026-08-11,morning,2026-08-11T14:07:36Z,FIG,Software - Application,emerging,25.46,22.8,2.11,25.37,24.85,25.48,24.54,-0.08,failed_breakout,
2026-08-11,morning,2026-08-11T14:07:36Z,FLEX,Electronic Components,accel,124.03,119.59,8.92,124.8,121.63,124.75,121.45,4.26,triggered,0.3755605381165913
2026-08-11,morning,2026-08-11T14:07:36Z,FN,Electronic Components,accel,577.17,527.0,41.33,531.19,532.99,536.06,525.07,0.78,setting_up,
2026-08-11,morning,2026-08-11T14:07:36Z,FROG,Software - Application,emerging,90.05,85.3,5.77,87.78,87.86,88.84,86.61,-0.42,setting_up,
2026-08-11,morning,2026-08-11T14:07:36Z,FTNT,Software - Infrastructure,rs_new_high,167.19,159.64,7.13,163.07,162.73,163.92,160.74,-0.69,setting_up,
2026-08-11,morning,2026-08-11T14:07:36Z,FTV,Scientific & Technical Instruments,accel,62.07,61.03,1.65,62.44,61.75,62.62,61.75,1.11,triggered,0.4181818181818168
2026-08-11,morning,2026-08-11T14:07:36Z,GDDY,Software - Infrastructure,rs_new_high,91.85,90.0,5.18,92.04,90.55,92.58,90.51,0.6,triggered,0.2953667953667956
2026-08-11,morning,2026-08-11T14:07:36Z,GEN,Software - Infrastructure,rs_new_high,29.86,28.75,0.98,29.12,29.02,29.21,28.71,-0.56,setting_up,
2026-08-11,morning,2026-08-11T14:07:36Z,GGB,Steel,leaders,5.0,4.94,0.15,4.82,4.87,4.89,4.82,-2.92,invalidated,
2026-08-11,morning,2026-08-11T14:07:36Z,GH,Diagnostics & Research,leaders,171.92,165.16,8.41,166.19,166.55,168.9,163.9,-0.61,setting_up,
2026-08-11,morning,2026-08-11T14:07:36Z,GLW,Electronic Components,accel,167.89,157.68,13.86,161.12,159.68,161.79,158.22,2.13,setting_up,
2026-08-11,morning,2026-08-11T14:07:36Z,GPGI,Metal Fabrication,leaders,14.98,14.24,0.86,14.45,14.39,14.51,14.08,0.66,setting_up,
2026-08-11,morning,2026-08-11T14:07:36Z,GPN,Software - Infrastructure,rs_new_high,86.93,84.99,3.14,86.31,85.96,86.86,85.57,0.21,setting_up,
2026-08-11,morning,2026-08-11T14:07:36Z,GRAL,Diagnostics & Research,leaders,76.0,68.9,5.1,74.56,75.05,76.44,73.7,-0.37,failed_breakout,
2026-08-11,morning,2026-08-11T14:07:36Z,GRMN,Scientific & Technical Instruments,accel,314.28,308.0,9.54,311.24,312.15,311.98,309.38,-0.61,setting_up,
2026-08-11,morning,2026-08-11T14:07:36Z,GTLB,Software - Infrastructure,rs_new_high,40.89,38.38,2.1,41.14,40.38,41.33,40.2,1.0,triggered,0.44761904761904653
2026-08-11,morning,2026-08-11T14:07:36Z,GWRE,Software - Application,emerging,175.0,169.5,8.59,178.02,175.0,178.07,171.22,2.94,triggered,0.7916181606519221
2026-08-11,morning,2026-08-11T14:07:36Z,HBM,Copper,leaders,28.01,27.24,1.35,27.66,28.11,28.26,27.37,-0.9,gapped_through,0.21481481481481418
2026-08-11,morning,2026-08-11T14:07:36Z,HNGE,Health Information Services,accel,92.89,89.13,4.8,92.08,90.5,92.6,89.0,0.56,setting_up,
2026-08-11,morning,2026-08-11T14:07:36Z,HP,Oil & Gas Drilling,emerging,41.91,37.99,1.69,41.54,41.66,41.71,41.17,-0.79,setting_up,
2026-08-11,morning,2026-08-11T14:07:36Z,HQY,Health Information Services,accel,107.62,103.73,3.08,107.12,106.79,107.24,105.79,0.31,setting_up,
2026-08-11,morning,2026-08-11T14:07:36Z,HTFL,Health Information Services,accel,30.33,28.09,1.63,29.52,29.42,29.81,29.38,0.58,setting_up,
2026-08-11,morning,2026-08-11T14:07:36Z,HUBS,Software - Application,emerging,217.0,205.26,18.99,222.87,215.0,223.96,211.4,3.22,triggered,0.6040021063717746
2026-08-11,morning,2026-08-11T14:07:36Z,ICLR,Diagnostics & Research,leaders,167.7,163.8,7.84,164.29,165.67,166.05,161.95,-1.06,setting_up,
2026-08-11,morning,2026-08-11T14:07:36Z,IDCC,Software - Application,emerging,351.33,340.7,12.64,347.12,349.27,350.89,345.98,-0.32,setting_up,
2026-08-11,morning,2026-08-11T14:07:36Z,ILMN,Diagnostics & Research,leaders,193.45,186.64,8.09,191.01,191.55,192.43,187.62,-0.41,setting_up,
2026-08-11,morning,2026-08-11T14:07:36Z,INTU,Software - Application,emerging,334.5,321.66,14.73,334.38,333.09,335.78,330.18,-0.02,failed_breakout,
2026-08-11,morning,2026-08-11T14:07:36Z,IOT,Software - Infrastructure,rs_new_high,40.45,38.76,2.27,40.31,39.4,40.35,38.79,1.14,setting_up,
2026-08-11,morning,2026-08-11T14:07:36Z,IQV,Diagnostics & Research,leaders,243.18,235.76,8.62,242.71,241.47,244.0,241.43,0.3,failed_breakout,
2026-08-11,morning,2026-08-11T14:07:36Z,ITRI,Scientific & Technical Instruments,accel,103.75,102.18,3.81,103.38,102.64,103.46,102.17,0.73,setting_up,
2026-08-11,morning,2026-08-11T14:07:36Z,JBL,Electronic Components,accel,349.25,336.5,16.6,354.83,348.63,354.98,348.31,5.41,triggered,0.39277108433734825
2026-08-11,morning,2026-08-11T14:07:36Z,KALU,Aluminum,rs_new_high,188.15,183.07,9.19,190.94,189.03,191.5,188.07,2.05,gapped_through,0.31229597388465774
2026-08-11,morning,2026-08-11T14:07:36Z,KEYS,Scientific & Technical Instruments,accel,344.98,335.4,13.53,343.18,341.77,343.56,338.13,2.32,setting_up,
2026-08-11,morning,2026-08-11T14:07:36Z,KFY,Staffing & Employment Services,leaders,84.51,83.32,2.31,83.95,83.49,83.93,83.1,0.38,setting_up,
2026-08-11,morning,2026-08-11T14:07:36Z,KN,Electronic Components,accel,39.69,38.22,1.89,39.2,38.23,39.23,38.55,2.45,setting_up,
2026-08-11,morning,2026-08-11T14:07:36Z,KSPI,Software - Infrastructure,rs_new_high,97.5,90.77,2.93,97.86,95.24,98.46,94.12,4.11,triggered,1.2764505119453906
2026-08-11,morning,2026-08-11T14:07:36Z,LFUS,Electronic Components,accel,462.95,445.92,20.49,464.4,454.27,466.96,456.2,2.03,triggered,0.4001952171791112
2026-08-11,morning,2026-08-11T14:07:36Z,LH,Diagnostics & Research,leaders,321.46,316.7,8.23,321.74,320.37,323.0,319.26,0.13,triggered,0.3013365735115453
2026-08-11,morning,2026-08-11T14:07:36Z,LION,Shell Companies,accel,12.96,12.34,0.54,12.51,12.33,12.53,12.27,1.17,setting_up,
2026-08-11,morning,2026-08-11T14:07:36Z,MAN,Staffing & Employment Services,leaders,56.83,55.0,2.58,56.38,55.68,56.65,55.27,-0.25,setting_up,
2026-08-11,morning,2026-08-11T14:07:36Z,MANH,Software - Application,emerging,198.85,191.98,9.36,196.87,193.79,197.91,193.26,0.6,setting_up,
2026-08-11,morning,2026-08-11T14:07:36Z,MDB,Software - Infrastructure,rs_new_high,423.3,393.81,20.74,427.98,424.95,433.34,418.12,2.72,gapped_through,0.47540983606557446
2026-08-11,morning,2026-08-11T14:07:36Z,MEDP,Diagnostics & Research,leaders,603.34,588.99,21.01,603.57,603.0,606.6,598.22,0.19,triggered,0.25464064731080543
2026-08-11,morning,2026-08-11T14:07:36Z,MKSI,Scientific & Technical Instruments,accel,309.84,292.09,24.69,297.85,299.03,299.46,294.29,1.88,setting_up,
2026-08-11,morning,2026-08-11T14:07:36Z,MLI,Metal Fabrication,leaders,69.94,68.72,1.92,69.6,69.01,69.74,68.83,1.02,setting_up,
2026-08-11,morning,2026-08-11T14:07:36Z,MPC,Oil & Gas Refining & Marketing,leaders,320.42,302.2,10.95,327.73,320.1,328.11,318.0,2.31,triggered,0.8885844748858465
2026-08-11,morning,2026-08-11T14:07:36Z,MSFT,Software - Infrastructure,rs_new_high,513.73,502.27,15.67,501.12,504.01,505.33,499.66,-0.98,invalidated,
2026-08-11,morning,2026-08-11T14:07:36Z,MT,Steel,leaders,74.49,72.84,2.12,74.72,74.7,75.28,74.6,1.11,gapped_through,0.056603773584907806
2026-08-11,morning,2026-08-11T14:07:36Z,MTD,Diagnostics & Research,leaders,1442.18,1419.2,38.63,1426.2,1422.19,1432.59,1417.1,-0.09,setting_up,
2026-08-11,morning,2026-08-11T14:07:36Z,NBIS,Software - Infrastructure,rs_new_high,196.13,183.11,24.34,193.15,187.86,195.5,183.36,4.91,setting_up,
2026-08-11,morning,2026-08-11T14:07:36Z,NE,Oil & Gas Drilling,emerging,43.61,41.43,1.67,43.74,43.71,43.99,43.4,0.42,gapped_through,0.20359281437125953
2026-08-11,morning,2026-08-11T14:07:36Z,NEO,Diagnostics & Research,leaders,16.92,16.33,0.81,16.58,16.75,16.8,16.41,-0.32,setting_up,
2026-08-11,morning,2026-08-11T14:07:36Z,NET,Software - Infrastructure,rs_new_high,312.66,290.49,16.99,308.86,307.55,309.17,296.0,-0.56,setting_up,
2026-08-11,morning,2026-08-11T14:07:36Z,NOVT,Scientific & Technical Instruments,accel,169.24,162.74,8.17,167.45,165.74,167.41,165.57,2.19,setting_up,
2026-08-11,morning,2026-08-11T14:07:36Z,NOW,Software - Application,emerging,127.89,123.28,6.6,127.71,126.0,128.07,125.16,0.21,failed_breakout,
2026-08-11,morning,2026-08-11T14:07:36Z,NTAP,Software - Infrastructure,rs_new_high,202.26,193.12,8.1,197.68,198.8,198.61,194.21,-0.52,setting_up,
2026-08-11,morning,2026-08-11T14:07:36Z,NTNX,Software - Infrastructure,rs_new_high,64.85,62.33,2.23,64.43,63.78,64.47,63.28,-0.04,setting_up,
2026-08-11,morning,2026-08-11T14:07:36Z,NTRA,Diagnostics & Research,leaders,326.03,310.95,14.68,316.47,318.01,318.49,311.73,-0.59,setting_up,
2026-08-11,morning,2026-08-11T14:07:36Z,NTSK,Software - Infrastructure,rs_new_high,15.86,14.73,0.88,15.3,15.53,15.65,14.87,-2.36,setting_up,
2026-08-11,morning,2026-08-11T14:07:36Z,NUE,Steel,leaders,276.45,270.72,8.02,275.61,275.02,277.59,274.0,0.36,failed_breakout,
2026-08-11,morning,2026-08-11T14:07:36Z,OKTA,Software - Infrastructure,rs_new_high,153.68,147.54,6.9,150.93,150.46,151.16,147.08,0.11,setting_up,
2026-08-11,morning,2026-08-11T14:07:36Z,ORCL,Software - Infrastructure,rs_new_high,151.99,146.62,7.43,146.93,151.2,151.99,144.84,-2.73,failed_breakout,
2026-08-11,morning,2026-08-11T14:07:36Z,OUST,Electronic Components,accel,44.95,40.49,4.81,46.13,43.89,47.15,43.65,9.49,triggered,0.5155925155925165
2026-08-11,morning,2026-08-11T14:07:36Z,PANW,Software - Infrastructure,rs_new_high,385.17,362.95,15.77,384.37,384.87,390.13,375.93,-0.17,failed_breakout,
2026-08-11,morning,2026-08-11T14:07:36Z,PARR,Oil & Gas Refining & Marketing,leaders,72.73,67.64,4.67,72.85,70.02,73.21,71.32,1.64,triggered,0.32762312633833
2026-08-11,morning,2026-08-11T14:07:36Z,PATH,Software - Infrastructure,rs_new_high,15.67,14.73,0.81,15.8,15.48,15.87,15.4,1.31,triggered,0.4938271604938276
2026-08-11,morning,2026-08-11T14:07:36Z,PAYC,Software - Application,emerging,214.17,210.03,10.07,211.2,212.1,213.4,210.54,-1.05,setting_up,
2026-08-11,morning,2026-08-11T14:07:36Z,PAYP,Software - Infrastructure,rs_new_high,15.44,14.8,0.88,14.85,15.01,15.05,14.74,-0.27,setting_up,
2026-08-11,morning,2026-08-11T14:07:36Z,PAYX,Software - Application,emerging,121.24,119.0,3.55,120.3,119.59,120.71,119.7,-0.73,setting_up,
2026-08-11,morning,2026-08-11T14:07:36Z,PBF,Oil & Gas Refining & Marketing,leaders,66.77,62.9,4.18,67.21,66.46,67.6,66.23,1.39,triggered,0.2344497607655478
2026-08-11,morning,2026-08-11T14:07:36Z,PCOR,Software - Application,emerging,58.31,55.95,2.62,58.68,57.9,58.87,57.02,0.84,triggered,0.6335877862595407
2026-08-11,morning,2026-08-11T14:07:36Z,PCTY,Software - Application,emerging,149.8,145.38,6.29,146.38,145.04,147.22,144.38,0.5,setting_up,
2026-08-11,morning,2026-08-11T14:07:36Z,PKX,Steel,leaders,59.3,58.18,1.96,57.39,57.31,57.93,57.38,-1.66,invalidated,
2026-08-11,morning,2026-08-11T14:07:36Z,PLTR,Software - Infrastructure,rs_new_high,179.6,170.87,8.95,176.39,174.52,176.8,173.73,0.66,setting_up,
2026-08-11,morning,2026-08-11T14:07:36Z,PLXS,Electronic Components,accel,273.83,267.36,13.46,274.81,272.16,275.4,272.01,2.66,triggered,0.20802377414561748
2026-08-11,morning,2026-08-11T14:07:36Z,PRLB,Metal Fabrication,leaders,89.92,88.66,3.68,90.43,90.0,90.64,90.0,0.86,gapped_through,0.11684782608695837
2026-08-11,morning,2026-08-11T14:07:36Z,PSX,Oil & Gas Refining & Marketing,leaders,215.85,206.97,6.94,219.25,215.25,219.24,214.21,1.73,triggered,0.7262247838616703
2026-08-11,morning,2026-08-11T14:07:36Z,PTC,Software - Application,emerging,154.03,146.09,5.84,151.32,149.75,151.38,148.7,0.2,setting_up,
2026-08-11,morning,2026-08-11T14:07:36Z,PTEN,Oil & Gas Drilling,emerging,11.04,10.13,0.57,10.93,10.94,11.09,10.85,-0.5,failed_breakout,
2026-08-11,morning,2026-08-11T14:07:36Z,QGEN,Diagnostics & Research,leaders,44.41,43.12,1.12,42.99,43.4,43.4,42.9,-1.97,invalidated,
2026-08-11,morning,2026-08-11T14:07:36Z,QH,Software - Application,emerging,5.22,4.33,0.89,5.0,5.05,5.02,4.84,-1.57,setting_up,
2026-08-11,morning,2026-08-11T14:07:36Z,QLYS,Software - Infrastructure,rs_new_high,192.73,182.09,10.36,183.9,185.52,187.41,181.68,-1.02,setting_up,
2026-08-11,morning,2026-08-11T14:07:36Z,QNT,Software - Application,emerging,59.45,55.96,5.57,55.71,57.41,56.82,55.53,-1.56,invalidated,
2026-08-11,morning,2026-08-11T14:07:36Z,RAL,Electronic Components,accel,69.82,67.66,2.86,71.6,69.73,71.73,69.93,3.19,triggered,0.5839160839160795
2026-08-11,morning,2026-08-11T14:07:36Z,RBRK,Software - Infrastructure,rs_new_high,99.95,90.0,4.82,98.51,97.28,99.36,95.75,0.62,setting_up,
2026-08-11,morning,2026-08-11T14:07:36Z,RDNT,Diagnostics & Research,leaders,78.86,69.81,3.42,76.3,76.24,77.47,74.61,-1.27,setting_up,
2026-08-11,morning,2026-08-11T14:07:36Z,RHI,Staffing & Employment Services,leaders,42.69,41.72,2.23,42.67,42.01,42.83,41.62,-0.02,failed_breakout,
2026-08-11,morning,2026-08-11T14:07:36Z,RIG,Oil & Gas Drilling,emerging,5.76,5.36,0.25,5.72,5.68,5.76,5.65,0.0,failed_breakout,
2026-08-11,morning,2026-08-11T14:07:36Z,ROG,Electronic Components,accel,134.56,128.27,6.44,133.8,130.82,134.03,131.24,4.2,setting_up,
2026-08-11,morning,2026-08-11T14:07:36Z,ROP,Software - Application,emerging,405.77,397.1,12.94,402.64,400.25,404.51,398.18,-0.31,setting_up,
2026-08-11,morning,2026-08-11T14:07:36Z,RS,Steel,leaders,431.05,423.87,11.17,429.58,429.92,431.79,428.5,0.25,failed_breakout,
2026-08-11,morning,2026-08-11T14:07:36Z,RVTY,Diagnostics & Research,leaders,116.74,112.68,4.03,116.4,115.83,116.67,115.1,0.33,setting_up,
2026-08-11,morning,2026-08-11T14:07:36Z,S,Software - Infrastructure,rs_new_high,22.44,21.14,0.93,22.17,22.19,22.3,21.87,-0.25,setting_up,
2026-08-11,morning,2026-08-11T14:07:36Z,SAIL,Software - Infrastructure,rs_new_high,19.42,18.56,0.93,18.74,19.1,19.2,18.44,-3.45,setting_up,
2026-08-11,morning,2026-08-11T14:07:36Z,SANM,Electronic Components,accel,207.61,198.01,15.24,204.41,199.18,204.45,201.03,2.64,setting_up,
2026-08-11,morning,2026-08-11T14:07:36Z,SAP,Software - Application,emerging,209.29,203.67,6.92,209.61,209.45,210.11,207.49,0.51,gapped_through,0.30635838150289085
2026-08-11,morning,2026-08-11T14:07:36Z,SCCO,Copper,leaders,204.74,197.31,8.02,195.6,199.5,198.47,194.61,-1.08,invalidated,
2026-08-11,morning,2026-08-11T14:07:36Z,SDRL,Oil & Gas Drilling,emerging,47.44,45.08,1.96,46.25,46.7,46.94,45.73,-1.09,setting_up,
2026-08-11,morning,2026-08-11T14:07:36Z,SHC,Diagnostics & Research,leaders,19.01,18.6,0.57,19.04,18.9,19.1,18.8,0.37,triggered,0.4210526315789447
2026-08-11,morning,2026-08-11T14:07:36Z,SHOP,Software - Application,emerging,155.62,148.9,7.77,153.25,153.51,155.0,151.83,-1.24,setting_up,
2026-08-11,morning,2026-08-11T14:07:36Z,SIG,Luxury Goods,rs_new_high,96.77,93.96,3.63,95.19,94.31,95.64,93.82,0.75,setting_up,
2026-08-11,morning,2026-08-11T14:07:36Z,SNOW,Software - Application,emerging,340.5,328.0,14.49,333.53,331.14,335.68,328.0,-0.35,setting_up,
2026-08-11,morning,2026-08-11T14:07:36Z,SSD,Lumber & Wood Production,emerging,198.24,192.76,5.91,197.29,196.09,199.47,196.54,1.01,failed_breakout,
2026-08-11,morning,2026-08-11T14:07:36Z,SSNC,Software - Application,emerging,79.84,78.37,2.25,79.54,79.21,79.69,78.9,-0.29,setting_up,
2026-08-11,morning,2026-08-11T14:07:36Z,ST,Scientific & Technical Instruments,accel,46.93,45.76,1.88,47.16,46.39,47.23,45.81,2.99,triggered,0.7180851063829757
2026-08-11,morning,2026-08-11T14:07:36Z,STLD,Steel,leaders,269.18,261.7,8.65,268.63,267.51,270.79,267.89,0.01,failed_breakout,
2026-08-11,morning,2026-08-11T14:07:36Z,STRC,Software - Application,emerging,95.55,94.19,2.27,94.99,94.23,94.97,94.18,0.68,setting_up,
2026-08-11,morning,2026-08-11T14:07:36Z,SUN,Oil & Gas Refining & Marketing,leaders,72.52,70.57,2.1,72.75,72.14,72.81,72.04,1.25,triggered,0.3380952380952351
2026-08-11,morning,2026-08-11T14:07:36Z,SVM,Silver,rs_new_high,12.26,11.38,0.64,12.19,11.99,12.55,11.8,-0.2,failed_breakout,
2026-08-11,morning,2026-08-11T14:07:36Z,TDY,Scientific & Technical Instruments,accel,697.67,689.64,17.87,689.42,690.38,694.0,684.96,-0.12,invalidated,
2026-08-11,morning,2026-08-11T14:07:36Z,TEAM,Software - Application,emerging,153.99,145.0,9.31,154.1,150.77,154.37,148.87,1.47,triggered,0.5617615467239516
2026-08-11,morning,2026-08-11T14:07:36Z,TECK,Copper,leaders,67.8,65.64,2.46,66.96,67.22,67.4,66.87,0.13,setting_up,
2026-08-11,morning,2026-08-11T14:07:36Z,TEM,Health Information Services,accel,56.6,51.63,3.59,54.13,54.23,55.88,53.0,-1.69,setting_up,
2026-08-11,morning,2026-08-11T14:07:36Z,TGB,Copper,leaders,8.84,8.37,0.51,8.76,8.91,8.91,8.68,-0.11,gapped_through,0.15686274509803935
2026-08-11,morning,2026-08-11T14:07:36Z,TMO,Diagnostics & Research,leaders,599.69,588.53,16.36,600.47,597.51,602.95,594.81,0.13,triggered,0.34596577017115415
2026-08-11,morning,2026-08-11T14:07:36Z,TNET,Staffing & Employment Services,leaders,68.96,66.96,3.25,67.36,66.51,67.36,65.93,0.01,setting_up,
2026-08-11,morning,2026-08-11T14:07:36Z,TOST,Software - Infrastructure,rs_new_high,35.7,34.23,1.38,35.9,35.35,36.06,35.35,0.59,triggered,0.39855072463767915
2026-08-11,morning,2026-08-11T14:07:36Z,TPR,Luxury Goods,rs_new_high,164.8,159.43,4.63,163.35,163.79,164.52,160.35,-0.87,setting_up,
2026-08-11,morning,2026-08-11T14:07:36Z,TRMB,Scientific & Technical Instruments,accel,59.77,58.26,1.97,58.77,58.31,58.93,57.92,0.56,setting_up,
2026-08-11,morning,2026-08-11T14:07:36Z,TTAN,Software - Application,emerging,87.38,84.79,4.73,86.7,86.47,87.58,85.23,-0.22,failed_breakout,
2026-08-11,morning,2026-08-11T14:07:36Z,TTMI,Electronic Components,accel,142.0,130.04,13.51,131.79,132.0,132.85,129.04,1.31,setting_up,
2026-08-11,morning,2026-08-11T14:07:36Z,TWLO,Software - Infrastructure,rs_new_high,255.57,242.7,13.36,254.16,247.0,254.32,244.57,1.64,setting_up,
2026-08-11,morning,2026-08-11T14:07:36Z,TWST,Diagnostics & Research,leaders,125.66,113.18,8.42,123.62,123.94,124.37,120.65,-1.01,setting_up,
2026-08-11,morning,2026-08-11T14:07:36Z,TX,Steel,leaders,55.26,53.67,1.68,55.33,55.07,55.65,55.12,0.97,triggered,0.1250000000000005
2026-08-11,morning,2026-08-11T14:07:36Z,TXG,Health Information Services,accel,59.87,50.81,3.53,58.26,58.39,60.3,57.26,-0.52,failed_breakout,
2026-08-11,morning,2026-08-11T14:07:36Z,U,Software - Application,emerging,43.55,42.07,2.23,43.12,42.75,43.24,42.12,0.05,setting_up,
2026-08-11,morning,2026-08-11T14:07:36Z,UGP,Oil & Gas Refining & Marketing,leaders,6.11,6.01,0.17,6.12,6.07,6.13,6.05,1.84,triggered,0.4117647058823546
2026-08-11,morning,2026-08-11T14:07:36Z,VAL,Oil & Gas Drilling,emerging,86.23,80.0,3.64,85.84,84.79,86.31,85.02,0.34,failed_breakout,
2026-08-11,morning,2026-08-11T14:07:36Z,VCYT,Diagnostics & Research,leaders,47.75,46.12,3.16,46.01,46.01,46.24,45.72,-0.56,invalidated,
2026-08-11,morning,2026-08-11T14:07:36Z,VEEV,Health Information Services,accel,236.0,228.37,8.28,236.42,232.7,236.95,231.78,0.74,triggered,0.5603864734299501
2026-08-11,morning,2026-08-11T14:07:36Z,VICR,Electronic Components,accel,225.55,208.11,22.8,213.09,213.29,214.0,211.49,2.05,setting_up,
2026-08-11,morning,2026-08-11T14:07:36Z,VLO,Oil & Gas Refining & Marketing,leaders,315.88,301.35,11.71,317.61,315.61,318.4,314.25,0.84,triggered,0.28693424423569713
2026-08-11,morning,2026-08-11T14:07:36Z,VNT,Scientific & Technical Instruments,accel,35.72,34.24,1.11,34.36,34.37,34.68,34.26,0.34,setting_up,
2026-08-11,morning,2026-08-11T14:07:36Z,VRSN,Software - Infrastructure,rs_new_high,296.95,292.12,9.2,294.79,291.86,295.83,291.86,0.49,setting_up,
2026-08-11,morning,2026-08-11T14:07:36Z,WAT,Diagnostics & Research,leaders,413.34,402.63,12.74,411.69,413.0,413.52,408.2,-0.02,failed_breakout,
2026-08-11,morning,2026-08-11T14:07:36Z,WAY,Health Information Services,accel,24.95,23.93,1.28,24.59,24.48,24.75,24.43,-0.46,setting_up,
2026-08-11,morning,2026-08-11T14:07:36Z,WDAY,Software - Application,emerging,185.82,176.2,9.47,181.66,180.92,182.97,179.28,-1.37,setting_up,
2026-08-11,morning,2026-08-11T14:07:36Z,WEX,Software - Infrastructure,rs_new_high,188.65,181.87,6.45,188.69,182.45,189.71,184.24,1.2,triggered,0.6899224806201533
2026-08-11,morning,2026-08-11T14:07:36Z,WFG,Lumber & Wood Production,emerging,72.24,70.55,2.38,72.0,71.05,72.45,70.7,1.07,failed_breakout,
2026-08-11,morning,2026-08-11T14:07:36Z,WGS,Diagnostics & Research,leaders,79.28,75.7,5.45,77.82,76.95,78.15,75.7,-0.08,setting_up,
2026-08-11,morning,2026-08-11T14:07:36Z,WOR,Metal Fabrication,leaders,58.09,56.68,1.85,57.49,57.19,58.01,57.08,0.9,setting_up,
2026-08-11,morning,2026-08-11T14:07:36Z,XYZ,Software - Infrastructure,rs_new_high,79.89,78.36,2.81,79.28,78.85,79.56,78.4,0.38,setting_up,
2026-08-11,morning,2026-08-11T14:07:36Z,YMM,Software - Application,emerging,9.7,9.53,0.28,9.47,9.53,9.55,9.4,-2.37,invalidated,
2026-08-11,morning,2026-08-11T14:07:36Z,ZETA,Software - Infrastructure,rs_new_high,27.82,26.3,1.59,27.33,27.54,27.95,27.0,-0.76,failed_breakout,
2026-08-11,morning,2026-08-11T14:07:36Z,ZM,Software - Application,emerging,107.47,103.38,3.67,106.59,105.63,107.1,105.18,-0.57,setting_up,
2026-08-11,morning,2026-08-11T14:07:36Z,ZS,Software - Infrastructure,rs_new_high,177.93,168.0,7.81,178.34,176.01,178.78,172.28,0.94,triggered,0.775928297055058
2026-08-12,morning,2026-08-12T14:07:23Z,A,Diagnostics & Research,leaders,150.24,147.4,3.82,148.65,148.94,149.32,148.1,-0.57,setting_up,
2026-08-12,morning,2026-08-12T14:07:23Z,ABVX,Biotechnology,leaders,128.5,125.08,5.78,127.67,126.99,128.0,126.62,0.68,setting_up,
2026-08-12,morning,2026-08-12T14:07:23Z,ACIW,Software - Infrastructure,accel,53.06,51.98,2.22,51.85,51.74,52.6,51.68,-0.76,invalidated,
2026-08-12,morning,2026-08-12T14:07:23Z,ADBE,Software - Application,emerging,272.23,262.68,11.31,257.32,258.23,263.26,255.97,-2.43,invalidated,
2026-08-12,morning,2026-08-12T14:07:23Z,ADP,Software - Application,emerging,273.14,269.49,7.71,266.89,269.17,270.61,265.91,-1.55,invalidated,
2026-08-12,morning,2026-08-12T14:07:23Z,ADSK,Software - Application,emerging,254.86,249.89,9.13,246.91,245.54,250.62,245.46,-1.86,invalidated,
2026-08-12,morning,2026-08-12T14:07:23Z,AEIS,Electrical Equipment & Parts,rs_new_high,328.26,316.05,22.0,344.92,339.96,346.83,339.03,5.29,gapped_through,0.2677272727272747
2026-08-12,morning,2026-08-12T14:07:23Z,AG,Silver,rs_new_high,19.03,18.57,0.98,19.4,19.75,19.89,19.18,2.29,gapped_through,0.22448979591836618
2026-08-12,morning,2026-08-12T14:07:23Z,ARWR,Biotechnology,leaders,90.97,88.45,3.89,90.1,89.24,90.61,88.81,0.96,setting_up,
2026-08-12,morning,2026-08-12T14:07:23Z,ASML,Semiconductor Equipment & Materials,rs_new_high,1819.59,1778.32,79.44,1829.42,1833.44,1845.0,1822.06,1.67,gapped_through,0.09264853977845075
2026-08-12,morning,2026-08-12T14:07:23Z,ATI,Metal Fabrication,leaders,232.38,226.0,10.16,233.07,238.88,240.79,230.3,1.3,gapped_through,0.27263779527558873
2026-08-12,morning,2026-08-12T14:07:23Z,AYI,Electrical Equipment & Parts,rs_new_high,363.21,354.82,11.54,357.32,361.81,367.3,361.35,0.07,failed_breakout,
2026-08-12,morning,2026-08-12T14:07:23Z,BSY,Software - Application,emerging,36.27,34.89,1.52,35.58,35.5,36.64,35.33,-1.83,failed_breakout,
2026-08-12,morning,2026-08-12T14:07:23Z,CAMT,Semiconductor Equipment & Materials,rs_new_high,164.93,157.53,11.59,174.95,172.83,177.55,172.46,6.41,gapped_through,0.21484037963761698
2026-08-12,morning,2026-08-12T14:07:23Z,CENX,Aluminum,rs_new_high,55.55,52.12,2.84,50.82,52.88,53.42,50.69,-2.81,invalidated,
2026-08-12,morning,2026-08-12T14:07:23Z,CGON,Biotechnology,leaders,77.49,75.34,3.52,78.72,77.0,79.39,76.89,2.19,triggered,0.5198863636363632
2026-08-12,morning,2026-08-12T14:07:23Z,CLF,Steel,leaders,12.84,12.29,0.65,12.19,12.55,12.55,12.15,-1.73,invalidated,
2026-08-12,morning,2026-08-12T14:07:23Z,CMC,Metal Fabrication,leaders,74.17,71.95,2.39,72.08,72.74,72.93,71.68,0.06,setting_up,
2026-08-12,morning,2026-08-12T14:07:23Z,CPAY,Software - Infrastructure,accel,409.68,397.39,11.68,402.64,404.13,405.39,400.89,-0.87,setting_up,
2026-08-12,morning,2026-08-12T14:07:23Z,CRM,Software - Application,emerging,199.39,195.5,7.96,192.54,192.68,196.5,191.85,-2.49,invalidated,
2026-08-12,morning,2026-08-12T14:07:23Z,CRWD,Software - Infrastructure,accel,225.52,219.24,9.49,224.15,220.01,224.26,217.89,1.01,setting_up,
2026-08-12,morning,2026-08-12T14:07:23Z,DBX,Software - Infrastructure,accel,34.9,33.99,1.24,33.25,33.5,33.6,33.02,-2.44,invalidated,
2026-08-12,morning,2026-08-12T14:07:23Z,DHR,Diagnostics & Research,leaders,208.44,206.09,6.87,203.79,205.0,205.94,204.02,-1.76,invalidated,
2026-08-12,morning,2026-08-12T14:07:23Z,DINO,Oil & Gas Refining & Marketing,leaders,87.0,84.19,3.65,87.79,86.8,87.9,86.0,2.61,triggered,0.4904109589041113
2026-08-12,morning,2026-08-12T14:07:23Z,DOCU,Software - Application,emerging,60.47,58.68,2.58,57.82,58.28,59.15,57.58,-2.56,invalidated,
2026-08-12,morning,2026-08-12T14:07:23Z,DT,Software - Application,emerging,50.77,49.4,2.09,49.24,48.87,50.0,48.74,-0.85,invalidated,
2026-08-12,morning,2026-08-12T14:07:23Z,ENTG,Semiconductor Equipment & Materials,rs_new_high,153.47,144.4,10.69,157.89,159.53,159.88,157.02,5.11,gapped_through,0.08138447146866007
2026-08-12,morning,2026-08-12T14:07:23Z,FCX,Copper,accel,70.82,68.28,2.79,68.97,70.32,70.09,68.75,0.15,setting_up,
2026-08-12,morning,2026-08-12T14:07:23Z,FFIV,Software - Infrastructure,accel,419.99,406.83,15.31,419.17,414.81,417.86,414.81,1.25,setting_up,
2026-08-12,morning,2026-08-12T14:07:23Z,FIG,Software - Application,emerging,25.62,24.54,2.04,23.81,24.31,24.96,23.59,-4.26,invalidated,
2026-08-12,morning,2026-08-12T14:07:23Z,FROG,Software - Application,emerging,88.85,85.84,5.58,88.39,86.31,89.5,86.18,2.67,failed_breakout,
2026-08-12,morning,2026-08-12T14:07:23Z,FTNT,Software - Infrastructure,accel,163.92,160.74,6.87,164.02,161.39,164.1,160.0,1.31,triggered,0.5851528384279491
2026-08-12,morning,2026-08-12T14:07:23Z,FTV,Scientific & Technical Instruments,accel,62.62,61.63,1.6,61.14,61.47,61.68,60.96,-0.88,invalidated,
2026-08-12,morning,2026-08-12T14:07:23Z,GDDY,Software - Infrastructure,accel,92.62,90.37,4.97,89.68,88.14,90.79,88.73,-1.16,invalidated,
2026-08-12,morning,2026-08-12T14:07:23Z,GEN,Software - Infrastructure,accel,29.41,28.71,0.96,28.24,28.73,28.7,28.07,-2.67,invalidated,
2026-08-12,morning,2026-08-12T14:07:23Z,GGB,Steel,leaders,4.9,4.67,0.16,4.81,4.79,4.83,4.75,2.66,setting_up,
2026-08-12,morning,2026-08-12T14:07:23Z,GH,Diagnostics & Research,leaders,168.9,163.5,8.2,168.12,165.89,168.07,164.62,1.83,setting_up,
2026-08-12,morning,2026-08-12T14:07:23Z,GPN,Software - Infrastructure,accel,86.91,85.57,3.02,84.64,85.45,86.37,84.67,-1.42,invalidated,
2026-08-12,morning,2026-08-12T14:07:23Z,HBM,Copper,accel,28.28,27.22,1.33,28.27,28.58,28.6,28.07,2.19,gapped_through,0.15037593984962352
2026-08-12,morning,2026-08-12T14:07:23Z,HNGE,Health Information Services,leaders,93.13,88.99,4.76,87.96,89.7,89.28,87.5,-1.18,invalidated,
2026-08-12,morning,2026-08-12T14:07:23Z,HQY,Health Information Services,leaders,107.24,105.11,3.01,103.43,103.87,107.92,102.61,-2.03,invalidated,
2026-08-12,morning,2026-08-12T14:07:23Z,HUBB,Electrical Equipment & Parts,rs_new_high,520.9,507.95,17.18,520.8,527.15,529.39,520.64,0.23,gapped_through,0.009313154831197216
2026-08-12,morning,2026-08-12T14:07:23Z,HUBS,Software - Application,emerging,224.89,210.78,18.64,213.51,216.43,220.05,212.0,-3.18,setting_up,
2026-08-12,morning,2026-08-12T14:07:23Z,ICLR,Diagnostics & Research,leaders,167.34,161.89,7.67,163.0,165.27,165.57,162.66,-1.56,setting_up,
2026-08-12,morning,2026-08-12T14:07:23Z,ILMN,Diagnostics & Research,leaders,193.12,187.62,7.9,191.46,192.76,193.53,191.28,-0.72,failed_breakout,
2026-08-12,morning,2026-08-12T14:07:23Z,IMVT,Biotechnology,leaders,40.93,38.99,1.49,41.65,40.95,41.93,40.71,1.76,gapped_through,0.6308724832214749
2026-08-12,morning,2026-08-12T14:07:23Z,INCY,Biotechnology,leaders,122.28,120.06,3.95,120.67,119.59,120.68,118.88,-0.33,setting_up,
2026-08-12,morning,2026-08-12T14:07:23Z,INTU,Software - Application,emerging,338.09,330.18,14.25,329.89,331.97,336.87,328.6,-1.95,invalidated,
2026-08-12,morning,2026-08-12T14:07:23Z,IOT,Software - Infrastructure,accel,41.35,38.79,2.29,39.0,39.49,40.32,38.68,-3.27,setting_up,
2026-08-12,morning,2026-08-12T14:07:23Z,JAZZ,Biotechnology,leaders,257.16,246.48,7.38,249.69,248.0,249.95,244.47,0.69,setting_up,
2026-08-12,morning,2026-08-12T14:07:23Z,KEYS,Scientific & Technical Instruments,accel,345.43,336.74,13.28,355.25,350.0,357.34,351.14,3.36,gapped_through,0.30948795180722993
2026-08-12,morning,2026-08-12T14:07:23Z,KYMR,Biotechnology,leaders,110.37,106.3,4.73,111.62,110.22,111.39,109.08,1.82,triggered,0.5369978858350964
2026-08-12,morning,2026-08-12T14:07:23Z,MDGL,Biotechnology,leaders,535.57,512.79,23.8,534.99,536.38,538.24,527.59,-0.05,gapped_through,0.3109243697478982
2026-08-12,morning,2026-08-12T14:07:23Z,MEDP,Diagnostics & Research,leaders,608.18,598.22,20.22,597.45,598.21,604.89,593.14,-1.33,invalidated,
2026-08-12,morning,2026-08-12T14:07:23Z,MLI,Metal Fabrication,leaders,69.95,68.24,1.91,68.79,69.04,69.47,68.63,0.5,setting_up,
2026-08-12,morning,2026-08-12T14:07:23Z,MMYT,Travel Services,leaders,62.5,60.91,2.91,60.67,61.41,62.14,60.29,-1.2,invalidated,
2026-08-12,morning,2026-08-12T14:07:23Z,MRNA,Biotechnology,leaders,61.4,58.6,3.89,62.08,60.62,62.17,59.29,2.49,triggered,0.7172236503856039
2026-08-12,morning,2026-08-12T14:07:23Z,MT,Steel,leaders,75.28,73.6,2.09,74.67,75.15,75.09,74.32,1.3,setting_up,
2026-08-12,morning,2026-08-12T14:07:23Z,NAVN,Software - Application,emerging,29.25,28.16,1.51,28.72,28.92,29.5,28.56,-0.73,failed_breakout,
2026-08-12,morning,2026-08-12T14:07:23Z,NE,Oil & Gas Drilling,emerging,44.65,43.4,1.64,44.38,44.07,44.25,43.6,-0.24,setting_up,
2026-08-12,morning,2026-08-12T14:07:23Z,NET,Software - Infrastructure,accel,313.77,295.5,17.08,318.75,308.86,318.65,308.96,3.84,triggered,0.5731850117096031
2026-08-12,morning,2026-08-12T14:07:23Z,NOVT,Scientific & Technical Instruments,accel,169.55,165.08,7.99,167.56,170.0,170.93,167.26,-0.09,gapped_through,0.037546933667085274
2026-08-12,morning,2026-08-12T14:07:23Z,NOW,Software - Application,emerging,128.97,125.16,6.4,122.57,123.64,125.61,121.87,-3.9,invalidated,
2026-08-12,morning,2026-08-12T14:07:23Z,NUE,Steel,leaders,277.6,271.84,7.86,271.42,272.1,274.54,268.81,-0.19,invalidated,
2026-08-12,morning,2026-08-12T14:07:23Z,NVT,Electrical Equipment & Parts,rs_new_high,169.18,163.97,8.72,172.01,173.68,174.9,171.0,2.9,gapped_through,0.11582568807339344
2026-08-12,morning,2026-08-12T14:07:23Z,OKTA,Software - Infrastructure,accel,151.72,147.0,6.75,149.82,150.2,153.04,148.45,-0.34,failed_breakout,
2026-08-12,morning,2026-08-12T14:07:23Z,ONTO,Semiconductor Equipment & Materials,rs_new_high,320.32,295.98,26.61,340.35,333.13,342.81,332.51,6.43,gapped_through,0.2946260804208956
2026-08-12,morning,2026-08-12T14:07:23Z,PCVX,Biotechnology,leaders,59.65,57.83,2.45,60.2,58.92,60.41,58.74,1.66,triggered,0.595918367346939
2026-08-12,morning,2026-08-12T14:07:23Z,PRAX,Biotechnology,leaders,372.0,361.37,20.52,379.33,374.99,381.96,374.26,2.33,gapped_through,0.24707602339181253
2026-08-12,morning,2026-08-12T14:07:23Z,QGEN,Diagnostics & Research,leaders,43.46,42.6,1.13,42.38,42.21,42.57,42.14,-0.62,invalidated,
2026-08-12,morning,2026-08-12T14:07:23Z,RCL,Travel Services,leaders,312.0,302.99,11.09,305.32,308.0,309.42,303.2,-0.6,setting_up,
2026-08-12,morning,2026-08-12T14:07:23Z,RIG,Oil & Gas Drilling,emerging,5.88,5.65,0.25,5.73,5.79,5.79,5.66,-1.38,setting_up,
2026-08-12,morning,2026-08-12T14:07:23Z,ROIV,Biotechnology,leaders,36.0,34.56,1.28,36.34,35.22,36.41,35.22,3.09,triggered,0.8750000000000036
2026-08-12,morning,2026-08-12T14:07:23Z,ROP,Software - Application,emerging,404.51,398.18,12.47,392.24,390.48,397.38,389.95,-1.82,invalidated,
2026-08-12,morning,2026-08-12T14:07:23Z,RPRX,Biotechnology,leaders,58.63,57.76,1.39,59.01,57.81,59.16,57.65,2.11,triggered,0.97841726618705
2026-08-12,morning,2026-08-12T14:07:23Z,RS,Steel,leaders,433.02,422.85,11.1,424.49,421.29,426.89,422.4,0.23,setting_up,
2026-08-12,morning,2026-08-12T14:07:23Z,RVTY,Diagnostics & Research,leaders,116.84,115.1,3.87,115.14,115.21,116.31,114.64,-0.51,setting_up,
2026-08-12,morning,2026-08-12T14:07:23Z,RYTM,Biotechnology,leaders,117.49,112.51,4.91,115.06,111.58,114.73,111.42,1.96,setting_up,
2026-08-12,morning,2026-08-12T14:07:23Z,SCCO,Copper,accel,198.47,190.94,7.9,195.71,200.0,198.0,194.84,0.64,gapped_through,0.11012658227848159
2026-08-12,morning,2026-08-12T14:07:23Z,SHC,Diagnostics & Research,leaders,19.27,18.8,0.56,18.86,19.05,19.08,18.74,-1.31,setting_up,
2026-08-12,morning,2026-08-12T14:07:23Z,SMMT,Biotechnology,leaders,15.73,14.68,0.82,15.38,15.41,15.75,15.36,1.75,failed_breakout,
2026-08-12,morning,2026-08-12T14:07:23Z,SSD,Lumber & Wood Production,emerging,200.0,196.09,5.83,196.1,197.07,199.38,196.09,-1.9,setting_up,
2026-08-12,morning,2026-08-12T14:07:23Z,STLD,Steel,leaders,271.0,263.04,8.6,262.99,264.88,264.88,262.36,-0.26,invalidated,
2026-08-12,morning,2026-08-12T14:07:23Z,STRC,Software - Application,emerging,95.55,94.18,2.2,95.57,95.35,95.79,95.34,0.27,triggered,0.10454545454544989
2026-08-12,morning,2026-08-12T14:07:23Z,SUN,Oil & Gas Refining & Marketing,leaders,74.0,72.0,2.1,74.41,72.99,74.5,73.0,1.46,triggered,0.6714285714285698
2026-08-12,morning,2026-08-12T14:07:23Z,SYRE,Biotechnology,leaders,105.44,99.84,5.92,103.41,104.34,105.06,102.01,0.65,setting_up,
2026-08-12,morning,2026-08-12T14:07:23Z,TCOM,Travel Services,leaders,46.54,45.78,1.21,45.72,45.9,46.05,45.57,-1.04,invalidated,
2026-08-12,morning,2026-08-12T14:07:23Z,TDY,Scientific & Technical Instruments,accel,694.16,673.12,18.09,680.91,686.63,687.0,679.8,-0.12,setting_up,
2026-08-12,morning,2026-08-12T14:07:23Z,TECK,Copper,accel,67.4,66.03,2.38,67.68,67.74,68.06,67.4,2.33,gapped_through,0.1176470588235299
2026-08-12,morning,2026-08-12T14:07:23Z,TEM,Health Information Services,leaders,56.58,53.0,3.59,54.75,56.1,57.03,54.51,-1.69,failed_breakout,
2026-08-12,morning,2026-08-12T14:07:23Z,TTAN,Software - Application,emerging,90.77,85.23,4.79,86.14,86.11,88.49,84.55,-2.55,setting_up,
2026-08-12,morning,2026-08-12T14:07:23Z,UBER,Software - Application,emerging,78.99,77.46,2.65,76.91,78.15,78.55,76.43,-2.08,invalidated,
2026-08-12,morning,2026-08-12T14:07:23Z,VAL,Oil & Gas Drilling,emerging,88.21,85.02,3.61,85.65,85.72,86.51,84.62,-1.32,setting_up,
2026-08-12,morning,2026-08-12T14:07:23Z,VIK,Travel Services,leaders,105.43,101.29,3.09,102.91,103.31,102.99,101.9,1.34,setting_up,
2026-08-12,morning,2026-08-12T14:07:23Z,VRSN,Software - Infrastructure,accel,295.87,287.3,9.15,284.77,283.8,288.92,283.62,-0.99,invalidated,
2026-08-12,morning,2026-08-12T14:07:23Z,VRTX,Biotechnology,leaders,532.23,522.01,15.97,530.52,527.37,531.22,520.08,0.16,setting_up,
2026-08-12,morning,2026-08-12T14:07:23Z,WAT,Diagnostics & Research,leaders,415.63,408.2,12.36,415.22,404.77,416.08,404.77,0.05,failed_breakout,
2026-08-12,morning,2026-08-12T14:07:23Z,XYZ,Software - Infrastructure,accel,79.8,78.24,2.72,77.66,78.72,79.18,77.51,-1.78,invalidated,
2026-08-12,morning,2026-08-12T14:07:23Z,YMM,Software - Application,emerging,9.55,9.31,0.29,9.24,9.3,9.29,9.18,-1.18,invalidated,
2026-08-12,morning,2026-08-12T14:07:23Z,ZM,Software - Application,emerging,107.33,105.18,3.56,104.42,103.96,105.03,104.0,-1.55,invalidated,
2026-08-13,morning,2026-08-13T14:07:14Z,A,Diagnostics & Research,leaders,149.33,147.33,3.7,149.22,149.0,149.22,146.82,0.66,setting_up,
2026-08-13,morning,2026-08-13T14:07:14Z,AAOI,Communication Equipment,leaders,142.8,129.09,15.91,140.5,135.74,141.63,134.41,1.75,setting_up,
2026-08-13,morning,2026-08-13T14:07:14Z,ACIW,Software - Infrastructure,accel,52.78,51.6,2.14,53.17,53.49,53.71,52.56,0.8,gapped_through,0.2850467289719623
2026-08-13,morning,2026-08-13T14:07:14Z,AEIS,Electrical Equipment & Parts,rs_new_high,346.83,336.99,21.8,336.55,336.27,341.12,335.02,-0.23,invalidated,
2026-08-13,morning,2026-08-13T14:07:14Z,AG,Silver,accel,19.83,18.96,0.97,18.71,18.73,18.89,18.58,-2.35,invalidated,
2026-08-13,morning,2026-08-13T14:07:14Z,APA,Oil & Gas E&P,emerging,40.51,39.77,1.47,39.16,39.48,39.78,39.16,-2.03,invalidated,
2026-08-13,morning,2026-08-13T14:07:14Z,APH,Electronic Components,rs_new_high,172.82,168.18,6.95,168.49,169.78,170.37,167.39,-0.86,setting_up,
2026-08-13,morning,2026-08-13T14:07:14Z,AR,Oil & Gas E&P,emerging,38.17,37.28,1.17,36.8,36.92,37.32,36.8,-1.81,invalidated,
2026-08-13,morning,2026-08-13T14:07:14Z,AVT,Electronics & Computer Distribution,leaders,99.25,97.24,3.84,96.36,97.32,97.95,95.55,-0.98,invalidated,
2026-08-13,morning,2026-08-13T14:07:14Z,AYI,Electrical Equipment & Parts,rs_new_high,367.3,353.55,11.7,360.4,362.49,363.94,356.93,0.02,setting_up,
2026-08-13,morning,2026-08-13T14:07:14Z,CHRD,Oil & Gas E&P,emerging,139.89,137.4,5.0,133.69,134.91,136.13,133.72,-2.83,invalidated,
2026-08-13,morning,2026-08-13T14:07:14Z,CLF,Steel,leaders,12.55,12.02,0.64,12.27,12.18,12.32,12.11,0.12,setting_up,
2026-08-13,morning,2026-08-13T14:07:14Z,CMC,Metal Fabrication,leaders,72.93,71.36,2.33,72.71,72.97,73.55,72.26,0.51,gapped_through,0.19313304721029553
2026-08-13,morning,2026-08-13T14:07:14Z,CNQ,Oil & Gas E&P,emerging,47.96,47.43,1.23,46.78,46.58,47.48,46.58,-1.67,invalidated,
2026-08-13,morning,2026-08-13T14:07:14Z,CNX,Oil & Gas E&P,emerging,36.22,35.49,0.96,35.31,35.32,35.57,35.28,-1.2,invalidated,
2026-08-13,morning,2026-08-13T14:07:14Z,COP,Oil & Gas E&P,emerging,127.34,124.81,3.47,124.92,125.53,126.38,124.91,-1.87,setting_up,
2026-08-13,morning,2026-08-13T14:07:14Z,CPAY,Software - Infrastructure,accel,412.24,400.57,11.68,414.73,411.28,414.98,409.94,1.23,triggered,0.4101027397260292
2026-08-13,morning,2026-08-13T14:07:14Z,CRWD,Software - Infrastructure,accel,224.95,217.89,9.32,224.5,224.93,226.2,220.23,1.23,failed_breakout,
2026-08-13,morning,2026-08-13T14:07:14Z,CRWV,Software - Infrastructure,accel,111.83,105.44,8.37,113.42,107.11,117.49,103.24,5.28,triggered,1.2162485065710882
2026-08-13,morning,2026-08-13T14:07:14Z,DBX,Software - Infrastructure,accel,33.89,33.01,1.22,34.09,33.7,34.18,33.63,1.36,triggered,0.37704918032786955
2026-08-13,morning,2026-08-13T14:07:14Z,DHR,Diagnostics & Research,leaders,207.59,202.0,6.77,205.88,207.07,207.49,202.17,0.04,setting_up,
2026-08-13,morning,2026-08-13T14:07:14Z,DINO,Oil & Gas Refining & Marketing,leaders,88.19,86.0,3.58,87.76,87.5,88.66,87.21,-0.19,failed_breakout,
2026-08-13,morning,2026-08-13T14:07:14Z,DVN,Oil & Gas E&P,emerging,45.37,44.66,1.33,43.79,44.25,44.42,43.79,-2.39,invalidated,
2026-08-13,morning,2026-08-13T14:07:14Z,EOG,Oil & Gas E&P,emerging,143.24,141.15,4.2,140.75,141.01,141.98,140.52,-1.67,invalidated,
2026-08-13,morning,2026-08-13T14:07:14Z,FANG,Oil & Gas E&P,emerging,201.74,199.53,6.4,197.16,198.01,199.52,197.11,-1.83,invalidated,
2026-08-13,morning,2026-08-13T14:07:14Z,FFIV,Software - Infrastructure,accel,425.61,414.81,15.04,422.14,421.48,421.48,414.24,-0.19,setting_up,
2026-08-13,morning,2026-08-13T14:07:14Z,FTNT,Software - Infrastructure,accel,165.11,160.0,6.75,163.46,162.6,164.77,160.14,1.63,setting_up,
2026-08-13,morning,2026-08-13T14:07:14Z,FTV,Scientific & Technical Instruments,rs_new_high,61.68,60.88,1.54,61.66,61.89,61.76,61.13,0.19,gapped_through,0.3441558441558403
2026-08-13,morning,2026-08-13T14:07:14Z,GDDY,Software - Infrastructure,accel,92.37,88.73,4.87,93.09,92.29,93.18,91.37,1.38,triggered,0.3531827515400408
2026-08-13,morning,2026-08-13T14:07:14Z,GEN,Software - Infrastructure,accel,28.74,28.07,0.96,29.06,28.88,29.06,28.7,1.45,gapped_through,0.37499999999999944
2026-08-13,morning,2026-08-13T14:07:14Z,GGB,Steel,leaders,4.85,4.75,0.16,4.86,4.85,4.88,4.83,0.52,triggered,0.18750000000000155
2026-08-13,morning,2026-08-13T14:07:14Z,GH,Diagnostics & Research,leaders,168.37,162.65,8.02,164.63,166.23,166.04,163.75,-0.29,setting_up,
2026-08-13,morning,2026-08-13T14:07:14Z,HNGE,Health Information Services,leaders,89.32,86.0,4.65,87.99,86.0,88.0,86.09,1.93,setting_up,
2026-08-13,morning,2026-08-13T14:07:14Z,HQY,Health Information Services,leaders,106.67,102.61,3.08,106.39,105.62,106.51,105.6,0.85,setting_up,
2026-08-13,morning,2026-08-13T14:07:14Z,HUBB,Electrical Equipment & Parts,rs_new_high,529.39,512.39,17.17,507.88,512.31,511.8,502.31,-0.98,invalidated,
2026-08-13,morning,2026-08-13T14:07:14Z,ICLR,Diagnostics & Research,leaders,167.74,161.77,7.55,165.57,167.74,167.87,161.92,-0.96,failed_breakout,
2026-08-13,morning,2026-08-13T14:07:14Z,ILMN,Diagnostics & Research,leaders,193.55,189.24,7.64,193.03,194.0,194.5,187.85,0.06,gapped_through,0.6780104712041894
2026-08-13,morning,2026-08-13T14:07:14Z,IOT,Software - Infrastructure,accel,40.32,38.68,2.24,39.98,39.51,40.0,39.34,1.63,setting_up,
2026-08-13,morning,2026-08-13T14:07:14Z,JBL,Electronic Components,rs_new_high,370.5,363.58,16.71,370.49,366.0,372.26,364.41,1.18,failed_breakout,
2026-08-13,morning,2026-08-13T14:07:14Z,KEYS,Scientific & Technical Instruments,rs_new_high,357.34,351.14,13.3,353.67,351.91,354.92,351.09,-0.23,setting_up,
2026-08-13,morning,2026-08-13T14:07:14Z,LFUS,Electronic Components,rs_new_high,467.98,458.95,19.79,455.59,458.55,463.0,459.79,-0.75,invalidated,
2026-08-13,morning,2026-08-13T14:07:14Z,MEDP,Diagnostics & Research,leaders,604.89,593.14,19.66,592.39,600.9,602.5,583.01,-0.77,invalidated,
2026-08-13,morning,2026-08-13T14:07:14Z,MGY,Oil & Gas E&P,emerging,26.41,26.01,0.95,25.61,26.06,26.19,25.62,-2.85,invalidated,
2026-08-13,morning,2026-08-13T14:07:14Z,MLI,Metal Fabrication,leaders,69.47,67.73,1.89,67.33,68.06,68.25,66.72,-1.39,invalidated,
2026-08-13,morning,2026-08-13T14:07:14Z,MMYT,Travel Services,leaders,62.48,59.95,2.88,60.46,60.41,60.75,59.83,0.25,setting_up,
2026-08-13,morning,2026-08-13T14:07:14Z,MSI,Communication Equipment,leaders,470.67,462.35,13.02,468.45,470.99,469.91,466.83,-0.27,gapped_through,0.1244239631336409
2026-08-13,morning,2026-08-13T14:07:14Z,MT,Steel,leaders,75.19,73.79,2.04,73.97,74.07,74.44,73.77,-0.28,setting_up,
2026-08-13,morning,2026-08-13T14:07:14Z,MTDR,Oil & Gas E&P,emerging,52.83,51.88,1.99,51.01,51.57,52.12,51.01,-2.86,invalidated,
2026-08-13,morning,2026-08-13T14:07:14Z,NE,Oil & Gas Drilling,emerging,44.55,43.53,1.59,43.98,43.01,44.2,43.11,-0.23,setting_up,
2026-08-13,morning,2026-08-13T14:07:14Z,NET,Software - Infrastructure,accel,320.3,308.55,16.81,322.41,314.71,322.4,313.02,3.52,triggered,0.5585960737656184
2026-08-13,morning,2026-08-13T14:07:14Z,NOVT,Scientific & Technical Instruments,rs_new_high,170.93,165.18,7.83,167.36,167.04,168.14,166.27,0.19,setting_up,
2026-08-13,morning,2026-08-13T14:07:14Z,NUE,Steel,leaders,274.55,268.8,7.71,273.35,275.0,273.52,271.15,0.56,gapped_through,0.285343709468229
2026-08-13,morning,2026-08-13T14:07:14Z,NVT,Electrical Equipment & Parts,rs_new_high,174.9,170.12,8.65,169.67,171.12,171.65,167.44,-0.87,invalidated,
2026-08-13,morning,2026-08-13T14:07:14Z,OKTA,Software - Infrastructure,accel,153.04,146.65,6.72,149.08,148.37,150.64,146.75,1.21,setting_up,
2026-08-13,morning,2026-08-13T14:07:14Z,OVV,Oil & Gas E&P,emerging,63.76,62.79,2.02,61.48,62.14,62.68,61.46,-2.72,invalidated,
2026-08-13,morning,2026-08-13T14:07:14Z,OXY,Oil & Gas E&P,emerging,58.87,58.26,1.75,57.35,57.88,58.0,57.29,-2.05,invalidated,
2026-08-13,morning,2026-08-13T14:07:14Z,PR,Oil & Gas E&P,emerging,21.59,21.3,0.67,20.95,21.21,21.29,20.95,-2.33,invalidated,
2026-08-13,morning,2026-08-13T14:07:14Z,QGEN,Diagnostics & Research,leaders,43.07,42.14,1.11,43.51,43.56,43.66,43.05,1.2,gapped_through,0.4144144144144151
2026-08-13,morning,2026-08-13T14:07:14Z,RAL,Electronic Components,rs_new_high,73.03,70.78,2.84,73.25,72.78,73.1,72.27,0.86,triggered,0.3450704225352127
2026-08-13,morning,2026-08-13T14:07:14Z,RCL,Travel Services,leaders,309.75,303.2,10.76,310.93,309.09,313.5,307.19,0.95,triggered,0.3475836431226774
2026-08-13,morning,2026-08-13T14:07:14Z,RIG,Oil & Gas Drilling,emerging,5.79,5.65,0.24,5.76,5.63,5.78,5.57,1.14,setting_up,
2026-08-13,morning,2026-08-13T14:07:14Z,RRC,Oil & Gas E&P,emerging,40.87,40.06,1.14,39.55,39.5,40.06,39.55,-1.57,invalidated,
2026-08-13,morning,2026-08-13T14:07:14Z,RS,Steel,leaders,427.83,421.88,10.73,429.36,429.0,430.49,426.3,0.53,gapped_through,0.28518173345759573
2026-08-13,morning,2026-08-13T14:07:14Z,RVTY,Diagnostics & Research,leaders,117.94,114.64,3.83,117.64,118.25,118.34,115.67,-0.21,gapped_through,0.5143603133159266
2026-08-13,morning,2026-08-13T14:07:14Z,SAIL,Software - Infrastructure,accel,19.43,18.69,0.92,19.59,18.95,19.72,18.94,4.59,triggered,0.7065217391304333
2026-08-13,morning,2026-08-13T14:07:14Z,SHC,Diagnostics & Research,leaders,19.08,18.74,0.55,19.06,19.03,19.18,18.83,0.92,failed_breakout,
2026-08-13,morning,2026-08-13T14:07:14Z,SM,Oil & Gas E&P,emerging,32.67,32.12,1.49,31.8,32.42,32.54,31.79,-1.93,invalidated,
2026-08-13,morning,2026-08-13T14:07:14Z,STLD,Steel,leaders,264.88,260.24,8.31,263.05,264.44,264.85,261.95,-0.05,setting_up,
2026-08-13,morning,2026-08-13T14:07:14Z,SUN,Oil & Gas Refining & Marketing,leaders,75.87,72.99,2.16,74.44,75.44,75.97,74.28,-1.47,failed_breakout,
2026-08-13,morning,2026-08-13T14:07:14Z,TDY,Scientific & Technical Instruments,rs_new_high,688.84,676.73,17.67,679.29,688.32,690.76,679.1,-1.05,failed_breakout,
2026-08-13,morning,2026-08-13T14:07:14Z,TEM,Health Information Services,leaders,57.03,53.73,3.57,55.33,54.65,55.4,53.91,1.31,setting_up,
2026-08-13,morning,2026-08-13T14:07:14Z,TOST,Software - Infrastructure,accel,34.74,33.22,1.39,34.65,34.41,34.78,34.16,1.72,failed_breakout,
2026-08-13,morning,2026-08-13T14:07:14Z,TWLO,Software - Infrastructure,accel,257.99,244.37,13.44,252.79,246.99,252.98,246.2,2.5,setting_up,
2026-08-13,morning,2026-08-13T14:07:14Z,UI,Communication Equipment,leaders,596.0,577.37,20.04,577.84,574.8,578.62,572.73,0.01,setting_up,
2026-08-13,morning,2026-08-13T14:07:14Z,VAL,Oil & Gas Drilling,emerging,86.51,84.41,3.52,85.87,83.57,86.07,83.0,0.77,setting_up,
2026-08-13,morning,2026-08-13T14:07:14Z,VIK,Travel Services,leaders,104.73,101.9,3.09,105.37,106.25,106.74,104.89,1.14,gapped_through,0.155339805825244
2026-08-13,morning,2026-08-13T14:07:14Z,VRSN,Software - Infrastructure,accel,288.92,281.88,9.0,286.86,285.36,287.42,283.08,1.39,setting_up,
2026-08-13,morning,2026-08-13T14:07:14Z,VSAT,Communication Equipment,leaders,87.9,83.15,6.02,85.18,87.65,87.74,85.11,-2.35,setting_up,
2026-08-13,morning,2026-08-13T14:07:14Z,WAT,Diagnostics & Research,leaders,416.62,404.77,12.33,418.34,416.49,418.66,408.81,0.53,triggered,0.7729115977291138
2026-08-13,morning,2026-08-13T14:07:14Z,XYZ,Software - Infrastructure,accel,79.2,77.23,2.67,80.61,78.78,80.61,78.94,2.97,triggered,0.6254681647940081
2026-08-14,morning,2026-08-14T14:07:07Z,A,Diagnostics & Research,leaders,149.58,146.76,3.63,148.25,147.66,149.46,147.52,-0.7,setting_up,
2026-08-14,morning,2026-08-14T14:07:07Z,ABBV,Drug Manufacturers - General,leaders,255.29,249.35,6.23,249.24,251.45,250.6,247.68,-0.63,invalidated,
2026-08-14,morning,2026-08-14T14:07:07Z,AEIS,Electrical Equipment & Parts,accel,341.51,328.33,21.19,335.38,328.63,335.49,325.57,1.77,setting_up,
2026-08-14,morning,2026-08-14T14:07:07Z,AG,Silver,accel,18.91,18.44,0.95,19.56,19.21,19.76,19.12,4.13,gapped_through,0.4631578947368397
2026-08-14,morning,2026-08-14T14:07:07Z,AKAM,Software - Infrastructure,leaders,127.04,123.31,6.49,125.9,126.05,126.73,124.5,0.49,setting_up,
2026-08-14,morning,2026-08-14T14:07:07Z,ANET,Computer Hardware,rs_new_high,210.11,203.55,10.66,201.79,205.27,205.0,201.2,-0.9,invalidated,
2026-08-14,morning,2026-08-14T14:07:07Z,APA,Oil & Gas E&P,emerging,40.07,39.08,1.43,40.87,40.41,40.87,40.05,2.17,gapped_through,0.5734265734265737
2026-08-14,morning,2026-08-14T14:07:07Z,AR,Oil & Gas E&P,emerging,37.32,36.55,1.15,37.3,37.24,37.34,36.76,1.3,failed_breakout,
2026-08-14,morning,2026-08-14T14:07:07Z,ASML,Semiconductor Equipment & Materials,rs_new_high,1873.69,1813.3,76.07,1846.67,1839.33,1853.31,1832.2,-0.07,setting_up,
2026-08-14,morning,2026-08-14T14:07:07Z,ASX,Semiconductors,accel,40.31,38.7,2.29,39.23,38.67,39.28,38.17,-1.03,setting_up,
2026-08-14,morning,2026-08-14T14:07:07Z,ATI,Metal Fabrication,leaders,233.92,225.7,10.27,228.21,226.59,228.63,226.02,0.43,setting_up,
2026-08-14,morning,2026-08-14T14:07:07Z,AVGO,Semiconductors,accel,424.92,411.41,15.65,401.26,412.0,412.0,397.75,-3.96,invalidated,
2026-08-14,morning,2026-08-14T14:07:07Z,AXTI,Semiconductor Equipment & Materials,rs_new_high,80.87,75.15,10.32,82.45,78.38,84.4,76.75,6.46,triggered,0.5523255813953492
2026-08-14,morning,2026-08-14T14:07:07Z,AYI,Electrical Equipment & Parts,accel,363.94,356.13,11.42,358.21,359.11,361.84,356.69,-0.43,setting_up,
2026-08-14,morning,2026-08-14T14:07:07Z,BIIB,Drug Manufacturers - General,leaders,215.6,208.79,6.99,209.54,210.21,210.01,208.22,-0.53,setting_up,
2026-08-14,morning,2026-08-14T14:07:07Z,BMY,Drug Manufacturers - General,leaders,65.02,63.91,1.69,63.76,64.0,64.25,63.35,-1.38,invalidated,
2026-08-14,morning,2026-08-14T14:07:07Z,BSY,Software - Application,emerging,36.99,34.33,1.59,36.04,36.81,37.1,35.79,-1.42,failed_breakout,
2026-08-14,morning,2026-08-14T14:07:07Z,CAMT,Semiconductor Equipment & Materials,rs_new_high,176.0,170.52,11.25,166.88,172.81,172.81,166.84,-3.43,invalidated,
2026-08-14,morning,2026-08-14T14:07:07Z,CCL,Travel Services,leaders,28.6,27.95,1.01,28.52,28.39,28.79,28.37,0.37,failed_breakout,
2026-08-14,morning,2026-08-14T14:07:07Z,CHRD,Oil & Gas E&P,emerging,136.13,132.84,4.98,136.4,136.34,136.5,134.57,1.44,gapped_through,0.36746987951807475
2026-08-14,morning,2026-08-14T14:07:07Z,CMC,Metal Fabrication,leaders,73.55,71.83,2.29,72.5,72.5,72.68,71.9,0.51,setting_up,
2026-08-14,morning,2026-08-14T14:07:07Z,CNQ,Oil & Gas E&P,emerging,47.68,46.58,1.22,48.45,47.88,48.46,47.88,1.78,gapped_through,0.4672131147540986
2026-08-14,morning,2026-08-14T14:07:07Z,CNX,Oil & Gas E&P,emerging,35.63,35.15,0.94,35.62,35.14,35.66,35.21,0.68,failed_breakout,
2026-08-14,morning,2026-08-14T14:07:07Z,COP,Oil & Gas E&P,emerging,126.39,124.12,3.45,127.31,125.56,127.32,125.37,2.24,triggered,0.5623188405797095
2026-08-14,morning,2026-08-14T14:07:07Z,CRDO,Semiconductors,accel,285.8,262.0,22.78,260.81,263.01,273.0,255.5,-1.95,invalidated,
2026-08-14,morning,2026-08-14T14:07:07Z,DDOG,Software - Application,emerging,253.55,240.82,17.06,251.55,252.57,254.31,248.39,-0.27,failed_breakout,
2026-08-14,morning,2026-08-14T14:07:07Z,DELL,Computer Hardware,rs_new_high,514.0,487.12,34.27,495.37,494.81,500.76,490.0,0.17,setting_up,
2026-08-14,morning,2026-08-14T14:07:07Z,DGX,Diagnostics & Research,leaders,240.0,235.65,5.42,234.96,235.82,236.87,234.31,-0.46,invalidated,
2026-08-14,morning,2026-08-14T14:07:07Z,DHR,Diagnostics & Research,leaders,207.49,202.17,6.67,202.84,204.82,203.55,202.14,-0.51,setting_up,
2026-08-14,morning,2026-08-14T14:07:07Z,DINO,Oil & Gas Refining & Marketing,leaders,92.11,87.21,3.68,92.49,92.88,92.83,91.34,0.67,gapped_through,0.31249999999999767
2026-08-14,morning,2026-08-14T14:07:07Z,DT,Software - Application,emerging,50.81,48.01,2.11,50.64,51.0,51.99,50.56,-0.22,gapped_through,0.03791469194312715
2026-08-14,morning,2026-08-14T14:07:07Z,DVN,Oil & Gas E&P,emerging,44.53,43.65,1.32,45.39,44.86,45.4,44.7,2.25,gapped_through,0.5227272727272709
2026-08-14,morning,2026-08-14T14:07:07Z,ENTG,Semiconductor Equipment & Materials,rs_new_high,166.02,159.4,10.52,162.57,160.43,163.85,160.01,-0.76,setting_up,
2026-08-14,morning,2026-08-14T14:07:07Z,EOG,Oil & Gas E&P,emerging,142.61,140.48,4.09,143.08,142.32,143.18,142.32,1.18,triggered,0.18581907090465022
2026-08-14,morning,2026-08-14T14:07:07Z,FANG,Oil & Gas E&P,emerging,199.91,196.66,6.24,203.92,200.95,204.13,200.68,2.21,gapped_through,0.5192307692307662
2026-08-14,morning,2026-08-14T14:07:07Z,FFIV,Software - Infrastructure,leaders,423.6,412.55,14.76,412.42,419.04,429.99,411.39,-0.86,invalidated,
2026-08-14,morning,2026-08-14T14:07:07Z,FIG,Software - Application,emerging,26.8,23.37,2.11,25.59,26.29,26.5,25.3,-2.88,setting_up,
2026-08-14,morning,2026-08-14T14:07:07Z,FORM,Semiconductor Equipment & Materials,rs_new_high,135.64,127.26,10.14,133.78,130.03,133.85,129.44,1.6,setting_up,
2026-08-14,morning,2026-08-14T14:07:07Z,FROG,Software - Application,emerging,95.71,86.18,5.79,96.99,95.72,98.32,95.34,1.93,gapped_through,0.2849740932642472
2026-08-14,morning,2026-08-14T14:07:07Z,FTNT,Software - Infrastructure,leaders,165.75,160.14,6.67,161.06,166.98,165.75,160.83,-2.65,gapped_through,0.03448275862068812
2026-08-14,morning,2026-08-14T14:07:07Z,GDDY,Software - Infrastructure,leaders,100.82,91.27,5.21,96.33,101.1,101.99,96.28,-4.14,gapped_through,0.009596928982724982
2026-08-14,morning,2026-08-14T14:07:07Z,GEN,Software - Infrastructure,leaders,29.6,28.67,0.96,28.89,29.63,29.7,28.88,-2.3,gapped_through,0.010416666666668295
2026-08-14,morning,2026-08-14T14:07:07Z,GH,Diagnostics & Research,leaders,166.04,158.93,7.96,157.21,158.38,159.71,156.74,-1.46,invalidated,
2026-08-14,morning,2026-08-14T14:07:07Z,GILD,Drug Manufacturers - General,leaders,138.3,136.03,3.97,136.88,136.81,137.26,135.91,-0.91,setting_up,
2026-08-14,morning,2026-08-14T14:07:07Z,HNGE,Health Information Services,accel,88.66,86.0,4.51,86.66,87.82,88.89,86.5,-0.87,failed_breakout,
2026-08-14,morning,2026-08-14T14:07:07Z,HQY,Health Information Services,accel,107.45,104.39,3.08,105.41,105.99,106.21,105.21,-0.17,setting_up,
2026-08-14,morning,2026-08-14T14:07:07Z,HUBB,Electrical Equipment & Parts,accel,511.92,502.31,16.7,511.26,505.97,511.56,506.19,0.82,setting_up,
2026-08-14,morning,2026-08-14T14:07:07Z,HUBS,Software - Application,emerging,242.82,209.94,19.26,231.26,241.54,241.54,229.26,-3.85,setting_up,
2026-08-14,morning,2026-08-14T14:07:07Z,ICLR,Diagnostics & Research,leaders,167.87,160.05,7.57,165.29,166.65,166.81,164.92,-1.31,setting_up,
2026-08-14,morning,2026-08-14T14:07:07Z,ILMN,Diagnostics & Research,leaders,194.5,187.44,7.6,191.53,189.91,192.73,189.48,-0.58,setting_up,
2026-08-14,morning,2026-08-14T14:07:07Z,IOT,Software - Infrastructure,leaders,41.4,39.34,2.23,40.12,41.85,41.99,40.02,-2.48,gapped_through,0.04484304932735171
2026-08-14,morning,2026-08-14T14:07:07Z,JNJ,Drug Manufacturers - General,leaders,262.62,259.65,5.74,260.05,260.7,261.63,259.9,-0.77,setting_up,
2026-08-14,morning,2026-08-14T14:07:07Z,LLY,Drug Manufacturers - General,leaders,1240.1,1206.0,40.68,1180.93,1201.0,1196.02,1171.55,-2.32,invalidated,
2026-08-14,morning,2026-08-14T14:07:07Z,LOGI,Computer Hardware,rs_new_high,107.31,103.27,3.59,103.26,104.62,105.09,103.14,-1.21,invalidated,
2026-08-14,morning,2026-08-14T14:07:07Z,MEDP,Diagnostics & Research,leaders,602.5,581.29,19.77,578.9,581.95,581.95,572.8,-0.52,invalidated,
2026-08-14,morning,2026-08-14T14:07:07Z,MLI,Metal Fabrication,leaders,68.25,66.58,1.88,66.32,66.0,66.76,66.16,-0.44,invalidated,
2026-08-14,morning,2026-08-14T14:07:07Z,MMYT,Travel Services,leaders,61.05,59.46,2.79,60.51,61.43,61.65,60.04,-0.38,gapped_through,0.16845878136200676
2026-08-14,morning,2026-08-14T14:07:07Z,MRK,Drug Manufacturers - General,leaders,135.68,133.05,3.35,134.71,133.4,135.24,134.25,-0.62,setting_up,
2026-08-14,morning,2026-08-14T14:07:07Z,MTD,Diagnostics & Research,leaders,1446.23,1405.72,37.61,1410.46,1410.0,1423.94,1408.3,-1.42,setting_up,
2026-08-14,morning,2026-08-14T14:07:07Z,MTDR,Oil & Gas E&P,emerging,52.22,50.76,1.97,53.07,52.84,53.1,52.25,2.85,gapped_through,0.41624365482233516
2026-08-14,morning,2026-08-14T14:07:07Z,NBIS,Software - Infrastructure,leaders,275.96,247.38,26.63,270.64,258.01,271.66,257.0,6.12,setting_up,
2026-08-14,morning,2026-08-14T14:07:07Z,NE,Oil & Gas Drilling,emerging,44.41,43.11,1.57,45.57,44.33,45.64,44.44,2.89,triggered,0.7197452229299379
2026-08-14,morning,2026-08-14T14:07:07Z,NVDA,Semiconductors,accel,227.23,223.71,7.23,226.16,226.8,227.49,225.02,0.38,failed_breakout,
2026-08-14,morning,2026-08-14T14:07:07Z,NVT,Electrical Equipment & Parts,accel,172.9,167.44,8.42,173.51,168.63,173.49,168.28,2.06,triggered,0.6211401425178135
2026-08-14,morning,2026-08-14T14:07:07Z,OKTA,Software - Infrastructure,leaders,155.9,146.75,6.89,150.77,156.18,156.39,149.53,-2.7,gapped_through,0.17997097242380394
2026-08-14,morning,2026-08-14T14:07:07Z,ONTO,Semiconductor Equipment & Materials,rs_new_high,342.8,327.23,25.64,343.46,334.89,344.58,334.89,1.67,triggered,0.33424336973478913
2026-08-14,morning,2026-08-14T14:07:07Z,ORCL,Software - Infrastructure,leaders,159.26,151.91,7.58,154.59,155.84,156.39,153.1,-1.04,setting_up,
2026-08-14,morning,2026-08-14T14:07:07Z,OVV,Oil & Gas E&P,emerging,62.73,61.3,2.01,63.45,62.96,63.46,62.71,1.83,gapped_through,0.36815920398010055
2026-08-14,morning,2026-08-14T14:07:07Z,OXY,Oil & Gas E&P,emerging,58.07,57.17,1.72,58.68,58.12,58.69,57.83,1.7,gapped_through,0.49418604651162873
2026-08-14,morning,2026-08-14T14:07:07Z,PR,Oil & Gas E&P,emerging,21.29,20.88,0.67,21.53,21.29,21.55,21.2,2.04,triggered,0.4925373134328386
2026-08-14,morning,2026-08-14T14:07:07Z,QGEN,Diagnostics & Research,leaders,43.79,43.05,1.09,43.33,43.64,43.72,43.28,0.22,setting_up,
2026-08-14,morning,2026-08-14T14:07:07Z,QNT,Software - Application,emerging,71.47,66.09,6.16,69.14,68.36,70.5,67.24,0.93,setting_up,
2026-08-14,morning,2026-08-14T14:07:07Z,QRVO,Semiconductors,accel,98.87,97.76,2.99,98.73,98.82,99.07,98.03,0.29,failed_breakout,
2026-08-14,morning,2026-08-14T14:07:07Z,RCL,Travel Services,leaders,313.5,307.19,10.45,308.82,309.04,312.5,308.55,-0.34,setting_up,
2026-08-14,morning,2026-08-14T14:07:07Z,RELY,Software - Infrastructure,leaders,25.74,24.31,1.22,26.68,25.78,26.73,25.78,4.16,gapped_through,0.7377049180327857
2026-08-14,morning,2026-08-14T14:07:07Z,RGTI,Computer Hardware,rs_new_high,19.36,18.31,1.24,19.02,18.38,19.25,18.42,2.15,setting_up,
2026-08-14,morning,2026-08-14T14:07:07Z,RIG,Oil & Gas Drilling,emerging,5.78,5.57,0.24,5.93,5.77,5.94,5.76,3.67,triggered,0.708333333333333
2026-08-14,morning,2026-08-14T14:07:07Z,ROP,Software - Application,emerging,400.13,387.82,12.28,389.46,402.37,401.68,389.09,-2.02,gapped_through,0.03013029315960949
2026-08-14,morning,2026-08-14T14:07:07Z,RRC,Oil & Gas E&P,emerging,40.06,39.44,1.11,40.22,40.01,40.23,39.87,0.79,triggered,0.3153153153153166
2026-08-14,morning,2026-08-14T14:07:07Z,RVTY,Diagnostics & Research,leaders,118.34,115.67,3.75,116.95,116.51,117.72,116.32,-0.47,setting_up,
2026-08-14,morning,2026-08-14T14:07:07Z,SHC,Diagnostics & Research,leaders,19.18,18.82,0.53,18.9,19.0,18.96,18.85,-0.66,setting_up,
2026-08-14,morning,2026-08-14T14:07:07Z,SITM,Semiconductors,accel,709.06,671.11,52.97,708.2,695.51,709.0,685.57,2.95,setting_up,
2026-08-14,morning,2026-08-14T14:07:07Z,SKHY,Semiconductors,accel,168.5,153.41,14.97,171.27,169.37,171.54,166.73,3.38,gapped_through,0.3032732130928537
2026-08-14,morning,2026-08-14T14:07:07Z,SLAB,Semiconductors,accel,219.2,217.77,1.29,218.54,218.24,218.68,218.2,0.11,setting_up,
2026-08-14,morning,2026-08-14T14:07:07Z,SM,Oil & Gas E&P,emerging,32.62,31.59,1.46,33.66,32.94,33.7,32.74,3.82,gapped_through,0.6301369863013662
2026-08-14,morning,2026-08-14T14:07:07Z,STRC,Software - Application,emerging,95.9,95.7,1.99,94.57,95.25,95.34,94.02,-0.73,invalidated,
2026-08-14,morning,2026-08-14T14:07:07Z,STX,Computer Hardware,rs_new_high,934.77,861.55,74.57,987.98,940.88,988.47,920.0,7.23,gapped_through,0.9116266595145505
2026-08-14,morning,2026-08-14T14:07:07Z,SUN,Oil & Gas Refining & Marketing,leaders,76.33,74.25,2.15,75.06,74.02,75.37,74.67,0.87,setting_up,
2026-08-14,morning,2026-08-14T14:07:07Z,SWKS,Semiconductors,accel,70.32,69.0,3.01,70.22,70.29,70.4,69.32,0.67,failed_breakout,
2026-08-14,morning,2026-08-14T14:07:07Z,TEM,Health Information Services,accel,55.55,53.84,3.44,52.93,53.9,54.04,52.43,-2.51,invalidated,
2026-08-14,morning,2026-08-14T14:07:07Z,TER,Semiconductor Equipment & Materials,rs_new_high,422.32,398.0,30.06,413.93,410.23,415.76,400.46,0.83,setting_up,
2026-08-14,morning,2026-08-14T14:07:07Z,TSEM,Semiconductors,accel,266.72,252.01,23.47,264.2,253.11,264.48,250.41,4.45,setting_up,
2026-08-14,morning,2026-08-14T14:07:07Z,TSM,Semiconductors,accel,436.04,428.39,14.97,428.79,429.43,428.4,425.0,-0.4,setting_up,
2026-08-14,morning,2026-08-14T14:07:07Z,TWLO,Software - Infrastructure,leaders,254.57,245.56,13.12,236.96,250.99,251.0,236.34,-5.0,invalidated,
2026-08-14,morning,2026-08-14T14:07:07Z,TYL,Software - Application,emerging,331.86,311.07,14.34,328.43,329.85,335.0,327.48,-0.16,failed_breakout,
2026-08-14,morning,2026-08-14T14:07:07Z,VAL,Oil & Gas Drilling,emerging,86.2,83.0,3.5,88.45,86.48,88.68,85.85,3.9,gapped_through,0.7428571428571453
2026-08-14,morning,2026-08-14T14:07:07Z,VIK,Travel Services,leaders,106.81,104.34,3.06,106.76,106.48,107.75,106.11,0.61,failed_breakout,
2026-08-14,morning,2026-08-14T14:07:07Z,VRSN,Software - Infrastructure,leaders,288.06,281.0,8.86,285.02,289.26,289.09,283.83,-0.74,gapped_through,0.13431151241534964
2026-08-14,morning,2026-08-14T14:07:07Z,WAT,Diagnostics & Research,leaders,420.26,408.78,12.27,410.93,409.24,409.2,408.88,-0.62,setting_up,
2026-08-14,morning,2026-08-14T14:07:07Z,XYZ,Software - Infrastructure,leaders,83.72,78.92,2.86,82.65,82.96,83.4,82.48,-0.52,setting_up,
