date,session,collected_at,ticker,group,list_category,trigger,stop,atr,price,open,high,low,change,status,atr_from_lod,reclaim_ref,reclaim_ref_value,RSI,Volatility W,Volatility M,Rel Volume,52W High,Price,SMA20,SMA50,ATR
2026-08-18,pre_close,2026-08-18T19:32:30Z,ABVX,Biotechnology,accel,123.42,118.72,5.42,119.54,120.0,121.25,118.88,-0.98,setting_up,,,,,,,,,,,,
2026-08-18,pre_close,2026-08-18T19:32:30Z,AER,Rental & Leasing Services,leaders,152.82,150.25,3.82,150.05,150.77,151.64,149.79,-0.27,invalidated,,,,,,,,,,,,
2026-08-18,pre_close,2026-08-18T19:32:30Z,AKAM,Software - Infrastructure,leaders,125.58,121.57,6.07,116.85,121.62,123.79,116.43,-4.98,invalidated,,,,,,,,,,,,
2026-08-18,pre_close,2026-08-18T19:32:30Z,ANET,Computer Hardware,rs_new_high,202.26,198.34,9.94,193.81,196.26,197.99,189.69,-3.96,invalidated,,,,,,,,,,,,
2026-08-18,pre_close,2026-08-18T19:32:30Z,APH,Electronic Components,rs_new_high,172.06,166.45,6.46,158.6,167.78,166.38,158.11,-7.18,invalidated,,,,,,,,,,,,
2026-08-18,pre_close,2026-08-18T19:32:30Z,ARW,Electronics & Computer Distribution,leaders,221.04,213.81,8.44,211.68,214.85,215.62,207.52,-3.94,invalidated,,,,,,,,,,,,
2026-08-18,pre_close,2026-08-18T19:32:30Z,ARWR,Biotechnology,accel,88.94,86.26,3.71,87.33,88.19,88.35,85.98,-1.55,setting_up,,,,,,,,,,,,
2026-08-18,pre_close,2026-08-18T19:32:30Z,ASML,Semiconductor Equipment & Materials,rs_new_high,1896.35,1860.12,71.5,1793.16,1809.1,1820.41,1776.47,-4.78,invalidated,,,,,,,,,,,,
2026-08-18,pre_close,2026-08-18T19:32:30Z,ASX,Semiconductors,rs_new_high,40.29,38.7,2.19,36.19,37.03,37.18,35.88,-9.33,invalidated,,,,,,,,,,,,
2026-08-18,pre_close,2026-08-18T19:32:30Z,AVGO,Semiconductors,rs_new_high,399.36,391.31,16.01,378.82,384.16,385.78,377.01,-3.47,invalidated,,,,,,,,,,,,
2026-08-18,pre_close,2026-08-18T19:32:30Z,AVT,Electronics & Computer Distribution,leaders,99.01,95.73,3.72,93.01,96.93,96.93,91.65,-5.7,invalidated,,,,,,,,,,,,
2026-08-18,pre_close,2026-08-18T19:32:30Z,BBIO,Biotechnology,accel,80.42,78.12,3.01,82.5,80.53,83.95,80.2,3.27,gapped_through,0.7641196013289028,,,,,,,,,,,
2026-08-18,pre_close,2026-08-18T19:32:30Z,CAMT,Semiconductor Equipment & Materials,rs_new_high,178.02,167.95,11.4,155.06,163.12,164.58,153.95,-9.74,invalidated,,,,,,,,,,,,
2026-08-18,pre_close,2026-08-18T19:32:30Z,CGNX,Scientific & Technical Instruments,rs_new_high,67.33,64.88,3.29,63.49,64.77,65.04,62.83,-4.67,invalidated,,,,,,,,,,,,
2026-08-18,pre_close,2026-08-18T19:32:30Z,CGON,Biotechnology,accel,77.42,73.87,3.37,76.03,76.2,77.5,75.31,-1.41,failed_breakout,,,,,,,,,,,,
2026-08-18,pre_close,2026-08-18T19:32:30Z,CLF,Steel,leaders,12.36,11.6,0.62,12.1,12.17,12.3,11.75,-1.74,setting_up,,,,,,,,,,,,
2026-08-18,pre_close,2026-08-18T19:32:30Z,CMC,Metal Fabrication,leaders,72.82,70.81,2.21,71.21,72.01,72.1,69.93,-2.08,setting_up,,,,,,,,,,,,
2026-08-18,pre_close,2026-08-18T19:32:30Z,CNX,Oil & Gas E&P,emerging,36.0,34.9,0.95,35.45,35.72,35.98,35.34,0.31,setting_up,,,,,,,,,,,,
2026-08-18,pre_close,2026-08-18T19:32:30Z,COHR,Scientific & Technical Instruments,rs_new_high,362.32,330.24,34.53,311.24,324.89,329.44,306.0,-11.38,invalidated,,,,,,,,,,,,
2026-08-18,pre_close,2026-08-18T19:32:30Z,CRDO,Semiconductors,rs_new_high,286.24,272.3,22.38,245.44,267.41,269.33,240.0,-13.22,invalidated,,,,,,,,,,,,
2026-08-18,pre_close,2026-08-18T19:32:30Z,CRWD,Software - Infrastructure,leaders,219.18,213.01,9.03,213.65,212.98,216.0,209.07,-0.12,setting_up,,,,,,,,,,,,
2026-08-18,pre_close,2026-08-18T19:32:30Z,DBX,Software - Infrastructure,leaders,34.02,33.29,1.34,34.42,33.45,34.56,33.41,3.12,triggered,0.7537313432835858,,,,,,,,,,,
2026-08-18,pre_close,2026-08-18T19:32:30Z,DELL,Computer Hardware,rs_new_high,496.86,469.05,32.34,469.01,466.16,489.89,459.19,-2.25,invalidated,,,,,,,,,,,,
2026-08-18,pre_close,2026-08-18T19:32:30Z,ECG,Engineering & Construction,emerging,145.99,142.7,8.05,130.21,139.07,138.01,129.38,-9.2,invalidated,,,,,,,,,,,,
2026-08-18,pre_close,2026-08-18T19:32:30Z,EME,Engineering & Construction,emerging,864.83,840.29,31.17,825.82,843.11,843.56,817.69,-4.26,invalidated,,,,,,,,,,,,
2026-08-18,pre_close,2026-08-18T19:32:30Z,ENTG,Semiconductor Equipment & Materials,rs_new_high,166.2,160.95,9.78,151.38,153.23,155.27,148.19,-7.18,invalidated,,,,,,,,,,,,
2026-08-18,pre_close,2026-08-18T19:32:30Z,EOG,Oil & Gas E&P,emerging,146.22,142.31,3.96,148.61,148.04,149.0,146.66,1.68,gapped_through,0.49242424242424676,,,,,,,,,,,
2026-08-18,pre_close,2026-08-18T19:32:30Z,FANG,Oil & Gas E&P,emerging,206.65,201.84,6.06,209.98,208.93,210.41,206.47,1.79,gapped_through,0.5792079207920777,,,,,,,,,,,
2026-08-18,pre_close,2026-08-18T19:32:30Z,FIX,Engineering & Construction,emerging,1883.7,1791.72,99.02,1734.59,1817.58,1815.07,1720.77,-7.79,invalidated,,,,,,,,,,,,
2026-08-18,pre_close,2026-08-18T19:32:30Z,FLR,Engineering & Construction,emerging,55.08,52.61,2.52,53.39,53.66,54.12,52.55,-2.47,setting_up,,,,,,,,,,,,
2026-08-18,pre_close,2026-08-18T19:32:30Z,FORM,Semiconductor Equipment & Materials,rs_new_high,139.8,133.19,9.79,122.12,129.48,129.57,120.06,-11.61,invalidated,,,,,,,,,,,,
2026-08-18,pre_close,2026-08-18T19:32:30Z,FTNT,Software - Infrastructure,leaders,160.43,155.57,6.53,158.53,156.03,159.5,155.7,1.72,setting_up,,,,,,,,,,,,
2026-08-18,pre_close,2026-08-18T19:32:30Z,GATX,Rental & Leasing Services,leaders,183.57,178.95,4.32,179.46,182.2,180.23,178.01,-0.65,setting_up,,,,,,,,,,,,
2026-08-18,pre_close,2026-08-18T19:32:30Z,GDDY,Software - Infrastructure,leaders,95.37,92.3,5.21,97.1,94.09,97.65,94.17,5.12,triggered,0.5623800383877146,,,,,,,,,,,
2026-08-18,pre_close,2026-08-18T19:32:30Z,GEN,Software - Infrastructure,leaders,28.25,27.38,0.99,27.85,27.77,27.96,27.64,1.61,setting_up,,,,,,,,,,,,
2026-08-18,pre_close,2026-08-18T19:32:30Z,GGB,Steel,leaders,4.81,4.73,0.14,4.67,4.79,4.83,4.66,-2.7,invalidated,,,,,,,,,,,,
2026-08-18,pre_close,2026-08-18T19:32:30Z,HAL,Oil & Gas Equipment & Services,emerging,34.82,34.17,1.0,34.67,35.0,35.27,34.57,-0.16,gapped_through,0.10000000000000142,,,,,,,,,,,
2026-08-18,pre_close,2026-08-18T19:32:30Z,HNGE,Health Information Services,leaders,89.75,86.45,4.31,88.6,86.52,89.93,85.01,0.83,failed_breakout,,,,,,,,,,,,
2026-08-18,pre_close,2026-08-18T19:32:30Z,HPQ,Computer Hardware,rs_new_high,29.84,29.14,1.34,30.3,29.68,30.31,29.57,3.04,triggered,0.5447761194029853,,,,,,,,,,,
2026-08-18,pre_close,2026-08-18T19:32:30Z,HQY,Health Information Services,leaders,103.61,101.58,3.01,102.82,102.36,104.0,101.73,0.47,failed_breakout,,,,,,,,,,,,
2026-08-18,pre_close,2026-08-18T19:32:30Z,HRI,Rental & Leasing Services,leaders,176.0,171.13,7.65,167.6,167.6,170.99,168.0,-3.19,invalidated,,,,,,,,,,,,
2026-08-18,pre_close,2026-08-18T19:32:30Z,INCY,Biotechnology,accel,124.06,119.64,3.76,123.92,124.45,124.71,123.27,0.34,gapped_through,0.17287234042553343,,,,,,,,,,,
2026-08-18,pre_close,2026-08-18T19:32:30Z,IONQ,Computer Hardware,rs_new_high,47.21,44.85,3.06,44.78,44.3,46.45,43.6,-4.4,invalidated,,,,,,,,,,,,
2026-08-18,pre_close,2026-08-18T19:32:30Z,IOT,Software - Infrastructure,leaders,39.92,38.04,2.22,40.31,39.5,40.79,39.29,3.36,triggered,0.4594594594594608,,,,,,,,,,,
2026-08-18,pre_close,2026-08-18T19:32:30Z,JAZZ,Biotechnology,accel,248.52,243.16,7.12,254.86,248.73,256.2,248.73,2.62,gapped_through,0.8609550561797786,,,,,,,,,,,
2026-08-18,pre_close,2026-08-18T19:32:30Z,JBL,Electronic Components,rs_new_high,372.23,364.7,15.46,339.14,358.7,360.75,337.5,-8.31,invalidated,,,,,,,,,,,,
2026-08-18,pre_close,2026-08-18T19:32:30Z,KGS,Oil & Gas Equipment & Services,emerging,66.17,64.99,2.93,63.38,65.56,66.43,63.31,-4.14,invalidated,,,,,,,,,,,,
2026-08-18,pre_close,2026-08-18T19:32:30Z,LFUS,Electronic Components,rs_new_high,476.3,458.26,19.18,435.83,461.22,460.7,434.55,-7.62,invalidated,,,,,,,,,,,,
2026-08-18,pre_close,2026-08-18T19:32:30Z,LRCX,Semiconductor Equipment & Materials,rs_new_high,345.28,333.4,21.49,324.58,324.31,329.07,317.51,-5.6,invalidated,,,,,,,,,,,,
2026-08-18,pre_close,2026-08-18T19:32:30Z,MDGL,Biotechnology,accel,527.22,506.85,23.2,521.64,524.87,533.68,514.57,-0.62,failed_breakout,,,,,,,,,,,,
2026-08-18,pre_close,2026-08-18T19:32:30Z,MGY,Oil & Gas E&P,emerging,26.89,26.28,0.89,26.86,27.3,27.35,26.66,0.26,gapped_through,0.2247191011235947,,,,,,,,,,,
2026-08-18,pre_close,2026-08-18T19:32:30Z,MLI,Metal Fabrication,leaders,67.11,65.71,1.8,64.72,65.71,65.55,64.11,-2.87,invalidated,,,,,,,,,,,,
2026-08-18,pre_close,2026-08-18T19:32:30Z,MPWR,Semiconductors,rs_new_high,1448.76,1411.6,80.15,1325.14,1366.37,1376.53,1303.22,-6.42,invalidated,,,,,,,,,,,,
2026-08-18,pre_close,2026-08-18T19:32:30Z,MRNA,Biotechnology,accel,65.53,62.91,3.74,64.0,63.01,64.37,62.15,-0.71,setting_up,,,,,,,,,,,,
2026-08-18,pre_close,2026-08-18T19:32:30Z,MTSI,Semiconductors,rs_new_high,330.99,319.78,19.35,293.44,311.56,313.43,292.73,-10.41,invalidated,,,,,,,,,,,,
2026-08-18,pre_close,2026-08-18T19:32:30Z,MU,Semiconductors,rs_new_high,1036.13,995.26,72.16,937.5,957.0,978.67,926.68,-7.34,invalidated,,,,,,,,,,,,
2026-08-18,pre_close,2026-08-18T19:32:30Z,MXL,Semiconductors,rs_new_high,89.0,83.74,8.28,72.34,78.84,80.66,71.85,-14.65,invalidated,,,,,,,,,,,,
2026-08-18,pre_close,2026-08-18T19:32:30Z,NBIS,Software - Infrastructure,leaders,280.83,263.82,25.74,247.9,268.6,274.8,244.78,-7.79,invalidated,,,,,,,,,,,,
2026-08-18,pre_close,2026-08-18T19:32:30Z,NE,Oil & Gas Drilling,emerging,45.49,44.8,1.5,45.19,45.5,45.58,45.13,0.03,gapped_through,0.03999999999999678,,,,,,,,,,,
2026-08-18,pre_close,2026-08-18T19:32:30Z,NET,Software - Infrastructure,leaders,315.35,303.99,16.69,302.43,303.77,309.96,297.77,-1.49,invalidated,,,,,,,,,,,,
2026-08-18,pre_close,2026-08-18T19:32:30Z,NOVT,Scientific & Technical Instruments,rs_new_high,168.9,162.85,7.12,159.21,165.8,166.65,158.37,-5.65,invalidated,,,,,,,,,,,,
2026-08-18,pre_close,2026-08-18T19:32:30Z,NVDA,Semiconductors,rs_new_high,227.92,224.86,6.65,219.12,220.45,221.64,218.69,-2.62,invalidated,,,,,,,,,,,,
2026-08-18,pre_close,2026-08-18T19:32:30Z,OKTA,Software - Infrastructure,leaders,149.84,142.6,7.1,145.58,143.68,146.61,142.21,1.64,setting_up,,,,,,,,,,,,
2026-08-18,pre_close,2026-08-18T19:32:30Z,ONTO,Semiconductor Equipment & Materials,rs_new_high,353.84,336.87,24.74,313.49,334.61,335.58,310.22,-10.73,invalidated,,,,,,,,,,,,
2026-08-18,pre_close,2026-08-18T19:32:30Z,OXY,Oil & Gas E&P,emerging,59.14,58.06,1.64,59.82,59.82,60.15,59.04,1.32,gapped_through,0.4756097560975617,,,,,,,,,,,
2026-08-18,pre_close,2026-08-18T19:32:30Z,PANW,Software - Infrastructure,leaders,386.0,372.3,15.03,374.64,371.31,378.0,368.25,-0.3,setting_up,,,,,,,,,,,,
2026-08-18,pre_close,2026-08-18T19:32:30Z,PCVX,Biotechnology,accel,60.29,57.34,2.34,59.54,59.97,60.86,59.52,-1.13,failed_breakout,,,,,,,,,,,,
2026-08-18,pre_close,2026-08-18T19:32:30Z,PLXS,Electronic Components,rs_new_high,276.1,267.56,12.32,254.8,268.19,267.33,252.14,-7.08,invalidated,,,,,,,,,,,,
2026-08-18,pre_close,2026-08-18T19:32:30Z,QRVO,Semiconductors,rs_new_high,98.82,95.94,2.97,95.88,95.0,96.49,93.46,-0.17,invalidated,,,,,,,,,,,,
2026-08-18,pre_close,2026-08-18T19:32:30Z,RAL,Electronic Components,rs_new_high,72.89,71.89,2.61,69.96,71.24,70.85,69.17,-2.79,invalidated,,,,,,,,,,,,
2026-08-18,pre_close,2026-08-18T19:32:30Z,RELY,Software - Infrastructure,leaders,26.5,26.0,1.16,25.97,26.07,26.68,25.8,-1.27,invalidated,,,,,,,,,,,,
2026-08-18,pre_close,2026-08-18T19:32:30Z,RGTI,Computer Hardware,rs_new_high,18.95,18.21,1.18,17.91,17.56,18.64,17.53,-4.06,invalidated,,,,,,,,,,,,
2026-08-18,pre_close,2026-08-18T19:32:30Z,ROAD,Engineering & Construction,emerging,122.63,119.44,5.72,113.39,119.84,119.92,113.23,-5.87,invalidated,,,,,,,,,,,,
2026-08-18,pre_close,2026-08-18T19:32:30Z,ROIV,Biotechnology,accel,37.19,35.65,1.24,37.24,35.91,37.31,35.88,2.76,triggered,1.0967741935483866,,,,,,,,,,,
2026-08-18,pre_close,2026-08-18T19:32:30Z,RPRX,Biotechnology,accel,59.49,58.18,1.4,59.87,59.74,60.42,59.73,0.71,gapped_through,0.10000000000000041,,,,,,,,,,,
2026-08-18,pre_close,2026-08-18T19:32:30Z,RS,Steel,leaders,428.73,420.67,10.19,421.55,432.65,427.48,417.42,-1.51,gapped_through,0.40529931305201133,,,,,,,,,,,
2026-08-18,pre_close,2026-08-18T19:32:30Z,RYTM,Biotechnology,accel,117.18,114.44,4.85,115.7,115.25,117.12,114.87,0.23,setting_up,,,,,,,,,,,,
2026-08-18,pre_close,2026-08-18T19:32:30Z,SITM,Semiconductors,rs_new_high,754.99,724.25,50.75,680.76,710.41,725.0,672.9,-9.16,invalidated,,,,,,,,,,,,
2026-08-18,pre_close,2026-08-18T19:32:30Z,SKHY,Semiconductors,rs_new_high,178.43,169.57,14.29,155.16,161.76,163.86,154.53,-9.46,invalidated,,,,,,,,,,,,
2026-08-18,pre_close,2026-08-18T19:32:30Z,SLAB,Semiconductors,rs_new_high,219.48,218.55,1.23,219.18,218.94,219.3,218.5,-0.05,setting_up,,,,,,,,,,,,
2026-08-18,pre_close,2026-08-18T19:32:30Z,SLB,Oil & Gas Equipment & Services,emerging,54.0,53.08,1.59,53.31,54.21,54.58,53.18,-1.02,gapped_through,0.08176100628930978,,,,,,,,,,,
2026-08-18,pre_close,2026-08-18T19:32:30Z,SNDK,Computer Hardware,rs_new_high,1827.99,1698.0,169.28,1625.88,1677.54,1724.08,1600.2,-9.01,invalidated,,,,,,,,,,,,
2026-08-18,pre_close,2026-08-18T19:32:30Z,SNX,Electronics & Computer Distribution,leaders,264.87,257.71,8.33,258.75,259.49,263.33,256.58,-1.94,setting_up,,,,,,,,,,,,
2026-08-18,pre_close,2026-08-18T19:32:30Z,STLD,Steel,leaders,259.04,250.02,8.17,250.39,256.1,256.31,250.5,-3.01,setting_up,,,,,,,,,,,,
2026-08-18,pre_close,2026-08-18T19:32:30Z,STX,Computer Hardware,rs_new_high,1013.99,978.63,71.88,902.12,934.99,961.27,898.68,-9.32,invalidated,,,,,,,,,,,,
2026-08-18,pre_close,2026-08-18T19:32:30Z,SUN,Oil & Gas Refining & Marketing,leaders,75.95,74.74,2.07,76.93,75.63,77.27,75.49,2.63,triggered,0.6956521739130493,,,,,,,,,,,
2026-08-18,pre_close,2026-08-18T19:32:30Z,SUNB,Rental & Leasing Services,leaders,85.21,82.97,2.87,78.65,81.76,83.04,78.66,-5.4,invalidated,,,,,,,,,,,,
2026-08-18,pre_close,2026-08-18T19:32:30Z,SWKS,Semiconductors,rs_new_high,70.33,67.61,2.97,67.37,66.95,68.02,64.83,-0.53,invalidated,,,,,,,,,,,,
2026-08-18,pre_close,2026-08-18T19:32:30Z,SYRE,Biotechnology,accel,104.96,102.26,5.7,107.46,102.46,108.52,101.44,2.73,triggered,1.0561403508771923,,,,,,,,,,,
2026-08-18,pre_close,2026-08-18T19:32:30Z,TDY,Scientific & Technical Instruments,rs_new_high,685.73,670.69,17.0,668.49,671.42,671.44,663.14,-1.3,invalidated,,,,,,,,,,,,
2026-08-18,pre_close,2026-08-18T19:32:30Z,TEM,Health Information Services,leaders,52.8,50.61,3.29,49.97,50.25,51.1,49.35,-3.23,invalidated,,,,,,,,,,,,
2026-08-18,pre_close,2026-08-18T19:32:30Z,TER,Semiconductor Equipment & Materials,rs_new_high,444.17,420.22,29.1,400.2,419.37,424.76,392.18,-9.69,invalidated,,,,,,,,,,,,
2026-08-18,pre_close,2026-08-18T19:32:30Z,TSEM,Semiconductors,rs_new_high,277.88,263.42,22.46,240.47,249.94,252.9,234.92,-8.82,invalidated,,,,,,,,,,,,
2026-08-18,pre_close,2026-08-18T19:32:30Z,TSM,Semiconductors,rs_new_high,435.71,426.8,14.0,413.32,416.97,419.63,410.79,-4.1,invalidated,,,,,,,,,,,,
2026-08-18,pre_close,2026-08-18T19:32:30Z,TWLO,Software - Infrastructure,leaders,240.0,228.18,13.39,234.55,231.0,239.43,229.23,2.6,setting_up,,,,,,,,,,,,
2026-08-18,pre_close,2026-08-18T19:32:30Z,URI,Rental & Leasing Services,leaders,1176.44,1150.0,33.9,1123.89,1153.74,1156.78,1120.16,-3.51,invalidated,,,,,,,,,,,,
2026-08-18,pre_close,2026-08-18T19:32:30Z,VIST,Oil & Gas E&P,emerging,72.69,71.0,2.89,70.07,73.52,73.52,69.6,-2.9,invalidated,,,,,,,,,,,,
2026-08-18,pre_close,2026-08-18T19:32:30Z,VRTX,Biotechnology,accel,517.84,502.53,15.36,528.62,519.56,533.78,517.86,2.54,gapped_through,0.7005208333333328,,,,,,,,,,,
2026-08-18,pre_close,2026-08-18T19:32:30Z,WFRD,Oil & Gas Equipment & Services,emerging,95.71,92.48,3.51,91.64,93.68,94.62,91.18,-1.55,invalidated,,,,,,,,,,,,
2026-08-18,pre_close,2026-08-18T19:32:30Z,XYZ,Software - Infrastructure,leaders,81.83,79.96,2.75,80.33,79.33,81.49,79.13,0.16,setting_up,,,,,,,,,,,,
2026-08-19,pre_close,2026-08-19T19:33:27Z,ABBV,Drug Manufacturers - General,accel,259.18,252.41,6.02,265.98,260.73,266.59,259.85,2.73,gapped_through,1.0182724252491688,,,,,,,,,,,
2026-08-19,pre_close,2026-08-19T19:33:27Z,ANET,Computer Hardware,leaders,197.99,189.67,10.1,187.49,195.5,195.5,184.51,-2.94,invalidated,,,,,,,,,,,,
2026-08-19,pre_close,2026-08-19T19:33:27Z,AR,Oil & Gas E&P,emerging,37.31,36.63,1.13,37.22,37.54,37.73,37.08,0.49,gapped_through,0.12389380530973503,,,,,,,,,,,
2026-08-19,pre_close,2026-08-19T19:33:27Z,ARGX,Biotechnology,rs_new_high,1009.74,980.45,34.76,1031.76,1021.01,1034.56,1012.54,3.9,gapped_through,0.5529344073647879,,,,,,,,,,,
2026-08-19,pre_close,2026-08-19T19:33:27Z,ARWR,Biotechnology,rs_new_high,88.35,85.98,3.64,89.46,89.03,90.0,87.69,1.78,gapped_through,0.48626373626373515,,,,,,,,,,,
2026-08-19,pre_close,2026-08-19T19:33:27Z,ATI,Metal Fabrication,leaders,230.62,224.35,9.4,216.05,226.21,226.45,215.21,-4.6,invalidated,,,,,,,,,,,,
2026-08-19,pre_close,2026-08-19T19:33:27Z,AVT,Electronics & Computer Distribution,leaders,96.93,91.56,3.96,88.99,94.0,94.35,87.9,-4.72,invalidated,,,,,,,,,,,,
2026-08-19,pre_close,2026-08-19T19:33:27Z,BBIO,Biotechnology,rs_new_high,83.95,80.1,3.09,83.83,84.35,85.52,83.28,1.03,gapped_through,0.1779935275080897,,,,,,,,,,,
2026-08-19,pre_close,2026-08-19T19:33:27Z,BIIB,Drug Manufacturers - General,accel,214.07,210.01,6.29,221.58,215.33,221.76,215.07,4.25,gapped_through,1.0349761526232144,,,,,,,,,,,
2026-08-19,pre_close,2026-08-19T19:33:27Z,BKNG,Travel Services,leaders,211.64,204.81,7.05,214.1,208.2,216.42,208.0,2.81,triggered,0.8652482269503539,,,,,,,,,,,
2026-08-19,pre_close,2026-08-19T19:33:27Z,BMRN,Biotechnology,rs_new_high,68.26,66.84,1.97,69.48,68.22,69.49,67.75,3.72,triggered,0.8781725888324894,,,,,,,,,,,
2026-08-19,pre_close,2026-08-19T19:33:27Z,BMY,Drug Manufacturers - General,accel,66.38,65.0,1.65,67.68,66.78,68.64,66.62,2.47,gapped_through,0.6424242424242438,,,,,,,,,,,
2026-08-19,pre_close,2026-08-19T19:33:27Z,CCEP,Beverages - Non-Alcoholic,accel,108.25,106.54,2.36,107.33,107.97,108.59,106.77,-0.16,failed_breakout,,,,,,,,,,,,
2026-08-19,pre_close,2026-08-19T19:33:27Z,CELH,Beverages - Non-Alcoholic,accel,30.51,29.44,1.77,32.37,30.01,32.6,29.88,8.26,triggered,1.4067796610169483,,,,,,,,,,,
2026-08-19,pre_close,2026-08-19T19:33:27Z,CGON,Biotechnology,rs_new_high,77.5,75.31,3.29,80.41,77.8,80.65,77.0,5.4,gapped_through,1.0364741641337376,,,,,,,,,,,
2026-08-19,pre_close,2026-08-19T19:33:27Z,CHRD,Oil & Gas E&P,emerging,145.53,141.26,5.01,147.64,144.8,149.02,144.51,2.57,triggered,0.6247504990019951,,,,,,,,,,,
2026-08-19,pre_close,2026-08-19T19:33:27Z,CLF,Steel,leaders,12.3,11.75,0.62,11.16,12.01,12.39,11.14,-6.02,invalidated,,,,,,,,,,,,
2026-08-19,pre_close,2026-08-19T19:33:27Z,CMC,Metal Fabrication,leaders,72.1,69.93,2.25,68.01,71.82,72.59,66.33,-4.18,invalidated,,,,,,,,,,,,
2026-08-19,pre_close,2026-08-19T19:33:27Z,CNX,Oil & Gas E&P,emerging,35.98,35.27,0.93,35.7,35.82,36.11,35.53,0.93,failed_breakout,,,,,,,,,,,,
2026-08-19,pre_close,2026-08-19T19:33:27Z,COKE,Beverages - Non-Alcoholic,accel,190.35,186.35,7.29,187.27,188.93,192.41,187.0,-0.73,failed_breakout,,,,,,,,,,,,
2026-08-19,pre_close,2026-08-19T19:33:27Z,CPAY,Software - Infrastructure,leaders,416.3,406.82,11.45,407.55,407.33,414.01,406.2,0.18,setting_up,,,,,,,,,,,,
2026-08-19,pre_close,2026-08-19T19:33:27Z,CRWD,Software - Infrastructure,leaders,216.05,209.07,8.89,201.72,212.9,213.98,197.32,-5.26,invalidated,,,,,,,,,,,,
2026-08-19,pre_close,2026-08-19T19:33:27Z,CRWV,Software - Infrastructure,leaders,102.38,93.15,8.86,91.67,94.29,94.38,88.85,-1.62,invalidated,,,,,,,,,,,,
2026-08-19,pre_close,2026-08-19T19:33:27Z,DBX,Software - Infrastructure,leaders,34.56,33.31,1.33,34.23,33.89,34.65,33.88,1.07,failed_breakout,,,,,,,,,,,,
2026-08-19,pre_close,2026-08-19T19:33:27Z,DELL,Computer Hardware,leaders,489.98,458.5,32.27,437.65,467.89,471.75,427.54,-6.61,invalidated,,,,,,,,,,,,
2026-08-19,pre_close,2026-08-19T19:33:27Z,DVN,Oil & Gas E&P,emerging,48.43,47.73,1.34,48.28,48.22,48.9,48.12,0.93,failed_breakout,,,,,,,,,,,,
2026-08-19,pre_close,2026-08-19T19:33:27Z,EOG,Oil & Gas E&P,emerging,149.0,146.66,3.88,149.51,149.86,151.53,148.75,0.55,gapped_through,0.19587628865979148,,,,,,,,,,,
2026-08-19,pre_close,2026-08-19T19:33:27Z,EXPE,Travel Services,leaders,327.89,316.74,12.57,328.16,324.13,334.86,323.23,2.1,triggered,0.39220365950676267,,,,,,,,,,,
2026-08-19,pre_close,2026-08-19T19:33:27Z,FANG,Oil & Gas E&P,emerging,210.41,206.47,5.92,208.96,211.35,213.75,208.82,-0.5,gapped_through,0.023648648648651144,,,,,,,,,,,
2026-08-19,pre_close,2026-08-19T19:33:27Z,FTNT,Software - Infrastructure,leaders,159.97,155.7,6.37,153.14,157.02,158.49,151.67,-3.08,invalidated,,,,,,,,,,,,
2026-08-19,pre_close,2026-08-19T19:33:27Z,GDDY,Software - Infrastructure,leaders,97.65,94.09,5.21,97.84,95.72,99.32,95.87,2.13,triggered,0.3781190019193856,,,,,,,,,,,
2026-08-19,pre_close,2026-08-19T19:33:27Z,GEN,Software - Infrastructure,leaders,27.96,27.59,0.96,27.73,27.6,28.09,27.56,0.31,failed_breakout,,,,,,,,,,,,
2026-08-19,pre_close,2026-08-19T19:33:27Z,GGB,Steel,leaders,4.84,4.65,0.15,4.47,4.72,4.79,4.43,-4.33,invalidated,,,,,,,,,,,,
2026-08-19,pre_close,2026-08-19T19:33:27Z,GILD,Drug Manufacturers - General,accel,143.89,139.54,3.88,148.48,145.22,148.97,144.3,3.51,gapped_through,1.0773195876288604,,,,,,,,,,,
2026-08-19,pre_close,2026-08-19T19:33:27Z,GPN,Software - Infrastructure,leaders,93.05,90.36,3.31,92.31,90.64,92.53,90.38,2.15,setting_up,,,,,,,,,,,,
2026-08-19,pre_close,2026-08-19T19:33:27Z,HCC,Coking Coal,accel,98.76,96.42,4.0,104.12,99.84,105.76,99.79,6.53,gapped_through,1.0824999999999996,,,,,,,,,,,
2026-08-19,pre_close,2026-08-19T19:33:27Z,HNGE,Health Information Services,leaders,89.96,85.01,4.35,88.32,89.25,90.7,87.77,0.09,failed_breakout,,,,,,,,,,,,
2026-08-19,pre_close,2026-08-19T19:33:27Z,HPQ,Computer Hardware,leaders,30.31,29.57,1.31,30.21,29.85,30.64,29.85,0.83,failed_breakout,,,,,,,,,,,,
2026-08-19,pre_close,2026-08-19T19:33:27Z,HQY,Health Information Services,leaders,104.02,101.73,2.96,104.23,103.41,104.45,103.07,1.4,triggered,0.39189189189189555,,,,,,,,,,,
2026-08-19,pre_close,2026-08-19T19:33:27Z,IBRX,Biotechnology,rs_new_high,7.83,7.54,0.41,8.1,8.06,8.27,7.94,4.99,gapped_through,0.39024390243902257,,,,,,,,,,,
2026-08-19,pre_close,2026-08-19T19:33:27Z,INCY,Biotechnology,rs_new_high,124.74,123.23,3.6,129.27,125.07,129.38,124.75,4.7,gapped_through,1.2555555555555584,,,,,,,,,,,
2026-08-19,pre_close,2026-08-19T19:33:27Z,INSM,Biotechnology,rs_new_high,128.93,126.39,5.74,129.09,129.85,130.95,127.55,0.49,gapped_through,0.26829268292683034,,,,,,,,,,,
2026-08-19,pre_close,2026-08-19T19:33:27Z,IOT,Software - Infrastructure,leaders,40.79,39.29,2.19,39.76,39.72,40.75,39.58,0.46,setting_up,,,,,,,,,,,,
2026-08-19,pre_close,2026-08-19T19:33:27Z,JAZZ,Biotechnology,rs_new_high,256.41,248.73,7.18,252.2,255.1,256.92,252.21,-0.34,failed_breakout,,,,,,,,,,,,
2026-08-19,pre_close,2026-08-19T19:33:27Z,JNJ,Drug Manufacturers - General,accel,271.73,266.33,5.86,273.53,271.11,276.47,270.56,0.89,triggered,0.5068259385665478,,,,,,,,,,,
2026-08-19,pre_close,2026-08-19T19:33:27Z,KO,Beverages - Non-Alcoholic,accel,88.96,87.88,1.59,90.46,88.66,90.76,88.61,1.85,triggered,1.1635220125786128,,,,,,,,,,,
2026-08-19,pre_close,2026-08-19T19:33:27Z,KSPI,Software - Infrastructure,leaders,99.34,96.48,2.94,100.72,98.4,102.07,98.4,2.69,triggered,0.7891156462585011,,,,,,,,,,,
2026-08-19,pre_close,2026-08-19T19:33:27Z,KYMR,Biotechnology,rs_new_high,122.14,118.09,4.86,126.44,123.02,126.49,121.82,4.17,gapped_through,0.9506172839506182,,,,,,,,,,,
2026-08-19,pre_close,2026-08-19T19:33:27Z,LLY,Drug Manufacturers - General,accel,1228.47,1194.01,40.46,1285.86,1248.5,1292.65,1242.5,4.91,gapped_through,1.071675729115173,,,,,,,,,,,
2026-08-19,pre_close,2026-08-19T19:33:27Z,MDGL,Biotechnology,rs_new_high,533.68,514.57,22.91,539.28,528.99,540.38,528.41,2.84,triggered,0.47446529899607176,,,,,,,,,,,
2026-08-19,pre_close,2026-08-19T19:33:27Z,MGY,Oil & Gas E&P,emerging,27.35,26.66,0.88,27.52,27.15,27.72,27.15,2.32,triggered,0.4204545454545466,,,,,,,,,,,
2026-08-19,pre_close,2026-08-19T19:33:27Z,MLI,Metal Fabrication,leaders,65.71,64.11,1.85,62.99,64.61,65.05,62.83,-2.31,invalidated,,,,,,,,,,,,
2026-08-19,pre_close,2026-08-19T19:33:27Z,MMYT,Travel Services,leaders,60.44,58.92,2.63,61.72,60.05,62.49,59.96,3.77,triggered,0.6692015209125468,,,,,,,,,,,
2026-08-19,pre_close,2026-08-19T19:33:27Z,MNST,Beverages - Non-Alcoholic,accel,47.54,45.78,1.24,47.48,47.28,47.97,47.21,0.21,failed_breakout,,,,,,,,,,,,
2026-08-19,pre_close,2026-08-19T19:33:27Z,MRK,Drug Manufacturers - General,accel,137.98,134.88,3.24,152.29,146.85,153.47,144.9,12.66,gapped_through,2.28086419753086,,,,,,,,,,,
2026-08-19,pre_close,2026-08-19T19:33:27Z,MRNA,Biotechnology,rs_new_high,64.46,62.13,3.64,161.38,116.05,163.47,114.46,156.32,gapped_through,12.89010989010989,,,,,,,,,,,
2026-08-19,pre_close,2026-08-19T19:33:27Z,MT,Steel,leaders,73.08,71.21,1.99,74.4,73.45,74.42,71.78,3.34,gapped_through,1.3165829145728667,,,,,,,,,,,
2026-08-19,pre_close,2026-08-19T19:33:27Z,MTDR,Oil & Gas E&P,emerging,57.46,55.75,2.01,58.21,57.24,58.32,57.52,1.69,triggered,0.3432835820895511,,,,,,,,,,,
2026-08-19,pre_close,2026-08-19T19:33:27Z,NBIS,Software - Infrastructure,leaders,274.8,244.78,26.05,219.28,232.21,236.19,213.75,-11.73,invalidated,,,,,,,,,,,,
2026-08-19,pre_close,2026-08-19T19:33:27Z,NE,Oil & Gas Drilling,rs_new_high,45.59,45.13,1.42,46.07,45.66,46.53,45.79,1.81,gapped_through,0.19718309859155012,,,,,,,,,,,
2026-08-19,pre_close,2026-08-19T19:33:27Z,NET,Software - Infrastructure,leaders,309.96,297.63,16.38,293.5,300.51,301.17,285.72,-2.61,invalidated,,,,,,,,,,,,
2026-08-19,pre_close,2026-08-19T19:33:27Z,NUE,Steel,leaders,271.72,263.23,7.65,246.9,268.17,269.96,238.62,-6.54,invalidated,,,,,,,,,,,,
2026-08-19,pre_close,2026-08-19T19:33:27Z,NVS,Drug Manufacturers - General,accel,155.1,153.38,2.77,160.54,156.46,160.73,156.19,3.88,gapped_through,1.5703971119133553,,,,,,,,,,,
2026-08-19,pre_close,2026-08-19T19:33:27Z,OKTA,Software - Infrastructure,leaders,146.61,142.13,6.91,142.23,144.54,145.54,137.1,-1.17,setting_up,,,,,,,,,,,,
2026-08-19,pre_close,2026-08-19T19:33:27Z,OVV,Oil & Gas E&P,emerging,65.43,63.89,1.88,65.61,65.8,66.43,65.43,0.9,gapped_through,0.0957446808510599,,,,,,,,,,,
2026-08-19,pre_close,2026-08-19T19:33:27Z,OXY,Oil & Gas E&P,emerging,60.15,59.04,1.6,60.06,60.02,60.83,59.75,0.43,failed_breakout,,,,,,,,,,,,
2026-08-19,pre_close,2026-08-19T19:33:27Z,PANW,Software - Infrastructure,leaders,378.04,368.0,14.67,359.96,374.67,376.43,351.56,-3.79,invalidated,,,,,,,,,,,,
2026-08-19,pre_close,2026-08-19T19:33:27Z,PCVX,Biotechnology,rs_new_high,60.86,59.5,2.27,63.31,61.56,63.43,60.94,5.89,gapped_through,1.0440528634361252,,,,,,,,,,,
2026-08-19,pre_close,2026-08-19T19:33:27Z,PR,Oil & Gas E&P,emerging,22.74,22.15,0.66,22.93,22.51,23.16,22.47,2.6,triggered,0.6969696969696982,,,,,,,,,,,
2026-08-19,pre_close,2026-08-19T19:33:27Z,PRAX,Biotechnology,rs_new_high,375.0,365.05,19.46,389.2,377.31,389.49,365.64,5.24,gapped_through,1.2106885919835562,,,,,,,,,,,
2026-08-19,pre_close,2026-08-19T19:33:27Z,RELY,Software - Infrastructure,leaders,26.68,25.41,1.17,25.21,25.6,25.51,24.84,-0.9,invalidated,,,,,,,,,,,,
2026-08-19,pre_close,2026-08-19T19:33:27Z,RGTI,Computer Hardware,leaders,18.64,17.52,1.18,16.85,17.36,17.82,16.67,-4.83,invalidated,,,,,,,,,,,,
2026-08-19,pre_close,2026-08-19T19:33:27Z,RIG,Oil & Gas Drilling,rs_new_high,5.99,5.79,0.23,5.87,5.9,5.95,5.83,0.87,setting_up,,,,,,,,,,,,
2026-08-19,pre_close,2026-08-19T19:33:27Z,ROIV,Biotechnology,rs_new_high,37.46,35.86,1.26,37.01,37.83,37.95,36.75,-0.96,gapped_through,0.20634920634920476,,,,,,,,,,,
2026-08-19,pre_close,2026-08-19T19:33:27Z,RPRX,Biotechnology,rs_new_high,60.42,59.65,1.37,61.49,60.12,61.73,59.75,3.02,triggered,1.2700729927007313,,,,,,,,,,,
2026-08-19,pre_close,2026-08-19T19:33:27Z,RRC,Oil & Gas E&P,emerging,40.09,39.33,1.08,40.23,40.24,40.72,40.03,0.93,gapped_through,0.18518518518518123,,,,,,,,,,,
2026-08-19,pre_close,2026-08-19T19:33:27Z,RS,Steel,leaders,432.62,415.81,10.67,396.79,426.0,426.4,389.0,-5.84,invalidated,,,,,,,,,,,,
2026-08-19,pre_close,2026-08-19T19:33:27Z,RYTM,Biotechnology,rs_new_high,117.16,114.32,4.71,116.4,116.41,118.31,115.26,1.0,failed_breakout,,,,,,,,,,,,
2026-08-19,pre_close,2026-08-19T19:33:27Z,SMCI,Computer Hardware,leaders,38.16,36.22,2.56,36.86,37.14,37.69,35.72,-1.47,setting_up,,,,,,,,,,,,
2026-08-19,pre_close,2026-08-19T19:33:27Z,SNX,Electronics & Computer Distribution,leaders,264.17,256.58,8.28,253.35,259.87,259.79,248.4,-2.48,invalidated,,,,,,,,,,,,
2026-08-19,pre_close,2026-08-19T19:33:27Z,SRRK,Biotechnology,rs_new_high,54.78,51.91,2.36,56.3,55.71,56.5,54.09,2.88,gapped_through,0.9364406779660991,,,,,,,,,,,
2026-08-19,pre_close,2026-08-19T19:33:27Z,STLD,Steel,leaders,257.21,249.09,8.23,230.12,252.69,252.56,223.52,-7.88,invalidated,,,,,,,,,,,,
2026-08-19,pre_close,2026-08-19T19:33:27Z,STX,Computer Hardware,leaders,961.27,898.68,73.61,833.6,914.77,912.89,829.11,-7.75,invalidated,,,,,,,,,,,,
2026-08-19,pre_close,2026-08-19T19:33:27Z,SUN,Oil & Gas Refining & Marketing,leaders,77.32,75.49,2.09,76.95,77.7,77.97,75.75,-0.17,gapped_through,0.5741626794258388,,,,,,,,,,,
2026-08-19,pre_close,2026-08-19T19:33:27Z,SYRE,Biotechnology,rs_new_high,108.62,101.44,5.81,108.97,109.44,110.01,104.17,1.06,gapped_through,0.8261617900172112,,,,,,,,,,,
2026-08-19,pre_close,2026-08-19T19:33:27Z,TWLO,Software - Infrastructure,leaders,239.43,229.02,13.21,221.49,232.12,234.48,220.83,-4.57,invalidated,,,,,,,,,,,,
2026-08-19,pre_close,2026-08-19T19:33:27Z,VAL,Oil & Gas Drilling,rs_new_high,88.92,86.16,3.39,87.4,86.91,88.31,86.43,1.19,setting_up,,,,,,,,,,,,
2026-08-19,pre_close,2026-08-19T19:33:27Z,VIST,Oil & Gas E&P,emerging,73.52,69.6,2.96,68.61,71.0,71.74,68.5,-1.63,invalidated,,,,,,,,,,,,
2026-08-19,pre_close,2026-08-19T19:33:27Z,VRSN,Software - Infrastructure,leaders,280.42,274.58,8.94,274.72,276.81,279.18,274.42,-0.73,setting_up,,,,,,,,,,,,
2026-08-19,pre_close,2026-08-19T19:33:27Z,VRTX,Biotechnology,rs_new_high,533.78,517.34,15.56,550.95,537.47,551.88,532.88,4.31,gapped_through,1.161311053984579,,,,,,,,,,,
2026-08-19,pre_close,2026-08-19T19:33:27Z,XYZ,Software - Infrastructure,leaders,81.5,79.05,2.72,81.36,80.0,81.83,79.39,2.42,failed_breakout,,,,,,,,,,,,
2026-08-20,pre_close,2026-08-20T19:32:16Z,ABBV,Drug Manufacturers - General,accel,266.96,259.55,6.17,260.93,262.68,265.93,260.91,-1.89,setting_up,,,,,,,,,,,,
2026-08-20,pre_close,2026-08-20T19:32:16Z,ADBE,Software - Application,leaders,275.8,261.67,11.88,272.92,273.53,274.19,269.66,0.16,setting_up,,,,,,,,,,,,
2026-08-20,pre_close,2026-08-20T19:32:16Z,ADP,Software - Application,leaders,278.96,269.91,7.67,279.67,277.64,281.67,276.93,0.89,triggered,0.3572359843546296,,,,,,,,,,,
2026-08-20,pre_close,2026-08-20T19:32:16Z,ADSK,Software - Application,leaders,257.63,243.89,9.9,252.46,252.29,255.86,250.19,0.46,setting_up,,,,,,,,,,,,
2026-08-20,pre_close,2026-08-20T19:32:16Z,AR,Oil & Gas E&P,accel,37.73,36.99,1.11,37.71,37.5,38.18,37.38,1.73,failed_breakout,,,,,,,,,,,,
2026-08-20,pre_close,2026-08-20T19:32:16Z,ARWR,Biotechnology,rs_new_high,90.0,87.58,3.55,87.35,88.17,88.45,85.94,-2.3,invalidated,,,,,,,,,,,,
2026-08-20,pre_close,2026-08-20T19:32:16Z,ASND,Biotechnology,rs_new_high,261.61,251.11,8.52,256.43,257.56,259.9,255.68,-1.23,setting_up,,,,,,,,,,,,
2026-08-20,pre_close,2026-08-20T19:32:16Z,BBIO,Biotechnology,rs_new_high,85.65,83.25,3.06,83.11,83.57,84.36,82.64,-1.0,invalidated,,,,,,,,,,,,
2026-08-20,pre_close,2026-08-20T19:32:16Z,BIIB,Drug Manufacturers - General,accel,222.15,215.07,6.53,215.98,219.92,221.29,215.86,-2.52,setting_up,,,,,,,,,,,,
2026-08-20,pre_close,2026-08-20T19:32:16Z,BSP,Software - Application,leaders,42.29,38.09,4.51,39.99,40.8,41.47,38.76,-3.55,setting_up,,,,,,,,,,,,
2026-08-20,pre_close,2026-08-20T19:32:16Z,BSY,Software - Application,leaders,36.35,34.6,1.55,36.33,35.98,36.4,35.19,1.13,failed_breakout,,,,,,,,,,,,
2026-08-20,pre_close,2026-08-20T19:32:16Z,BVN,Other Precious Metals & Mining,emerging,35.04,33.5,1.44,34.06,33.57,35.17,33.35,0.25,failed_breakout,,,,,,,,,,,,
2026-08-20,pre_close,2026-08-20T19:32:16Z,CCEP,Beverages - Non-Alcoholic,accel,108.61,106.51,2.34,107.15,106.57,107.83,106.39,0.44,setting_up,,,,,,,,,,,,
2026-08-20,pre_close,2026-08-20T19:32:16Z,CELH,Beverages - Non-Alcoholic,accel,32.6,29.88,1.83,33.12,32.22,33.17,31.97,2.66,triggered,0.6284153005464473,,,,,,,,,,,
2026-08-20,pre_close,2026-08-20T19:32:16Z,CHRD,Oil & Gas E&P,accel,149.02,144.51,5.01,148.32,149.5,153.0,149.8,0.33,gapped_through,-0.2954091816367302,,,,,,,,,,,
2026-08-20,pre_close,2026-08-20T19:32:16Z,CNX,Oil & Gas E&P,accel,36.11,35.17,0.93,36.25,36.33,36.61,35.76,1.21,gapped_through,0.5268817204301096,,,,,,,,,,,
2026-08-20,pre_close,2026-08-20T19:32:16Z,COKE,Beverages - Non-Alcoholic,accel,192.41,186.29,7.21,188.44,186.91,190.85,185.67,0.86,setting_up,,,,,,,,,,,,
2026-08-20,pre_close,2026-08-20T19:32:16Z,CPAY,Software - Infrastructure,leaders,414.16,406.12,11.2,413.96,405.0,416.58,405.74,1.69,failed_breakout,,,,,,,,,,,,
2026-08-20,pre_close,2026-08-20T19:32:16Z,CRWD,Software - Infrastructure,leaders,213.98,197.25,9.45,190.48,197.67,200.74,190.22,-5.53,invalidated,,,,,,,,,,,,
2026-08-20,pre_close,2026-08-20T19:32:16Z,CRWV,Software - Infrastructure,leaders,94.38,88.85,8.63,89.61,90.3,93.77,88.78,-1.39,setting_up,,,,,,,,,,,,
2026-08-20,pre_close,2026-08-20T19:32:16Z,DBX,Software - Infrastructure,leaders,34.65,33.85,1.29,34.22,34.32,34.32,33.76,0.69,setting_up,,,,,,,,,,,,
2026-08-20,pre_close,2026-08-20T19:32:16Z,DHR,Diagnostics & Research,leaders,212.19,202.9,6.55,218.54,207.1,220.63,206.15,3.33,triggered,1.8916030534351125,,,,,,,,,,,
2026-08-20,pre_close,2026-08-20T19:32:16Z,DOX,Software - Infrastructure,leaders,60.89,57.76,1.87,60.85,60.34,61.2,60.18,1.06,failed_breakout,,,,,,,,,,,,
2026-08-20,pre_close,2026-08-20T19:32:16Z,DT,Software - Application,leaders,49.9,48.89,2.11,49.14,49.62,49.97,49.04,-0.93,failed_breakout,,,,,,,,,,,,
2026-08-20,pre_close,2026-08-20T19:32:16Z,DVN,Oil & Gas E&P,accel,48.9,47.92,1.32,49.26,49.02,49.72,48.95,2.23,gapped_through,0.23484848484848117,,,,,,,,,,,
2026-08-20,pre_close,2026-08-20T19:32:16Z,EOG,Oil & Gas E&P,accel,151.53,148.75,3.81,151.93,152.63,153.67,151.23,1.64,gapped_through,0.18372703412073937,,,,,,,,,,,
2026-08-20,pre_close,2026-08-20T19:32:16Z,EXEL,Biotechnology,rs_new_high,54.58,53.1,1.74,53.5,54.04,54.5,53.51,-1.64,setting_up,,,,,,,,,,,,
2026-08-20,pre_close,2026-08-20T19:32:16Z,FANG,Oil & Gas E&P,accel,213.75,207.75,5.93,209.88,213.44,216.55,209.32,0.64,failed_breakout,,,,,,,,,,,,
2026-08-20,pre_close,2026-08-20T19:32:16Z,FCX,Copper,leaders,69.86,67.26,2.68,71.04,67.71,71.51,67.72,2.83,triggered,1.2388059701492564,,,,,,,,,,,
2026-08-20,pre_close,2026-08-20T19:32:16Z,FIG,Software - Application,leaders,27.3,26.09,1.91,27.42,27.08,28.03,26.85,2.33,triggered,0.2984293193717279,,,,,,,,,,,
2026-08-20,pre_close,2026-08-20T19:32:16Z,FROG,Software - Application,leaders,92.17,87.39,5.45,90.06,91.06,91.94,88.29,-1.26,setting_up,,,,,,,,,,,,
2026-08-20,pre_close,2026-08-20T19:32:16Z,GDDY,Software - Infrastructure,leaders,99.41,95.28,5.13,98.58,96.6,99.14,96.33,1.79,setting_up,,,,,,,,,,,,
2026-08-20,pre_close,2026-08-20T19:32:16Z,GEN,Software - Infrastructure,leaders,28.09,27.5,0.93,28.22,27.32,28.23,27.01,2.47,triggered,1.3010752688172014,,,,,,,,,,,
2026-08-20,pre_close,2026-08-20T19:32:16Z,GH,Diagnostics & Research,leaders,168.73,159.46,7.63,169.09,161.55,171.3,161.55,3.52,triggered,0.9882044560943634,,,,,,,,,,,
2026-08-20,pre_close,2026-08-20T19:32:16Z,GSK,Drug Manufacturers - General,accel,52.94,51.35,1.21,51.96,52.56,52.63,51.91,-1.74,setting_up,,,,,,,,,,,,
2026-08-20,pre_close,2026-08-20T19:32:16Z,HBM,Copper,leaders,28.19,27.15,1.3,28.12,26.91,28.18,26.78,2.37,setting_up,,,,,,,,,,,,
2026-08-20,pre_close,2026-08-20T19:32:16Z,HNGE,Health Information Services,leaders,90.7,87.29,4.29,86.37,88.72,89.86,85.85,-2.36,invalidated,,,,,,,,,,,,
2026-08-20,pre_close,2026-08-20T19:32:16Z,HQY,Health Information Services,leaders,104.5,103.07,2.87,104.73,104.15,106.28,103.6,0.75,triggered,0.39372822299651905,,,,,,,,,,,
2026-08-20,pre_close,2026-08-20T19:32:16Z,HUBS,Software - Application,leaders,243.63,224.3,18.28,241.02,242.85,244.08,236.84,-0.26,failed_breakout,,,,,,,,,,,,
2026-08-20,pre_close,2026-08-20T19:32:16Z,IBRX,Biotechnology,rs_new_high,8.27,7.94,0.42,7.93,7.9,8.0,7.74,-2.4,invalidated,,,,,,,,,,,,
2026-08-20,pre_close,2026-08-20T19:32:16Z,ICLR,Diagnostics & Research,leaders,175.71,167.49,7.46,174.67,170.43,180.88,170.17,1.26,failed_breakout,,,,,,,,,,,,
2026-08-20,pre_close,2026-08-20T19:32:16Z,ILMN,Diagnostics & Research,leaders,205.16,192.68,7.8,213.62,200.51,220.32,200.3,4.2,triggered,1.707692307692307,,,,,,,,,,,
2026-08-20,pre_close,2026-08-20T19:32:16Z,INCY,Biotechnology,rs_new_high,129.56,124.6,3.78,127.17,127.3,129.8,127.01,-1.01,failed_breakout,,,,,,,,,,,,
2026-08-20,pre_close,2026-08-20T19:32:16Z,INSM,Biotechnology,rs_new_high,131.1,127.42,5.6,125.31,129.15,130.27,125.3,-4.1,invalidated,,,,,,,,,,,,
2026-08-20,pre_close,2026-08-20T19:32:16Z,IOT,Software - Infrastructure,leaders,40.75,39.15,2.15,39.2,39.4,40.17,38.93,0.0,setting_up,,,,,,,,,,,,
2026-08-20,pre_close,2026-08-20T19:32:16Z,JAZZ,Biotechnology,rs_new_high,256.92,251.26,7.08,247.74,249.64,251.21,245.76,-1.75,invalidated,,,,,,,,,,,,
2026-08-20,pre_close,2026-08-20T19:32:16Z,JNJ,Drug Manufacturers - General,accel,276.47,270.56,5.87,268.0,272.85,273.41,267.88,-1.98,invalidated,,,,,,,,,,,,
2026-08-20,pre_close,2026-08-20T19:32:16Z,LLY,Drug Manufacturers - General,accel,1292.65,1240.54,42.35,1246.85,1274.6,1280.0,1246.6,-2.62,setting_up,,,,,,,,,,,,
2026-08-20,pre_close,2026-08-20T19:32:16Z,MDGL,Biotechnology,rs_new_high,542.78,527.46,22.59,526.08,537.01,539.73,522.97,-2.61,invalidated,,,,,,,,,,,,
2026-08-20,pre_close,2026-08-20T19:32:16Z,MEDP,Diagnostics & Research,leaders,612.11,596.22,19.41,616.16,598.79,627.59,597.41,1.3,triggered,0.9659969088098918,,,,,,,,,,,
2026-08-20,pre_close,2026-08-20T19:32:16Z,MGY,Oil & Gas E&P,accel,27.72,27.15,0.87,28.03,27.98,28.38,27.73,1.98,gapped_through,0.34482758620689735,,,,,,,,,,,
2026-08-20,pre_close,2026-08-20T19:32:16Z,MNST,Beverages - Non-Alcoholic,accel,47.97,47.21,1.21,47.74,47.07,47.91,46.96,0.65,setting_up,,,,,,,,,,,,
2026-08-20,pre_close,2026-08-20T19:32:16Z,MSTR,Software - Application,leaders,106.9,94.3,6.34,111.46,113.23,113.65,108.35,6.91,gapped_through,0.4905362776025236,,,,,,,,,,,
2026-08-20,pre_close,2026-08-20T19:32:16Z,MTD,Diagnostics & Research,leaders,1456.77,1419.41,37.09,1396.16,1408.57,1447.65,1394.55,-2.03,invalidated,,,,,,,,,,,,
2026-08-20,pre_close,2026-08-20T19:32:16Z,MTDR,Oil & Gas E&P,accel,58.32,57.41,1.94,58.41,59.13,60.38,58.13,0.71,gapped_through,0.14432989690721343,,,,,,,,,,,
2026-08-20,pre_close,2026-08-20T19:32:16Z,MUR,Oil & Gas E&P,accel,36.9,35.53,1.47,38.03,37.42,38.65,37.35,3.13,gapped_through,0.46258503401360523,,,,,,,,,,,
2026-08-20,pre_close,2026-08-20T19:32:16Z,NAVN,Software - Application,leaders,29.81,28.93,1.35,28.62,28.96,29.15,28.33,-1.9,invalidated,,,,,,,,,,,,
2026-08-20,pre_close,2026-08-20T19:32:16Z,NBIS,Software - Infrastructure,leaders,236.2,213.75,26.66,219.28,223.0,222.95,212.04,-2.06,setting_up,,,,,,,,,,,,
2026-08-20,pre_close,2026-08-20T19:32:16Z,NE,Oil & Gas Drilling,emerging,46.53,45.43,1.41,46.79,46.56,47.24,46.21,2.01,gapped_through,0.41134751773049527,,,,,,,,,,,
2026-08-20,pre_close,2026-08-20T19:32:16Z,NET,Software - Infrastructure,leaders,301.66,285.72,16.35,280.33,290.85,292.48,279.62,-3.96,invalidated,,,,,,,,,,,,
2026-08-20,pre_close,2026-08-20T19:32:16Z,NOW,Software - Application,leaders,129.6,118.51,6.65,129.88,127.91,131.15,127.1,2.11,triggered,0.41804511278195505,,,,,,,,,,,
2026-08-20,pre_close,2026-08-20T19:32:16Z,NTAP,Software - Infrastructure,leaders,206.2,194.09,7.76,192.84,192.38,197.33,192.62,-0.84,invalidated,,,,,,,,,,,,
2026-08-20,pre_close,2026-08-20T19:32:16Z,NTSK,Software - Infrastructure,leaders,15.32,14.34,0.9,14.32,14.56,14.72,14.15,-2.55,invalidated,,,,,,,,,,,,
2026-08-20,pre_close,2026-08-20T19:32:16Z,NVS,Drug Manufacturers - General,accel,160.81,156.17,3.02,156.12,159.07,159.33,156.12,-2.61,invalidated,,,,,,,,,,,,
2026-08-20,pre_close,2026-08-20T19:32:16Z,OKTA,Software - Infrastructure,leaders,145.4,137.1,7.01,133.9,138.97,140.35,133.12,-5.18,invalidated,,,,,,,,,,,,
2026-08-20,pre_close,2026-08-20T19:32:16Z,ORKA,Biotechnology,rs_new_high,115.51,107.52,5.41,105.43,107.72,109.0,103.28,-3.88,invalidated,,,,,,,,,,,,
2026-08-20,pre_close,2026-08-20T19:32:16Z,OXY,Oil & Gas E&P,accel,60.83,59.75,1.57,61.46,61.06,62.15,60.94,2.27,gapped_through,0.33121019108280453,,,,,,,,,,,
2026-08-20,pre_close,2026-08-20T19:32:16Z,PAAS,Gold,rs_new_high,50.71,48.9,2.26,51.65,49.72,52.16,49.51,2.69,triggered,0.946902654867257,,,,,,,,,,,
2026-08-20,pre_close,2026-08-20T19:32:16Z,PANW,Software - Infrastructure,leaders,376.43,351.46,15.41,349.84,354.12,360.69,347.68,-2.76,invalidated,,,,,,,,,,,,
2026-08-20,pre_close,2026-08-20T19:32:16Z,PAYX,Software - Application,leaders,123.82,120.1,3.62,123.26,122.92,124.17,122.77,0.62,failed_breakout,,,,,,,,,,,,
2026-08-20,pre_close,2026-08-20T19:32:16Z,PCVX,Biotechnology,rs_new_high,63.83,60.94,2.39,61.63,62.23,62.91,60.8,-2.63,setting_up,,,,,,,,,,,,
2026-08-20,pre_close,2026-08-20T19:32:16Z,PRAX,Biotechnology,rs_new_high,392.45,365.64,19.99,368.08,393.1,395.99,361.16,-4.69,gapped_through,0.3461730865432696,,,,,,,,,,,
2026-08-20,pre_close,2026-08-20T19:32:16Z,QGEN,Diagnostics & Research,leaders,44.82,43.39,1.16,44.94,44.21,45.52,44.21,1.0,triggered,0.6293103448275835,,,,,,,,,,,
2026-08-20,pre_close,2026-08-20T19:32:16Z,RDNT,Diagnostics & Research,leaders,76.56,74.61,2.99,77.64,74.64,77.98,75.0,2.79,triggered,0.8829431438127091,,,,,,,,,,,
2026-08-20,pre_close,2026-08-20T19:32:16Z,RIG,Oil & Gas Drilling,emerging,5.95,5.82,0.23,6.01,5.98,6.06,5.93,2.91,gapped_through,0.347826086956522,,,,,,,,,,,
2026-08-20,pre_close,2026-08-20T19:32:16Z,ROIV,Biotechnology,rs_new_high,37.97,36.75,1.26,36.86,36.92,37.55,36.77,-1.44,setting_up,,,,,,,,,,,,
2026-08-20,pre_close,2026-08-20T19:32:16Z,ROP,Software - Application,leaders,410.76,394.02,12.49,411.47,408.01,412.63,406.01,1.02,triggered,0.43714971977582356,,,,,,,,,,,
2026-08-20,pre_close,2026-08-20T19:32:16Z,RPRX,Biotechnology,rs_new_high,61.8,59.75,1.42,60.43,61.83,62.1,60.38,-2.11,gapped_through,0.035211267605631806,,,,,,,,,,,
2026-08-20,pre_close,2026-08-20T19:32:16Z,RRC,Oil & Gas E&P,accel,40.72,40.03,1.07,40.6,40.53,41.34,40.28,0.69,failed_breakout,,,,,,,,,,,,
2026-08-20,pre_close,2026-08-20T19:32:16Z,RVTY,Diagnostics & Research,leaders,122.11,115.29,3.74,124.01,118.54,124.38,117.56,3.82,triggered,1.724598930481284,,,,,,,,,,,
2026-08-20,pre_close,2026-08-20T19:32:16Z,RYTM,Biotechnology,rs_new_high,118.31,115.26,4.59,109.9,114.43,114.61,108.73,-5.04,invalidated,,,,,,,,,,,,
2026-08-20,pre_close,2026-08-20T19:32:16Z,S,Software - Infrastructure,leaders,22.44,21.1,1.01,20.92,21.64,21.64,20.71,-1.88,invalidated,,,,,,,,,,,,
2026-08-20,pre_close,2026-08-20T19:32:16Z,SAIL,Software - Infrastructure,leaders,19.59,18.81,0.93,18.57,19.0,19.04,18.43,-3.23,invalidated,,,,,,,,,,,,
2026-08-20,pre_close,2026-08-20T19:32:16Z,SCCO,Copper,leaders,198.45,191.89,7.86,199.0,190.55,199.23,190.24,2.22,triggered,1.1145038167938919,,,,,,,,,,,
2026-08-20,pre_close,2026-08-20T19:32:16Z,SHC,Diagnostics & Research,leaders,19.24,18.6,0.52,19.32,18.96,19.45,18.96,1.66,triggered,0.6923076923076912,,,,,,,,,,,
2026-08-20,pre_close,2026-08-20T19:32:16Z,SHOP,Software - Application,leaders,149.78,145.61,6.74,147.85,146.72,148.24,144.12,0.87,setting_up,,,,,,,,,,,,
2026-08-20,pre_close,2026-08-20T19:32:16Z,SNOW,Software - Application,leaders,326.0,316.32,13.1,321.0,322.72,325.06,317.12,-1.23,setting_up,,,,,,,,,,,,
2026-08-20,pre_close,2026-08-20T19:32:16Z,STRC,Software - Application,leaders,95.65,93.89,1.79,95.42,95.88,95.85,95.4,0.12,gapped_through,0.011173184357539676,,,,,,,,,,,
2026-08-20,pre_close,2026-08-20T19:32:16Z,SUN,Oil & Gas Refining & Marketing,leaders,78.0,75.72,2.11,76.1,77.68,77.9,75.75,-1.03,setting_up,,,,,,,,,,,,
2026-08-20,pre_close,2026-08-20T19:32:16Z,SYRE,Biotechnology,rs_new_high,110.18,104.17,5.82,106.97,107.29,108.18,104.56,-1.79,setting_up,,,,,,,,,,,,
2026-08-20,pre_close,2026-08-20T19:32:16Z,TECK,Copper,leaders,66.46,64.9,2.26,66.08,64.7,66.2,64.35,0.2,setting_up,,,,,,,,,,,,
2026-08-20,pre_close,2026-08-20T19:32:16Z,TTAN,Software - Application,leaders,95.6,91.24,4.87,93.29,94.88,96.76,93.21,-1.82,failed_breakout,,,,,,,,,,,,
2026-08-20,pre_close,2026-08-20T19:32:16Z,TWLO,Software - Infrastructure,leaders,234.48,220.29,13.28,220.44,220.45,222.87,216.6,-0.64,setting_up,,,,,,,,,,,,
2026-08-20,pre_close,2026-08-20T19:32:16Z,TYL,Software - Application,leaders,355.97,332.05,14.67,348.39,346.5,351.54,345.38,0.44,setting_up,,,,,,,,,,,,
2026-08-20,pre_close,2026-08-20T19:32:16Z,VAL,Oil & Gas Drilling,emerging,88.31,86.43,3.29,89.06,88.18,89.84,88.06,2.46,triggered,0.303951367781155,,,,,,,,,,,
2026-08-20,pre_close,2026-08-20T19:32:16Z,VIST,Oil & Gas E&P,accel,71.74,68.34,2.99,70.58,70.65,72.54,70.36,3.16,failed_breakout,,,,,,,,,,,,
2026-08-20,pre_close,2026-08-20T19:32:16Z,WAT,Diagnostics & Research,leaders,419.37,404.18,12.02,406.09,411.68,421.28,404.5,-2.34,failed_breakout,,,,,,,,,,,,
2026-08-20,pre_close,2026-08-20T19:32:16Z,XYZ,Software - Infrastructure,leaders,81.83,79.38,2.71,80.39,80.82,81.84,79.37,-0.67,failed_breakout,,,,,,,,,,,,
2026-08-21,pre_close,2026-08-21T19:32:29Z,ABBV,Drug Manufacturers - General,leaders,265.93,260.48,6.12,265.75,260.7,266.83,260.1,1.5,failed_breakout,,,,,,,,,,,,
2026-08-21,pre_close,2026-08-21T19:32:29Z,ADBE,Software - Application,leaders,274.25,269.66,11.36,273.47,272.37,277.03,269.92,0.46,failed_breakout,,,,,,,,,,,,
2026-08-21,pre_close,2026-08-21T19:32:29Z,ADSK,Software - Application,leaders,255.86,250.19,9.59,252.97,250.84,255.78,246.51,0.78,setting_up,,,,,,,,,,,,
2026-08-21,pre_close,2026-08-21T19:32:29Z,AR,Oil & Gas E&P,accel,38.18,37.38,1.11,37.99,37.76,38.2,37.45,0.86,failed_breakout,,,,,,,,,,,,
2026-08-21,pre_close,2026-08-21T19:32:29Z,ARWR,Biotechnology,leaders,88.45,85.9,3.55,86.57,87.04,88.46,85.96,-1.02,failed_breakout,,,,,,,,,,,,
2026-08-21,pre_close,2026-08-21T19:32:29Z,ASND,Biotechnology,leaders,260.98,253.21,8.46,256.07,254.81,253.62,252.87,0.49,setting_up,,,,,,,,,,,,
2026-08-21,pre_close,2026-08-21T19:32:29Z,BBIO,Biotechnology,leaders,84.36,82.63,2.96,82.14,82.89,83.37,81.63,-0.96,invalidated,,,,,,,,,,,,
2026-08-21,pre_close,2026-08-21T19:32:29Z,BIIB,Drug Manufacturers - General,leaders,221.29,214.16,6.59,217.26,218.13,219.12,217.0,1.36,setting_up,,,,,,,,,,,,
2026-08-21,pre_close,2026-08-21T19:32:29Z,BKNG,Travel Services,leaders,213.0,209.51,6.93,210.06,210.53,211.63,206.29,0.09,setting_up,,,,,,,,,,,,
2026-08-21,pre_close,2026-08-21T19:32:29Z,BMRN,Biotechnology,leaders,68.75,67.57,2.0,66.85,67.55,68.34,66.52,-1.23,invalidated,,,,,,,,,,,,
2026-08-21,pre_close,2026-08-21T19:32:29Z,BMY,Drug Manufacturers - General,leaders,67.54,65.45,1.75,67.21,65.79,67.55,65.13,2.65,failed_breakout,,,,,,,,,,,,
2026-08-21,pre_close,2026-08-21T19:32:29Z,BSP,Software - Application,leaders,41.47,38.71,4.39,41.03,39.93,41.4,38.99,2.76,setting_up,,,,,,,,,,,,
2026-08-21,pre_close,2026-08-21T19:32:29Z,BSY,Software - Application,leaders,36.51,35.19,1.53,36.86,36.34,37.33,35.8,1.26,triggered,0.6928104575163413,,,,,,,,,,,
2026-08-21,pre_close,2026-08-21T19:32:29Z,BVN,Other Precious Metals & Mining,emerging,35.17,33.35,1.46,35.27,35.42,35.72,34.66,3.25,gapped_through,0.4178082191780867,,,,,,,,,,,
2026-08-21,pre_close,2026-08-21T19:32:29Z,CCEP,Beverages - Non-Alcoholic,accel,107.83,106.39,2.28,107.8,107.3,108.62,107.17,0.89,failed_breakout,,,,,,,,,,,,
2026-08-21,pre_close,2026-08-21T19:32:29Z,CELH,Beverages - Non-Alcoholic,accel,33.25,31.97,1.79,33.24,32.4,33.49,32.03,2.15,failed_breakout,,,,,,,,,,,,
2026-08-21,pre_close,2026-08-21T19:32:29Z,CHRD,Oil & Gas E&P,accel,153.0,147.55,5.04,148.84,149.37,150.79,147.26,0.02,setting_up,,,,,,,,,,,,
2026-08-21,pre_close,2026-08-21T19:32:29Z,CNX,Oil & Gas E&P,accel,36.61,35.76,0.93,36.37,36.67,36.73,36.19,-0.25,gapped_through,0.19354838709677388,,,,,,,,,,,
2026-08-21,pre_close,2026-08-21T19:32:29Z,COKE,Beverages - Non-Alcoholic,accel,190.85,185.58,7.07,188.93,188.13,190.71,184.69,0.71,setting_up,,,,,,,,,,,,
2026-08-21,pre_close,2026-08-21T19:32:29Z,DHR,Diagnostics & Research,rs_new_high,220.67,208.21,6.97,218.52,215.58,220.25,213.46,1.21,setting_up,,,,,,,,,,,,
2026-08-21,pre_close,2026-08-21T19:32:29Z,DINO,Oil & Gas Refining & Marketing,leaders,96.39,92.18,3.41,97.1,93.36,97.63,93.47,4.72,triggered,1.0645161290322567,,,,,,,,,,,
2026-08-21,pre_close,2026-08-21T19:32:29Z,DT,Software - Application,leaders,49.98,49.03,2.03,48.87,49.24,49.6,48.08,-0.63,invalidated,,,,,,,,,,,,
2026-08-21,pre_close,2026-08-21T19:32:29Z,EOG,Oil & Gas E&P,accel,153.67,151.23,3.84,152.96,152.59,153.34,151.65,0.51,setting_up,,,,,,,,,,,,
2026-08-21,pre_close,2026-08-21T19:32:29Z,EXPE,Travel Services,leaders,328.62,322.76,12.15,323.01,327.41,330.0,320.67,-0.36,failed_breakout,,,,,,,,,,,,
2026-08-21,pre_close,2026-08-21T19:32:29Z,FANG,Oil & Gas E&P,accel,216.9,209.31,6.1,210.85,211.84,212.96,209.2,-0.08,setting_up,,,,,,,,,,,,
2026-08-21,pre_close,2026-08-21T19:32:29Z,FCX,Copper,leaders,71.51,67.72,2.76,76.87,74.52,77.33,74.4,7.93,gapped_through,0.8949275362318837,,,,,,,,,,,
2026-08-21,pre_close,2026-08-21T19:32:29Z,FIG,Software - Application,leaders,28.03,26.84,1.86,26.93,27.29,27.77,26.47,-1.39,setting_up,,,,,,,,,,,,
2026-08-21,pre_close,2026-08-21T19:32:29Z,FROG,Software - Application,leaders,91.94,88.27,5.32,91.31,89.64,91.83,86.04,1.77,setting_up,,,,,,,,,,,,
2026-08-21,pre_close,2026-08-21T19:32:29Z,GH,Diagnostics & Research,rs_new_high,171.74,161.55,7.81,169.55,167.25,170.5,165.01,1.0,setting_up,,,,,,,,,,,,
2026-08-21,pre_close,2026-08-21T19:32:29Z,GILD,Drug Manufacturers - General,leaders,146.82,143.19,4.03,146.59,144.58,147.9,143.5,2.2,failed_breakout,,,,,,,,,,,,
2026-08-21,pre_close,2026-08-21T19:32:29Z,GSK,Drug Manufacturers - General,leaders,52.63,51.86,1.2,52.42,51.35,52.51,51.39,0.89,setting_up,,,,,,,,,,,,
2026-08-21,pre_close,2026-08-21T19:32:29Z,HBM,Copper,leaders,28.19,26.78,1.31,30.0,28.85,30.07,28.85,6.59,gapped_through,0.8778625954198462,,,,,,,,,,,
2026-08-21,pre_close,2026-08-21T19:32:29Z,HCC,Coking Coal,accel,106.0,102.46,4.23,107.46,105.2,109.26,105.53,3.97,triggered,0.4562647754137098,,,,,,,,,,,
2026-08-21,pre_close,2026-08-21T19:32:29Z,HNGE,Health Information Services,rs_new_high,89.86,85.33,4.3,88.25,85.7,89.13,84.23,3.08,setting_up,,,,,,,,,,,,
2026-08-21,pre_close,2026-08-21T19:32:29Z,HQY,Health Information Services,rs_new_high,106.28,103.6,2.86,105.04,104.6,105.69,102.92,0.74,setting_up,,,,,,,,,,,,
2026-08-21,pre_close,2026-08-21T19:32:29Z,HUBS,Software - Application,leaders,244.08,236.0,17.55,239.62,237.67,245.39,232.02,-0.1,failed_breakout,,,,,,,,,,,,
2026-08-21,pre_close,2026-08-21T19:32:29Z,IBRX,Biotechnology,leaders,8.0,7.74,0.42,7.61,7.85,7.95,7.6,-3.0,invalidated,,,,,,,,,,,,
2026-08-21,pre_close,2026-08-21T19:32:29Z,ICLR,Diagnostics & Research,rs_new_high,180.88,170.17,7.7,172.78,174.26,179.02,173.02,-0.85,setting_up,,,,,,,,,,,,
2026-08-21,pre_close,2026-08-21T19:32:29Z,ILMN,Diagnostics & Research,rs_new_high,220.32,200.3,8.68,218.93,212.62,220.43,208.62,2.67,failed_breakout,,,,,,,,,,,,
2026-08-21,pre_close,2026-08-21T19:32:29Z,IMVT,Biotechnology,leaders,44.69,43.42,1.55,44.21,44.73,45.12,44.08,-0.32,gapped_through,0.08387096774193713,,,,,,,,,,,
2026-08-21,pre_close,2026-08-21T19:32:29Z,INCY,Biotechnology,leaders,129.8,126.71,3.73,128.19,126.74,129.92,126.51,0.76,failed_breakout,,,,,,,,,,,,
2026-08-21,pre_close,2026-08-21T19:32:29Z,INSM,Biotechnology,leaders,130.27,124.6,5.63,126.07,125.36,127.14,124.82,0.8,setting_up,,,,,,,,,,,,
2026-08-21,pre_close,2026-08-21T19:32:29Z,JAZZ,Biotechnology,leaders,254.93,245.76,7.23,254.42,248.75,255.85,248.7,2.3,failed_breakout,,,,,,,,,,,,
2026-08-21,pre_close,2026-08-21T19:32:29Z,JNJ,Drug Manufacturers - General,leaders,273.4,267.37,5.88,271.42,268.92,272.65,267.04,1.51,setting_up,,,,,,,,,,,,
2026-08-21,pre_close,2026-08-21T19:32:29Z,KDP,Beverages - Non-Alcoholic,accel,32.0,31.0,1.0,31.94,31.8,32.15,31.6,0.9,failed_breakout,,,,,,,,,,,,
2026-08-21,pre_close,2026-08-21T19:32:29Z,KO,Beverages - Non-Alcoholic,accel,91.86,89.73,1.67,90.72,90.75,90.96,90.32,0.24,setting_up,,,,,,,,,,,,
2026-08-21,pre_close,2026-08-21T19:32:29Z,KYMR,Biotechnology,leaders,125.45,121.13,5.03,121.51,122.87,125.71,120.14,0.01,failed_breakout,,,,,,,,,,,,
2026-08-21,pre_close,2026-08-21T19:32:29Z,LLY,Drug Manufacturers - General,leaders,1280.28,1243.23,41.98,1257.89,1231.51,1271.22,1230.71,1.08,setting_up,,,,,,,,,,,,
2026-08-21,pre_close,2026-08-21T19:32:29Z,MEDP,Diagnostics & Research,rs_new_high,627.59,597.41,20.18,622.14,612.64,629.0,614.13,1.55,failed_breakout,,,,,,,,,,,,
2026-08-21,pre_close,2026-08-21T19:32:29Z,MGY,Oil & Gas E&P,accel,28.38,27.73,0.88,28.18,28.22,28.37,28.03,-0.12,setting_up,,,,,,,,,,,,
2026-08-21,pre_close,2026-08-21T19:32:29Z,MMYT,Travel Services,leaders,63.2,60.66,2.65,60.52,61.78,62.18,60.56,-0.45,invalidated,,,,,,,,,,,,
2026-08-21,pre_close,2026-08-21T19:32:29Z,MNST,Beverages - Non-Alcoholic,accel,47.91,46.96,1.19,47.9,47.6,48.12,47.22,0.87,failed_breakout,,,,,,,,,,,,
2026-08-21,pre_close,2026-08-21T19:32:29Z,MSTR,Software - Application,leaders,113.74,108.35,6.57,118.83,119.63,121.9,115.85,5.73,gapped_through,0.45357686453576923,,,,,,,,,,,
2026-08-21,pre_close,2026-08-21T19:32:29Z,MTD,Diagnostics & Research,rs_new_high,1447.65,1387.67,38.73,1395.98,1385.99,1404.52,1377.43,0.2,setting_up,,,,,,,,,,,,
2026-08-21,pre_close,2026-08-21T19:32:29Z,MTDR,Oil & Gas E&P,accel,60.38,58.1,1.97,58.5,58.99,59.14,57.55,0.14,setting_up,,,,,,,,,,,,
2026-08-21,pre_close,2026-08-21T19:32:29Z,MUR,Oil & Gas E&P,accel,38.65,37.35,1.49,37.48,38.34,38.54,37.35,-2.09,setting_up,,,,,,,,,,,,
2026-08-21,pre_close,2026-08-21T19:32:29Z,NE,Oil & Gas Drilling,emerging,47.24,46.21,1.41,46.74,47.15,47.79,46.38,-0.51,failed_breakout,,,,,,,,,,,,
2026-08-21,pre_close,2026-08-21T19:32:29Z,NOW,Software - Application,leaders,131.15,127.1,6.46,128.04,130.18,131.16,127.47,-1.31,failed_breakout,,,,,,,,,,,,
2026-08-21,pre_close,2026-08-21T19:32:29Z,NVS,Drug Manufacturers - General,leaders,159.33,155.87,3.12,159.13,156.24,159.71,156.11,1.85,failed_breakout,,,,,,,,,,,,
2026-08-21,pre_close,2026-08-21T19:32:29Z,OR,Gold,rs_new_high,35.79,34.5,1.23,36.02,36.15,36.29,35.43,2.07,gapped_through,0.47967479674797026,,,,,,,,,,,
2026-08-21,pre_close,2026-08-21T19:32:29Z,ORKA,Biotechnology,leaders,109.0,103.14,5.49,108.22,105.69,109.52,101.5,3.2,failed_breakout,,,,,,,,,,,,
2026-08-21,pre_close,2026-08-21T19:32:29Z,PAAS,Gold,rs_new_high,52.16,49.51,2.29,53.01,53.24,53.29,52.15,2.09,gapped_through,0.37554585152838404,,,,,,,,,,,
2026-08-21,pre_close,2026-08-21T19:32:29Z,PAYX,Software - Application,leaders,124.17,122.25,3.5,123.43,122.91,124.56,121.78,0.42,failed_breakout,,,,,,,,,,,,
2026-08-21,pre_close,2026-08-21T19:32:29Z,PBF,Oil & Gas Refining & Marketing,leaders,74.99,69.25,4.02,72.93,70.3,74.05,70.67,4.84,setting_up,,,,,,,,,,,,
2026-08-21,pre_close,2026-08-21T19:32:29Z,PCVX,Biotechnology,leaders,62.91,60.8,2.4,62.96,60.67,63.98,61.85,2.63,triggered,0.4624999999999998,,,,,,,,,,,
2026-08-21,pre_close,2026-08-21T19:32:29Z,PRAX,Biotechnology,leaders,392.7,361.16,20.81,375.63,367.0,387.99,365.37,3.03,setting_up,,,,,,,,,,,,
2026-08-21,pre_close,2026-08-21T19:32:29Z,PTGX,Biotechnology,leaders,155.25,148.27,5.62,153.45,152.21,153.72,150.82,1.83,setting_up,,,,,,,,,,,,
2026-08-21,pre_close,2026-08-21T19:32:29Z,QGEN,Diagnostics & Research,rs_new_high,45.53,44.2,1.17,43.94,44.35,44.47,43.78,-2.14,invalidated,,,,,,,,,,,,
2026-08-21,pre_close,2026-08-21T19:32:29Z,RIG,Oil & Gas Drilling,emerging,6.06,5.93,0.23,5.95,6.05,6.14,5.91,-0.92,failed_breakout,,,,,,,,,,,,
2026-08-21,pre_close,2026-08-21T19:32:29Z,ROIV,Biotechnology,leaders,37.55,36.68,1.23,36.5,37.03,37.18,36.36,-0.92,invalidated,,,,,,,,,,,,
2026-08-21,pre_close,2026-08-21T19:32:29Z,ROP,Software - Application,leaders,412.63,405.44,12.11,409.96,409.95,413.54,409.95,-0.12,failed_breakout,,,,,,,,,,,,
2026-08-21,pre_close,2026-08-21T19:32:29Z,RPRX,Biotechnology,leaders,62.13,60.37,1.44,61.42,60.6,61.54,60.44,1.39,setting_up,,,,,,,,,,,,
2026-08-21,pre_close,2026-08-21T19:32:29Z,RRC,Oil & Gas E&P,accel,41.34,40.28,1.07,41.1,40.76,41.48,40.49,1.06,failed_breakout,,,,,,,,,,,,
2026-08-21,pre_close,2026-08-21T19:32:29Z,RVMD,Biotechnology,leaders,213.74,208.02,7.44,209.02,212.06,212.73,206.75,-1.28,setting_up,,,,,,,,,,,,
2026-08-21,pre_close,2026-08-21T19:32:29Z,RVTY,Diagnostics & Research,rs_new_high,124.49,116.96,4.01,124.21,123.87,124.92,121.51,0.07,failed_breakout,,,,,,,,,,,,
2026-08-21,pre_close,2026-08-21T19:32:29Z,RYTM,Biotechnology,leaders,114.61,108.73,4.76,110.26,109.31,112.59,108.93,1.23,setting_up,,,,,,,,,,,,
2026-08-21,pre_close,2026-08-21T19:32:29Z,SCCO,Copper,leaders,199.8,190.24,7.98,216.5,205.61,217.15,207.1,8.94,gapped_through,1.1779448621553892,,,,,,,,,,,
2026-08-21,pre_close,2026-08-21T19:32:29Z,SHC,Diagnostics & Research,rs_new_high,19.45,18.96,0.52,19.49,19.31,19.49,19.04,1.38,triggered,0.865384615384614,,,,,,,,,,,
2026-08-21,pre_close,2026-08-21T19:32:29Z,SHOP,Software - Application,leaders,148.39,144.12,6.57,148.79,147.65,149.45,145.09,1.09,triggered,0.5631659056316572,,,,,,,,,,,
2026-08-21,pre_close,2026-08-21T19:32:29Z,SNOW,Software - Application,leaders,325.0,317.12,12.72,329.2,324.9,329.58,314.25,2.46,triggered,1.1753144654088041,,,,,,,,,,,
2026-08-21,pre_close,2026-08-21T19:32:29Z,SUN,Oil & Gas Refining & Marketing,leaders,77.92,75.41,2.14,76.2,75.5,76.35,75.4,1.05,setting_up,,,,,,,,,,,,
2026-08-21,pre_close,2026-08-21T19:32:29Z,SYRE,Biotechnology,leaders,108.18,104.56,5.72,106.55,109.89,108.85,105.92,-1.15,gapped_through,0.11013986013985935,,,,,,,,,,,
2026-08-21,pre_close,2026-08-21T19:32:29Z,TCOM,Travel Services,leaders,46.57,45.64,1.12,46.25,46.53,46.53,45.9,-0.38,setting_up,,,,,,,,,,,,
2026-08-21,pre_close,2026-08-21T19:32:29Z,TECK,Copper,leaders,66.28,64.35,2.24,68.97,68.32,69.45,68.05,4.25,gapped_through,0.4107142857142864,,,,,,,,,,,
2026-08-21,pre_close,2026-08-21T19:32:29Z,TTAN,Software - Application,leaders,96.76,92.22,4.84,93.98,92.88,95.56,90.65,1.52,setting_up,,,,,,,,,,,,
2026-08-21,pre_close,2026-08-21T19:32:29Z,TYL,Software - Application,leaders,353.39,345.38,14.19,348.54,346.78,354.77,342.28,0.11,failed_breakout,,,,,,,,,,,,
2026-08-21,pre_close,2026-08-21T19:32:29Z,UBER,Software - Application,leaders,80.15,78.09,2.76,78.43,79.86,80.22,77.86,-0.15,failed_breakout,,,,,,,,,,,,
2026-08-21,pre_close,2026-08-21T19:32:29Z,VAL,Oil & Gas Drilling,emerging,89.85,88.04,3.26,88.5,89.98,91.21,87.82,-0.57,gapped_through,0.20858895705521682,,,,,,,,,,,
2026-08-21,pre_close,2026-08-21T19:32:29Z,VIST,Oil & Gas E&P,accel,72.59,70.26,3.08,69.59,70.6,71.53,69.28,-1.29,invalidated,,,,,,,,,,,,
2026-08-21,pre_close,2026-08-21T19:32:29Z,VRTX,Biotechnology,leaders,548.98,538.27,16.09,547.09,545.0,555.31,540.7,1.26,failed_breakout,,,,,,,,,,,,
2026-08-21,pre_close,2026-08-21T19:32:29Z,WAT,Diagnostics & Research,rs_new_high,421.74,403.43,12.47,412.26,404.02,412.95,399.31,1.87,setting_up,,,,,,,,,,,,
2026-08-24,pre_close,2026-08-24T19:32:06Z,ABBV,Drug Manufacturers - General,leaders,266.84,260.1,6.16,264.12,265.58,266.0,262.12,-0.32,setting_up,,,,,,,,,,,,
2026-08-24,pre_close,2026-08-24T19:32:06Z,ADBE,Software - Application,leaders,277.1,269.92,11.06,277.05,275.2,279.0,273.24,0.64,failed_breakout,,,,,,,,,,,,
2026-08-24,pre_close,2026-08-24T19:32:06Z,ALM,Other Industrial Metals & Mining,rs_new_high,19.06,18.0,1.28,18.35,18.69,18.75,17.93,-0.86,setting_up,,,,,,,,,,,,
2026-08-24,pre_close,2026-08-24T19:32:06Z,AR,Oil & Gas E&P,accel,38.21,37.45,1.08,37.93,37.87,38.42,37.63,-0.02,failed_breakout,,,,,,,,,,,,
2026-08-24,pre_close,2026-08-24T19:32:06Z,ARWR,Biotechnology,leaders,88.46,85.94,3.47,86.8,86.77,87.0,85.54,-0.36,setting_up,,,,,,,,,,,,
2026-08-24,pre_close,2026-08-24T19:32:06Z,ASND,Biotechnology,leaders,257.89,252.87,8.22,251.7,256.35,259.0,247.43,-0.63,invalidated,,,,,,,,,,,,
2026-08-24,pre_close,2026-08-24T19:32:06Z,BBIO,Biotechnology,leaders,83.37,81.36,2.89,81.25,81.03,81.68,80.16,-0.31,invalidated,,,,,,,,,,,,
2026-08-24,pre_close,2026-08-24T19:32:06Z,BIIB,Drug Manufacturers - General,leaders,219.12,215.0,6.46,216.91,217.0,217.15,213.99,0.06,setting_up,,,,,,,,,,,,
2026-08-24,pre_close,2026-08-24T19:32:06Z,BMRN,Biotechnology,leaders,68.34,66.52,1.99,65.25,66.68,66.57,64.71,-2.17,invalidated,,,,,,,,,,,,
2026-08-24,pre_close,2026-08-24T19:32:06Z,BMY,Drug Manufacturers - General,leaders,67.55,65.13,1.8,67.08,67.62,67.4,66.45,0.1,gapped_through,0.3499999999999975,,,,,,,,,,,
2026-08-24,pre_close,2026-08-24T19:32:06Z,BSP,Software - Application,leaders,41.6,38.98,4.26,42.03,41.35,42.26,40.05,1.65,triggered,0.46478873239436713,,,,,,,,,,,
2026-08-24,pre_close,2026-08-24T19:32:06Z,BSY,Software - Application,leaders,37.33,35.79,1.53,37.84,37.15,37.85,36.82,2.06,triggered,0.6666666666666687,,,,,,,,,,,
2026-08-24,pre_close,2026-08-24T19:32:06Z,BVN,Other Precious Metals & Mining,emerging,35.72,34.08,1.48,35.25,36.0,36.54,35.21,-0.62,gapped_through,0.027027027027026453,,,,,,,,,,,
2026-08-24,pre_close,2026-08-24T19:32:06Z,CCEP,Beverages - Non-Alcoholic,accel,108.62,107.17,2.24,109.54,109.2,110.57,109.13,1.43,gapped_through,0.1830357142857191,,,,,,,,,,,
2026-08-24,pre_close,2026-08-24T19:32:06Z,CELH,Beverages - Non-Alcoholic,accel,33.49,32.01,1.77,34.88,33.81,34.96,33.71,4.54,gapped_through,0.6610169491525433,,,,,,,,,,,
2026-08-24,pre_close,2026-08-24T19:32:06Z,CHRD,Oil & Gas E&P,accel,150.79,147.23,4.94,144.8,146.38,147.54,143.46,-2.06,invalidated,,,,,,,,,,,,
2026-08-24,pre_close,2026-08-24T19:32:06Z,CNX,Oil & Gas E&P,accel,36.73,36.19,0.9,36.46,36.63,37.03,36.18,0.28,failed_breakout,,,,,,,,,,,,
2026-08-24,pre_close,2026-08-24T19:32:06Z,COKE,Beverages - Non-Alcoholic,accel,190.74,184.69,6.99,191.94,189.25,193.95,190.52,1.5,triggered,0.20314735336194384,,,,,,,,,,,
2026-08-24,pre_close,2026-08-24T19:32:06Z,DBX,Software - Infrastructure,leaders,34.56,33.57,1.22,34.92,34.56,34.94,34.45,1.32,triggered,0.38524590163934336,,,,,,,,,,,
2026-08-24,pre_close,2026-08-24T19:32:06Z,DHR,Diagnostics & Research,leaders,220.25,213.46,6.96,214.82,217.09,218.32,214.71,-1.84,setting_up,,,,,,,,,,,,
2026-08-24,pre_close,2026-08-24T19:32:06Z,DT,Software - Application,leaders,49.6,48.08,1.99,49.56,49.41,49.87,48.93,0.53,failed_breakout,,,,,,,,,,,,
2026-08-24,pre_close,2026-08-24T19:32:06Z,EOG,Oil & Gas E&P,accel,153.44,151.65,3.69,149.93,152.61,153.37,148.91,-2.04,invalidated,,,,,,,,,,,,
2026-08-24,pre_close,2026-08-24T19:32:06Z,FANG,Oil & Gas E&P,accel,212.96,209.15,5.94,205.01,209.47,211.35,203.31,-2.71,invalidated,,,,,,,,,,,,
2026-08-24,pre_close,2026-08-24T19:32:06Z,FIG,Software - Application,leaders,27.78,26.47,1.82,27.42,26.95,27.6,26.63,1.16,setting_up,,,,,,,,,,,,
2026-08-24,pre_close,2026-08-24T19:32:06Z,FROG,Software - Application,leaders,92.32,86.04,5.39,90.63,90.84,91.36,88.59,-1.63,setting_up,,,,,,,,,,,,
2026-08-24,pre_close,2026-08-24T19:32:06Z,GDDY,Software - Infrastructure,leaders,97.9,95.51,4.81,100.68,97.11,100.81,97.53,3.71,triggered,0.6548856548856561,,,,,,,,,,,
2026-08-24,pre_close,2026-08-24T19:32:06Z,GEN,Software - Infrastructure,leaders,29.0,27.88,0.98,29.13,28.67,29.38,28.6,0.69,triggered,0.5408163265306097,,,,,,,,,,,
2026-08-24,pre_close,2026-08-24T19:32:06Z,GH,Diagnostics & Research,leaders,170.85,165.01,7.67,165.03,164.59,167.48,162.0,-3.32,setting_up,,,,,,,,,,,,
2026-08-24,pre_close,2026-08-24T19:32:06Z,GILD,Drug Manufacturers - General,leaders,147.9,143.5,4.06,146.32,145.86,146.76,144.59,0.14,setting_up,,,,,,,,,,,,
2026-08-24,pre_close,2026-08-24T19:32:06Z,GSK,Drug Manufacturers - General,leaders,52.57,51.35,1.2,51.63,51.55,51.95,51.4,-1.49,setting_up,,,,,,,,,,,,
2026-08-24,pre_close,2026-08-24T19:32:06Z,HNGE,Health Information Services,rs_new_high,89.14,84.23,4.35,89.96,88.42,92.23,88.01,1.75,triggered,0.4482758620689629,,,,,,,,,,,
2026-08-24,pre_close,2026-08-24T19:32:06Z,HQY,Health Information Services,rs_new_high,105.7,103.01,2.84,105.08,105.72,106.23,104.79,-0.31,gapped_through,0.10211267605633523,,,,,,,,,,,
2026-08-24,pre_close,2026-08-24T19:32:06Z,HUBS,Software - Application,leaders,245.51,232.02,17.26,243.7,239.64,244.99,238.4,1.54,setting_up,,,,,,,,,,,,
2026-08-24,pre_close,2026-08-24T19:32:06Z,IBRX,Biotechnology,leaders,7.95,7.6,0.41,7.56,7.68,7.72,7.46,-2.93,invalidated,,,,,,,,,,,,
2026-08-24,pre_close,2026-08-24T19:32:06Z,ICLR,Diagnostics & Research,leaders,179.02,172.03,7.65,172.86,170.81,173.07,168.38,0.37,setting_up,,,,,,,,,,,,
2026-08-24,pre_close,2026-08-24T19:32:06Z,ILMN,Diagnostics & Research,leaders,220.43,208.5,8.91,221.59,216.21,221.94,212.37,1.0,triggered,1.0347923681257014,,,,,,,,,,,
2026-08-24,pre_close,2026-08-24T19:32:06Z,IMVT,Biotechnology,leaders,45.12,44.08,1.52,43.6,44.07,44.03,43.2,-1.75,invalidated,,,,,,,,,,,,
2026-08-24,pre_close,2026-08-24T19:32:06Z,INCY,Biotechnology,leaders,129.92,125.6,3.77,127.86,127.75,128.21,126.71,0.04,setting_up,,,,,,,,,,,,
2026-08-24,pre_close,2026-08-24T19:32:06Z,INSM,Biotechnology,leaders,127.2,124.82,5.4,124.38,125.54,126.0,122.87,-1.11,invalidated,,,,,,,,,,,,
2026-08-24,pre_close,2026-08-24T19:32:06Z,IOT,Software - Infrastructure,leaders,40.01,38.01,2.08,40.46,39.4,41.22,39.58,1.29,triggered,0.4230769230769243,,,,,,,,,,,
2026-08-24,pre_close,2026-08-24T19:32:06Z,JAZZ,Biotechnology,leaders,255.85,248.55,7.23,253.35,253.27,253.75,250.44,-0.37,setting_up,,,,,,,,,,,,
2026-08-24,pre_close,2026-08-24T19:32:06Z,JNJ,Drug Manufacturers - General,leaders,272.65,267.0,5.86,272.44,270.24,273.98,268.57,0.81,failed_breakout,,,,,,,,,,,,
2026-08-24,pre_close,2026-08-24T19:32:06Z,KDP,Beverages - Non-Alcoholic,accel,32.15,31.6,0.96,32.34,32.11,32.78,32.19,0.94,triggered,0.15625000000000594,,,,,,,,,,,
2026-08-24,pre_close,2026-08-24T19:32:06Z,KRYS,Biotechnology,leaders,348.03,335.72,12.93,341.1,345.5,345.98,337.09,-1.58,setting_up,,,,,,,,,,,,
2026-08-24,pre_close,2026-08-24T19:32:06Z,KYMR,Biotechnology,leaders,125.71,119.77,5.09,120.22,119.8,121.11,117.0,0.35,setting_up,,,,,,,,,,,,
2026-08-24,pre_close,2026-08-24T19:32:06Z,LLY,Drug Manufacturers - General,leaders,1271.22,1230.0,41.92,1247.6,1260.2,1264.59,1230.97,-0.62,setting_up,,,,,,,,,,,,
2026-08-24,pre_close,2026-08-24T19:32:06Z,MDB,Software - Infrastructure,leaders,431.92,415.01,20.81,404.42,424.54,424.77,401.23,-6.13,invalidated,,,,,,,,,,,,
2026-08-24,pre_close,2026-08-24T19:32:06Z,MEDP,Diagnostics & Research,leaders,629.69,600.01,20.86,617.18,614.73,622.49,612.0,-0.57,setting_up,,,,,,,,,,,,
2026-08-24,pre_close,2026-08-24T19:32:06Z,MGY,Oil & Gas E&P,accel,28.37,28.03,0.84,27.17,27.94,27.94,27.05,-3.46,invalidated,,,,,,,,,,,,
2026-08-24,pre_close,2026-08-24T19:32:06Z,MNST,Beverages - Non-Alcoholic,accel,48.12,47.22,1.17,48.56,48.17,49.12,47.7,1.62,gapped_through,0.7350427350427347,,,,,,,,,,,
2026-08-24,pre_close,2026-08-24T19:32:06Z,MSTR,Software - Application,leaders,121.91,115.8,6.78,122.51,121.76,127.9,119.38,2.73,triggered,0.4616519174041312,,,,,,,,,,,
2026-08-24,pre_close,2026-08-24T19:32:06Z,MTD,Diagnostics & Research,leaders,1404.52,1377.1,37.92,1404.46,1378.61,1419.1,1385.68,0.66,failed_breakout,,,,,,,,,,,,
2026-08-24,pre_close,2026-08-24T19:32:06Z,MTDR,Oil & Gas E&P,accel,59.14,57.55,1.94,57.6,57.62,58.33,56.34,-1.34,setting_up,,,,,,,,,,,,
2026-08-24,pre_close,2026-08-24T19:32:06Z,MUR,Oil & Gas E&P,accel,38.54,37.35,1.47,36.0,37.06,37.13,35.58,-3.77,invalidated,,,,,,,,,,,,
2026-08-24,pre_close,2026-08-24T19:32:06Z,NE,Oil & Gas Drilling,emerging,47.79,46.24,1.42,45.9,45.74,45.95,44.37,-0.81,invalidated,,,,,,,,,,,,
2026-08-24,pre_close,2026-08-24T19:32:06Z,NET,Software - Infrastructure,leaders,293.57,274.03,16.46,282.95,288.47,289.98,281.55,-3.47,setting_up,,,,,,,,,,,,
2026-08-24,pre_close,2026-08-24T19:32:06Z,NOW,Software - Application,leaders,131.18,127.47,6.27,128.79,128.04,130.15,127.61,0.24,setting_up,,,,,,,,,,,,
2026-08-24,pre_close,2026-08-24T19:32:06Z,NTAP,Software - Infrastructure,leaders,195.24,192.09,7.25,187.51,190.95,194.99,185.94,-2.48,invalidated,,,,,,,,,,,,
2026-08-24,pre_close,2026-08-24T19:32:06Z,NTSK,Software - Infrastructure,leaders,14.56,13.92,0.86,14.09,14.47,14.48,13.98,-2.93,setting_up,,,,,,,,,,,,
2026-08-24,pre_close,2026-08-24T19:32:06Z,NVS,Drug Manufacturers - General,leaders,159.71,156.1,3.16,157.85,157.21,158.46,156.77,-0.63,setting_up,,,,,,,,,,,,
2026-08-24,pre_close,2026-08-24T19:32:06Z,ORCL,Software - Infrastructure,leaders,148.35,142.6,7.05,143.1,145.12,145.12,141.26,-2.3,setting_up,,,,,,,,,,,,
2026-08-24,pre_close,2026-08-24T19:32:06Z,ORKA,Biotechnology,leaders,109.52,103.86,5.51,103.18,107.08,106.75,101.29,-4.43,invalidated,,,,,,,,,,,,
2026-08-24,pre_close,2026-08-24T19:32:06Z,PAAS,Gold,rs_new_high,53.29,52.15,2.22,53.53,53.53,53.71,52.32,0.87,gapped_through,0.5450450450450454,,,,,,,,,,,
2026-08-24,pre_close,2026-08-24T19:32:06Z,PANW,Software - Infrastructure,leaders,360.49,343.01,15.4,350.35,356.06,357.38,347.19,-2.1,setting_up,,,,,,,,,,,,
2026-08-24,pre_close,2026-08-24T19:32:06Z,PAYX,Software - Application,leaders,124.78,121.73,3.47,125.89,124.99,127.09,124.61,1.14,gapped_through,0.36887608069164296,,,,,,,,,,,
2026-08-24,pre_close,2026-08-24T19:32:06Z,PBF,Oil & Gas Refining & Marketing,leaders,74.05,70.02,4.05,69.44,72.95,73.5,69.05,-5.56,invalidated,,,,,,,,,,,,
2026-08-24,pre_close,2026-08-24T19:32:06Z,PCVX,Biotechnology,leaders,63.98,61.6,2.42,61.94,62.3,62.3,61.23,-1.08,setting_up,,,,,,,,,,,,
2026-08-24,pre_close,2026-08-24T19:32:06Z,PRAX,Biotechnology,leaders,387.99,365.37,21.0,367.41,368.5,372.82,360.19,-2.27,setting_up,,,,,,,,,,,,
2026-08-24,pre_close,2026-08-24T19:32:06Z,PTGX,Biotechnology,leaders,154.95,150.82,5.52,154.1,154.15,154.32,150.0,-0.14,setting_up,,,,,,,,,,,,
2026-08-24,pre_close,2026-08-24T19:32:06Z,QGEN,Diagnostics & Research,leaders,44.47,43.78,1.17,42.01,43.96,44.06,41.61,-4.67,invalidated,,,,,,,,,,,,
2026-08-24,pre_close,2026-08-24T19:32:06Z,QLYS,Software - Infrastructure,leaders,183.59,176.61,8.99,179.09,182.18,182.29,175.61,-1.59,setting_up,,,,,,,,,,,,
2026-08-24,pre_close,2026-08-24T19:32:06Z,RDNT,Diagnostics & Research,leaders,78.29,75.86,2.97,74.61,76.98,76.98,74.09,-2.87,invalidated,,,,,,,,,,,,
2026-08-24,pre_close,2026-08-24T19:32:06Z,RIG,Oil & Gas Drilling,emerging,6.14,5.91,0.23,5.74,5.83,5.85,5.66,-3.04,invalidated,,,,,,,,,,,,
2026-08-24,pre_close,2026-08-24T19:32:06Z,RIO,Other Industrial Metals & Mining,rs_new_high,105.39,104.14,2.5,104.93,105.25,105.84,104.26,-0.35,failed_breakout,,,,,,,,,,,,
2026-08-24,pre_close,2026-08-24T19:32:06Z,ROIV,Biotechnology,leaders,37.18,36.22,1.21,36.51,37.06,36.56,35.71,0.59,setting_up,,,,,,,,,,,,
2026-08-24,pre_close,2026-08-24T19:32:06Z,ROP,Software - Application,leaders,413.54,403.33,11.98,414.95,414.03,418.74,412.08,0.77,gapped_through,0.2395659432387316,,,,,,,,,,,
2026-08-24,pre_close,2026-08-24T19:32:06Z,RPRX,Biotechnology,leaders,61.6,60.37,1.43,61.03,61.12,61.53,60.8,-0.45,setting_up,,,,,,,,,,,,
2026-08-24,pre_close,2026-08-24T19:32:06Z,RRC,Oil & Gas E&P,accel,41.48,40.49,1.06,41.12,41.06,41.5,40.75,0.14,failed_breakout,,,,,,,,,,,,
2026-08-24,pre_close,2026-08-24T19:32:06Z,RVMD,Biotechnology,leaders,212.74,206.75,7.34,211.37,209.14,211.95,205.39,0.91,setting_up,,,,,,,,,,,,
2026-08-24,pre_close,2026-08-24T19:32:06Z,RVTY,Diagnostics & Research,leaders,124.97,121.51,3.97,122.69,124.5,124.38,123.0,-1.65,setting_up,,,,,,,,,,,,
2026-08-24,pre_close,2026-08-24T19:32:06Z,RYTM,Biotechnology,leaders,112.59,106.58,4.85,111.81,112.19,112.54,109.89,1.65,setting_up,,,,,,,,,,,,
2026-08-24,pre_close,2026-08-24T19:32:06Z,S,Software - Infrastructure,leaders,21.28,20.43,1.0,20.93,21.11,21.13,20.67,-1.21,setting_up,,,,,,,,,,,,
2026-08-24,pre_close,2026-08-24T19:32:06Z,SAIL,Software - Infrastructure,leaders,18.84,17.96,0.92,18.2,18.76,18.78,18.06,-2.38,setting_up,,,,,,,,,,,,
2026-08-24,pre_close,2026-08-24T19:32:06Z,SHC,Diagnostics & Research,leaders,19.63,19.04,0.52,19.14,19.48,19.52,18.98,-2.17,setting_up,,,,,,,,,,,,
2026-08-24,pre_close,2026-08-24T19:32:06Z,SHOP,Software - Application,leaders,149.46,145.09,6.41,149.71,148.4,151.63,146.8,0.31,triggered,0.4539781591263645,,,,,,,,,,,
2026-08-24,pre_close,2026-08-24T19:32:06Z,SUN,Oil & Gas Refining & Marketing,leaders,76.6,75.34,2.07,76.31,75.9,76.45,74.9,0.61,setting_up,,,,,,,,,,,,
2026-08-24,pre_close,2026-08-24T19:32:06Z,SYRE,Biotechnology,leaders,110.0,105.71,5.61,107.68,106.49,107.94,105.0,1.11,setting_up,,,,,,,,,,,,
2026-08-24,pre_close,2026-08-24T19:32:06Z,TECK,Copper,leaders,69.46,68.0,2.32,70.1,69.53,70.21,68.83,1.3,gapped_through,0.5474137931034466,,,,,,,,,,,
2026-08-24,pre_close,2026-08-24T19:32:06Z,TGTX,Biotechnology,leaders,56.87,49.97,2.42,55.89,53.19,55.94,52.0,2.98,setting_up,,,,,,,,,,,,
2026-08-24,pre_close,2026-08-24T19:32:06Z,TTAN,Software - Application,leaders,95.56,90.56,4.85,95.77,94.39,95.77,93.7,0.95,triggered,0.42680412371133886,,,,,,,,,,,
2026-08-24,pre_close,2026-08-24T19:32:06Z,TWLO,Software - Infrastructure,leaders,225.7,215.79,12.58,222.95,223.89,226.45,219.46,-1.04,failed_breakout,,,,,,,,,,,,
2026-08-24,pre_close,2026-08-24T19:32:06Z,TYL,Software - Application,leaders,354.77,342.27,14.07,356.52,350.49,359.77,351.29,1.65,triggered,0.3717128642501749,,,,,,,,,,,
2026-08-24,pre_close,2026-08-24T19:32:06Z,UBER,Software - Application,leaders,80.22,77.85,2.74,79.03,78.95,79.52,77.9,0.29,setting_up,,,,,,,,,,,,
2026-08-24,pre_close,2026-08-24T19:32:06Z,VAL,Oil & Gas Drilling,emerging,91.22,87.71,3.28,85.39,86.6,86.57,83.96,-2.69,invalidated,,,,,,,,,,,,
2026-08-24,pre_close,2026-08-24T19:32:06Z,VALE,Other Industrial Metals & Mining,rs_new_high,14.69,14.42,0.38,14.99,14.63,15.22,14.62,2.73,triggered,0.9736842105263184,,,,,,,,,,,
2026-08-24,pre_close,2026-08-24T19:32:06Z,VIST,Oil & Gas E&P,accel,71.53,69.28,3.02,70.51,69.5,70.75,68.38,1.34,setting_up,,,,,,,,,,,,
2026-08-24,pre_close,2026-08-24T19:32:06Z,VRSN,Software - Infrastructure,leaders,282.34,275.94,8.54,290.51,281.99,292.46,281.81,3.09,triggered,1.0187353629976568,,,,,,,,,,,
2026-08-24,pre_close,2026-08-24T19:32:06Z,VRTX,Biotechnology,leaders,555.32,540.7,16.02,547.92,548.98,550.61,542.42,-0.02,setting_up,,,,,,,,,,,,
2026-08-24,pre_close,2026-08-24T19:32:06Z,WAT,Diagnostics & Research,leaders,412.95,396.0,12.79,409.92,406.42,410.34,401.6,-0.19,setting_up,,,,,,,,,,,,
2026-08-24,pre_close,2026-08-24T19:32:06Z,XYZ,Software - Infrastructure,leaders,82.29,79.27,2.71,81.56,81.05,83.95,81.32,-0.73,failed_breakout,,,,,,,,,,,,
2026-08-25,pre_close,2026-08-25T19:32:00Z,ADBE,Software - Application,leaders,279.0,273.24,10.69,273.38,271.31,275.7,269.86,-1.05,setting_up,,,,,,,,,,,,
2026-08-25,pre_close,2026-08-25T19:32:00Z,ALM,Other Industrial Metals & Mining,rs_new_high,18.75,17.92,1.25,18.77,18.31,19.0,17.8,2.71,triggered,0.7759999999999991,,,,,,,,,,,
2026-08-25,pre_close,2026-08-25T19:32:00Z,ARE,REIT - Office,accel,54.71,53.07,2.05,52.53,53.65,54.55,52.36,-2.79,invalidated,,,,,,,,,,,,
2026-08-25,pre_close,2026-08-25T19:32:00Z,ARGX,Biotechnology,leaders,1031.18,1001.51,34.17,1019.72,1021.1,1030.36,1015.34,0.85,setting_up,,,,,,,,,,,,
2026-08-25,pre_close,2026-08-25T19:32:00Z,ARWR,Biotechnology,leaders,87.01,85.5,3.34,88.4,87.92,90.21,86.1,1.93,gapped_through,0.6886227544910214,,,,,,,,,,,
2026-08-25,pre_close,2026-08-25T19:32:00Z,BBIO,Biotechnology,leaders,81.68,80.16,2.8,80.62,82.0,82.5,80.3,-0.56,gapped_through,0.11428571428571693,,,,,,,,,,,
2026-08-25,pre_close,2026-08-25T19:32:00Z,BKNG,Travel Services,leaders,215.05,210.79,6.71,213.29,214.1,214.5,211.87,-0.03,setting_up,,,,,,,,,,,,
2026-08-25,pre_close,2026-08-25T19:32:00Z,BMRN,Biotechnology,leaders,67.18,64.71,2.02,66.05,65.03,66.33,65.02,1.51,setting_up,,,,,,,,,,,,
2026-08-25,pre_close,2026-08-25T19:32:00Z,BSP,Software - Application,leaders,42.26,40.05,4.11,42.29,41.18,42.89,40.83,2.71,triggered,0.3552311435523116,,,,,,,,,,,
2026-08-25,pre_close,2026-08-25T19:32:00Z,BSY,Software - Application,leaders,37.95,36.82,1.5,36.85,37.08,37.79,36.59,-2.2,setting_up,,,,,,,,,,,,
2026-08-25,pre_close,2026-08-25T19:32:00Z,BVN,Other Precious Metals & Mining,rs_new_high,36.54,35.03,1.48,35.97,34.65,36.12,34.66,2.19,setting_up,,,,,,,,,,,,
2026-08-25,pre_close,2026-08-25T19:32:00Z,BXP,REIT - Office,accel,70.09,67.79,1.82,71.55,70.64,71.64,69.99,2.23,gapped_through,0.8571428571428583,,,,,,,,,,,
2026-08-25,pre_close,2026-08-25T19:32:00Z,CACC,Credit Services,accel,607.67,594.85,18.62,605.52,608.94,610.0,602.49,0.41,gapped_through,0.16272824919441314,,,,,,,,,,,
2026-08-25,pre_close,2026-08-25T19:32:00Z,CCEP,Beverages - Non-Alcoholic,accel,110.57,109.13,2.27,109.94,109.85,110.22,109.39,-0.17,setting_up,,,,,,,,,,,,
2026-08-25,pre_close,2026-08-25T19:32:00Z,CDP,REIT - Office,accel,37.83,37.29,0.62,37.53,37.51,37.82,37.22,0.17,setting_up,,,,,,,,,,,,
2026-08-25,pre_close,2026-08-25T19:32:00Z,COF,Credit Services,accel,221.51,216.13,5.41,216.66,217.89,218.09,214.97,0.18,setting_up,,,,,,,,,,,,
2026-08-25,pre_close,2026-08-25T19:32:00Z,COKE,Beverages - Non-Alcoholic,accel,193.95,189.99,6.84,195.87,190.95,196.51,190.91,1.7,triggered,0.7251461988304105,,,,,,,,,,,
2026-08-25,pre_close,2026-08-25T19:32:00Z,CPAY,Software - Infrastructure,leaders,420.46,412.08,10.74,413.83,414.79,415.94,409.0,-0.02,setting_up,,,,,,,,,,,,
2026-08-25,pre_close,2026-08-25T19:32:00Z,DBX,Software - Infrastructure,leaders,34.98,34.45,1.17,34.56,34.61,34.82,34.19,-0.92,setting_up,,,,,,,,,,,,
2026-08-25,pre_close,2026-08-25T19:32:00Z,DHR,Diagnostics & Research,leaders,218.34,213.88,6.82,215.2,213.86,216.77,212.24,0.04,setting_up,,,,,,,,,,,,
2026-08-25,pre_close,2026-08-25T19:32:00Z,DINO,Oil & Gas Refining & Marketing,leaders,98.39,93.9,3.59,93.82,94.79,95.49,94.12,-1.43,invalidated,,,,,,,,,,,,
2026-08-25,pre_close,2026-08-25T19:32:00Z,DT,Software - Application,leaders,49.87,48.91,1.92,50.1,50.62,51.35,49.6,2.14,gapped_through,0.2604166666666667,,,,,,,,,,,
2026-08-25,pre_close,2026-08-25T19:32:00Z,ENVA,Credit Services,accel,249.82,242.0,8.83,242.26,255.0,251.54,241.46,-2.18,gapped_through,0.09060022650056432,,,,,,,,,,,
2026-08-25,pre_close,2026-08-25T19:32:00Z,EXEL,Biotechnology,leaders,54.79,53.39,1.63,56.32,55.23,56.36,55.1,3.24,gapped_through,0.748466257668711,,,,,,,,,,,
2026-08-25,pre_close,2026-08-25T19:32:00Z,FCFS,Credit Services,accel,238.38,223.3,8.93,228.74,236.03,236.43,229.02,-3.25,setting_up,,,,,,,,,,,,
2026-08-25,pre_close,2026-08-25T19:32:00Z,FIG,Software - Application,leaders,27.6,26.63,1.76,27.33,27.2,27.94,26.86,-0.38,failed_breakout,,,,,,,,,,,,
2026-08-25,pre_close,2026-08-25T19:32:00Z,FROG,Software - Application,leaders,91.36,88.43,5.27,89.26,92.25,93.0,87.67,-0.98,gapped_through,0.30170777988614866,,,,,,,,,,,
2026-08-25,pre_close,2026-08-25T19:32:00Z,GDDY,Software - Infrastructure,leaders,100.95,97.11,4.74,99.64,99.47,101.21,98.6,-0.88,failed_breakout,,,,,,,,,,,,
2026-08-25,pre_close,2026-08-25T19:32:00Z,GEN,Software - Infrastructure,leaders,29.38,28.6,0.96,29.16,28.95,29.17,28.47,0.17,setting_up,,,,,,,,,,,,
2026-08-25,pre_close,2026-08-25T19:32:00Z,GH,Diagnostics & Research,leaders,167.48,162.0,7.74,164.43,164.54,167.9,161.5,0.77,failed_breakout,,,,,,,,,,,,
2026-08-25,pre_close,2026-08-25T19:32:00Z,HBM,Copper,leaders,30.59,29.08,1.37,30.75,29.19,30.8,29.1,3.9,triggered,1.2043795620437945,,,,,,,,,,,
2026-08-25,pre_close,2026-08-25T19:32:00Z,HNGE,Health Information Services,leaders,92.23,87.46,4.38,88.95,90.2,91.89,86.7,-1.14,setting_up,,,,,,,,,,,,
2026-08-25,pre_close,2026-08-25T19:32:00Z,HUBS,Software - Application,leaders,244.99,237.73,16.55,236.75,239.84,246.15,234.13,-3.04,invalidated,,,,,,,,,,,,
2026-08-25,pre_close,2026-08-25T19:32:00Z,ICLR,Diagnostics & Research,leaders,174.44,168.38,7.53,168.32,172.69,172.99,168.19,-2.97,invalidated,,,,,,,,,,,,
2026-08-25,pre_close,2026-08-25T19:32:00Z,IDCC,Software - Application,leaders,345.98,335.14,12.02,344.87,337.24,346.44,340.14,1.11,failed_breakout,,,,,,,,,,,,
2026-08-25,pre_close,2026-08-25T19:32:00Z,ILMN,Diagnostics & Research,leaders,223.97,212.37,9.1,225.65,224.0,226.84,217.39,1.09,gapped_through,0.9076923076923098,,,,,,,,,,,
2026-08-25,pre_close,2026-08-25T19:32:00Z,IMVT,Biotechnology,leaders,44.04,43.2,1.49,43.54,43.72,44.01,43.29,0.51,setting_up,,,,,,,,,,,,
2026-08-25,pre_close,2026-08-25T19:32:00Z,INCY,Biotechnology,leaders,128.36,126.31,3.65,130.09,128.98,130.8,127.5,1.65,gapped_through,0.7095890410958914,,,,,,,,,,,
2026-08-25,pre_close,2026-08-25T19:32:00Z,INSM,Biotechnology,leaders,126.11,122.83,5.25,123.89,124.65,127.18,123.19,-0.08,failed_breakout,,,,,,,,,,,,
2026-08-25,pre_close,2026-08-25T19:32:00Z,IOT,Software - Infrastructure,leaders,41.24,39.4,2.06,39.05,39.82,40.84,38.58,-3.18,invalidated,,,,,,,,,,,,
2026-08-25,pre_close,2026-08-25T19:32:00Z,JAZZ,Biotechnology,leaders,254.7,250.44,7.02,258.84,256.36,266.38,254.59,1.72,gapped_through,0.6054131054131014,,,,,,,,,,,
2026-08-25,pre_close,2026-08-25T19:32:00Z,KDP,Beverages - Non-Alcoholic,accel,32.78,32.19,0.95,31.83,32.45,32.51,31.78,-2.11,invalidated,,,,,,,,,,,,
2026-08-25,pre_close,2026-08-25T19:32:00Z,KYMR,Biotechnology,leaders,121.56,116.46,5.09,126.0,122.81,127.85,121.69,4.09,gapped_through,0.846758349705305,,,,,,,,,,,
2026-08-25,pre_close,2026-08-25T19:32:00Z,MDB,Software - Infrastructure,leaders,425.33,401.0,21.45,403.52,406.51,415.71,397.72,0.21,setting_up,,,,,,,,,,,,
2026-08-25,pre_close,2026-08-25T19:32:00Z,MDLZ,Confectioners,emerging,65.54,64.29,1.42,63.06,64.38,64.38,62.96,-2.53,invalidated,,,,,,,,,,,,
2026-08-25,pre_close,2026-08-25T19:32:00Z,MEDP,Diagnostics & Research,leaders,622.49,612.0,20.12,610.59,620.01,621.46,608.03,-1.52,invalidated,,,,,,,,,,,,
2026-08-25,pre_close,2026-08-25T19:32:00Z,MMYT,Travel Services,leaders,60.69,59.06,2.53,60.53,58.81,61.56,60.13,0.33,failed_breakout,,,,,,,,,,,,
2026-08-25,pre_close,2026-08-25T19:32:00Z,MNST,Beverages - Non-Alcoholic,accel,49.12,48.09,1.18,48.67,48.86,49.16,48.34,-0.5,failed_breakout,,,,,,,,,,,,
2026-08-25,pre_close,2026-08-25T19:32:00Z,MP,Other Industrial Metals & Mining,rs_new_high,60.17,56.12,3.47,59.7,57.27,59.99,55.6,3.97,setting_up,,,,,,,,,,,,
2026-08-25,pre_close,2026-08-25T19:32:00Z,MTD,Diagnostics & Research,leaders,1419.1,1385.68,37.6,1400.9,1427.24,1421.78,1395.98,0.14,gapped_through,0.13085106382978917,,,,,,,,,,,
2026-08-25,pre_close,2026-08-25T19:32:00Z,NET,Software - Infrastructure,leaders,289.98,280.18,16.21,277.62,284.91,287.0,273.46,-0.97,invalidated,,,,,,,,,,,,
2026-08-25,pre_close,2026-08-25T19:32:00Z,NOW,Software - Application,leaders,130.15,127.59,6.0,126.71,125.96,129.8,125.56,-1.04,invalidated,,,,,,,,,,,,
2026-08-25,pre_close,2026-08-25T19:32:00Z,NTAP,Software - Infrastructure,leaders,194.99,185.7,7.39,186.76,185.89,191.48,185.27,-0.05,setting_up,,,,,,,,,,,,
2026-08-25,pre_close,2026-08-25T19:32:00Z,NTSK,Software - Infrastructure,leaders,14.54,13.98,0.84,13.47,14.09,14.31,13.34,-4.1,invalidated,,,,,,,,,,,,
2026-08-25,pre_close,2026-08-25T19:32:00Z,OMF,Credit Services,accel,64.23,62.8,1.59,63.15,63.22,63.46,62.25,0.41,setting_up,,,,,,,,,,,,
2026-08-25,pre_close,2026-08-25T19:32:00Z,PAAS,Gold,rs_new_high,53.71,52.32,2.16,53.96,52.45,54.05,52.35,0.62,triggered,0.74537037037037,,,,,,,,,,,
2026-08-25,pre_close,2026-08-25T19:32:00Z,PANW,Software - Infrastructure,leaders,357.87,347.05,15.07,340.31,353.83,353.48,335.77,-3.02,invalidated,,,,,,,,,,,,
2026-08-25,pre_close,2026-08-25T19:32:00Z,PBF,Oil & Gas Refining & Marketing,leaders,73.5,68.93,4.09,66.87,68.94,70.29,66.69,-3.8,invalidated,,,,,,,,,,,,
2026-08-25,pre_close,2026-08-25T19:32:00Z,PCVX,Biotechnology,leaders,63.05,61.23,2.38,61.52,62.3,62.97,61.29,-0.57,setting_up,,,,,,,,,,,,
2026-08-25,pre_close,2026-08-25T19:32:00Z,PRAX,Biotechnology,leaders,375.94,360.19,20.62,367.99,374.12,382.38,361.98,-0.01,failed_breakout,,,,,,,,,,,,
2026-08-25,pre_close,2026-08-25T19:32:00Z,PTGX,Biotechnology,leaders,158.08,149.94,5.71,151.78,155.84,157.27,151.37,-1.9,setting_up,,,,,,,,,,,,
2026-08-25,pre_close,2026-08-25T19:32:00Z,QGEN,Diagnostics & Research,leaders,44.06,41.42,1.27,43.51,42.29,43.83,42.12,4.13,setting_up,,,,,,,,,,,,
2026-08-25,pre_close,2026-08-25T19:32:00Z,QLYS,Software - Infrastructure,leaders,182.95,175.61,8.88,176.4,178.19,180.0,173.54,-1.15,setting_up,,,,,,,,,,,,
2026-08-25,pre_close,2026-08-25T19:32:00Z,RDNT,Diagnostics & Research,leaders,77.5,74.01,3.01,76.93,75.16,76.82,74.0,2.99,setting_up,,,,,,,,,,,,
2026-08-25,pre_close,2026-08-25T19:32:00Z,RELY,Software - Infrastructure,leaders,26.82,26.26,1.16,26.03,26.58,26.59,25.83,-2.09,invalidated,,,,,,,,,,,,
2026-08-25,pre_close,2026-08-25T19:32:00Z,RIO,Other Industrial Metals & Mining,rs_new_high,105.84,104.26,2.44,106.71,105.02,106.74,104.8,1.83,triggered,0.7827868852459002,,,,,,,,,,,
2026-08-25,pre_close,2026-08-25T19:32:00Z,ROIV,Biotechnology,leaders,36.57,35.71,1.19,36.54,36.87,37.29,36.32,0.51,gapped_through,0.184873949579831,,,,,,,,,,,
2026-08-25,pre_close,2026-08-25T19:32:00Z,RPRX,Biotechnology,leaders,61.54,60.8,1.38,62.28,61.33,62.44,60.88,1.56,triggered,1.0144927536231874,,,,,,,,,,,
2026-08-25,pre_close,2026-08-25T19:32:00Z,RVMD,Biotechnology,leaders,211.95,205.39,7.28,212.2,214.27,215.99,209.81,0.29,gapped_through,0.3282967032967014,,,,,,,,,,,
2026-08-25,pre_close,2026-08-25T19:32:00Z,RVTY,Diagnostics & Research,leaders,124.89,121.38,3.94,124.62,124.51,124.94,122.46,1.32,failed_breakout,,,,,,,,,,,,
2026-08-25,pre_close,2026-08-25T19:32:00Z,RYTM,Biotechnology,leaders,113.6,109.89,4.77,112.46,112.73,114.07,111.83,0.92,failed_breakout,,,,,,,,,,,,
2026-08-25,pre_close,2026-08-25T19:32:00Z,SAIL,Software - Infrastructure,leaders,18.78,18.06,0.9,17.81,18.16,18.35,17.67,-1.77,invalidated,,,,,,,,,,,,
2026-08-25,pre_close,2026-08-25T19:32:00Z,SCCO,Copper,leaders,220.78,211.57,8.76,218.75,212.06,219.14,212.06,2.1,setting_up,,,,,,,,,,,,
2026-08-25,pre_close,2026-08-25T19:32:00Z,SHC,Diagnostics & Research,leaders,19.52,18.98,0.53,19.49,19.24,19.55,19.11,1.69,failed_breakout,,,,,,,,,,,,
2026-08-25,pre_close,2026-08-25T19:32:00Z,SHOP,Software - Application,leaders,151.63,146.8,6.3,153.17,149.34,154.66,149.34,2.25,triggered,0.6079365079365054,,,,,,,,,,,
2026-08-25,pre_close,2026-08-25T19:32:00Z,SNOW,Software - Application,leaders,332.15,321.82,13.02,314.7,323.08,325.85,308.82,-2.5,invalidated,,,,,,,,,,,,
2026-08-25,pre_close,2026-08-25T19:32:00Z,SOFI,Credit Services,accel,18.89,18.22,0.85,18.85,18.32,18.99,18.07,3.37,failed_breakout,,,,,,,,,,,,
2026-08-25,pre_close,2026-08-25T19:32:00Z,SRRK,Biotechnology,leaders,58.75,55.9,2.39,58.61,58.25,59.48,57.06,0.7,failed_breakout,,,,,,,,,,,,
2026-08-25,pre_close,2026-08-25T19:32:00Z,SUN,Oil & Gas Refining & Marketing,leaders,76.45,75.0,2.03,74.9,76.47,76.31,74.84,-1.58,invalidated,,,,,,,,,,,,
2026-08-25,pre_close,2026-08-25T19:32:00Z,SYF,Credit Services,accel,81.42,79.58,2.07,80.69,80.43,80.77,79.21,0.84,setting_up,,,,,,,,,,,,
2026-08-25,pre_close,2026-08-25T19:32:00Z,SYRE,Biotechnology,leaders,108.02,104.94,5.43,107.2,109.0,110.15,107.29,0.52,gapped_through,-0.016574585635359743,,,,,,,,,,,
2026-08-25,pre_close,2026-08-25T19:32:00Z,TCOM,Travel Services,leaders,46.29,45.8,1.04,45.94,45.54,46.03,45.4,-0.16,setting_up,,,,,,,,,,,,
2026-08-25,pre_close,2026-08-25T19:32:00Z,TECK,Copper,leaders,70.27,68.79,2.26,71.15,69.32,71.33,69.4,1.35,triggered,0.7743362831858408,,,,,,,,,,,
2026-08-25,pre_close,2026-08-25T19:32:00Z,TGTX,Biotechnology,leaders,56.49,52.0,2.57,55.08,56.66,57.85,54.68,-1.65,gapped_through,0.15564202334630295,,,,,,,,,,,
2026-08-25,pre_close,2026-08-25T19:32:00Z,TTAN,Software - Application,leaders,95.86,93.7,4.66,91.63,95.21,95.92,91.0,-4.19,invalidated,,,,,,,,,,,,
2026-08-25,pre_close,2026-08-25T19:32:00Z,TWLO,Software - Infrastructure,leaders,226.45,219.19,12.2,222.04,221.85,227.91,219.68,-0.25,failed_breakout,,,,,,,,,,,,
2026-08-25,pre_close,2026-08-25T19:32:00Z,TYL,Software - Application,leaders,360.0,350.94,13.73,347.98,347.73,354.0,343.0,-2.2,invalidated,,,,,,,,,,,,
2026-08-25,pre_close,2026-08-25T19:32:00Z,UBER,Software - Application,leaders,79.52,77.9,2.66,79.99,79.38,80.29,78.61,0.88,triggered,0.5187969924812013,,,,,,,,,,,
2026-08-25,pre_close,2026-08-25T19:32:00Z,V,Credit Services,accel,383.42,372.21,7.34,382.85,382.0,383.5,380.4,0.11,failed_breakout,,,,,,,,,,,,
2026-08-25,pre_close,2026-08-25T19:32:00Z,VALE,Other Industrial Metals & Mining,rs_new_high,15.22,14.62,0.4,15.24,15.01,15.24,14.91,1.33,triggered,0.8250000000000002,,,,,,,,,,,
2026-08-25,pre_close,2026-08-25T19:32:00Z,VRSN,Software - Infrastructure,leaders,292.46,281.81,8.69,294.56,290.8,294.66,287.86,1.3,triggered,0.7710011507479849,,,,,,,,,,,
2026-08-25,pre_close,2026-08-25T19:32:00Z,VRTX,Biotechnology,leaders,550.61,542.42,15.46,553.58,545.53,555.69,543.75,1.09,triggered,0.6358344113842199,,,,,,,,,,,
2026-08-25,pre_close,2026-08-25T19:32:00Z,WAT,Diagnostics & Research,leaders,411.2,401.6,12.56,413.42,412.24,414.9,409.72,0.65,gapped_through,0.2945859872611456,,,,,,,,,,,
2026-08-25,pre_close,2026-08-25T19:32:00Z,XYZ,Software - Infrastructure,leaders,83.95,81.0,2.73,82.25,81.49,82.58,81.61,1.07,setting_up,,,,,,,,,,,,
2026-08-25,pre_close,2026-08-25T19:32:00Z,ZETA,Software - Infrastructure,leaders,29.19,28.39,1.46,27.81,28.0,28.45,27.6,-2.32,invalidated,,,,,,,,,,,,
2026-08-25,pre_close,2026-08-25T19:32:00Z,ZS,Software - Infrastructure,leaders,181.5,175.6,7.93,168.07,175.01,176.81,167.0,-4.54,invalidated,,,,,,,,,,,,
2026-08-26,pre_close,2026-08-26T19:31:57Z,ABBV,Drug Manufacturers - General,leaders,266.9,263.02,5.85,261.89,265.02,265.0,260.31,-1.47,invalidated,,,,,,,,,,,,
2026-08-26,pre_close,2026-08-26T19:31:57Z,ARE,REIT - Office,all_green,54.66,52.35,2.07,52.86,52.86,53.24,51.99,-0.08,setting_up,,,,,,,,,,,,
2026-08-26,pre_close,2026-08-26T19:31:57Z,ARWR,Biotechnology,all_green,90.21,87.0,3.35,88.88,88.45,89.82,86.8,0.0,setting_up,,,,,,,,,,,,
2026-08-26,pre_close,2026-08-26T19:31:57Z,BBIO,Biotechnology,all_green,82.5,80.2,2.76,79.61,79.75,80.63,79.41,-0.98,invalidated,,,,,,,,,,,,
2026-08-26,pre_close,2026-08-26T19:31:57Z,BGC,Capital Markets,accel,11.94,11.78,0.4,11.86,11.82,11.93,11.64,0.55,setting_up,,,,,,,,,,,,
2026-08-26,pre_close,2026-08-26T19:31:57Z,BIIB,Drug Manufacturers - General,leaders,222.85,218.0,6.22,220.33,219.43,222.0,218.69,-0.2,setting_up,,,,,,,,,,,,
2026-08-26,pre_close,2026-08-26T19:31:57Z,BKNG,Travel Services,leaders,217.32,211.87,6.62,209.58,214.45,215.59,208.06,-1.96,invalidated,,,,,,,,,,,,
2026-08-26,pre_close,2026-08-26T19:31:57Z,BMRN,Biotechnology,all_green,66.36,65.02,1.97,65.81,65.62,66.53,65.33,-0.47,failed_breakout,,,,,,,,,,,,
2026-08-26,pre_close,2026-08-26T19:31:57Z,BSP,Software - Application,leaders,42.89,40.82,3.97,42.69,42.0,42.81,41.5,0.52,setting_up,,,,,,,,,,,,
2026-08-26,pre_close,2026-08-26T19:31:57Z,BSY,Software - Application,leaders,37.79,36.57,1.48,36.85,36.24,37.31,36.24,-0.12,setting_up,,,,,,,,,,,,
2026-08-26,pre_close,2026-08-26T19:31:57Z,BXP,REIT - Office,all_green,72.16,69.99,1.85,70.76,71.95,72.22,70.73,-1.9,failed_breakout,,,,,,,,,,,,
2026-08-26,pre_close,2026-08-26T19:31:57Z,CACC,Credit Services,leaders,610.0,597.11,18.21,603.0,603.06,608.79,599.42,-0.21,setting_up,,,,,,,,,,,,
2026-08-26,pre_close,2026-08-26T19:31:57Z,CCEP,Beverages - Non-Alcoholic,all_green,110.28,109.39,2.17,109.02,110.48,110.54,108.85,-0.76,invalidated,,,,,,,,,,,,
2026-08-26,pre_close,2026-08-26T19:31:57Z,CDP,REIT - Office,all_green,37.82,37.22,0.62,37.48,37.6,37.87,37.46,-0.19,failed_breakout,,,,,,,,,,,,
2026-08-26,pre_close,2026-08-26T19:31:57Z,CNI,Railroads,all_green,128.44,126.64,2.16,127.79,126.94,128.38,126.82,0.53,setting_up,,,,,,,,,,,,
2026-08-26,pre_close,2026-08-26T19:31:57Z,COF,Credit Services,leaders,218.15,214.94,5.25,218.1,216.24,218.25,214.98,0.86,failed_breakout,,,,,,,,,,,,
2026-08-26,pre_close,2026-08-26T19:31:57Z,COKE,Beverages - Non-Alcoholic,all_green,197.15,190.9,6.8,193.58,196.81,197.4,193.38,-1.5,failed_breakout,,,,,,,,,,,,
2026-08-26,pre_close,2026-08-26T19:31:57Z,CP,Railroads,all_green,95.63,94.17,1.9,95.21,94.35,95.47,93.95,0.92,setting_up,,,,,,,,,,,,
2026-08-26,pre_close,2026-08-26T19:31:57Z,CPAY,Software - Infrastructure,leaders,415.94,408.99,10.47,407.73,410.4,410.24,404.62,-1.13,invalidated,,,,,,,,,,,,
2026-08-26,pre_close,2026-08-26T19:31:57Z,CSX,Railroads,all_green,51.88,51.12,0.96,51.97,51.32,52.15,51.13,0.9,triggered,0.8749999999999962,,,,,,,,,,,
2026-08-26,pre_close,2026-08-26T19:31:57Z,CVNA,Auto & Truck Dealerships,accel,76.45,72.2,3.93,73.45,75.86,76.8,73.31,-3.06,failed_breakout,,,,,,,,,,,,
2026-08-26,pre_close,2026-08-26T19:31:57Z,DBX,Software - Infrastructure,leaders,34.82,34.19,1.14,34.99,34.41,35.25,34.26,0.59,triggered,0.640350877192986,,,,,,,,,,,
2026-08-26,pre_close,2026-08-26T19:31:57Z,DHR,Diagnostics & Research,all_green,216.77,212.24,6.65,216.03,213.54,216.85,212.81,0.03,failed_breakout,,,,,,,,,,,,
2026-08-26,pre_close,2026-08-26T19:31:57Z,DINO,Oil & Gas Refining & Marketing,leaders,95.85,93.16,3.52,97.08,92.0,98.0,91.46,4.12,triggered,1.5965909090909103,,,,,,,,,,,
2026-08-26,pre_close,2026-08-26T19:31:57Z,DT,Software - Application,leaders,51.36,49.6,1.94,51.41,49.09,51.5,49.0,2.67,triggered,1.2422680412371117,,,,,,,,,,,
2026-08-26,pre_close,2026-08-26T19:31:57Z,ENVA,Credit Services,leaders,251.54,241.46,8.92,238.47,246.71,244.72,238.32,-2.02,invalidated,,,,,,,,,,,,
2026-08-26,pre_close,2026-08-26T19:31:57Z,EXEL,Biotechnology,all_green,56.74,54.95,1.67,56.67,56.67,56.89,56.13,-0.08,failed_breakout,,,,,,,,,,,,
2026-08-26,pre_close,2026-08-26T19:31:57Z,FCFS,Credit Services,leaders,238.93,228.03,9.07,222.8,229.0,231.62,222.16,-2.92,invalidated,,,,,,,,,,,,
2026-08-26,pre_close,2026-08-26T19:31:57Z,FIG,Software - Application,leaders,27.97,26.86,1.72,27.22,26.05,27.42,25.63,-0.2,setting_up,,,,,,,,,,,,
2026-08-26,pre_close,2026-08-26T19:31:57Z,FROG,Software - Application,leaders,93.0,87.67,5.27,93.26,88.3,93.69,87.96,4.23,triggered,1.0056925996204955,,,,,,,,,,,
2026-08-26,pre_close,2026-08-26T19:31:57Z,GDDY,Software - Infrastructure,leaders,101.21,98.6,4.59,95.7,96.12,96.57,94.4,-4.1,invalidated,,,,,,,,,,,,
2026-08-26,pre_close,2026-08-26T19:31:57Z,GEN,Software - Infrastructure,leaders,29.33,28.47,0.96,29.72,28.89,29.77,28.75,1.38,triggered,1.0104166666666656,,,,,,,,,,,
2026-08-26,pre_close,2026-08-26T19:31:57Z,GH,Diagnostics & Research,all_green,167.9,161.22,7.67,171.19,164.71,173.05,164.3,3.8,triggered,0.898305084745761,,,,,,,,,,,
2026-08-26,pre_close,2026-08-26T19:31:57Z,GLXY,Capital Markets,accel,25.15,22.74,1.89,24.66,23.92,24.67,23.71,-0.52,setting_up,,,,,,,,,,,,
2026-08-26,pre_close,2026-08-26T19:31:57Z,GS,Capital Markets,accel,1063.52,1039.29,28.63,1040.08,1061.0,1061.5,1036.78,-1.78,setting_up,,,,,,,,,,,,
2026-08-26,pre_close,2026-08-26T19:31:57Z,GSK,Drug Manufacturers - General,leaders,52.21,51.51,1.15,51.47,51.93,52.08,51.46,-1.15,invalidated,,,,,,,,,,,,
2026-08-26,pre_close,2026-08-26T19:31:57Z,HNGE,Health Information Services,leaders,91.89,86.7,4.43,91.07,89.3,93.41,88.51,1.34,failed_breakout,,,,,,,,,,,,
2026-08-26,pre_close,2026-08-26T19:31:57Z,HUBS,Software - Application,leaders,246.15,234.13,16.22,234.77,231.63,237.12,231.51,-1.23,setting_up,,,,,,,,,,,,
2026-08-26,pre_close,2026-08-26T19:31:57Z,IBRX,Biotechnology,all_green,8.23,7.68,0.43,8.26,8.18,8.4,8.07,0.86,triggered,0.4418604651162779,,,,,,,,,,,
2026-08-26,pre_close,2026-08-26T19:31:57Z,ICLR,Diagnostics & Research,all_green,173.0,168.01,7.39,169.36,164.85,169.8,165.45,0.27,setting_up,,,,,,,,,,,,
2026-08-26,pre_close,2026-08-26T19:31:57Z,IMVT,Biotechnology,all_green,44.5,43.27,1.47,44.03,43.43,44.21,42.74,1.21,setting_up,,,,,,,,,,,,
2026-08-26,pre_close,2026-08-26T19:31:57Z,INSM,Biotechnology,all_green,127.18,122.86,5.18,124.18,122.81,125.59,121.8,0.23,setting_up,,,,,,,,,,,,
2026-08-26,pre_close,2026-08-26T19:31:57Z,IOT,Software - Infrastructure,leaders,40.84,38.58,2.08,39.87,38.07,40.18,37.84,1.87,setting_up,,,,,,,,,,,,
2026-08-26,pre_close,2026-08-26T19:31:57Z,JAZZ,Biotechnology,all_green,266.38,254.59,7.37,251.65,257.4,259.83,249.18,-3.3,invalidated,,,,,,,,,,,,
2026-08-26,pre_close,2026-08-26T19:31:57Z,JNJ,Drug Manufacturers - General,leaders,273.8,270.17,5.67,270.42,272.62,272.9,269.56,-1.0,setting_up,,,,,,,,,,,,
2026-08-26,pre_close,2026-08-26T19:31:57Z,KDP,Beverages - Non-Alcoholic,all_green,32.51,31.78,0.93,32.24,32.01,32.25,31.75,1.25,setting_up,,,,,,,,,,,,
2026-08-26,pre_close,2026-08-26T19:31:57Z,KRYS,Biotechnology,all_green,357.91,343.81,12.94,359.08,354.37,363.52,354.37,0.81,triggered,0.3639876352395657,,,,,,,,,,,
2026-08-26,pre_close,2026-08-26T19:31:57Z,LAD,Auto & Truck Dealerships,accel,374.31,361.78,13.09,370.09,372.48,378.02,370.0,-0.48,failed_breakout,,,,,,,,,,,,
2026-08-26,pre_close,2026-08-26T19:31:57Z,LLY,Drug Manufacturers - General,leaders,1264.73,1229.79,40.71,1192.62,1235.78,1235.78,1180.01,-3.33,invalidated,,,,,,,,,,,,
2026-08-26,pre_close,2026-08-26T19:31:57Z,LPLA,Capital Markets,accel,365.0,357.48,9.38,360.82,359.87,365.0,344.45,-0.29,failed_breakout,,,,,,,,,,,,
2026-08-26,pre_close,2026-08-26T19:31:57Z,MATX,Marine Shipping,accel,225.97,221.35,6.64,221.09,221.84,220.82,220.8,-0.78,invalidated,,,,,,,,,,,,
2026-08-26,pre_close,2026-08-26T19:31:57Z,MC,Capital Markets,accel,69.41,66.56,2.66,67.39,67.91,68.3,66.9,-0.92,setting_up,,,,,,,,,,,,
2026-08-26,pre_close,2026-08-26T19:31:57Z,MDB,Software - Infrastructure,leaders,415.71,397.72,21.2,406.14,390.39,406.74,388.57,0.3,setting_up,,,,,,,,,,,,
2026-08-26,pre_close,2026-08-26T19:31:57Z,MEDP,Diagnostics & Research,all_green,625.44,607.99,19.92,617.97,607.86,620.55,605.63,0.64,setting_up,,,,,,,,,,,,
2026-08-26,pre_close,2026-08-26T19:31:57Z,MMYT,Travel Services,leaders,61.56,59.97,2.47,59.54,60.21,60.67,58.51,-1.48,invalidated,,,,,,,,,,,,
2026-08-26,pre_close,2026-08-26T19:31:57Z,MNST,Beverages - Non-Alcoholic,all_green,49.24,48.34,1.16,48.19,48.79,48.77,47.98,-1.12,invalidated,,,,,,,,,,,,
2026-08-26,pre_close,2026-08-26T19:31:57Z,MRX,Capital Markets,accel,72.03,70.0,3.44,71.35,70.55,71.89,69.43,0.7,setting_up,,,,,,,,,,,,
2026-08-26,pre_close,2026-08-26T19:31:57Z,MTD,Diagnostics & Research,all_green,1421.78,1395.98,36.76,1402.83,1390.8,1413.41,1391.38,0.04,setting_up,,,,,,,,,,,,
2026-08-26,pre_close,2026-08-26T19:31:57Z,NET,Software - Infrastructure,leaders,287.0,273.21,16.04,285.05,273.81,290.89,273.75,2.69,failed_breakout,,,,,,,,,,,,
2026-08-26,pre_close,2026-08-26T19:31:57Z,NOW,Software - Application,leaders,129.8,125.25,5.9,125.75,122.47,126.56,121.88,-0.98,setting_up,,,,,,,,,,,,
2026-08-26,pre_close,2026-08-26T19:31:57Z,NSC,Railroads,all_green,353.52,350.94,6.51,353.1,350.0,355.7,350.48,0.53,failed_breakout,,,,,,,,,,,,
2026-08-26,pre_close,2026-08-26T19:31:57Z,NTAP,Software - Infrastructure,leaders,191.48,185.27,7.31,194.44,187.56,194.8,187.31,3.74,triggered,0.9753761969904235,,,,,,,,,,,
2026-08-26,pre_close,2026-08-26T19:31:57Z,NVO,Drug Manufacturers - General,leaders,48.66,47.56,1.4,47.1,47.81,48.04,46.87,-3.21,invalidated,,,,,,,,,,,,
2026-08-26,pre_close,2026-08-26T19:31:57Z,NVS,Drug Manufacturers - General,leaders,160.29,157.83,3.04,157.73,158.35,159.19,157.56,-1.41,invalidated,,,,,,,,,,,,
2026-08-26,pre_close,2026-08-26T19:31:57Z,OMF,Credit Services,leaders,63.46,62.25,1.56,63.54,63.1,63.76,62.82,0.49,triggered,0.4615384615384608,,,,,,,,,,,
2026-08-26,pre_close,2026-08-26T19:31:57Z,ORCL,Software - Infrastructure,leaders,146.34,142.51,6.7,148.89,146.64,151.61,146.82,2.85,gapped_through,0.308955223880596,,,,,,,,,,,
2026-08-26,pre_close,2026-08-26T19:31:57Z,PBF,Oil & Gas Refining & Marketing,leaders,70.29,66.32,4.08,69.9,64.38,71.07,64.73,5.1,failed_breakout,,,,,,,,,,,,
2026-08-26,pre_close,2026-08-26T19:31:57Z,PCVX,Biotechnology,all_green,63.92,60.96,2.42,60.57,60.99,61.65,60.4,-0.85,invalidated,,,,,,,,,,,,
2026-08-26,pre_close,2026-08-26T19:31:57Z,PRAX,Biotechnology,all_green,382.38,361.98,20.61,380.96,368.44,383.0,362.79,3.52,failed_breakout,,,,,,,,,,,,
2026-08-26,pre_close,2026-08-26T19:31:57Z,PTGX,Biotechnology,all_green,157.98,150.09,5.86,151.27,150.36,151.18,147.69,0.45,setting_up,,,,,,,,,,,,
2026-08-26,pre_close,2026-08-26T19:31:57Z,QGEN,Diagnostics & Research,all_green,44.21,42.12,1.35,43.41,43.37,43.87,43.22,-0.55,setting_up,,,,,,,,,,,,
2026-08-26,pre_close,2026-08-26T19:31:57Z,QLYS,Software - Infrastructure,leaders,180.0,173.54,8.7,178.19,176.09,178.64,172.75,1.28,setting_up,,,,,,,,,,,,
2026-08-26,pre_close,2026-08-26T19:31:57Z,RELY,Software - Infrastructure,leaders,26.59,25.83,1.14,25.93,26.12,26.52,25.89,-1.11,setting_up,,,,,,,,,,,,
2026-08-26,pre_close,2026-08-26T19:31:57Z,ROIV,Biotechnology,all_green,37.29,36.31,1.17,36.83,36.49,36.93,36.32,1.0,setting_up,,,,,,,,,,,,
2026-08-26,pre_close,2026-08-26T19:31:57Z,RPRX,Biotechnology,all_green,62.46,60.87,1.39,61.72,62.04,62.04,61.49,-0.56,setting_up,,,,,,,,,,,,
2026-08-26,pre_close,2026-08-26T19:31:57Z,RUSHA,Auto & Truck Dealerships,accel,78.92,76.03,2.25,77.11,77.59,78.14,77.01,0.0,setting_up,,,,,,,,,,,,
2026-08-26,pre_close,2026-08-26T19:31:57Z,RVMD,Biotechnology,all_green,216.24,209.63,7.23,212.36,211.38,218.3,198.94,0.46,failed_breakout,,,,,,,,,,,,
2026-08-26,pre_close,2026-08-26T19:31:57Z,RVTY,Diagnostics & Research,all_green,124.94,122.01,3.87,126.47,123.29,126.59,123.3,1.3,triggered,0.8191214470284242,,,,,,,,,,,
2026-08-26,pre_close,2026-08-26T19:31:57Z,RYTM,Biotechnology,all_green,114.07,111.79,4.62,111.79,113.21,114.75,111.4,-1.38,invalidated,,,,,,,,,,,,
2026-08-26,pre_close,2026-08-26T19:31:57Z,SAIL,Software - Infrastructure,leaders,18.35,17.67,0.89,18.16,17.36,18.19,17.31,1.59,setting_up,,,,,,,,,,,,
2026-08-26,pre_close,2026-08-26T19:31:57Z,SHC,Diagnostics & Research,all_green,19.56,19.11,0.52,19.51,19.48,19.73,19.51,0.03,failed_breakout,,,,,,,,,,,,
2026-08-26,pre_close,2026-08-26T19:31:57Z,SOFI,Credit Services,leaders,19.02,18.07,0.86,18.84,19.0,19.32,18.71,-0.85,failed_breakout,,,,,,,,,,,,
2026-08-26,pre_close,2026-08-26T19:31:57Z,SUN,Oil & Gas Refining & Marketing,leaders,76.31,74.39,2.02,74.98,74.69,75.61,74.53,0.51,setting_up,,,,,,,,,,,,
2026-08-26,pre_close,2026-08-26T19:31:57Z,SYF,Credit Services,leaders,80.88,79.21,2.04,79.87,80.67,81.22,79.59,-1.11,failed_breakout,,,,,,,,,,,,
2026-08-26,pre_close,2026-08-26T19:31:57Z,SYRE,Biotechnology,all_green,110.15,106.94,5.3,95.35,92.41,95.68,90.6,-11.19,invalidated,,,,,,,,,,,,
2026-08-26,pre_close,2026-08-26T19:31:57Z,TCOM,Travel Services,leaders,46.03,45.4,1.01,45.22,45.85,45.94,45.19,-1.66,invalidated,,,,,,,,,,,,
2026-08-26,pre_close,2026-08-26T19:31:57Z,TGTX,Biotechnology,all_green,57.9,54.68,2.62,55.24,55.41,56.0,54.53,-0.32,setting_up,,,,,,,,,,,,
2026-08-26,pre_close,2026-08-26T19:31:57Z,TTAN,Software - Application,leaders,96.0,90.84,4.7,92.06,89.21,92.8,89.0,0.2,setting_up,,,,,,,,,,,,
2026-08-26,pre_close,2026-08-26T19:31:57Z,TWLO,Software - Infrastructure,leaders,227.91,219.68,11.91,227.68,223.13,228.65,219.56,1.66,failed_breakout,,,,,,,,,,,,
2026-08-26,pre_close,2026-08-26T19:31:57Z,TYL,Software - Application,leaders,354.0,343.0,13.66,355.06,345.0,355.74,342.0,1.43,triggered,0.9560761346998538,,,,,,,,,,,
2026-08-26,pre_close,2026-08-26T19:31:57Z,UBER,Software - Application,leaders,80.43,78.61,2.6,78.76,81.46,82.36,78.72,-1.97,gapped_through,0.01538461538461779,,,,,,,,,,,
2026-08-26,pre_close,2026-08-26T19:31:57Z,VALE,Other Industrial Metals & Mining,all_green,15.33,14.91,0.4,15.2,15.35,15.4,15.12,-0.82,gapped_through,0.20000000000000018,,,,,,,,,,,
2026-08-26,pre_close,2026-08-26T19:31:57Z,VIRT,Capital Markets,accel,66.68,63.8,3.2,65.54,64.92,66.12,64.75,0.51,setting_up,,,,,,,,,,,,
2026-08-26,pre_close,2026-08-26T19:31:57Z,VNO,REIT - Office,all_green,39.96,38.56,1.19,39.28,39.17,39.98,39.27,-1.66,failed_breakout,,,,,,,,,,,,
2026-08-26,pre_close,2026-08-26T19:31:57Z,VOYA,Financial Conglomerates,all_green,100.94,98.27,2.2,101.65,100.13,101.79,99.19,1.08,triggered,1.1181818181818217,,,,,,,,,,,
2026-08-26,pre_close,2026-08-26T19:31:57Z,VRSN,Software - Infrastructure,leaders,294.79,287.86,8.56,294.24,292.72,296.07,292.45,0.17,failed_breakout,,,,,,,,,,,,
2026-08-26,pre_close,2026-08-26T19:31:57Z,WAB,Railroads,all_green,301.37,294.44,6.51,301.33,298.31,302.9,298.68,1.48,failed_breakout,,,,,,,,,,,,
2026-08-26,pre_close,2026-08-26T19:31:57Z,WAT,Diagnostics & Research,all_green,414.9,407.12,12.22,413.46,409.75,418.43,409.37,-0.24,failed_breakout,,,,,,,,,,,,
2026-08-26,pre_close,2026-08-26T19:31:57Z,XYZ,Software - Infrastructure,leaders,82.76,81.0,2.66,83.8,81.93,83.89,81.95,1.31,triggered,0.6954887218045092,,,,,,,,,,,
2026-08-26,pre_close,2026-08-26T19:31:57Z,ZETA,Software - Infrastructure,leaders,28.46,27.6,1.42,28.38,27.27,28.55,27.25,1.79,failed_breakout,,,,,,,,,,,,
2026-08-27,pre_close,2026-08-27T19:32:12Z,AHR,REIT - Healthcare Facilities,accel,57.46,56.8,1.33,56.44,56.5,56.92,56.3,-1.26,invalidated,,,,,,,,,,,,
2026-08-27,pre_close,2026-08-27T19:32:12Z,ANET,Computer Hardware,all_green,203.36,190.9,9.13,200.35,205.15,206.02,199.21,-0.94,gapped_through,0.1248630887185089,,,,,,,,,,,
2026-08-27,pre_close,2026-08-27T19:32:12Z,ARE,REIT - Office,accel,53.24,51.98,2.01,52.49,51.64,53.04,52.06,-0.9,setting_up,,,,,,,,,,,,
2026-08-27,pre_close,2026-08-27T19:32:12Z,ARWR,Biotechnology,leaders,89.82,86.8,3.33,88.32,89.45,90.5,88.06,-0.89,failed_breakout,,,,,,,,,,,,
2026-08-27,pre_close,2026-08-27T19:32:12Z,AVT,Electronics & Computer Distribution,all_green,90.61,86.68,3.78,91.07,91.12,92.24,90.25,0.86,gapped_through,0.21693121693121514,,,,,,,,,,,
2026-08-27,pre_close,2026-08-27T19:32:12Z,AYI,Electrical Equipment & Parts,rs_new_high,345.05,337.31,9.85,341.7,343.18,343.07,336.66,0.1,reclaim,0.5116751269035497,prior_low,337.31,,,,,,,,,
2026-08-27,pre_close,2026-08-27T19:32:12Z,BAC,Banks - Diversified,all_green,62.58,61.94,1.06,61.23,61.75,62.02,61.17,-1.61,invalidated,,,,,,,,,,,,
2026-08-27,pre_close,2026-08-27T19:32:12Z,BGC,Capital Markets,accel,11.95,11.62,0.39,12.02,11.84,12.02,11.77,1.01,triggered,0.641025641025641,,,,,,,,,,,
2026-08-27,pre_close,2026-08-27T19:32:12Z,BMRN,Biotechnology,leaders,66.53,65.33,1.92,65.43,65.28,65.44,64.83,-0.28,reclaim,0.31250000000000444,prior_low,65.33,,,,,,,,,
2026-08-27,pre_close,2026-08-27T19:32:12Z,BNY,Banks - Diversified,all_green,164.13,162.02,3.05,162.02,162.46,163.95,162.2,-0.65,invalidated,,,,,,,,,,,,
2026-08-27,pre_close,2026-08-27T19:32:12Z,BSP,Software - Application,leaders,42.81,41.5,3.78,46.01,42.97,46.24,42.74,8.54,gapped_through,0.8650793650793641,,,,,,,,,,,
2026-08-27,pre_close,2026-08-27T19:32:12Z,BSY,Software - Application,leaders,37.31,36.24,1.45,37.51,37.5,38.43,37.37,1.55,gapped_through,0.09655172413793144,,,,,,,,,,,
2026-08-27,pre_close,2026-08-27T19:32:12Z,BXP,REIT - Office,accel,72.25,70.25,1.86,69.96,69.8,70.72,69.51,-0.48,invalidated,,,,,,,,,,,,
2026-08-27,pre_close,2026-08-27T19:32:12Z,CDP,REIT - Office,accel,37.87,37.3,0.61,37.22,37.05,37.44,37.06,-0.28,invalidated,,,,,,,,,,,,
2026-08-27,pre_close,2026-08-27T19:32:12Z,CNI,Railroads,leaders,128.38,126.66,2.13,126.37,127.0,127.81,126.34,-0.92,invalidated,,,,,,,,,,,,
2026-08-27,pre_close,2026-08-27T19:32:12Z,COF,Credit Services,accel,218.25,214.93,5.11,216.45,215.97,218.69,215.2,-0.35,failed_breakout,,,,,,,,,,,,
2026-08-27,pre_close,2026-08-27T19:32:12Z,CP,Railroads,leaders,95.47,93.95,1.87,93.86,93.96,95.17,93.77,-0.9,invalidated,,,,,,,,,,,,
2026-08-27,pre_close,2026-08-27T19:32:12Z,CPAY,Software - Infrastructure,leaders,410.4,404.62,10.27,404.06,406.93,412.86,403.82,-0.7,invalidated,,,,,,,,,,,,
2026-08-27,pre_close,2026-08-27T19:32:12Z,CSX,Railroads,leaders,52.15,51.13,0.96,51.48,51.44,51.7,51.15,-0.54,setting_up,,,,,,,,,,,,
2026-08-27,pre_close,2026-08-27T19:32:12Z,DBX,Software - Infrastructure,leaders,35.25,34.24,1.13,35.84,35.14,35.85,34.76,2.98,triggered,0.9557522123893853,,,,,,,,,,,
2026-08-27,pre_close,2026-08-27T19:32:12Z,DHR,Diagnostics & Research,leaders,216.85,212.81,6.47,215.72,214.8,218.57,214.1,0.17,failed_breakout,,,,,,,,,,,,
2026-08-27,pre_close,2026-08-27T19:32:12Z,DOC,REIT - Healthcare Facilities,accel,21.8,21.52,0.43,21.25,21.46,21.54,21.23,-1.55,invalidated,,,,,,,,,,,,
2026-08-27,pre_close,2026-08-27T19:32:12Z,DT,Software - Application,leaders,51.72,49.0,2.0,53.79,52.99,54.22,52.67,4.25,gapped_through,0.5599999999999987,,,,,,,,,,,
2026-08-27,pre_close,2026-08-27T19:32:12Z,EXEL,Biotechnology,leaders,56.9,56.06,1.61,55.16,55.9,56.08,55.03,-1.68,invalidated,,,,,,,,,,,,
2026-08-27,pre_close,2026-08-27T19:32:12Z,FCFS,Credit Services,accel,234.74,218.14,9.61,224.74,220.78,226.12,218.37,2.24,setting_up,,,,,,,,,,,,
2026-08-27,pre_close,2026-08-27T19:32:12Z,FIG,Software - Application,leaders,27.42,25.63,1.72,31.03,28.03,31.22,27.75,14.78,gapped_through,1.9069767441860472,,,,,,,,,,,
2026-08-27,pre_close,2026-08-27T19:32:12Z,FROG,Software - Application,leaders,93.75,87.15,5.37,103.53,96.4,104.83,96.4,11.56,gapped_through,1.3277467411545616,,,,,,,,,,,
2026-08-27,pre_close,2026-08-27T19:32:12Z,FTNT,Software - Infrastructure,leaders,158.44,149.5,6.02,173.45,160.24,173.71,159.88,10.1,gapped_through,2.254152823920265,,,,,,,,,,,
2026-08-27,pre_close,2026-08-27T19:32:12Z,GDDY,Software - Infrastructure,leaders,96.57,94.02,4.67,97.08,95.9,98.23,95.41,1.62,triggered,0.35760171306209887,,,,,,,,,,,
2026-08-27,pre_close,2026-08-27T19:32:12Z,GEN,Software - Infrastructure,leaders,29.86,28.75,0.97,30.36,30.05,30.5,29.51,2.42,gapped_through,0.8762886597938122,,,,,,,,,,,
2026-08-27,pre_close,2026-08-27T19:32:12Z,GH,Diagnostics & Research,leaders,173.17,164.29,7.75,169.72,171.05,173.1,168.7,-0.7,setting_up,,,,,,,,,,,,
2026-08-27,pre_close,2026-08-27T19:32:12Z,GLXY,Capital Markets,accel,24.81,23.71,1.83,25.28,25.08,26.2,24.52,2.62,gapped_through,0.4153005464480883,,,,,,,,,,,
2026-08-27,pre_close,2026-08-27T19:32:12Z,HNGE,Health Information Services,leaders,93.5,88.51,4.47,92.98,91.61,95.57,91.11,2.74,failed_breakout,,,,,,,,,,,,
2026-08-27,pre_close,2026-08-27T19:32:12Z,HOOD,Capital Markets,accel,111.59,108.25,6.18,110.33,110.71,112.07,107.58,1.65,reclaim,0.4449838187702266,prior_low,108.25,,,,,,,,,
2026-08-27,pre_close,2026-08-27T19:32:12Z,HSBC,Banks - Diversified,all_green,104.31,103.61,1.62,102.72,103.33,103.55,102.27,-0.9,invalidated,,,,,,,,,,,,
2026-08-27,pre_close,2026-08-27T19:32:12Z,HUBS,Software - Application,leaders,237.9,231.36,15.53,255.25,244.35,257.41,244.35,7.67,gapped_through,0.7018673535093372,,,,,,,,,,,
2026-08-27,pre_close,2026-08-27T19:32:12Z,IBKR,Capital Markets,accel,97.78,94.81,3.33,96.62,96.9,97.33,95.76,-0.41,setting_up,,,,,,,,,,,,
2026-08-27,pre_close,2026-08-27T19:32:12Z,IBRX,Biotechnology,leaders,8.4,8.07,0.42,8.56,8.21,8.76,8.18,3.82,triggered,0.9047619047619067,,,,,,,,,,,
2026-08-27,pre_close,2026-08-27T19:32:12Z,ICLR,Diagnostics & Research,leaders,169.82,165.45,7.17,171.24,169.1,174.12,168.27,1.37,triggered,0.414225941422594,,,,,,,,,,,
2026-08-27,pre_close,2026-08-27T19:32:12Z,IMVT,Biotechnology,leaders,44.21,42.65,1.48,43.73,43.6,43.94,43.14,-0.36,setting_up,,,,,,,,,,,,
2026-08-27,pre_close,2026-08-27T19:32:12Z,INCY,Biotechnology,leaders,129.54,127.77,3.5,127.71,126.89,127.96,126.06,-0.32,invalidated,,,,,,,,,,,,
2026-08-27,pre_close,2026-08-27T19:32:12Z,INSM,Biotechnology,leaders,125.59,121.64,5.09,122.41,124.67,124.67,121.71,-1.59,setting_up,,,,,,,,,,,,
2026-08-27,pre_close,2026-08-27T19:32:12Z,IOT,Software - Infrastructure,leaders,40.22,37.84,2.1,42.0,41.05,42.68,40.69,5.42,gapped_through,0.6238095238095248,,,,,,,,,,,
2026-08-27,pre_close,2026-08-27T19:32:12Z,JAZZ,Biotechnology,leaders,259.83,248.52,7.68,251.71,249.62,252.46,247.01,0.97,reclaim,0.611979166666669,prior_low,248.52,,,,,,,,,
2026-08-27,pre_close,2026-08-27T19:32:12Z,JPM,Banks - Diversified,all_green,358.35,354.6,5.95,353.51,354.72,357.57,352.23,-0.84,invalidated,,,,,,,,,,,,
2026-08-27,pre_close,2026-08-27T19:32:12Z,KEX,Marine Shipping,leaders,139.82,135.49,3.72,140.52,139.12,141.01,138.76,1.08,triggered,0.47311827956989766,,,,,,,,,,,
2026-08-27,pre_close,2026-08-27T19:32:12Z,KRYS,Biotechnology,leaders,363.82,350.43,12.97,357.27,357.61,362.48,355.71,-0.69,setting_up,,,,,,,,,,,,
2026-08-27,pre_close,2026-08-27T19:32:12Z,KYMR,Biotechnology,leaders,126.32,123.39,5.08,120.64,124.99,125.07,120.46,-3.91,invalidated,,,,,,,,,,,,
2026-08-27,pre_close,2026-08-27T19:32:12Z,MATX,Marine Shipping,leaders,224.34,220.42,6.45,222.27,220.03,224.4,220.5,0.28,failed_breakout,,,,,,,,,,,,
2026-08-27,pre_close,2026-08-27T19:32:12Z,MC,Capital Markets,accel,68.3,66.67,2.59,68.98,67.99,69.05,67.3,2.63,triggered,0.6486486486486513,,,,,,,,,,,
2026-08-27,pre_close,2026-08-27T19:32:12Z,MDGL,Biotechnology,leaders,550.33,507.48,22.43,543.96,538.46,545.82,532.3,0.94,reclaim,0.5198395006687508,sma50,524.9683390160741,,,,,,,,,
2026-08-27,pre_close,2026-08-27T19:32:12Z,MEDP,Diagnostics & Research,leaders,620.58,605.63,19.57,616.41,617.06,624.77,619.05,-0.43,failed_breakout,,,,,,,,,,,,
2026-08-27,pre_close,2026-08-27T19:32:12Z,MRX,Capital Markets,accel,72.26,69.43,3.4,71.76,71.36,73.9,71.1,-0.49,failed_breakout,,,,,,,,,,,,
2026-08-27,pre_close,2026-08-27T19:32:12Z,MTD,Diagnostics & Research,leaders,1413.41,1390.81,35.74,1410.59,1406.36,1440.22,1405.0,0.87,failed_breakout,,,,,,,,,,,,
2026-08-27,pre_close,2026-08-27T19:32:12Z,MUFG,Banks - Diversified,all_green,22.56,22.4,0.46,22.42,22.48,22.58,22.3,-0.11,reclaim,0.26086956521739346,prior_low,22.4,,,,,,,,,
2026-08-27,pre_close,2026-08-27T19:32:12Z,NET,Software - Infrastructure,leaders,290.89,272.29,16.22,306.4,290.27,306.76,291.0,7.55,triggered,0.9494451294697891,,,,,,,,,,,
2026-08-27,pre_close,2026-08-27T19:32:12Z,NOW,Software - Application,leaders,126.56,121.88,5.84,138.57,130.5,139.31,130.25,10.15,gapped_through,1.4246575342465742,,,,,,,,,,,
2026-08-27,pre_close,2026-08-27T19:32:12Z,NSC,Railroads,leaders,355.99,350.48,6.44,348.04,350.74,351.51,347.92,-1.32,invalidated,,,,,,,,,,,,
2026-08-27,pre_close,2026-08-27T19:32:12Z,NTAP,Software - Infrastructure,leaders,195.05,187.31,7.34,190.04,193.55,193.85,187.9,-1.97,setting_up,,,,,,,,,,,,
2026-08-27,pre_close,2026-08-27T19:32:12Z,NXE,Uranium,rs_new_high,11.45,11.05,0.49,11.19,11.2,11.28,11.1,1.04,setting_up,,,,,,,,,,,,
2026-08-27,pre_close,2026-08-27T19:32:12Z,OMF,Credit Services,accel,63.76,62.82,1.52,63.97,63.07,64.24,63.07,1.32,triggered,0.5921052631578938,,,,,,,,,,,
2026-08-27,pre_close,2026-08-27T19:32:12Z,ORCL,Software - Infrastructure,leaders,151.63,146.82,6.72,150.76,152.17,153.79,147.52,1.27,gapped_through,0.48214285714285426,,,,,,,,,,,
2026-08-27,pre_close,2026-08-27T19:32:12Z,PAAS,Gold,emerging,53.41,52.49,2.11,54.67,52.78,54.78,52.5,3.88,triggered,1.028436018957347,,,,,,,,,,,
2026-08-27,pre_close,2026-08-27T19:32:12Z,PBF,Oil & Gas Refining & Marketing,all_green,71.07,63.95,4.3,68.41,69.98,70.19,67.6,-1.89,setting_up,,,,,,,,,,,,
2026-08-27,pre_close,2026-08-27T19:32:12Z,PCVX,Biotechnology,leaders,61.65,60.32,2.34,61.45,60.51,61.6,59.93,0.59,reclaim,0.6495726495726509,prior_low,60.32,,,,,,,,,
2026-08-27,pre_close,2026-08-27T19:32:12Z,PRAX,Biotechnology,leaders,383.3,362.79,20.6,369.93,375.77,377.5,369.54,-1.97,setting_up,,,,,,,,,,,,
2026-08-27,pre_close,2026-08-27T19:32:12Z,PTGX,Biotechnology,leaders,152.07,147.69,5.76,150.93,150.0,151.68,147.11,-0.37,reclaim,0.6631944444444433,prior_low,147.69,,,,,,,,,
2026-08-27,pre_close,2026-08-27T19:32:12Z,QGEN,Diagnostics & Research,leaders,43.87,43.22,1.3,43.82,43.71,44.18,43.63,1.06,failed_breakout,,,,,,,,,,,,
2026-08-27,pre_close,2026-08-27T19:32:12Z,QLYS,Software - Infrastructure,leaders,178.64,172.75,8.5,189.51,182.0,190.99,180.0,7.26,gapped_through,1.1188235294117637,,,,,,,,,,,
2026-08-27,pre_close,2026-08-27T19:32:12Z,RDNT,Diagnostics & Research,leaders,77.79,75.29,2.99,75.29,76.0,76.5,74.94,-1.54,invalidated,,,,,,,,,,,,
2026-08-27,pre_close,2026-08-27T19:32:12Z,ROIV,Biotechnology,leaders,36.93,36.32,1.13,37.58,36.53,37.81,36.5,2.26,triggered,0.9557522123893791,,,,,,,,,,,
2026-08-27,pre_close,2026-08-27T19:32:12Z,RPRX,Biotechnology,leaders,62.28,61.49,1.35,62.05,61.44,62.33,61.42,0.4,reclaim,0.4666666666666633,prior_low,61.49,,,,,,,,,
2026-08-27,pre_close,2026-08-27T19:32:12Z,RYTM,Biotechnology,leaders,114.75,111.35,4.53,112.71,111.21,113.72,110.31,0.75,reclaim,0.5298013245033093,prior_low,111.35,,,,,,,,,
2026-08-27,pre_close,2026-08-27T19:32:12Z,SAIL,Software - Infrastructure,leaders,18.29,17.3,0.89,20.68,19.47,21.36,19.39,13.5,gapped_through,1.44943820224719,,,,,,,,,,,
2026-08-27,pre_close,2026-08-27T19:32:12Z,SAN,Banks - Diversified,all_green,14.82,14.67,0.29,14.53,14.68,14.68,14.51,-1.13,invalidated,,,,,,,,,,,,
2026-08-27,pre_close,2026-08-27T19:32:12Z,SBRA,REIT - Healthcare Facilities,accel,21.11,20.78,0.47,20.7,20.95,20.98,20.65,-1.45,invalidated,,,,,,,,,,,,
2026-08-27,pre_close,2026-08-27T19:32:12Z,SCHW,Capital Markets,accel,110.32,106.34,2.29,107.73,108.95,109.53,107.23,-1.52,setting_up,,,,,,,,,,,,
2026-08-27,pre_close,2026-08-27T19:32:12Z,SHC,Diagnostics & Research,leaders,19.73,19.5,0.5,19.52,19.55,19.72,19.46,-0.08,reclaim,0.11999999999999744,prior_low,19.5,,,,,,,,,
2026-08-27,pre_close,2026-08-27T19:32:12Z,SHOP,Software - Application,leaders,153.8,150.15,6.05,153.75,150.36,155.69,150.2,2.3,failed_breakout,,,,,,,,,,,,
2026-08-27,pre_close,2026-08-27T19:32:12Z,SLM,Credit Services,accel,26.88,26.33,0.71,26.74,26.61,27.0,26.57,-0.15,failed_breakout,,,,,,,,,,,,
2026-08-27,pre_close,2026-08-27T19:32:12Z,SMCI,Computer Hardware,all_green,38.27,37.23,2.48,38.33,38.69,39.47,37.48,2.5,gapped_through,0.34274193548387155,,,,,,,,,,,
2026-08-27,pre_close,2026-08-27T19:32:12Z,SMFG,Banks - Diversified,all_green,25.5,25.33,0.51,25.41,25.48,25.6,25.34,-0.06,failed_breakout,,,,,,,,,,,,
2026-08-27,pre_close,2026-08-27T19:32:12Z,SOFI,Credit Services,accel,19.32,18.71,0.84,19.14,19.01,19.47,18.59,1.61,reclaim,0.6547619047619057,prior_low,18.71,,,,,,,,,
2026-08-27,pre_close,2026-08-27T19:32:12Z,SUN,Oil & Gas Refining & Marketing,all_green,75.72,74.4,1.97,75.68,74.4,75.69,73.59,0.78,reclaim,1.060913705583758,prior_low,74.4,,,,,,,,,
2026-08-27,pre_close,2026-08-27T19:32:12Z,SYF,Credit Services,accel,81.24,79.59,2.02,80.0,79.45,80.72,79.12,0.28,reclaim,0.43564356435643337,prior_low,79.59,,,,,,,,,
2026-08-27,pre_close,2026-08-27T19:32:12Z,TGTX,Biotechnology,leaders,56.04,54.53,2.54,55.71,54.91,55.82,54.44,1.24,reclaim,0.5000000000000012,prior_low,54.53,,,,,,,,,
2026-08-27,pre_close,2026-08-27T19:32:12Z,TTAN,Software - Application,leaders,92.8,88.26,4.69,100.43,94.31,100.8,94.07,8.89,gapped_through,1.3560767590618366,,,,,,,,,,,
2026-08-27,pre_close,2026-08-27T19:32:12Z,TWLO,Software - Infrastructure,leaders,228.65,219.56,11.71,240.42,233.5,240.7,231.68,5.24,gapped_through,0.7463706233988028,,,,,,,,,,,
2026-08-27,pre_close,2026-08-27T19:32:12Z,UBS,Banks - Diversified,all_green,54.74,54.28,0.79,54.37,54.44,54.65,54.15,-0.28,reclaim,0.2784810126582264,prior_low,54.28,,,,,,,,,
2026-08-27,pre_close,2026-08-27T19:32:12Z,VALE,Other Industrial Metals & Mining,all_green,15.4,15.12,0.39,15.31,15.18,15.33,15.06,0.96,reclaim,0.641025641025641,prior_low,15.12,,,,,,,,,
2026-08-27,pre_close,2026-08-27T19:32:12Z,VIRT,Capital Markets,accel,66.19,64.75,3.07,66.32,65.42,66.74,65.4,0.89,triggered,0.29967426710097317,,,,,,,,,,,
2026-08-27,pre_close,2026-08-27T19:32:12Z,VOYA,Financial Conglomerates,all_green,101.84,99.19,2.23,101.61,101.09,102.24,101.05,0.07,failed_breakout,,,,,,,,,,,,
2026-08-27,pre_close,2026-08-27T19:32:12Z,VRSN,Software - Infrastructure,leaders,296.07,292.42,8.21,295.68,293.43,298.09,292.01,0.92,reclaim,0.44701583434835757,prior_low,292.42,,,,,,,,,
2026-08-27,pre_close,2026-08-27T19:32:12Z,VRTX,Biotechnology,leaders,553.47,546.23,14.64,548.46,542.37,550.83,540.08,0.21,reclaim,0.5724043715846991,prior_low,546.23,,,,,,,,,
2026-08-27,pre_close,2026-08-27T19:32:12Z,VTR,REIT - Healthcare Facilities,accel,94.5,93.22,2.08,92.7,92.36,93.18,92.06,-0.86,invalidated,,,,,,,,,,,,
2026-08-27,pre_close,2026-08-27T19:32:12Z,WAB,Railroads,leaders,302.9,296.76,6.49,296.89,298.82,299.42,296.53,-1.21,reclaim,0.055469953775040624,prior_low,296.76,,,,,,,,,
2026-08-27,pre_close,2026-08-27T19:32:12Z,WAT,Diagnostics & Research,leaders,418.48,406.87,12.18,422.23,421.48,426.22,417.2,1.95,gapped_through,0.4129720853858809,,,,,,,,,,,
2026-08-27,pre_close,2026-08-27T19:32:12Z,WELL,REIT - Healthcare Facilities,accel,243.04,238.96,4.79,239.32,238.56,240.55,237.35,-0.93,reclaim,0.4112734864300624,prior_low,238.96,,,,,,,,,
2026-08-27,pre_close,2026-08-27T19:32:12Z,XP,Capital Markets,accel,18.33,17.78,0.65,17.68,17.76,17.86,17.6,-0.7,invalidated,,,,,,,,,,,,
2026-08-27,pre_close,2026-08-27T19:32:12Z,XYZ,Software - Infrastructure,leaders,83.89,81.95,2.61,85.77,83.84,86.89,83.48,3.22,triggered,0.8773946360153226,,,,,,,,,,,
2026-08-28,pre_close,2026-08-28T19:31:57Z,ANET,Computer Hardware,leaders,206.13,199.21,8.97,195.73,200.0,200.0,194.68,-2.67,invalidated,,,,,,,,,,,,
2026-08-28,pre_close,2026-08-28T19:31:57Z,ARWR,Biotechnology,all_green,89.59,88.06,3.2,85.08,87.76,87.86,84.19,-3.96,invalidated,,,,,,,,,,,,
2026-08-28,pre_close,2026-08-28T19:31:57Z,ATI,Metal Fabrication,leaders,217.46,211.44,8.68,210.09,214.42,214.92,209.52,-2.07,invalidated,,,,,,,,,,,,
2026-08-28,pre_close,2026-08-28T19:31:57Z,AVT,Electronics & Computer Distribution,all_green,92.34,90.2,3.66,88.81,91.53,91.49,88.49,-2.96,invalidated,,,,,,,,,,,,
2026-08-28,pre_close,2026-08-28T19:31:57Z,AYI,Electrical Equipment & Parts,rs_new_high,343.18,336.66,9.61,337.58,342.8,345.28,331.57,-1.22,reclaim,0.6253902185223716,prior_low,336.66,,,,,,,,,
2026-08-28,pre_close,2026-08-28T19:31:57Z,BAC,Banks - Diversified,all_green,62.02,61.1,1.06,62.38,61.45,62.56,61.36,1.98,triggered,0.9622641509433991,,,,,,,,,,,
2026-08-28,pre_close,2026-08-28T19:31:57Z,BGC,Capital Markets,leaders,12.12,11.77,0.39,12.05,12.12,12.18,12.04,-0.45,failed_breakout,,,,,,,,,,,,
2026-08-28,pre_close,2026-08-28T19:31:57Z,BMRN,Biotechnology,all_green,65.92,64.83,1.86,64.44,64.99,65.03,64.12,-1.29,invalidated,,,,,,,,,,,,
2026-08-28,pre_close,2026-08-28T19:31:57Z,BNS,Banks - Diversified,all_green,93.8,92.22,1.9,92.38,93.47,94.08,91.85,-0.59,reclaim,0.2789473684210532,prior_low,92.22,,,,,,,,,
2026-08-28,pre_close,2026-08-28T19:31:57Z,BNY,Banks - Diversified,all_green,164.03,161.2,3.04,162.61,163.54,163.46,161.69,0.23,setting_up,,,,,,,,,,,,
2026-08-28,pre_close,2026-08-28T19:31:57Z,BSP,Software - Application,leaders,46.94,42.5,3.83,43.31,45.93,46.69,43.01,-6.16,setting_up,,,,,,,,,,,,
2026-08-28,pre_close,2026-08-28T19:31:57Z,BSY,Software - Application,leaders,38.43,37.36,1.46,37.69,37.48,38.0,36.95,0.22,reclaim,0.5068493150684896,prior_low,37.36,,,,,,,,,
2026-08-28,pre_close,2026-08-28T19:31:57Z,CCJ,Uranium,rs_new_high,108.96,105.14,4.05,100.23,106.05,106.44,99.53,-5.73,invalidated,,,,,,,,,,,,
2026-08-28,pre_close,2026-08-28T19:31:57Z,CMC,Metal Fabrication,leaders,68.88,67.82,2.51,67.85,68.9,69.65,67.47,-1.32,gapped_through,0.15139442231075517,,,,,,,,,,,
2026-08-28,pre_close,2026-08-28T19:31:57Z,CNI,Railroads,all_green,127.85,126.31,2.09,125.69,126.89,126.95,125.0,-0.62,invalidated,,,,,,,,,,,,
2026-08-28,pre_close,2026-08-28T19:31:57Z,CORT,Biotechnology,all_green,121.29,116.7,4.46,114.59,117.14,118.15,113.13,-2.0,invalidated,,,,,,,,,,,,
2026-08-28,pre_close,2026-08-28T19:31:57Z,CP,Railroads,all_green,95.17,93.77,1.84,93.94,94.11,94.38,93.24,0.09,reclaim,0.3804347826086972,prior_low,93.77,,,,,,,,,
2026-08-28,pre_close,2026-08-28T19:31:57Z,CPAY,Software - Infrastructure,leaders,412.86,402.76,10.26,407.92,405.61,408.19,402.05,1.05,reclaim,0.5721247563352831,prior_low,402.76,,,,,,,,,
2026-08-28,pre_close,2026-08-28T19:31:57Z,CSX,Railroads,all_green,51.71,51.15,0.94,51.31,51.95,51.88,50.98,-0.45,gapped_through,0.3510638297872398,,,,,,,,,,,
2026-08-28,pre_close,2026-08-28T19:31:57Z,DHR,Diagnostics & Research,leaders,218.57,213.09,6.4,216.42,215.1,217.04,213.67,0.34,setting_up,,,,,,,,,,,,
2026-08-28,pre_close,2026-08-28T19:31:57Z,DINO,Oil & Gas Refining & Marketing,all_green,98.44,94.69,3.75,99.33,97.59,100.13,97.26,2.4,triggered,0.5519999999999982,,,,,,,,,,,
2026-08-28,pre_close,2026-08-28T19:31:57Z,EXEL,Biotechnology,all_green,56.08,54.83,1.58,54.48,55.14,55.25,54.12,-1.41,invalidated,,,,,,,,,,,,
2026-08-28,pre_close,2026-08-28T19:31:57Z,FFIV,Software - Infrastructure,leaders,414.17,402.18,13.37,396.36,409.12,410.0,395.94,-3.38,invalidated,,,,,,,,,,,,
2026-08-28,pre_close,2026-08-28T19:31:57Z,FROG,Software - Application,leaders,104.83,96.4,5.84,99.78,103.41,105.41,99.54,-4.09,failed_breakout,,,,,,,,,,,,
2026-08-28,pre_close,2026-08-28T19:31:57Z,FTNT,Software - Infrastructure,leaders,173.89,159.88,6.75,166.1,172.58,172.59,162.79,-3.87,setting_up,,,,,,,,,,,,
2026-08-28,pre_close,2026-08-28T19:31:57Z,GDDY,Software - Infrastructure,leaders,98.23,95.41,4.54,97.19,97.9,98.57,95.94,0.22,failed_breakout,,,,,,,,,,,,
2026-08-28,pre_close,2026-08-28T19:31:57Z,GH,Diagnostics & Research,leaders,173.1,168.19,7.55,162.3,166.0,169.6,161.43,-3.69,invalidated,,,,,,,,,,,,
2026-08-28,pre_close,2026-08-28T19:31:57Z,GLXY,Capital Markets,leaders,26.2,24.52,1.82,23.42,24.65,25.06,23.1,-7.37,invalidated,,,,,,,,,,,,
2026-08-28,pre_close,2026-08-28T19:31:57Z,HNGE,Health Information Services,leaders,95.57,91.11,4.52,88.09,92.0,92.61,87.8,-5.13,invalidated,,,,,,,,,,,,
2026-08-28,pre_close,2026-08-28T19:31:57Z,HOOD,Capital Markets,leaders,112.07,107.51,6.07,104.79,108.65,110.44,104.55,-4.53,invalidated,,,,,,,,,,,,
2026-08-28,pre_close,2026-08-28T19:31:57Z,HPQ,Computer Hardware,leaders,29.73,26.73,1.43,30.34,29.85,31.22,29.61,2.41,gapped_through,0.5104895104895109,,,,,,,,,,,
2026-08-28,pre_close,2026-08-28T19:31:57Z,HSBC,Banks - Diversified,all_green,103.55,102.27,1.61,103.57,103.68,104.17,103.23,0.7,gapped_through,0.21118012422359575,,,,,,,,,,,
2026-08-28,pre_close,2026-08-28T19:31:57Z,HUBS,Software - Application,leaders,257.41,243.11,15.88,261.1,255.69,262.98,254.57,2.06,triggered,0.4112090680100774,,,,,,,,,,,
2026-08-28,pre_close,2026-08-28T19:31:57Z,IBKR,Capital Markets,leaders,97.33,95.76,3.21,96.19,96.61,97.72,95.46,-0.37,reclaim,0.22741433021806978,prior_low,95.76,,,,,,,,,
2026-08-28,pre_close,2026-08-28T19:31:57Z,IBRX,Biotechnology,all_green,8.76,8.18,0.43,8.07,8.25,8.32,7.95,-3.89,invalidated,,,,,,,,,,,,
2026-08-28,pre_close,2026-08-28T19:31:57Z,ICLR,Diagnostics & Research,leaders,174.12,168.27,7.08,169.78,169.31,170.06,167.65,0.04,reclaim,0.300847457627118,prior_low,168.27,,,,,,,,,
2026-08-28,pre_close,2026-08-28T19:31:57Z,IMVT,Biotechnology,all_green,43.94,43.14,1.43,41.25,43.27,43.38,41.12,-5.86,invalidated,,,,,,,,,,,,
2026-08-28,pre_close,2026-08-28T19:31:57Z,INCY,Biotechnology,all_green,128.2,126.06,3.4,123.39,127.83,127.74,123.09,-3.41,invalidated,,,,,,,,,,,,
2026-08-28,pre_close,2026-08-28T19:31:57Z,ING,Banks - Diversified,all_green,35.29,34.93,0.52,35.28,35.32,35.34,35.14,0.5,gapped_through,0.26923076923077033,,,,,,,,,,,
2026-08-28,pre_close,2026-08-28T19:31:57Z,INSM,Biotechnology,all_green,126.1,121.21,5.08,118.54,120.39,120.66,117.15,-2.35,invalidated,,,,,,,,,,,,
2026-08-28,pre_close,2026-08-28T19:31:57Z,INTU,Software - Application,leaders,355.5,335.0,15.89,356.5,347.2,357.85,345.25,2.44,triggered,0.7079924480805537,,,,,,,,,,,
2026-08-28,pre_close,2026-08-28T19:31:57Z,IOT,Software - Infrastructure,leaders,42.68,40.57,2.15,41.31,41.91,42.63,41.18,-1.33,setting_up,,,,,,,,,,,,
2026-08-28,pre_close,2026-08-28T19:31:57Z,JAZZ,Biotechnology,all_green,252.85,246.99,7.55,245.6,249.48,250.64,245.55,-2.19,invalidated,,,,,,,,,,,,
2026-08-28,pre_close,2026-08-28T19:31:57Z,JPM,Banks - Diversified,all_green,357.57,352.23,5.91,357.15,355.67,358.73,354.22,0.83,failed_breakout,,,,,,,,,,,,
2026-08-28,pre_close,2026-08-28T19:31:57Z,KEX,Marine Shipping,leaders,141.01,138.58,3.63,139.21,140.2,140.86,138.45,-0.47,reclaim,0.20936639118457834,prior_low,138.58,,,,,,,,,
2026-08-28,pre_close,2026-08-28T19:31:57Z,KRYS,Biotechnology,all_green,362.5,355.09,12.57,352.09,356.92,356.92,348.82,-1.5,invalidated,,,,,,,,,,,,
2026-08-28,pre_close,2026-08-28T19:31:57Z,KYMR,Biotechnology,all_green,125.07,119.98,5.11,118.42,119.4,119.4,117.49,-1.51,invalidated,,,,,,,,,,,,
2026-08-28,pre_close,2026-08-28T19:31:57Z,LPLA,Capital Markets,leaders,363.95,355.73,10.04,369.87,361.89,371.46,361.89,2.39,triggered,0.794820717131476,,,,,,,,,,,
2026-08-28,pre_close,2026-08-28T19:31:57Z,MATX,Marine Shipping,leaders,224.4,220.03,6.3,224.74,225.4,225.8,222.54,1.2,gapped_through,0.3492063492063519,,,,,,,,,,,
2026-08-28,pre_close,2026-08-28T19:31:57Z,MC,Capital Markets,leaders,69.13,67.02,2.56,68.43,68.66,69.39,68.16,-0.29,reclaim,0.105468750000004,sma50,67.09355753250563,,,,,,,,,
2026-08-28,pre_close,2026-08-28T19:31:57Z,MDGL,Biotechnology,all_green,545.82,532.3,21.8,537.12,539.38,542.16,528.28,-1.21,reclaim,0.40550458715596477,prior_low,532.3,,,,,,,,,
2026-08-28,pre_close,2026-08-28T19:31:57Z,MEDP,Diagnostics & Research,leaders,624.99,606.19,19.51,602.01,608.71,609.18,600.51,-1.56,invalidated,,,,,,,,,,,,
2026-08-28,pre_close,2026-08-28T19:31:57Z,MHK,"Furnishings, Fixtures & Appliances",all_green,133.74,129.62,4.09,130.62,129.23,132.75,128.77,0.63,reclaim,0.4523227383863067,prior_low,129.62,,,,,,,,,
2026-08-28,pre_close,2026-08-28T19:31:57Z,MLI,Metal Fabrication,leaders,64.66,63.23,2.06,62.72,63.9,64.61,62.67,-2.28,invalidated,,,,,,,,,,,,
2026-08-28,pre_close,2026-08-28T19:31:57Z,MP,Other Industrial Metals & Mining,accel,59.52,57.27,3.51,56.06,58.99,59.5,55.64,-5.02,invalidated,,,,,,,,,,,,
2026-08-28,pre_close,2026-08-28T19:31:57Z,MRX,Capital Markets,leaders,73.9,71.08,3.36,72.46,71.49,72.76,71.0,1.52,reclaim,0.4345238095238077,prior_low,71.08,,,,,,,,,
2026-08-28,pre_close,2026-08-28T19:31:57Z,MTD,Diagnostics & Research,leaders,1440.22,1400.61,36.17,1397.99,1401.09,1406.93,1391.85,-0.67,invalidated,,,,,,,,,,,,
2026-08-28,pre_close,2026-08-28T19:31:57Z,MUFG,Banks - Diversified,all_green,22.65,22.3,0.45,22.89,22.95,23.0,22.82,2.01,gapped_through,0.1555555555555562,,,,,,,,,,,
2026-08-28,pre_close,2026-08-28T19:31:57Z,NET,Software - Infrastructure,leaders,309.53,290.27,16.82,300.78,307.29,307.48,298.02,-2.42,setting_up,,,,,,,,,,,,
2026-08-28,pre_close,2026-08-28T19:31:57Z,NSC,Railroads,all_green,351.55,347.02,6.38,348.33,349.33,349.55,346.25,0.11,reclaim,0.326018808777427,prior_low,347.02,,,,,,,,,
2026-08-28,pre_close,2026-08-28T19:31:57Z,NVDA,Semiconductors,rs_new_high,230.47,220.9,7.29,217.49,227.33,229.26,216.81,-4.6,invalidated,,,,,,,,,,,,
2026-08-28,pre_close,2026-08-28T19:31:57Z,NXE,Uranium,rs_new_high,11.28,11.1,0.47,10.39,11.18,11.28,10.28,-7.19,invalidated,,,,,,,,,,,,
2026-08-28,pre_close,2026-08-28T19:31:57Z,ORCL,Software - Infrastructure,leaders,153.83,147.52,6.69,151.74,153.5,153.98,149.71,-0.13,failed_breakout,,,,,,,,,,,,
2026-08-28,pre_close,2026-08-28T19:31:57Z,PBF,Oil & Gas Refining & Marketing,all_green,70.19,67.56,4.18,71.4,69.08,72.21,68.96,4.1,triggered,0.5837320574162709,,,,,,,,,,,
2026-08-28,pre_close,2026-08-28T19:31:57Z,PCVX,Biotechnology,all_green,61.6,59.93,2.29,60.16,61.06,61.81,59.49,-1.63,reclaim,0.29257641921397143,prior_low,59.93,,,,,,,,,
2026-08-28,pre_close,2026-08-28T19:31:57Z,PI,Semiconductors,rs_new_high,168.25,160.65,8.56,169.8,167.81,179.18,168.0,1.03,triggered,0.21028037383177703,,,,,,,,,,,
2026-08-28,pre_close,2026-08-28T19:31:57Z,PRAX,Biotechnology,all_green,377.5,366.88,19.89,349.08,363.4,363.4,346.93,-5.1,invalidated,,,,,,,,,,,,
2026-08-28,pre_close,2026-08-28T19:31:57Z,PTGX,Biotechnology,all_green,151.68,147.11,5.67,144.45,147.73,147.95,142.44,-3.38,invalidated,,,,,,,,,,,,
2026-08-28,pre_close,2026-08-28T19:31:57Z,QGEN,Diagnostics & Research,leaders,44.18,43.63,1.27,43.15,43.62,43.99,43.09,-1.34,invalidated,,,,,,,,,,,,
2026-08-28,pre_close,2026-08-28T19:31:57Z,QRVO,Semiconductors,rs_new_high,96.5,94.88,2.69,94.36,96.33,96.49,93.38,-1.89,invalidated,,,,,,,,,,,,
2026-08-28,pre_close,2026-08-28T19:31:57Z,RDNT,Diagnostics & Research,leaders,76.5,74.94,2.89,75.33,75.72,75.86,74.11,-0.04,reclaim,0.42214532871972277,prior_low,74.94,,,,,,,,,
2026-08-28,pre_close,2026-08-28T19:31:57Z,ROIV,Biotechnology,all_green,37.81,36.5,1.14,35.13,37.1,37.13,35.09,-6.52,invalidated,,,,,,,,,,,,
2026-08-28,pre_close,2026-08-28T19:31:57Z,RPRX,Biotechnology,all_green,62.35,61.01,1.35,60.85,61.92,61.92,60.67,-1.73,invalidated,,,,,,,,,,,,
2026-08-28,pre_close,2026-08-28T19:31:57Z,RYTM,Biotechnology,all_green,113.97,110.03,4.49,107.86,110.04,110.36,107.57,-4.15,invalidated,,,,,,,,,,,,
2026-08-28,pre_close,2026-08-28T19:31:57Z,SAN,Banks - Diversified,all_green,14.68,14.51,0.28,14.68,14.69,14.74,14.6,0.92,gapped_through,0.2857142857142859,,,,,,,,,,,
2026-08-28,pre_close,2026-08-28T19:31:57Z,SCHW,Capital Markets,leaders,109.53,107.23,2.29,110.69,108.58,111.0,107.79,2.45,triggered,1.2663755458515247,,,,,,,,,,,
2026-08-28,pre_close,2026-08-28T19:31:57Z,SHC,Diagnostics & Research,leaders,19.72,19.46,0.48,19.35,19.46,19.45,19.28,-0.69,invalidated,,,,,,,,,,,,
2026-08-28,pre_close,2026-08-28T19:31:57Z,SKHY,Semiconductors,rs_new_high,164.73,158.61,11.52,161.15,159.29,163.54,157.97,-0.28,reclaim,0.2760416666666673,prior_low,158.61,,,,,,,,,
2026-08-28,pre_close,2026-08-28T19:31:57Z,SLAB,Semiconductors,rs_new_high,219.06,218.45,1.05,218.54,219.2,219.2,218.5,-0.19,gapped_through,0.038095238095230514,,,,,,,,,,,
2026-08-28,pre_close,2026-08-28T19:31:57Z,SMFG,Banks - Diversified,all_green,25.6,25.34,0.5,25.92,25.99,26.08,25.84,1.93,gapped_through,0.1600000000000037,,,,,,,,,,,
2026-08-28,pre_close,2026-08-28T19:31:57Z,SMTC,Semiconductors,rs_new_high,150.37,139.43,11.61,131.74,141.76,142.07,130.12,-7.51,invalidated,,,,,,,,,,,,
2026-08-28,pre_close,2026-08-28T19:31:57Z,SNX,Electronics & Computer Distribution,all_green,261.0,256.42,7.83,254.1,259.69,260.23,253.5,-2.32,invalidated,,,,,,,,,,,,
2026-08-28,pre_close,2026-08-28T19:31:57Z,SRRK,Biotechnology,all_green,60.17,58.87,2.43,57.78,58.75,59.23,57.17,-2.5,invalidated,,,,,,,,,,,,
2026-08-28,pre_close,2026-08-28T19:31:57Z,SUN,Oil & Gas Refining & Marketing,all_green,75.69,73.59,1.98,74.78,74.84,75.79,74.61,-0.93,failed_breakout,,,,,,,,,,,,
2026-08-28,pre_close,2026-08-28T19:31:57Z,SWKS,Semiconductors,rs_new_high,68.11,66.03,2.79,65.46,67.13,67.68,64.47,-2.81,invalidated,,,,,,,,,,,,
2026-08-28,pre_close,2026-08-28T19:31:57Z,TGTX,Biotechnology,all_green,55.97,54.15,2.49,54.45,55.57,55.53,54.1,-2.28,reclaim,0.1405622489959845,prior_low,54.15,,,,,,,,,
2026-08-28,pre_close,2026-08-28T19:31:57Z,TOST,Software - Infrastructure,leaders,37.15,35.08,1.25,35.33,35.02,35.74,34.51,0.44,reclaim,0.6560000000000002,prior_low,35.08,,,,,,,,,
2026-08-28,pre_close,2026-08-28T19:31:57Z,TSM,Semiconductors,rs_new_high,429.64,420.53,12.81,418.64,427.13,429.12,417.79,-2.03,invalidated,,,,,,,,,,,,
2026-08-28,pre_close,2026-08-28T19:31:57Z,TWLO,Software - Infrastructure,leaders,241.81,231.68,11.83,238.78,241.47,243.98,238.5,-1.06,failed_breakout,,,,,,,,,,,,
2026-08-28,pre_close,2026-08-28T19:31:57Z,UBS,Banks - Diversified,all_green,54.65,54.15,0.77,54.97,54.76,55.1,54.49,1.13,gapped_through,0.6233766233766193,,,,,,,,,,,
2026-08-28,pre_close,2026-08-28T19:31:57Z,UNP,Railroads,all_green,309.74,306.43,5.96,307.92,308.31,308.9,306.67,0.08,setting_up,,,,,,,,,,,,
2026-08-28,pre_close,2026-08-28T19:31:57Z,VALE,Other Industrial Metals & Mining,accel,15.35,15.06,0.39,15.0,15.3,15.3,14.89,-1.99,invalidated,,,,,,,,,,,,
2026-08-28,pre_close,2026-08-28T19:31:57Z,VIRT,Capital Markets,leaders,67.06,65.4,2.97,66.11,68.6,68.76,66.03,-1.39,gapped_through,0.02693602693602636,,,,,,,,,,,
2026-08-28,pre_close,2026-08-28T19:31:57Z,VOYA,Financial Conglomerates,all_green,102.55,101.05,2.18,102.73,101.57,103.25,101.04,1.55,triggered,0.775229357798164,,,,,,,,,,,
2026-08-28,pre_close,2026-08-28T19:31:57Z,VRSN,Software - Infrastructure,leaders,298.09,292.01,8.06,292.43,298.53,300.0,291.33,-0.78,gapped_through,0.13647642679901026,,,,,,,,,,,
2026-08-28,pre_close,2026-08-28T19:31:57Z,VRTX,Biotechnology,all_green,550.83,540.08,14.36,541.66,547.09,547.55,540.35,-1.07,setting_up,,,,,,,,,,,,
2026-08-28,pre_close,2026-08-28T19:31:57Z,WAB,Railroads,all_green,299.42,295.73,6.37,291.87,297.35,298.53,290.59,-1.82,invalidated,,,,,,,,,,,,
2026-08-28,pre_close,2026-08-28T19:31:57Z,WAT,Diagnostics & Research,leaders,426.22,417.2,12.17,415.85,417.8,422.5,412.98,-1.28,invalidated,,,,,,,,,,,,
2026-08-28,pre_close,2026-08-28T19:31:57Z,XYZ,Software - Infrastructure,leaders,86.92,83.48,2.7,83.58,85.32,85.86,82.99,-1.49,reclaim,0.21851851851851978,prior_low,83.48,,,,,,,,,
2026-08-28,pre_close,2026-08-28T19:31:57Z,ZM,Software - Application,leaders,100.32,94.6,4.18,99.0,99.93,102.17,97.4,-1.26,failed_breakout,,,,,,,,,,,,
2026-08-31,pre_close,2026-08-31T19:32:35Z,A,Diagnostics & Research,leaders,156.1,152.76,4.42,153.68,152.68,153.77,151.63,-0.1,reclaim,0.46380090497737814,prior_low,152.76,,,,,,,,,
2026-08-31,pre_close,2026-08-31T19:32:35Z,AAPL,Consumer Electronics,accel,322.37,315.45,7.15,315.79,319.56,321.23,312.85,-1.22,reclaim,0.41118881118881084,prior_low,315.45,,,,,,,,,
2026-08-31,pre_close,2026-08-31T19:32:35Z,AM,Oil & Gas Midstream,leaders,22.62,22.24,0.55,22.34,22.45,22.53,22.25,0.25,reclaim,0.16363636363636336,sma50,22.278860569715143,,,,,,,,,
2026-08-31,pre_close,2026-08-31T19:32:35Z,AMG,Asset Management,leaders,376.75,368.7,10.92,370.95,371.03,370.94,368.07,0.02,reclaim,0.2637362637362633,prior_low,368.7,,,,,,,,,
2026-08-31,pre_close,2026-08-31T19:32:35Z,APO,Asset Management,leaders,136.65,133.24,4.07,137.57,135.21,137.83,134.35,1.88,triggered,0.7911547911547908,,,,,,,,,,,
2026-08-31,pre_close,2026-08-31T19:32:35Z,ARES,Asset Management,leaders,144.09,141.84,4.58,143.75,141.84,144.02,141.29,0.86,reclaim,0.5371179039301327,prior_low,141.84,,,,,,,,,
2026-08-31,pre_close,2026-08-31T19:32:35Z,ARWR,Biotechnology,leaders,88.25,84.19,3.28,81.57,83.2,83.7,80.75,-3.93,invalidated,,,,,,,,,,,,
2026-08-31,pre_close,2026-08-31T19:32:35Z,BAC,Banks - Diversified,all_green,62.56,61.36,1.09,61.96,62.22,62.48,61.95,-0.59,setting_up,,,,,,,,,,,,
2026-08-31,pre_close,2026-08-31T19:32:35Z,BAM,Asset Management,leaders,52.69,51.91,1.25,51.65,51.23,51.85,50.6,-0.91,invalidated,,,,,,,,,,,,
2026-08-31,pre_close,2026-08-31T19:32:35Z,BEN,Asset Management,leaders,35.19,34.63,0.74,34.31,34.58,34.69,34.1,-1.0,invalidated,,,,,,,,,,,,
2026-08-31,pre_close,2026-08-31T19:32:35Z,BKR,Oil & Gas Equipment & Services,emerging,62.62,61.67,1.63,63.49,63.15,63.96,62.69,1.72,gapped_through,0.4907975460122726,,,,,,,,,,,
2026-08-31,pre_close,2026-08-31T19:32:35Z,BMRN,Biotechnology,leaders,65.08,64.07,1.81,65.75,65.95,65.95,64.58,1.67,gapped_through,0.6464088397790064,,,,,,,,,,,
2026-08-31,pre_close,2026-08-31T19:32:35Z,BNS,Banks - Diversified,all_green,94.08,91.83,1.93,91.89,92.38,93.03,91.76,-0.54,reclaim,0.06735751295336552,prior_low,91.83,,,,,,,,,
2026-08-31,pre_close,2026-08-31T19:32:35Z,BNTX,Biotechnology,leaders,105.23,98.8,4.91,101.28,102.01,103.0,101.03,-0.78,setting_up,,,,,,,,,,,,
2026-08-31,pre_close,2026-08-31T19:32:35Z,BNY,Banks - Diversified,all_green,163.46,161.69,2.95,161.61,162.26,162.8,161.27,-0.55,invalidated,,,,,,,,,,,,
2026-08-31,pre_close,2026-08-31T19:32:35Z,BSP,Software - Application,emerging,46.69,43.0,3.82,41.66,43.62,44.31,41.43,-4.44,invalidated,,,,,,,,,,,,
2026-08-31,pre_close,2026-08-31T19:32:35Z,CART,Internet Retail,all_green,51.0,50.33,1.71,50.58,50.92,50.92,50.1,0.08,reclaim,0.28070175438596306,prior_low,50.33,,,,,,,,,
2026-08-31,pre_close,2026-08-31T19:32:35Z,CG,Asset Management,leaders,50.0,48.98,1.57,48.62,48.81,48.87,48.36,-0.96,invalidated,,,,,,,,,,,,
2026-08-31,pre_close,2026-08-31T19:32:35Z,CNI,Railroads,leaders,126.95,125.0,2.08,124.43,125.77,125.99,124.13,-1.26,invalidated,,,,,,,,,,,,
2026-08-31,pre_close,2026-08-31T19:32:35Z,COF,Credit Services,all_green,219.15,215.6,4.94,214.93,214.26,215.08,214.02,-0.34,invalidated,,,,,,,,,,,,
2026-08-31,pre_close,2026-08-31T19:32:35Z,CP,Railroads,leaders,94.4,93.24,1.79,92.33,94.0,94.18,92.32,-1.9,invalidated,,,,,,,,,,,,
2026-08-31,pre_close,2026-08-31T19:32:35Z,CPAY,Software - Infrastructure,emerging,409.26,401.52,10.08,405.64,406.06,408.61,402.21,-0.55,setting_up,,,,,,,,,,,,
2026-08-31,pre_close,2026-08-31T19:32:35Z,CRBG,Asset Management,leaders,32.95,32.52,0.83,32.67,32.49,32.76,32.44,0.2,reclaim,0.2771084337349446,prior_low,32.52,,,,,,,,,
2026-08-31,pre_close,2026-08-31T19:32:35Z,CRWD,Software - Infrastructure,emerging,228.69,210.53,12.08,230.58,221.75,233.88,221.08,5.58,triggered,0.7864238410596026,,,,,,,,,,,
2026-08-31,pre_close,2026-08-31T19:32:35Z,CSX,Railroads,leaders,51.95,50.98,0.94,50.44,51.05,51.2,50.35,-1.64,invalidated,,,,,,,,,,,,
2026-08-31,pre_close,2026-08-31T19:32:35Z,DHR,Diagnostics & Research,leaders,217.04,212.85,6.24,214.67,213.99,215.38,212.28,-0.65,reclaim,0.3830128205128183,prior_low,212.85,,,,,,,,,
2026-08-31,pre_close,2026-08-31T19:32:35Z,EG,Insurance - Reinsurance,accel,381.99,376.42,7.61,374.64,375.91,376.64,373.99,-0.79,invalidated,,,,,,,,,,,,
2026-08-31,pre_close,2026-08-31T19:32:35Z,EPD,Oil & Gas Midstream,leaders,39.2,38.85,0.61,38.83,39.1,39.23,38.79,-0.47,invalidated,,,,,,,,,,,,
2026-08-31,pre_close,2026-08-31T19:32:35Z,EQH,Asset Management,leaders,50.84,50.05,1.28,50.28,50.13,50.43,49.82,0.16,reclaim,0.35937500000000067,prior_low,50.05,,,,,,,,,
2026-08-31,pre_close,2026-08-31T19:32:35Z,ETSY,Internet Retail,all_green,84.98,83.09,3.27,81.72,83.05,83.97,81.14,-2.24,invalidated,,,,,,,,,,,,
2026-08-31,pre_close,2026-08-31T19:32:35Z,FCFS,Credit Services,all_green,225.54,218.81,9.33,215.95,221.67,220.34,212.61,-1.49,invalidated,,,,,,,,,,,,
2026-08-31,pre_close,2026-08-31T19:32:35Z,FTI,Oil & Gas Equipment & Services,emerging,76.8,75.25,2.4,77.9,76.57,78.56,76.74,2.72,triggered,0.48333333333333783,,,,,,,,,,,
2026-08-31,pre_close,2026-08-31T19:32:35Z,FTNT,Software - Infrastructure,emerging,173.0,162.68,7.01,171.71,165.73,172.08,165.73,3.44,setting_up,,,,,,,,,,,,
2026-08-31,pre_close,2026-08-31T19:32:35Z,GDDY,Software - Infrastructure,emerging,99.13,95.94,4.44,97.93,97.26,98.21,96.1,0.24,setting_up,,,,,,,,,,,,
2026-08-31,pre_close,2026-08-31T19:32:35Z,GH,Diagnostics & Research,leaders,169.6,160.23,7.68,157.44,160.11,162.14,155.62,-2.51,invalidated,,,,,,,,,,,,
2026-08-31,pre_close,2026-08-31T19:32:35Z,GLBE,Internet Retail,all_green,40.18,39.01,1.39,37.72,39.66,39.72,37.06,-5.59,invalidated,,,,,,,,,,,,
2026-08-31,pre_close,2026-08-31T19:32:35Z,HASI,Asset Management,leaders,40.56,40.0,1.01,39.42,39.54,39.68,39.19,-1.46,invalidated,,,,,,,,,,,,
2026-08-31,pre_close,2026-08-31T19:32:35Z,HNGE,Health Information Services,leaders,92.61,87.06,4.61,91.2,86.5,91.19,85.75,4.4,reclaim,1.182212581344903,prior_low,87.06,,,,,,,,,
2026-08-31,pre_close,2026-08-31T19:32:35Z,HSBC,Banks - Diversified,all_green,104.17,103.23,1.59,102.98,102.97,103.26,102.94,-0.53,invalidated,,,,,,,,,,,,
2026-08-31,pre_close,2026-08-31T19:32:35Z,IBRX,Biotechnology,leaders,8.32,7.95,0.43,7.89,7.88,8.02,7.84,-2.0,invalidated,,,,,,,,,,,,
2026-08-31,pre_close,2026-08-31T19:32:35Z,ICLR,Diagnostics & Research,leaders,170.42,165.7,6.91,165.42,169.76,170.41,163.61,-2.71,invalidated,,,,,,,,,,,,
2026-08-31,pre_close,2026-08-31T19:32:35Z,ILMN,Diagnostics & Research,leaders,225.1,214.61,9.23,212.85,213.9,214.9,208.98,-1.27,invalidated,,,,,,,,,,,,
2026-08-31,pre_close,2026-08-31T19:32:35Z,IMVT,Biotechnology,leaders,43.38,41.08,1.52,40.77,40.64,41.15,39.94,-1.04,invalidated,,,,,,,,,,,,
2026-08-31,pre_close,2026-08-31T19:32:35Z,INCY,Biotechnology,leaders,127.74,123.08,3.49,123.36,122.76,123.79,122.62,-0.81,reclaim,0.21203438395415325,prior_low,123.08,,,,,,,,,
2026-08-31,pre_close,2026-08-31T19:32:35Z,JPM,Banks - Diversified,all_green,358.73,354.22,5.81,355.48,355.9,357.75,354.78,-0.6,setting_up,,,,,,,,,,,,
2026-08-31,pre_close,2026-08-31T19:32:35Z,KEX,Marine Shipping,all_green,140.86,138.45,3.54,140.76,139.86,140.84,138.15,1.23,reclaim,0.7372881355932162,prior_low,138.45,,,,,,,,,
2026-08-31,pre_close,2026-08-31T19:32:35Z,KKR,Asset Management,leaders,111.64,108.62,3.63,110.75,109.0,111.0,108.4,1.9,reclaim,0.6473829201101913,prior_low,108.62,,,,,,,,,
2026-08-31,pre_close,2026-08-31T19:32:35Z,KNTK,Oil & Gas Midstream,leaders,54.62,53.72,1.56,54.51,54.88,55.0,53.56,1.3,gapped_through,0.6089743589743563,,,,,,,,,,,
2026-08-31,pre_close,2026-08-31T19:32:35Z,KRYS,Biotechnology,leaders,356.92,348.57,12.31,358.89,349.81,359.05,346.58,2.11,triggered,1.0000000000000002,,,,,,,,,,,
2026-08-31,pre_close,2026-08-31T19:32:35Z,KYMR,Biotechnology,leaders,121.97,117.48,5.07,117.76,118.6,119.48,116.08,-0.33,reclaim,0.33136094674556343,prior_low,117.48,,,,,,,,,
2026-08-31,pre_close,2026-08-31T19:32:35Z,MATX,Marine Shipping,all_green,225.8,222.54,6.12,224.93,224.81,226.68,222.81,0.28,failed_breakout,,,,,,,,,,,,
2026-08-31,pre_close,2026-08-31T19:32:35Z,MDGL,Biotechnology,leaders,542.16,528.28,21.34,532.14,530.6,536.02,523.39,-0.3,reclaim,0.41002811621368324,prior_low,528.28,,,,,,,,,
2026-08-31,pre_close,2026-08-31T19:32:35Z,MEDP,Diagnostics & Research,leaders,609.22,599.36,18.99,591.08,594.32,596.03,583.16,-1.59,invalidated,,,,,,,,,,,,
2026-08-31,pre_close,2026-08-31T19:32:35Z,MELI,Internet Retail,all_green,1972.59,1939.95,65.36,1943.07,1950.51,1964.0,1922.38,-1.18,reclaim,0.31655446756425687,prior_low,1939.95,,,,,,,,,
2026-08-31,pre_close,2026-08-31T19:32:35Z,MHK,"Furnishings, Fixtures & Appliances",leaders,132.75,128.77,4.08,128.33,128.97,129.79,127.57,-1.2,invalidated,,,,,,,,,,,,
2026-08-31,pre_close,2026-08-31T19:32:35Z,MPLX,Oil & Gas Midstream,leaders,59.75,59.23,1.0,59.13,59.35,59.53,59.15,-0.2,invalidated,,,,,,,,,,,,
2026-08-31,pre_close,2026-08-31T19:32:35Z,MTD,Diagnostics & Research,leaders,1406.93,1391.62,34.72,1400.26,1391.1,1405.09,1376.23,0.12,reclaim,0.6921082949308748,prior_low,1391.62,,,,,,,,,
2026-08-31,pre_close,2026-08-31T19:32:35Z,MUFG,Banks - Diversified,all_green,23.0,22.82,0.46,22.75,22.98,23.05,22.72,-0.68,invalidated,,,,,,,,,,,,
2026-08-31,pre_close,2026-08-31T19:32:35Z,NET,Software - Infrastructure,emerging,307.5,298.02,16.35,308.31,299.1,309.25,296.44,2.82,triggered,0.7259938837920491,,,,,,,,,,,
2026-08-31,pre_close,2026-08-31T19:32:35Z,NOV,Oil & Gas Equipment & Services,emerging,21.05,20.48,0.71,21.31,21.42,21.67,20.99,1.52,gapped_through,0.4507042253521131,,,,,,,,,,,
2026-08-31,pre_close,2026-08-31T19:32:35Z,NSC,Railroads,leaders,349.55,346.24,6.16,342.52,350.0,350.0,342.44,-1.77,invalidated,,,,,,,,,,,,
2026-08-31,pre_close,2026-08-31T19:32:35Z,NTRS,Asset Management,leaders,187.94,185.67,3.61,185.95,186.24,186.87,185.51,-0.45,reclaim,0.12188365650969467,prior_low,185.67,,,,,,,,,
2026-08-31,pre_close,2026-08-31T19:32:35Z,OKE,Oil & Gas Midstream,leaders,95.88,94.55,2.36,95.74,96.0,97.48,94.51,1.03,gapped_through,0.5211864406779618,,,,,,,,,,,
2026-08-31,pre_close,2026-08-31T19:32:35Z,OMF,Credit Services,all_green,64.6,62.83,1.53,62.53,62.79,62.83,62.25,-0.5,invalidated,,,,,,,,,,,,
2026-08-31,pre_close,2026-08-31T19:32:35Z,ORCL,Software - Infrastructure,emerging,153.99,149.71,6.51,149.84,149.3,151.26,147.75,-0.67,reclaim,0.321044546850999,prior_low,149.71,,,,,,,,,
2026-08-31,pre_close,2026-08-31T19:32:35Z,PBF,Oil & Gas Refining & Marketing,all_green,72.21,68.87,4.14,73.11,73.96,75.5,70.2,2.57,gapped_through,0.7028985507246369,,,,,,,,,,,
2026-08-31,pre_close,2026-08-31T19:32:35Z,PCVX,Biotechnology,leaders,62.38,59.49,2.33,60.28,59.1,60.66,58.51,0.74,reclaim,0.7596566523605164,prior_low,59.49,,,,,,,,,
2026-08-31,pre_close,2026-08-31T19:32:35Z,PRAX,Biotechnology,leaders,367.7,344.69,20.12,346.01,343.01,346.62,333.46,0.36,reclaim,0.6237574552683902,prior_low,344.69,,,,,,,,,
2026-08-31,pre_close,2026-08-31T19:32:35Z,PTGX,Biotechnology,leaders,147.95,142.43,5.77,146.69,143.12,146.77,142.01,1.64,reclaim,0.811091854419412,prior_low,142.43,,,,,,,,,
2026-08-31,pre_close,2026-08-31T19:32:35Z,QGEN,Diagnostics & Research,leaders,43.99,42.99,1.25,43.46,43.04,43.47,42.57,0.81,reclaim,0.7120000000000004,prior_low,42.99,,,,,,,,,
2026-08-31,pre_close,2026-08-31T19:32:35Z,RDNT,Diagnostics & Research,leaders,75.86,74.11,2.81,75.64,74.07,76.26,73.5,1.37,reclaim,0.7615658362989326,prior_low,74.11,,,,,,,,,
2026-08-31,pre_close,2026-08-31T19:32:35Z,RGA,Insurance - Reinsurance,accel,246.98,243.98,4.74,245.26,245.38,245.45,243.62,-0.12,reclaim,0.3459915611814317,prior_low,243.98,,,,,,,,,
2026-08-31,pre_close,2026-08-31T19:32:35Z,RJF,Asset Management,leaders,179.61,175.93,3.84,178.66,179.42,179.7,178.09,-0.39,failed_breakout,,,,,,,,,,,,
2026-08-31,pre_close,2026-08-31T19:32:35Z,RNR,Insurance - Reinsurance,accel,333.34,329.36,6.5,326.75,329.91,330.22,326.0,-1.21,invalidated,,,,,,,,,,,,
2026-08-31,pre_close,2026-08-31T19:32:35Z,RPRX,Biotechnology,leaders,62.01,60.66,1.35,61.53,60.79,61.56,60.41,1.11,reclaim,0.8296296296296329,prior_low,60.66,,,,,,,,,
2026-08-31,pre_close,2026-08-31T19:32:35Z,RVMD,Biotechnology,leaders,221.5,205.82,8.69,204.75,204.2,206.2,201.0,-1.51,invalidated,,,,,,,,,,,,
2026-08-31,pre_close,2026-08-31T19:32:35Z,SAN,Banks - Diversified,all_green,14.74,14.6,0.28,14.58,14.78,14.8,14.55,-0.62,invalidated,,,,,,,,,,,,
2026-08-31,pre_close,2026-08-31T19:32:35Z,SE,Internet Retail,all_green,120.91,117.8,4.55,112.41,117.54,118.22,111.91,-5.82,invalidated,,,,,,,,,,,,
2026-08-31,pre_close,2026-08-31T19:32:35Z,SHC,Diagnostics & Research,leaders,19.45,19.27,0.46,18.79,19.09,19.19,18.74,-2.49,invalidated,,,,,,,,,,,,
2026-08-31,pre_close,2026-08-31T19:32:35Z,SMFG,Banks - Diversified,all_green,26.08,25.84,0.51,25.88,26.24,26.23,25.85,-0.17,gapped_through,0.058823529411759966,,,,,,,,,,,
2026-08-31,pre_close,2026-08-31T19:32:35Z,SRRK,Biotechnology,leaders,59.3,57.17,2.41,56.58,57.17,57.62,56.1,-2.11,invalidated,,,,,,,,,,,,
2026-08-31,pre_close,2026-08-31T19:32:35Z,STEP,Asset Management,leaders,51.26,50.18,2.19,51.88,49.84,51.95,49.88,3.09,triggered,0.9132420091324202,,,,,,,,,,,
2026-08-31,pre_close,2026-08-31T19:32:35Z,STT,Asset Management,leaders,194.24,192.14,4.05,191.41,192.94,194.23,191.35,-0.99,invalidated,,,,,,,,,,,,
2026-08-31,pre_close,2026-08-31T19:32:35Z,SYF,Credit Services,all_green,80.89,78.03,2.05,76.95,77.5,77.69,76.79,-1.41,invalidated,,,,,,,,,,,,
2026-08-31,pre_close,2026-08-31T19:32:35Z,TD,Banks - Diversified,all_green,122.41,120.08,2.14,120.91,121.51,122.38,120.67,-0.28,reclaim,0.11214953271027797,sma50,120.57478122513922,,,,,,,,,
2026-08-31,pre_close,2026-08-31T19:32:35Z,TGTX,Biotechnology,leaders,55.53,53.83,2.44,53.62,53.48,53.67,52.67,-0.58,invalidated,,,,,,,,,,,,
2026-08-31,pre_close,2026-08-31T19:32:35Z,TRGP,Oil & Gas Midstream,leaders,290.39,287.49,8.64,293.21,292.59,293.82,287.95,1.87,gapped_through,0.6087962962962952,,,,,,,,,,,
2026-08-31,pre_close,2026-08-31T19:32:35Z,TWLO,Software - Infrastructure,emerging,243.98,237.29,11.46,236.96,233.0,239.48,233.0,-0.35,invalidated,,,,,,,,,,,,
2026-08-31,pre_close,2026-08-31T19:32:35Z,UBER,Software - Application,emerging,79.0,76.72,2.64,76.15,78.17,78.18,75.35,-3.39,invalidated,,,,,,,,,,,,
2026-08-31,pre_close,2026-08-31T19:32:35Z,UNP,Railroads,leaders,308.99,306.67,5.7,300.82,305.0,306.36,300.7,-2.14,invalidated,,,,,,,,,,,,
2026-08-31,pre_close,2026-08-31T19:32:35Z,VNOM,Oil & Gas Midstream,leaders,44.99,44.11,1.03,44.68,45.06,45.39,44.28,1.13,gapped_through,0.3883495145631054,,,,,,,,,,,
2026-08-31,pre_close,2026-08-31T19:32:35Z,VRSN,Software - Infrastructure,emerging,300.36,290.95,8.16,288.98,290.01,291.92,289.79,-1.01,invalidated,,,,,,,,,,,,
2026-08-31,pre_close,2026-08-31T19:32:35Z,VRTX,Biotechnology,leaders,549.57,540.08,14.01,543.97,536.31,544.09,533.02,0.42,reclaim,0.7815845824411167,prior_low,540.08,,,,,,,,,
2026-08-31,pre_close,2026-08-31T19:32:35Z,W,Internet Retail,all_green,106.24,103.0,4.98,98.27,102.15,102.41,97.49,-5.29,invalidated,,,,,,,,,,,,
2026-08-31,pre_close,2026-08-31T19:32:35Z,WAB,Railroads,leaders,299.38,290.59,6.54,286.89,290.51,291.58,286.73,-1.83,invalidated,,,,,,,,,,,,
2026-08-31,pre_close,2026-08-31T19:32:35Z,WAT,Diagnostics & Research,leaders,422.5,412.38,12.02,413.64,410.52,415.18,409.9,-0.25,reclaim,0.31114808652246334,prior_low,412.38,,,,,,,,,
2026-08-31,pre_close,2026-08-31T19:32:35Z,WES,Oil & Gas Midstream,leaders,48.3,47.72,0.94,47.84,48.35,48.83,47.72,-0.95,gapped_through,0.12765957446808995,,,,,,,,,,,
2026-08-31,pre_close,2026-08-31T19:32:35Z,WMB,Oil & Gas Midstream,leaders,74.81,73.46,2.14,75.26,74.04,75.5,73.78,2.07,triggered,0.6915887850467308,,,,,,,,,,,
2026-08-31,pre_close,2026-08-31T19:32:35Z,XYZ,Software - Infrastructure,emerging,85.89,82.99,2.71,82.0,82.52,83.05,81.07,-1.88,invalidated,,,,,,,,,,,,
2026-08-31,pre_close,2026-08-31T19:32:35Z,ZM,Software - Application,emerging,102.17,97.4,4.22,97.0,98.25,98.88,96.06,-1.45,invalidated,,,,,,,,,,,,
2026-09-01,pre_close,2026-09-01T19:32:20Z,A,Diagnostics & Research,leaders,154.03,151.63,4.28,149.83,154.0,154.24,149.34,-2.43,invalidated,,,,52.64,2.59%,2.58%,0.63,-8.50%,,,,
2026-09-01,pre_close,2026-09-01T19:32:20Z,AAPL,Consumer Electronics,accel,321.23,312.8,7.24,325.44,316.98,327.3,314.74,2.71,triggered,1.4779005524861861,,,61.28,2.14%,2.02%,0.75,-5.55%,,,,
2026-09-01,pre_close,2026-09-01T19:32:20Z,AM,Oil & Gas Midstream,leaders,22.53,22.25,0.53,22.42,22.48,22.7,22.53,-0.02,reclaim,-0.20754716981131968,sma50,22.29293029730536,52.97,2.44%,2.36%,0.50,-5.96%,,,,
2026-09-01,pre_close,2026-09-01T19:32:20Z,AMG,Asset Management,leaders,375.61,367.97,10.69,363.7,363.73,372.8,361.05,-1.22,invalidated,,,,49.73,2.32%,2.80%,0.54,-7.44%,,,,
2026-09-01,pre_close,2026-09-01T19:32:20Z,AMP,Asset Management,leaders,559.15,553.0,10.61,542.39,549.85,554.76,541.97,-1.94,invalidated,,,,45.28,1.58%,1.75%,0.46,-5.27%,,,,
2026-09-01,pre_close,2026-09-01T19:32:20Z,APGE,Biotechnology,leaders,135.08,134.99,0.37,135.07,135.02,135.09,135.01,-0.0,failed_breakout,,,,78.84,0.06%,0.11%,0.31,-0.00%,,,,
2026-09-01,pre_close,2026-09-01T19:32:20Z,APO,Asset Management,leaders,137.83,134.35,4.03,131.77,134.99,135.29,129.89,-3.52,invalidated,,,,50.08,2.26%,3.29%,0.44,-14.04%,,,,
2026-09-01,pre_close,2026-09-01T19:32:20Z,BAC,Banks - Diversified,all_green,62.49,61.9,1.05,61.96,61.96,62.83,61.72,0.03,reclaim,0.22857142857143045,prior_low,61.9,48.63,1.37%,1.60%,0.50,-5.01%,,,,
2026-09-01,pre_close,2026-09-01T19:32:20Z,BEN,Asset Management,leaders,34.7,34.1,0.73,33.12,33.85,34.01,33.1,-3.03,invalidated,,,,41.11,1.67%,2.06%,0.54,-8.72%,,,,
2026-09-01,pre_close,2026-09-01T19:32:20Z,BKR,Oil & Gas Equipment & Services,rs_new_high,63.96,62.69,1.63,63.91,63.87,64.27,63.13,0.57,failed_breakout,,,,60.25,2.36%,2.38%,0.43,-9.23%,,,,
2026-09-01,pre_close,2026-09-01T19:32:20Z,BLK,Asset Management,leaders,1158.82,1142.57,22.51,1131.52,1139.0,1149.14,1124.15,-2.08,invalidated,,,,48.89,1.64%,1.72%,0.47,-7.25%,,,,
2026-09-01,pre_close,2026-09-01T19:32:20Z,BMRN,Biotechnology,leaders,66.3,64.33,1.82,64.52,65.54,66.01,64.49,-1.08,setting_up,,,,50.00,2.04%,2.98%,0.52,-9.10%,,,,
2026-09-01,pre_close,2026-09-01T19:32:20Z,BNS,Banks - Diversified,all_green,93.03,91.42,1.9,91.19,91.58,92.13,90.84,-0.51,invalidated,,,,55.49,2.88%,1.81%,0.44,-3.96%,,,,
2026-09-01,pre_close,2026-09-01T19:32:20Z,BNTX,Biotechnology,leaders,103.0,100.84,4.72,100.88,101.1,102.14,100.29,-0.72,reclaim,0.12499999999999772,prior_low,100.84,50.14,3.30%,3.70%,0.51,-18.65%,,,,
2026-09-01,pre_close,2026-09-01T19:32:20Z,BNY,Banks - Diversified,all_green,162.82,161.13,2.86,160.33,160.11,161.72,159.41,-0.59,invalidated,,,,51.82,1.41%,1.61%,0.48,-3.23%,,,,
2026-09-01,pre_close,2026-09-01T19:32:20Z,BSY,Software - Application,emerging,37.42,36.72,1.37,35.53,36.57,36.67,35.53,-3.32,invalidated,,,,49.31,2.78%,3.89%,0.36,-37.94%,,,,
2026-09-01,pre_close,2026-09-01T19:32:20Z,CAH,Medical Distribution,accel,236.97,233.51,5.4,238.65,236.61,240.75,236.02,1.72,triggered,0.48703703703703616,,,57.49,1.70%,2.54%,0.29,-7.61%,,,,
2026-09-01,pre_close,2026-09-01T19:32:20Z,CG,Asset Management,leaders,48.87,48.34,1.51,46.56,47.56,47.9,46.16,-3.79,invalidated,,,,43.48,2.06%,3.42%,0.59,-33.34%,,,,
2026-09-01,pre_close,2026-09-01T19:32:20Z,CNX,Oil & Gas E&P,leaders,36.82,36.28,0.85,37.57,36.4,37.57,36.38,3.27,triggered,1.3999999999999975,,,69.16,2.02%,2.30%,0.39,-13.87%,,,,
2026-09-01,pre_close,2026-09-01T19:32:20Z,COR,Medical Distribution,accel,326.57,319.04,7.86,330.51,327.63,331.06,325.92,2.14,gapped_through,0.5839694656488518,,,61.91,1.67%,2.54%,0.57,-12.46%,,,,
2026-09-01,pre_close,2026-09-01T19:32:20Z,CPAY,Software - Infrastructure,emerging,408.83,402.21,9.83,405.32,410.37,408.26,401.9,0.25,gapped_through,0.34791454730417254,,,54.99,1.84%,2.53%,0.57,-4.84%,,,,
2026-09-01,pre_close,2026-09-01T19:32:20Z,CRBG,Asset Management,leaders,32.76,32.4,0.79,32.03,32.53,32.74,31.96,-1.55,invalidated,,,,47.43,1.73%,2.59%,0.44,-7.97%,,,,
2026-09-01,pre_close,2026-09-01T19:32:20Z,CTVA,Agricultural Inputs,accel,85.28,83.71,2.18,87.41,85.89,87.84,85.31,3.28,gapped_through,0.9633027522935753,,,68.12,2.43%,2.54%,0.81,-3.91%,,,,
2026-09-01,pre_close,2026-09-01T19:32:20Z,DGX,Diagnostics & Research,leaders,242.63,239.4,4.73,236.5,242.72,243.37,236.27,-1.58,invalidated,,,,51.89,1.45%,1.77%,0.52,-4.33%,,,,
2026-09-01,pre_close,2026-09-01T19:32:20Z,DHR,Diagnostics & Research,leaders,215.38,212.22,6.07,206.69,214.59,214.34,206.59,-3.22,invalidated,,,,49.92,2.01%,2.76%,0.49,-14.87%,,,,
2026-09-01,pre_close,2026-09-01T19:32:20Z,EOG,Oil & Gas E&P,leaders,147.38,143.89,3.59,148.41,147.46,148.76,145.8,2.38,gapped_through,0.7270194986072382,,,56.62,2.02%,2.33%,0.71,-3.42%,,,,
2026-09-01,pre_close,2026-09-01T19:32:20Z,EPD,Oil & Gas Midstream,leaders,39.23,38.79,0.6,39.25,39.17,39.41,39.1,1.11,triggered,0.24999999999999764,,,60.21,1.34%,1.50%,0.64,-2.28%,,,,
2026-09-01,pre_close,2026-09-01T19:32:20Z,EQH,Asset Management,leaders,50.43,49.76,1.24,49.27,49.81,50.4,49.06,-1.72,invalidated,,,,47.95,1.79%,2.66%,0.43,-10.66%,,,,
2026-09-01,pre_close,2026-09-01T19:32:20Z,EXEL,Biotechnology,leaders,55.02,53.43,1.56,56.34,54.75,56.37,54.75,3.11,triggered,1.0192307692307714,,,57.54,2.42%,3.10%,0.54,-2.14%,,,,
2026-09-01,pre_close,2026-09-01T19:32:20Z,FANG,Oil & Gas E&P,leaders,204.8,198.45,5.94,203.12,204.73,204.73,199.05,1.31,setting_up,,,,53.72,2.58%,2.67%,0.66,-6.36%,,,,
2026-09-01,pre_close,2026-09-01T19:32:20Z,FFIV,Software - Infrastructure,emerging,408.91,395.06,13.65,393.38,400.59,406.16,390.37,-3.38,invalidated,,,,47.76,3.64%,3.12%,0.45,-9.57%,,,,
2026-09-01,pre_close,2026-09-01T19:32:20Z,FIG,Software - Application,emerging,28.0,27.31,1.89,27.36,27.03,28.38,26.57,-0.46,reclaim,0.4179894179894176,prior_low,27.31,54.77,6.74%,6.99%,0.46,-61.72%,,,,
2026-09-01,pre_close,2026-09-01T19:32:20Z,FROG,Software - Application,emerging,100.73,96.06,5.89,91.63,98.71,99.7,91.29,-8.43,invalidated,,,,50.80,7.03%,6.25%,0.76,-13.36%,,,,
2026-09-01,pre_close,2026-09-01T19:32:20Z,FTI,Oil & Gas Equipment & Services,rs_new_high,78.56,76.5,2.43,78.51,78.88,79.12,77.76,0.47,gapped_through,0.30864197530864196,,,61.40,2.83%,3.14%,0.36,-2.52%,,,,
2026-09-01,pre_close,2026-09-01T19:32:20Z,FTNT,Software - Infrastructure,emerging,172.51,165.71,6.99,160.77,168.84,169.93,160.6,-5.94,invalidated,,,,51.21,5.39%,3.97%,0.53,-7.55%,,,,
2026-09-01,pre_close,2026-09-01T19:32:20Z,GDDY,Software - Infrastructure,emerging,98.46,96.1,4.3,101.06,96.12,102.39,97.46,3.25,triggered,0.8372093023255834,,,58.78,2.82%,3.98%,0.64,-32.84%,,,,
2026-09-01,pre_close,2026-09-01T19:32:20Z,GH,Diagnostics & Research,leaders,162.14,155.62,7.6,165.15,158.0,165.63,156.5,3.85,triggered,1.138157894736843,,,53.77,4.50%,4.30%,0.68,-6.48%,,,,
2026-09-01,pre_close,2026-09-01T19:32:20Z,GLNG,Oil & Gas Midstream,leaders,51.61,50.61,1.43,52.42,51.65,52.38,51.38,1.82,gapped_through,0.7272727272727267,,,58.47,2.71%,2.73%,0.66,-9.28%,,,,
2026-09-01,pre_close,2026-09-01T19:32:20Z,GPN,Software - Infrastructure,emerging,91.86,89.87,2.71,90.74,90.33,92.0,89.73,-0.34,reclaim,0.37269372693726605,prior_low,89.87,55.84,2.03%,3.23%,0.28,-5.36%,,,,
2026-09-01,pre_close,2026-09-01T19:32:20Z,HASI,Asset Management,leaders,39.75,39.19,1.0,39.42,39.31,39.64,38.97,-0.33,reclaim,0.45000000000000284,prior_low,39.19,46.03,1.76%,2.28%,4.51,-10.67%,,,,
2026-09-01,pre_close,2026-09-01T19:32:20Z,HESM,Oil & Gas Midstream,leaders,40.27,39.77,0.81,40.18,40.4,40.69,39.8,-0.07,gapped_through,0.46913580246913894,,,54.04,1.86%,2.03%,0.80,-3.48%,,,,
2026-09-01,pre_close,2026-09-01T19:32:20Z,HNGE,Health Information Services,all_green,92.69,85.75,4.77,89.85,91.39,92.24,89.77,-2.92,setting_up,,,,55.81,6.20%,6.00%,0.47,-5.98%,,,,
2026-09-01,pre_close,2026-09-01T19:32:20Z,HSBC,Banks - Diversified,all_green,103.84,102.91,1.54,103.29,103.69,104.35,103.14,0.14,failed_breakout,,,,51.93,1.07%,1.12%,0.76,-4.29%,,,,
2026-09-01,pre_close,2026-09-01T19:32:20Z,HSIC,Medical Distribution,accel,90.0,88.16,1.81,88.19,89.8,90.15,88.01,-1.79,reclaim,0.09944751381215061,prior_low,88.16,49.03,1.69%,2.19%,0.28,-4.33%,,,,
2026-09-01,pre_close,2026-09-01T19:32:20Z,IBRX,Biotechnology,leaders,8.02,7.84,0.42,7.88,7.83,7.99,7.73,-0.88,reclaim,0.3571428571428559,prior_low,7.84,51.31,5.07%,4.62%,0.44,-36.60%,,,,
2026-09-01,pre_close,2026-09-01T19:32:20Z,ILMN,Diagnostics & Research,leaders,214.9,208.98,9.04,208.39,212.36,213.38,207.65,-2.45,invalidated,,,,53.05,3.81%,4.23%,0.45,-10.10%,,,,
2026-09-01,pre_close,2026-09-01T19:32:20Z,IMVT,Biotechnology,leaders,41.28,39.91,1.51,39.3,40.6,41.37,39.2,-3.72,invalidated,,,,39.10,3.48%,3.60%,0.79,-13.47%,,,,
2026-09-01,pre_close,2026-09-01T19:32:20Z,INCY,Biotechnology,leaders,124.0,121.61,3.44,124.52,124.61,124.89,122.5,1.05,gapped_through,0.5872093023255802,,,53.61,2.28%,2.65%,0.40,-6.10%,,,,
2026-09-01,pre_close,2026-09-01T19:32:20Z,JAZZ,Biotechnology,leaders,252.71,241.39,7.76,245.93,250.13,252.23,243.19,-1.9,setting_up,,,,45.99,3.75%,3.11%,0.78,-7.68%,,,,
2026-09-01,pre_close,2026-09-01T19:32:20Z,JPM,Banks - Diversified,all_green,357.77,354.77,5.61,354.61,355.78,359.92,354.23,-0.4,invalidated,,,,50.82,1.18%,1.46%,0.41,-3.24%,,,,
2026-09-01,pre_close,2026-09-01T19:32:20Z,KEX,Marine Shipping,all_green,142.1,138.15,3.57,140.18,141.0,142.5,138.99,-1.18,reclaim,0.3333333333333327,sma50,138.67057673509288,53.62,2.43%,2.48%,0.37,-11.10%,,,,
2026-09-01,pre_close,2026-09-01T19:32:20Z,KKR,Asset Management,leaders,111.0,108.4,3.55,106.81,108.06,109.37,105.75,-2.66,invalidated,,,,50.81,2.34%,3.56%,0.63,-29.78%,,,,
2026-09-01,pre_close,2026-09-01T19:32:20Z,KMI,Oil & Gas Midstream,leaders,32.39,31.64,0.78,32.03,32.53,32.69,31.89,-0.64,gapped_through,0.1794871794871802,,,52.15,2.63%,2.31%,0.62,-7.96%,,,,
2026-09-01,pre_close,2026-09-01T19:32:20Z,KRYS,Biotechnology,leaders,363.52,345.14,12.74,360.87,359.46,364.44,358.38,0.42,reclaim,0.19544740973312472,sma50,348.31830958612,59.12,3.55%,3.63%,0.31,-5.66%,,,,
2026-09-01,pre_close,2026-09-01T19:32:20Z,KYMR,Biotechnology,leaders,119.93,115.97,4.99,118.57,119.93,118.88,116.28,-0.2,setting_up,,,,53.93,3.80%,4.03%,0.41,-8.82%,,,,
2026-09-01,pre_close,2026-09-01T19:32:20Z,MATX,Marine Shipping,all_green,226.68,222.81,5.95,219.65,223.99,225.12,218.42,-2.3,invalidated,,,,55.70,1.81%,2.99%,0.62,-4.81%,,,,
2026-09-01,pre_close,2026-09-01T19:32:20Z,MCK,Medical Distribution,accel,892.8,876.48,23.83,907.28,867.16,914.43,886.83,2.48,triggered,0.8581619806965981,,,60.71,2.26%,3.03%,0.45,-9.18%,,,,
2026-09-01,pre_close,2026-09-01T19:32:20Z,MDGL,Biotechnology,leaders,542.05,523.29,21.16,537.01,540.65,548.6,533.38,-0.56,reclaim,0.1715500945179582,sma50,527.2185883042077,54.20,4.11%,3.80%,0.25,-12.68%,,,,
2026-09-01,pre_close,2026-09-01T19:32:20Z,MEDP,Diagnostics & Research,leaders,597.62,583.16,18.89,584.39,595.52,596.09,584.08,-1.62,setting_up,,,,47.62,2.51%,2.75%,0.39,-13.79%,,,,
2026-09-01,pre_close,2026-09-01T19:32:20Z,MGY,Oil & Gas E&P,leaders,27.21,26.56,0.85,27.66,27.33,27.67,26.97,3.0,gapped_through,0.8117647058823545,,,58.81,2.73%,2.74%,0.50,-15.58%,,,,
2026-09-01,pre_close,2026-09-01T19:32:20Z,MHK,"Furnishings, Fixtures & Appliances",leaders,129.79,127.57,3.96,125.04,126.51,128.6,124.63,-2.5,invalidated,,,,43.12,2.59%,2.77%,0.70,-12.64%,,,,
2026-09-01,pre_close,2026-09-01T19:32:20Z,MPLX,Oil & Gas Midstream,leaders,59.54,58.96,0.97,59.02,59.22,59.73,58.86,-0.25,reclaim,0.16494845360825125,prior_low,58.96,52.41,1.37%,1.67%,0.64,-3.17%,,,,
2026-09-01,pre_close,2026-09-01T19:32:20Z,MTD,Diagnostics & Research,leaders,1407.11,1376.23,34.45,1373.53,1410.75,1411.01,1370.6,-2.25,invalidated,,,,45.81,1.93%,2.29%,0.61,-9.94%,,,,
2026-09-01,pre_close,2026-09-01T19:32:20Z,MU,Semiconductors,emerging,959.97,930.79,58.21,930.33,940.8,969.39,922.39,-2.96,invalidated,,,,50.07,3.94%,5.16%,0.55,-25.87%,,,,
2026-09-01,pre_close,2026-09-01T19:32:20Z,MUFG,Banks - Diversified,all_green,23.05,22.72,0.45,22.83,22.83,23.1,22.79,0.35,failed_breakout,,,,57.35,1.12%,1.27%,0.60,-1.81%,,,,
2026-09-01,pre_close,2026-09-01T19:32:20Z,MUR,Oil & Gas E&P,leaders,36.93,35.62,1.46,37.44,36.96,37.54,36.73,2.8,gapped_through,0.4863013698630143,,,55.62,3.70%,3.88%,0.42,-13.61%,,,,
2026-09-01,pre_close,2026-09-01T19:32:20Z,NET,Software - Infrastructure,emerging,309.3,296.44,16.1,286.19,300.9,306.47,284.84,-6.2,invalidated,,,,48.61,5.21%,5.56%,0.49,-13.86%,,,,
2026-09-01,pre_close,2026-09-01T19:32:20Z,NOV,Oil & Gas Equipment & Services,rs_new_high,21.68,20.99,0.71,21.45,21.58,21.74,21.21,0.75,failed_breakout,,,,61.25,3.80%,3.28%,0.39,-1.06%,,,,
2026-09-01,pre_close,2026-09-01T19:32:20Z,NTRA,Diagnostics & Research,leaders,325.65,316.0,11.95,324.51,320.77,324.98,318.8,0.79,setting_up,,,,60.34,3.11%,3.56%,0.49,-5.44%,,,,
2026-09-01,pre_close,2026-09-01T19:32:20Z,NTRS,Asset Management,leaders,186.87,184.91,3.49,182.21,184.07,186.01,181.71,-1.81,invalidated,,,,43.56,1.25%,1.79%,0.48,-6.93%,,,,
2026-09-01,pre_close,2026-09-01T19:32:20Z,NVDA,Semiconductors,emerging,221.3,216.21,7.48,217.26,216.92,220.41,215.1,-1.6,reclaim,0.2887700534759354,prior_low,216.21,51.73,3.34%,2.72%,0.59,-8.15%,,,,
2026-09-01,pre_close,2026-09-01T19:32:20Z,OII,Oil & Gas Equipment & Services,rs_new_high,52.2,50.76,2.13,51.44,52.08,52.7,51.18,-0.61,failed_breakout,,,,56.11,3.94%,3.99%,0.32,-5.17%,,,,
2026-09-01,pre_close,2026-09-01T19:32:20Z,ORCL,Software - Infrastructure,emerging,151.26,147.75,6.3,141.05,146.69,146.77,139.95,-5.41,invalidated,,,,46.15,3.09%,4.23%,0.65,-59.20%,,,,
2026-09-01,pre_close,2026-09-01T19:32:20Z,PBA,Oil & Gas Midstream,leaders,48.81,48.04,0.89,48.84,48.97,49.34,48.44,0.29,gapped_through,0.4494382022471974,,,51.02,1.58%,1.73%,0.56,-5.31%,,,,
2026-09-01,pre_close,2026-09-01T19:32:20Z,PCVX,Biotechnology,leaders,61.61,58.51,2.39,60.65,60.29,62.04,60.06,-0.15,failed_breakout,,,,55.26,4.00%,3.80%,0.74,-6.69%,,,,
2026-09-01,pre_close,2026-09-01T19:32:20Z,PRAX,Biotechnology,leaders,351.71,333.46,19.99,350.95,350.24,355.26,347.96,0.19,reclaim,0.1495747873936973,sma50,335.6650057493292,49.45,5.27%,5.49%,0.43,-10.63%,,,,
2026-09-01,pre_close,2026-09-01T19:32:20Z,PTGX,Biotechnology,leaders,149.29,141.95,5.89,146.3,148.54,150.0,144.73,-0.98,failed_breakout,,,,50.42,4.08%,3.66%,0.44,-9.02%,,,,
2026-09-01,pre_close,2026-09-01T19:32:20Z,QGEN,Diagnostics & Research,leaders,43.48,42.57,1.23,43.35,44.23,44.29,43.08,0.14,gapped_through,0.21951219512195377,,,54.05,2.44%,2.57%,0.67,-25.02%,,,,
2026-09-01,pre_close,2026-09-01T19:32:20Z,RDNT,Diagnostics & Research,leaders,76.3,73.5,2.81,75.31,75.7,76.63,74.81,-0.68,failed_breakout,,,,58.19,3.20%,4.24%,0.59,-12.27%,,,,
2026-09-01,pre_close,2026-09-01T19:32:20Z,RJF,Asset Management,leaders,179.7,178.09,3.68,172.93,177.27,175.99,172.37,-2.94,invalidated,,,,45.60,2.10%,1.94%,0.55,-5.36%,,,,
2026-09-01,pre_close,2026-09-01T19:32:20Z,RPRX,Biotechnology,leaders,61.68,60.39,1.35,62.02,62.19,62.58,61.73,0.99,gapped_through,0.21481481481481943,,,62.65,2.09%,2.40%,0.49,-0.70%,,,,
2026-09-01,pre_close,2026-09-01T19:32:20Z,RVMD,Biotechnology,leaders,207.02,200.53,8.6,208.51,204.7,209.42,202.54,1.43,triggered,0.6941860465116279,,,54.89,5.51%,4.08%,0.48,-7.04%,,,,
2026-09-01,pre_close,2026-09-01T19:32:20Z,S,Software - Infrastructure,emerging,22.14,21.15,1.12,20.68,21.76,21.96,20.55,-6.45,invalidated,,,,49.12,5.65%,4.68%,0.66,-13.67%,,,,
2026-09-01,pre_close,2026-09-01T19:32:20Z,SAN,Banks - Diversified,all_green,14.8,14.55,0.27,14.41,14.53,14.64,14.35,-1.06,invalidated,,,,50.75,1.18%,1.44%,0.52,-3.96%,,,,
2026-09-01,pre_close,2026-09-01T19:32:20Z,SHC,Diagnostics & Research,leaders,19.19,18.74,0.47,18.6,18.89,18.9,18.43,-1.56,invalidated,,,,48.24,1.65%,2.48%,0.32,-6.27%,,,,
2026-09-01,pre_close,2026-09-01T19:32:20Z,SLAB,Semiconductors,emerging,219.2,218.19,1.02,218.93,218.77,219.33,218.63,-0.05,reclaim,0.2941176470588347,sma50,218.19902380715212,55.17,0.32%,0.43%,0.53,-0.89%,,,,
2026-09-01,pre_close,2026-09-01T19:32:20Z,SMFG,Banks - Diversified,all_green,26.23,25.84,0.5,25.98,26.02,26.32,25.92,0.54,failed_breakout,,,,56.36,0.97%,1.14%,0.58,-2.57%,,,,
2026-09-01,pre_close,2026-09-01T19:32:20Z,STT,Asset Management,leaders,194.28,190.79,4.01,187.77,187.5,191.65,187.0,-1.88,invalidated,,,,50.38,1.75%,1.89%,0.35,-4.16%,,,,
2026-09-01,pre_close,2026-09-01T19:32:20Z,TD,Banks - Diversified,all_green,122.43,120.67,2.12,119.21,120.54,121.39,118.19,-1.4,invalidated,,,,46.81,1.76%,1.68%,0.75,-4.98%,,,,
2026-09-01,pre_close,2026-09-01T19:32:20Z,TGTX,Biotechnology,leaders,54.36,52.67,2.39,55.73,53.15,55.9,52.11,2.63,triggered,1.514644351464434,,,59.60,3.68%,4.83%,0.96,-6.02%,,,,
2026-09-01,pre_close,2026-09-01T19:32:20Z,TRGP,Oil & Gas Midstream,leaders,294.81,287.81,8.52,295.3,295.66,299.36,292.4,0.56,gapped_through,0.3403755868544641,,,59.61,2.63%,2.77%,0.71,-4.11%,,,,
2026-09-01,pre_close,2026-09-01T19:32:20Z,TS,Oil & Gas Equipment & Services,rs_new_high,56.62,55.28,1.32,56.78,56.13,56.86,55.71,1.63,triggered,0.8106060606060608,,,59.99,1.96%,2.23%,0.70,-12.10%,,,,
2026-09-01,pre_close,2026-09-01T19:32:20Z,TWLO,Software - Infrastructure,emerging,239.48,232.6,11.13,227.62,231.11,232.5,224.71,-3.4,invalidated,,,,52.53,3.61%,4.94%,0.48,-11.90%,,,,
2026-09-01,pre_close,2026-09-01T19:32:20Z,VIST,Oil & Gas E&P,leaders,72.77,70.6,2.86,75.0,73.34,75.34,72.1,4.95,gapped_through,1.013986013986016,,,63.88,3.39%,3.64%,2.00,-7.91%,,,,
2026-09-01,pre_close,2026-09-01T19:32:20Z,VOYA,Financial Conglomerates,all_green,102.68,101.3,2.13,100.99,101.1,102.14,100.2,-0.33,invalidated,,,,55.55,2.10%,2.22%,0.41,-2.76%,,,,
2026-09-01,pre_close,2026-09-01T19:32:20Z,VRSN,Software - Infrastructure,emerging,295.83,287.11,8.2,290.1,290.78,297.73,289.77,0.63,failed_breakout,,,,54.77,2.40%,2.73%,0.60,-7.16%,,,,
2026-09-01,pre_close,2026-09-01T19:32:20Z,WAT,Diagnostics & Research,leaders,415.83,405.99,11.87,404.84,415.31,416.8,404.24,-2.36,invalidated,,,,51.37,2.36%,2.86%,0.41,-5.02%,,,,
2026-09-01,pre_close,2026-09-01T19:32:20Z,WMB,Oil & Gas Midstream,leaders,75.5,73.67,2.12,75.28,75.55,76.32,74.35,0.31,gapped_through,0.43867924528302205,,,57.72,3.01%,2.86%,0.62,-5.99%,,,,
2026-09-01,pre_close,2026-09-01T19:32:20Z,XYZ,Software - Infrastructure,emerging,83.05,81.07,2.7,78.38,80.63,80.36,78.38,-4.44,invalidated,,,,43.66,2.92%,3.14%,0.63,-9.83%,,,,
2026-09-01,pre_close,2026-09-01T19:32:20Z,ZM,Software - Application,emerging,98.88,96.06,4.12,95.41,95.15,96.13,94.66,-1.31,invalidated,,,,43.49,4.92%,3.76%,0.52,-16.85%,,,,
2026-09-02,pre_close,2026-09-02T19:32:30Z,A,Diagnostics & Research,leaders,154.59,149.18,4.36,150.76,149.05,152.72,147.6,0.55,reclaim,0.7247706422018341,prior_low,149.18,54.24,2.93%,2.64%,0.68,-7.93%,,,,
2026-09-02,pre_close,2026-09-02T19:32:30Z,ABBV,Drug Manufacturers - General,leaders,262.27,257.79,5.71,260.75,261.02,262.97,257.7,0.29,reclaim,0.5341506129597218,prior_low,257.79,56.50,1.89%,2.01%,0.41,-2.51%,,,,
2026-09-02,pre_close,2026-09-02T19:32:30Z,AHR,REIT - Healthcare Facilities,rs_new_high,56.71,55.28,1.28,56.18,56.78,56.78,55.71,-0.64,gapped_through,0.3671874999999991,,,54.09,1.70%,2.11%,0.38,-4.29%,,,,
2026-09-02,pre_close,2026-09-02T19:32:30Z,AM,Oil & Gas Midstream,leaders,22.7,22.27,0.53,22.51,22.44,22.51,22.21,0.13,reclaim,0.5660377358490579,prior_low,22.27,54.28,2.53%,2.35%,0.68,-5.56%,,,,
2026-09-02,pre_close,2026-09-02T19:32:30Z,APGE,Biotechnology,leaders,135.09,135.01,0.35,135.08,135.08,135.09,135.05,0.0,failed_breakout,0.08571428571428896,,,78.98,0.07%,0.11%,0.32,-0.01%,,,,
2026-09-02,pre_close,2026-09-02T19:32:30Z,ASND,Biotechnology,leaders,266.63,256.27,8.31,266.8,261.39,267.91,258.02,2.52,triggered,1.0565583634175726,,,62.79,3.33%,3.11%,0.47,-5.44%,,,,
2026-09-02,pre_close,2026-09-02T19:32:30Z,BIIB,Drug Manufacturers - General,leaders,219.3,213.6,5.81,223.93,218.2,225.59,216.97,3.65,triggered,1.1979345955249585,,,62.90,2.24%,2.54%,0.69,0.48%,,,,
2026-09-02,pre_close,2026-09-02T19:32:30Z,BKR,Oil & Gas Equipment & Services,emerging,64.28,63.13,1.59,64.64,63.02,65.26,62.73,1.55,triggered,1.2012578616352223,,,63.35,2.30%,2.31%,0.43,-8.19%,,,,
2026-09-02,pre_close,2026-09-02T19:32:30Z,BMRN,Biotechnology,leaders,66.01,64.49,1.8,66.81,64.99,66.98,64.99,3.04,triggered,1.0111111111111153,,,57.73,2.10%,3.02%,0.65,-5.87%,,,,
2026-09-02,pre_close,2026-09-02T19:32:30Z,BMY,Drug Manufacturers - General,leaders,68.04,66.64,1.54,67.49,66.82,67.73,66.75,0.84,setting_up,0.4805194805194772,,,61.81,1.59%,2.21%,0.33,-1.68%,,,,
2026-09-02,pre_close,2026-09-02T19:32:30Z,BNTX,Biotechnology,leaders,102.14,100.29,4.51,103.46,103.3,105.46,102.51,1.48,gapped_through,0.2106430155210618,,,53.69,3.06%,3.53%,0.38,-16.57%,,,,
2026-09-02,pre_close,2026-09-02T19:32:30Z,BP,Oil & Gas Integrated,all_green,44.55,43.58,1.03,44.13,43.58,44.22,43.53,-0.75,reclaim,0.5825242718446616,prior_low,43.58,56.53,1.87%,1.85%,0.70,-8.57%,,,,
2026-09-02,pre_close,2026-09-02T19:32:30Z,BSP,Software - Application,emerging,42.59,39.66,3.71,40.69,40.38,42.04,40.3,0.46,setting_up,0.10512129380053924,,,48.37,7.38%,10.47%,0.12,-30.97%,,,,
2026-09-02,pre_close,2026-09-02T19:32:30Z,BSY,Software - Application,emerging,36.67,35.51,1.36,35.19,35.44,35.84,34.98,-1.22,invalidated,0.15441176470588297,,,47.41,2.76%,3.71%,0.20,-38.54%,,,,
2026-09-02,pre_close,2026-09-02T19:32:30Z,CAH,Medical Distribution,accel,240.75,236.02,5.45,244.76,240.99,245.98,239.0,2.26,gapped_through,1.0568807339449524,,,64.07,1.60%,2.51%,0.39,-5.24%,,,,
2026-09-02,pre_close,2026-09-02T19:32:30Z,COR,Medical Distribution,accel,331.65,325.92,7.87,336.08,330.62,337.9,331.7,1.54,triggered,0.5565438373570515,,,65.39,1.58%,2.53%,0.61,-10.98%,,,,
2026-09-02,pre_close,2026-09-02T19:32:30Z,CPAY,Software - Infrastructure,all_green,408.26,401.83,9.59,417.42,409.68,418.28,407.9,3.11,gapped_through,0.9927007299270113,,,62.44,1.82%,2.50%,0.48,-2.00%,,,,
2026-09-02,pre_close,2026-09-02T19:32:30Z,CRWD,Software - Infrastructure,all_green,231.3,212.65,12.77,203.64,214.35,214.85,200.6,-5.31,invalidated,0.23805794831636587,,,49.35,7.99%,5.23%,0.97,-12.93%,,,,
2026-09-02,pre_close,2026-09-02T19:32:30Z,CTVA,Agricultural Inputs,rs_new_high,87.84,85.29,2.26,90.37,87.94,90.78,88.0,3.01,gapped_through,1.0486725663716836,,,73.19,2.48%,2.53%,1.19,-0.66%,,,,
2026-09-02,pre_close,2026-09-02T19:32:30Z,DHR,Diagnostics & Research,leaders,215.0,206.55,6.24,209.72,207.77,212.78,206.1,1.35,reclaim,0.5801282051282058,prior_low,206.55,53.49,2.40%,2.86%,0.45,-13.62%,,,,
2026-09-02,pre_close,2026-09-02T19:32:30Z,EG,Insurance - Reinsurance,leaders,383.77,377.2,7.47,378.16,379.63,383.96,378.1,-0.12,failed_breakout,0.00803212851405653,,,55.82,1.86%,1.79%,0.45,-5.71%,,,,
2026-09-02,pre_close,2026-09-02T19:32:30Z,ELV,Healthcare Plans,accel,404.82,393.58,9.83,406.2,404.84,408.48,402.93,0.78,gapped_through,0.3326551373346879,,,57.72,2.26%,2.34%,0.35,-6.89%,,,,
2026-09-02,pre_close,2026-09-02T19:32:30Z,EOG,Oil & Gas E&P,leaders,148.76,145.8,3.6,148.91,147.39,148.97,146.77,0.38,triggered,0.5944444444444407,,,57.36,2.09%,2.32%,0.66,-3.10%,,,,
2026-09-02,pre_close,2026-09-02T19:32:30Z,EPD,Oil & Gas Midstream,leaders,39.41,39.09,0.6,39.33,39.26,39.53,38.99,0.13,reclaim,0.5666666666666605,prior_low,39.09,60.96,1.27%,1.45%,0.48,-2.08%,,,,
2026-09-02,pre_close,2026-09-02T19:32:30Z,EXEL,Biotechnology,leaders,56.97,54.75,1.61,58.42,57.17,59.11,56.69,2.69,gapped_through,1.0745341614906856,,,63.30,2.58%,3.04%,0.78,1.47%,,,,
2026-09-02,pre_close,2026-09-02T19:32:30Z,FANG,Oil & Gas E&P,leaders,205.0,199.05,5.94,204.22,200.83,204.65,200.83,0.52,setting_up,0.5707070707070684,,,54.97,2.72%,2.73%,0.39,-5.85%,,,,
2026-09-02,pre_close,2026-09-02T19:32:30Z,FIG,Software - Application,emerging,28.39,26.57,1.88,25.83,26.76,27.24,25.75,-5.04,invalidated,0.0425531914893608,,,49.41,7.28%,6.86%,0.40,-63.86%,,,,
2026-09-02,pre_close,2026-09-02T19:32:30Z,FROG,Software - Application,emerging,99.7,91.29,6.09,91.82,92.24,92.72,88.0,0.05,reclaim,0.6272577996715917,prior_low,91.29,51.00,7.66%,6.50%,0.65,-13.18%,,,,
2026-09-02,pre_close,2026-09-02T19:32:30Z,FTI,Oil & Gas Equipment & Services,emerging,79.17,77.76,2.35,79.89,77.48,80.26,77.0,2.02,triggered,1.2297872340425533,,,64.77,2.78%,3.06%,0.41,-0.82%,,,,
2026-09-02,pre_close,2026-09-02T19:32:30Z,FTNT,Software - Infrastructure,all_green,169.93,160.6,7.23,154.31,162.16,162.19,151.82,-4.66,invalidated,0.3443983402489639,,,46.17,6.20%,4.09%,0.50,-11.26%,,,,
2026-09-02,pre_close,2026-09-02T19:32:30Z,GEN,Software - Infrastructure,all_green,31.02,29.86,0.95,30.64,29.99,30.68,29.86,2.05,setting_up,0.8210526315789486,,,63.95,3.18%,3.36%,0.54,-2.09%,,,,
2026-09-02,pre_close,2026-09-02T19:32:30Z,GH,Diagnostics & Research,leaders,165.63,156.32,7.72,162.07,163.79,168.91,157.5,-1.42,reclaim,0.5919689119170976,sma50,158.02575932333718,50.90,4.86%,4.31%,0.47,-8.22%,,,,
2026-09-02,pre_close,2026-09-02T19:32:30Z,GLNG,Oil & Gas Midstream,leaders,52.45,51.37,1.4,52.82,51.92,53.11,51.71,0.94,triggered,0.7928571428571425,,,60.56,2.51%,2.71%,0.55,-8.60%,,,,
2026-09-02,pre_close,2026-09-02T19:32:30Z,GPN,Software - Infrastructure,all_green,92.0,89.73,2.68,93.06,90.29,93.61,89.72,3.33,triggered,1.2462686567164192,,,60.66,2.07%,3.18%,0.30,-2.94%,,,,
2026-09-02,pre_close,2026-09-02T19:32:30Z,HAL,Oil & Gas Equipment & Services,emerging,37.15,36.67,1.06,37.77,36.66,37.83,36.43,2.64,triggered,1.2641509433962295,,,67.93,3.54%,2.78%,0.55,-13.35%,,,,
2026-09-02,pre_close,2026-09-02T19:32:30Z,HESM,Oil & Gas Midstream,leaders,40.75,39.8,0.82,40.26,40.0,40.53,39.92,0.08,setting_up,0.41463414634145895,,,54.84,1.98%,1.97%,1.83,-3.28%,,,,
2026-09-02,pre_close,2026-09-02T19:32:30Z,HNGE,Health Information Services,all_green,92.24,89.27,4.67,91.09,91.02,93.0,90.01,1.19,failed_breakout,0.23126338329764418,,,57.67,5.66%,5.93%,0.38,-4.69%,,,,
2026-09-02,pre_close,2026-09-02T19:32:30Z,HSIC,Medical Distribution,accel,90.15,88.0,1.84,90.5,89.02,91.36,88.61,2.24,triggered,1.0271739130434785,,,60.05,1.93%,2.20%,0.43,-1.82%,,,,
2026-09-02,pre_close,2026-09-02T19:32:30Z,HUM,Healthcare Plans,accel,398.32,386.32,12.99,406.49,395.67,408.3,396.38,2.94,triggered,0.7782909930715946,,,63.14,2.99%,3.37%,0.55,-5.22%,,,,
2026-09-02,pre_close,2026-09-02T19:32:30Z,IBRX,Biotechnology,leaders,7.99,7.73,0.4,7.86,7.96,8.28,7.76,-0.17,reclaim,0.25000000000000133,sma50,7.858212680978532,50.90,4.31%,4.57%,0.50,-36.79%,,,,
2026-09-02,pre_close,2026-09-02T19:32:30Z,ILMN,Diagnostics & Research,leaders,213.38,206.82,8.88,213.22,208.3,214.98,207.13,2.94,failed_breakout,0.6858108108108112,,,56.45,3.57%,4.16%,0.60,-8.02%,,,,
2026-09-02,pre_close,2026-09-02T19:32:30Z,IMO,Oil & Gas Integrated,all_green,135.1,132.12,3.18,133.59,131.15,134.26,132.36,-1.0,setting_up,0.38679245283018543,,,56.33,2.39%,2.25%,0.85,-4.20%,,,,
2026-09-02,pre_close,2026-09-02T19:32:30Z,INCY,Biotechnology,leaders,125.14,122.5,3.38,128.91,125.89,129.28,125.89,3.12,gapped_through,0.8934911242603539,,,61.57,2.20%,2.62%,0.80,-2.78%,,,,
2026-09-02,pre_close,2026-09-02T19:32:30Z,INSM,Biotechnology,leaders,122.19,119.52,4.86,125.63,121.11,125.85,120.22,3.39,triggered,1.1131687242798347,,,57.22,3.39%,3.71%,0.39,-40.95%,,,,
2026-09-02,pre_close,2026-09-02T19:32:30Z,JNJ,Drug Manufacturers - General,leaders,271.91,267.02,5.34,275.58,273.13,281.07,273.53,1.62,gapped_through,0.3838951310861445,,,62.89,1.47%,1.82%,0.67,-0.32%,,,,
2026-09-02,pre_close,2026-09-02T19:32:30Z,KEX,Marine Shipping,all_green,143.5,138.98,3.64,141.6,140.29,142.03,139.36,0.46,setting_up,0.6153846153846101,,,56.93,2.56%,2.50%,0.33,-10.20%,,,,
2026-09-02,pre_close,2026-09-02T19:32:30Z,KMI,Oil & Gas Midstream,leaders,32.7,31.89,0.79,31.96,32.04,32.13,31.54,-0.43,reclaim,0.5316455696202553,prior_low,31.89,51.39,2.66%,2.36%,0.46,-8.17%,,,,
2026-09-02,pre_close,2026-09-02T19:32:30Z,KNTK,Oil & Gas Midstream,leaders,55.95,54.85,1.52,54.42,54.5,54.99,54.12,-1.1,invalidated,0.19736842105263439,,,59.00,2.86%,2.81%,0.26,-2.99%,,,,
2026-09-02,pre_close,2026-09-02T19:32:30Z,KRYS,Biotechnology,leaders,364.44,358.38,12.27,368.25,365.74,373.19,360.86,1.21,gapped_through,0.602281988590056,,,62.26,3.06%,3.15%,0.38,-3.73%,,,,
2026-09-02,pre_close,2026-09-02T19:32:30Z,KYMR,Biotechnology,leaders,119.79,116.28,4.88,119.46,119.58,123.31,117.42,0.34,failed_breakout,0.41803278688524426,,,55.20,3.37%,4.00%,0.87,-8.14%,,,,
2026-09-02,pre_close,2026-09-02T19:32:30Z,LH,Diagnostics & Research,leaders,336.65,326.51,7.49,331.82,329.23,335.42,328.83,1.29,setting_up,0.39919893190921346,,,61.98,2.12%,2.16%,0.52,-2.92%,,,,
2026-09-02,pre_close,2026-09-02T19:32:30Z,MATX,Marine Shipping,all_green,225.12,218.42,6.01,219.91,221.4,221.03,217.65,0.3,reclaim,0.37603993344425807,prior_low,218.42,55.96,2.01%,2.95%,0.60,-4.69%,,,,
2026-09-02,pre_close,2026-09-02T19:32:30Z,MDGL,Biotechnology,leaders,548.6,532.66,20.78,544.79,543.79,551.45,537.09,1.13,failed_breakout,0.3705486044273307,,,56.88,4.04%,3.69%,0.37,-11.42%,,,,
2026-09-02,pre_close,2026-09-02T19:32:30Z,MEDP,Diagnostics & Research,leaders,596.09,581.82,18.56,592.13,590.0,592.1,581.92,1.53,setting_up,0.5501077586206916,,,51.04,2.43%,2.72%,0.45,-12.65%,,,,
2026-09-02,pre_close,2026-09-02T19:32:30Z,MGY,Oil & Gas E&P,leaders,27.69,26.96,0.85,27.58,27.37,27.78,27.44,-0.31,failed_breakout,0.16470588235293768,,,58.16,2.84%,2.75%,0.39,-15.80%,,,,
2026-09-02,pre_close,2026-09-02T19:32:30Z,MPLX,Oil & Gas Midstream,leaders,59.73,58.86,0.96,58.99,59.37,59.65,58.78,-0.17,reclaim,0.2187500000000009,prior_low,58.86,52.11,1.46%,1.69%,0.57,-3.22%,,,,
2026-09-02,pre_close,2026-09-02T19:32:30Z,MTD,Diagnostics & Research,leaders,1415.0,1370.33,35.18,1360.94,1353.32,1398.05,1357.33,-1.09,invalidated,0.10261512222854256,,,42.61,2.21%,2.29%,0.64,-10.77%,,,,
2026-09-02,pre_close,2026-09-02T19:32:30Z,MUR,Oil & Gas E&P,leaders,37.63,36.73,1.44,37.83,37.5,38.01,36.55,0.63,triggered,0.8888888888888897,,,57.00,3.65%,3.82%,0.47,-12.70%,,,,
2026-09-02,pre_close,2026-09-02T19:32:30Z,NET,Software - Infrastructure,all_green,306.47,284.6,16.51,271.82,284.0,284.1,269.3,-4.79,invalidated,0.15263476680799404,,,43.81,5.73%,5.71%,0.61,-18.18%,,,,
2026-09-02,pre_close,2026-09-02T19:32:30Z,NOV,Oil & Gas Equipment & Services,emerging,21.74,21.21,0.69,21.77,21.05,21.83,21.16,1.92,triggered,0.884057971014492,,,63.83,3.71%,3.24%,0.41,0.16%,,,,
2026-09-02,pre_close,2026-09-02T19:32:30Z,NTNX,Software - Infrastructure,all_green,68.18,66.18,2.57,66.58,66.68,67.17,65.91,-0.16,reclaim,0.26070038910505905,prior_low,66.18,58.16,4.74%,3.57%,0.40,-19.22%,,,,
2026-09-02,pre_close,2026-09-02T19:32:30Z,NTRA,Diagnostics & Research,leaders,325.0,318.36,11.57,324.38,318.53,330.92,318.18,1.13,reclaim,0.5358686257562653,prior_low,318.36,60.12,2.85%,3.43%,0.61,-5.48%,,,,
2026-09-02,pre_close,2026-09-02T19:32:30Z,NVS,Drug Manufacturers - General,leaders,163.57,160.21,3.49,162.01,160.64,163.16,160.38,0.47,setting_up,0.4670487106017179,,,59.59,1.21%,1.41%,2.13,-4.96%,,,,
2026-09-02,pre_close,2026-09-02T19:32:30Z,OII,Oil & Gas Equipment & Services,emerging,52.7,51.18,2.09,51.83,51.25,52.38,50.52,1.0,reclaim,0.6267942583732035,prior_low,51.18,57.26,3.62%,3.90%,0.31,-4.45%,,,,
2026-09-02,pre_close,2026-09-02T19:32:30Z,ORCL,Software - Infrastructure,all_green,146.79,139.95,6.5,146.01,140.56,146.69,139.75,3.32,reclaim,0.9630769230769217,prior_low,139.95,50.92,3.53%,3.99%,0.51,-57.77%,,,,
2026-09-02,pre_close,2026-09-02T19:32:30Z,PBA,Oil & Gas Midstream,leaders,49.35,48.44,0.89,48.57,48.76,48.87,48.45,-0.94,setting_up,0.13483146067415444,,,48.93,1.64%,1.76%,0.33,-5.84%,,,,
2026-09-02,pre_close,2026-09-02T19:32:30Z,PBF,Oil & Gas Refining & Marketing,all_green,76.16,72.23,4.2,76.59,75.0,77.76,74.71,2.13,triggered,0.4476190476190499,,,62.50,6.57%,6.03%,0.73,0.56%,,,,
2026-09-02,pre_close,2026-09-02T19:32:30Z,PCVX,Biotechnology,leaders,62.14,60.06,2.37,61.55,61.63,62.9,60.82,1.22,failed_breakout,0.3080168776371295,,,58.11,3.72%,3.81%,0.46,-5.31%,,,,
2026-09-02,pre_close,2026-09-02T19:32:30Z,PRAX,Biotechnology,leaders,355.49,347.86,19.11,357.92,358.42,365.7,348.01,1.27,gapped_through,0.5185766614338057,,,51.93,4.58%,5.36%,0.37,-8.86%,,,,
2026-09-02,pre_close,2026-09-02T19:32:30Z,PTGX,Biotechnology,leaders,150.34,144.73,5.87,145.48,148.12,149.42,145.29,-0.69,setting_up,0.032367972742759404,,,49.31,3.80%,3.69%,0.47,-9.53%,,,,
2026-09-02,pre_close,2026-09-02T19:32:30Z,QGEN,Diagnostics & Research,leaders,44.32,43.08,1.23,43.99,43.68,44.91,43.68,1.38,failed_breakout,0.2520325203252051,,,57.20,2.02%,2.60%,0.46,-23.91%,,,,
2026-09-02,pre_close,2026-09-02T19:32:30Z,RBRK,Software - Infrastructure,all_green,94.0,87.6,6.17,87.45,88.99,89.58,86.02,-1.07,invalidated,0.23176661264181633,,,45.74,8.34%,6.35%,0.61,-18.96%,,,,
2026-09-02,pre_close,2026-09-02T19:32:30Z,RDNT,Diagnostics & Research,leaders,76.63,74.81,2.74,76.27,75.41,76.97,75.41,0.99,failed_breakout,0.3138686131386859,,,60.62,2.80%,4.10%,0.52,-11.15%,,,,
2026-09-02,pre_close,2026-09-02T19:32:30Z,RELY,Software - Infrastructure,all_green,26.86,25.58,1.1,26.92,25.68,27.15,25.64,4.71,triggered,1.1636363636363645,,,59.60,4.01%,5.01%,1.10,-0.85%,,,,
2026-09-02,pre_close,2026-09-02T19:32:30Z,RGA,Insurance - Reinsurance,leaders,250.95,246.04,4.61,251.62,248.0,253.27,248.57,1.57,triggered,0.6616052060737552,,,66.25,1.53%,1.89%,0.47,0.25%,,,,
2026-09-02,pre_close,2026-09-02T19:32:30Z,RNR,Insurance - Reinsurance,leaders,334.97,328.52,6.44,330.46,330.2,333.79,330.27,0.2,setting_up,0.029503105590061758,,,58.82,1.54%,1.75%,0.37,-1.64%,,,,
2026-09-02,pre_close,2026-09-02T19:32:30Z,RPRX,Biotechnology,leaders,62.58,61.61,1.33,62.9,62.66,63.28,62.06,0.93,gapped_through,0.6315789473684182,,,66.04,1.89%,2.37%,0.67,0.51%,,,,
2026-09-02,pre_close,2026-09-02T19:32:30Z,RVMD,Biotechnology,leaders,210.26,202.54,8.53,210.04,211.36,211.48,205.22,0.08,gapped_through,0.5650644783118398,,,56.12,5.64%,4.10%,0.37,-6.36%,,,,
2026-09-02,pre_close,2026-09-02T19:32:30Z,RVTY,Diagnostics & Research,leaders,128.18,125.49,3.68,131.26,125.94,131.75,126.81,3.69,triggered,1.2092391304347794,,,69.76,2.51%,3.13%,0.79,0.92%,,,,
2026-09-02,pre_close,2026-09-02T19:32:30Z,SBRA,REIT - Healthcare Facilities,rs_new_high,20.97,20.49,0.45,20.71,21.01,21.03,20.6,-1.1,gapped_through,0.2444444444444432,,,51.38,1.67%,2.15%,0.39,-9.05%,,,,
2026-09-02,pre_close,2026-09-02T19:32:30Z,SHC,Diagnostics & Research,leaders,18.9,18.43,0.47,18.95,19.0,19.03,18.72,1.45,gapped_through,0.4893617021276605,,,53.36,1.69%,2.48%,0.34,-4.53%,,,,
2026-09-02,pre_close,2026-09-02T19:32:30Z,SHOP,Software - Application,emerging,145.54,139.23,6.18,140.2,139.58,141.25,138.91,0.27,reclaim,0.20873786407766862,prior_low,139.23,47.27,3.54%,3.85%,0.46,-23.05%,,,,
2026-09-02,pre_close,2026-09-02T19:32:30Z,SUN,Oil & Gas Refining & Marketing,all_green,77.15,75.29,1.92,76.33,76.78,76.9,75.65,-0.85,setting_up,0.35416666666666285,,,55.74,2.25%,2.67%,0.40,-2.27%,,,,
2026-09-02,pre_close,2026-09-02T19:32:30Z,TECH,Biotechnology,leaders,72.39,72.14,0.33,72.34,72.2,72.38,72.2,0.22,setting_up,0.4242424242424259,,,63.82,0.21%,0.31%,0.28,-0.39%,,,,
2026-09-02,pre_close,2026-09-02T19:32:30Z,TEM,Health Information Services,all_green,65.79,61.22,4.71,62.12,63.09,67.1,60.06,-0.23,reclaim,0.4373673036093408,prior_low,61.22,54.61,7.11%,7.43%,0.80,-40.45%,,,,
2026-09-02,pre_close,2026-09-02T19:32:30Z,TGTX,Biotechnology,leaders,56.27,52.11,2.52,57.33,56.24,57.87,54.7,2.21,triggered,1.043650793650792,,,63.35,4.10%,4.54%,0.72,-3.32%,,,,
2026-09-02,pre_close,2026-09-02T19:32:30Z,TMO,Diagnostics & Research,leaders,621.0,599.52,16.12,609.27,602.02,614.6,601.49,1.46,setting_up,0.4826302729528519,,,56.34,2.23%,2.50%,0.54,-5.83%,,,,
2026-09-02,pre_close,2026-09-02T19:32:30Z,TOST,Software - Infrastructure,all_green,34.24,33.49,1.24,34.2,32.8,34.25,32.67,1.82,reclaim,1.2338709677419364,prior_low,33.49,50.83,3.75%,3.54%,0.43,-23.09%,,,,
2026-09-02,pre_close,2026-09-02T19:32:30Z,TRGP,Oil & Gas Midstream,leaders,299.48,292.4,8.42,294.52,294.57,296.34,291.22,-0.52,reclaim,0.39192399049880694,prior_low,292.4,58.64,2.63%,2.79%,0.49,-4.36%,,,,
2026-09-02,pre_close,2026-09-02T19:32:30Z,TS,Oil & Gas Equipment & Services,emerging,56.86,55.71,1.31,56.06,55.36,56.16,54.93,-0.95,reclaim,0.8625954198473301,prior_low,55.71,56.25,1.87%,2.21%,1.28,-13.21%,,,,
2026-09-02,pre_close,2026-09-02T19:32:30Z,TWLO,Software - Infrastructure,all_green,234.88,224.56,11.13,224.88,226.73,230.93,222.93,-1.65,reclaim,0.17520215633423078,prior_low,224.56,50.72,3.78%,5.03%,0.43,-12.96%,,,,
2026-09-02,pre_close,2026-09-02T19:32:30Z,TWST,Diagnostics & Research,leaders,138.15,131.0,9.14,129.92,133.61,140.21,126.42,-1.62,invalidated,0.3829321663019678,,,52.76,5.54%,6.85%,0.85,-16.42%,,,,
2026-09-02,pre_close,2026-09-02T19:32:30Z,TXG,Health Information Services,all_green,62.33,59.76,3.61,61.69,60.38,63.49,59.42,2.85,reclaim,0.6288088642659269,prior_low,59.76,59.93,5.36%,6.79%,0.36,-7.85%,,,,
2026-09-02,pre_close,2026-09-02T19:32:30Z,VNOM,Oil & Gas Midstream,leaders,45.43,44.93,1.01,45.19,45.01,45.39,44.85,-0.43,reclaim,0.336633663366333,prior_low,44.93,59.02,2.01%,2.13%,0.31,-10.44%,,,,
2026-09-02,pre_close,2026-09-02T19:32:30Z,VRSN,Software - Infrastructure,all_green,297.73,288.0,8.31,288.66,288.57,288.68,285.48,0.1,reclaim,0.3826714801444051,prior_low,288.0,53.59,2.60%,2.67%,0.63,-7.62%,,,,
2026-09-02,pre_close,2026-09-02T19:32:30Z,VRTX,Biotechnology,leaders,551.4,545.08,13.54,556.05,552.42,557.5,549.11,1.53,gapped_through,0.5125553914327874,,,66.84,1.80%,2.60%,0.89,0.06%,,,,
2026-09-02,pre_close,2026-09-02T19:32:30Z,WELL,REIT - Healthcare Facilities,rs_new_high,242.97,237.91,4.83,239.15,240.7,240.98,236.65,-0.53,reclaim,0.5175983436853002,prior_low,237.91,53.74,1.76%,1.91%,0.39,-6.29%,,,,
2026-09-02,pre_close,2026-09-02T19:32:30Z,WES,Oil & Gas Midstream,leaders,49.14,48.22,0.95,48.81,48.76,49.01,48.13,-0.38,reclaim,0.7157894736842103,prior_low,48.22,57.44,1.77%,1.91%,0.77,-2.53%,,,,
2026-09-02,pre_close,2026-09-02T19:32:30Z,WMB,Oil & Gas Midstream,leaders,76.32,74.35,2.11,75.12,75.12,75.27,73.64,-0.14,reclaim,0.7014218009478692,prior_low,74.35,57.14,3.20%,2.90%,0.56,-6.18%,,,,
2026-09-02,pre_close,2026-09-02T19:32:30Z,YPF,Oil & Gas Integrated,all_green,52.76,51.67,1.71,53.88,52.03,53.93,52.03,2.7,triggered,1.0818713450292405,,,63.25,2.50%,3.40%,0.56,-6.29%,,,,
2026-09-03,pre_close,2026-09-03T19:33:27Z,A,Diagnostics & Research,leaders,152.72,147.6,4.41,150.54,152.63,154.29,147.86,-0.56,failed_breakout,0.6077097505668885,,,53.54,3.24%,2.65%,0.56,-8.06%,150.54,-0.89%,5.99%,4.56
2026-09-03,pre_close,2026-09-03T19:33:27Z,AAPL,Consumer Electronics,all_green,328.4,323.53,7.43,327.6,324.95,330.81,324.14,0.81,failed_breakout,0.4656796769852001,,,62.94,2.47%,2.00%,0.49,-4.92%,327.60,4.74%,4.25%,7.37
2026-09-03,pre_close,2026-09-03T19:33:27Z,ABBV,Drug Manufacturers - General,leaders,262.97,257.7,5.68,260.28,262.0,264.25,257.3,-0.55,reclaim,0.5246478873239369,prior_low,257.7,55.43,1.94%,2.02%,0.24,-2.69%,260.28,1.27%,2.39%,5.77
2026-09-03,pre_close,2026-09-03T19:33:27Z,ADSK,Software - Application,emerging,248.27,241.05,9.8,238.82,246.01,250.07,236.06,-1.21,invalidated,0.28163265306122354,,,45.56,3.72%,3.48%,0.64,-27.43%,238.82,-5.21%,3.77%,10.10
2026-09-03,pre_close,2026-09-03T19:33:27Z,AHR,REIT - Healthcare Facilities,rs_new_high,56.78,55.69,1.26,55.45,57.4,56.26,55.27,-1.35,invalidated,0.14285714285714263,,,50.06,1.86%,2.06%,0.53,-5.54%,55.45,0.16%,0.50%,1.24
2026-09-03,pre_close,2026-09-03T19:33:27Z,AM,Oil & Gas Midstream,rs_new_high,22.55,22.21,0.51,22.49,22.61,22.7,22.44,-0.09,gapped_through,0.09803921568626893,,,53.92,1.81%,2.32%,0.37,-5.64%,22.49,1.03%,0.77%,0.49
2026-09-03,pre_close,2026-09-03T19:33:27Z,ARWR,Biotechnology,leaders,85.47,82.08,3.29,86.04,85.18,86.28,83.46,0.78,triggered,0.7841945288753838,,,50.93,3.50%,3.32%,0.50,-9.90%,86.04,-1.11%,2.60%,3.26
2026-09-03,pre_close,2026-09-03T19:33:27Z,ASND,Biotechnology,leaders,268.71,257.52,8.51,269.67,267.0,271.93,265.87,0.88,triggered,0.44653349001175224,,,64.77,3.90%,3.15%,1.05,-4.42%,269.67,5.91%,4.78%,8.34
2026-09-03,pre_close,2026-09-03T19:33:27Z,BAC,Banks - Diversified,leaders,63.55,61.94,1.09,63.24,62.81,63.27,62.32,1.02,setting_up,0.8440366972477079,,,56.69,1.76%,1.66%,0.53,-3.04%,63.24,0.42%,2.77%,1.08
2026-09-03,pre_close,2026-09-03T19:33:27Z,BIIB,Drug Manufacturers - General,leaders,225.59,216.97,6.08,223.93,225.33,225.44,221.57,0.57,setting_up,0.38815789473684437,,,62.99,2.73%,2.49%,0.28,-0.73%,223.93,4.11%,7.08%,5.92
2026-09-03,pre_close,2026-09-03T19:33:27Z,BMRN,Biotechnology,leaders,67.2,64.99,1.84,66.42,67.3,67.55,66.32,-0.82,gapped_through,0.054347826086961155,,,55.95,2.41%,3.06%,0.48,-6.42%,66.42,-0.56%,6.45%,1.80
2026-09-03,pre_close,2026-09-03T19:33:27Z,BMY,Drug Manufacturers - General,leaders,67.73,66.75,1.5,67.74,68.23,68.23,66.61,0.11,gapped_through,0.7533333333333303,,,62.73,1.68%,2.10%,0.29,-1.32%,67.74,2.51%,8.09%,1.51
2026-09-03,pre_close,2026-09-03T19:33:27Z,BNS,Banks - Diversified,leaders,93.39,91.45,1.88,94.73,94.0,95.34,93.79,1.52,gapped_through,0.49999999999999883,,,64.60,1.89%,1.85%,0.40,-0.24%,94.73,4.57%,6.83%,1.89
2026-09-03,pre_close,2026-09-03T19:33:27Z,BNTX,Biotechnology,leaders,105.46,102.51,4.44,102.89,104.72,105.5,102.25,-0.89,reclaim,0.14414414414414425,prior_low,102.51,52.68,3.14%,3.37%,0.66,-17.03%,102.89,0.61%,6.91%,4.36
2026-09-03,pre_close,2026-09-03T19:33:27Z,BNY,Banks - Diversified,leaders,163.4,159.65,2.9,164.09,163.34,164.63,162.4,1.27,triggered,0.5827586206896544,,,60.18,1.57%,1.64%,0.45,-0.96%,164.09,1.57%,4.52%,2.88
2026-09-03,pre_close,2026-09-03T19:33:27Z,BP,Oil & Gas Integrated,all_green,44.22,43.53,1.02,43.69,43.91,44.05,43.65,-0.56,setting_up,0.03921568627450897,,,53.86,1.79%,1.80%,0.48,-9.50%,43.69,1.08%,4.54%,0.98
2026-09-03,pre_close,2026-09-03T19:33:27Z,BSP,Software - Application,emerging,42.04,40.3,3.57,42.13,41.51,42.28,40.51,3.1,triggered,0.4537815126050433,,,51.45,7.61%,10.24%,0.22,-28.51%,42.13,-1.92%,9.38%,3.44
2026-09-03,pre_close,2026-09-03T19:33:27Z,BSY,Software - Application,emerging,35.84,34.98,1.33,35.63,35.7,36.49,35.46,1.45,failed_breakout,0.12781954887218172,,,50.07,2.66%,3.71%,0.29,-37.76%,35.63,-1.52%,4.75%,1.33
2026-09-03,pre_close,2026-09-03T19:33:27Z,CAH,Medical Distribution,accel,246.02,239.35,5.54,248.73,247.8,249.2,245.99,1.32,gapped_through,0.49458483754512284,,,67.56,1.79%,2.55%,0.41,-3.71%,248.73,5.30%,6.30%,5.41
2026-09-03,pre_close,2026-09-03T19:33:27Z,CNC,Healthcare Plans,accel,67.89,65.4,2.2,67.47,67.5,68.82,67.11,0.2,failed_breakout,0.16363636363636336,,,58.08,2.87%,3.38%,0.56,-2.71%,67.47,2.87%,3.05%,2.17
2026-09-03,pre_close,2026-09-03T19:33:27Z,DGX,Diagnostics & Research,leaders,242.84,236.27,5.09,239.3,241.68,241.56,236.36,-0.62,setting_up,0.5776031434184672,,,55.86,2.15%,1.90%,0.61,-3.19%,239.30,-0.26%,5.46%,5.10
2026-09-03,pre_close,2026-09-03T19:33:27Z,DHR,Diagnostics & Research,leaders,212.78,206.1,6.27,211.05,210.74,213.13,206.05,0.55,reclaim,0.7974481658692185,prior_low,206.1,55.01,2.67%,2.83%,0.35,-13.07%,211.05,0.46%,4.83%,6.33
2026-09-03,pre_close,2026-09-03T19:33:27Z,DT,Software - Application,emerging,52.6,50.86,1.96,53.0,52.42,53.2,51.97,4.19,triggered,0.5255102040816333,,,61.02,2.97%,3.72%,0.67,-3.35%,53.00,4.67%,13.09%,1.98
2026-09-03,pre_close,2026-09-03T19:33:27Z,EC,Oil & Gas Integrated,all_green,17.64,17.24,0.55,17.17,17.64,17.87,17.13,-1.91,invalidated,0.07272727272727764,,,54.00,3.34%,3.04%,0.48,-5.58%,17.17,0.12%,5.30%,0.56
2026-09-03,pre_close,2026-09-03T19:33:27Z,EG,Insurance - Reinsurance,leaders,383.96,377.54,7.4,386.23,382.38,388.02,382.3,2.1,triggered,0.531081081081082,,,62.64,1.61%,1.79%,0.53,-3.70%,386.23,3.68%,3.64%,7.57
2026-09-03,pre_close,2026-09-03T19:33:27Z,ELV,Healthcare Plans,accel,409.0,402.93,9.56,413.42,408.93,416.34,403.04,1.87,triggered,1.0857740585774054,,,62.03,2.00%,2.33%,0.52,-5.23%,413.42,3.66%,4.44%,9.83
2026-09-03,pre_close,2026-09-03T19:33:27Z,EOG,Oil & Gas E&P,rs_new_high,149.12,146.77,3.51,146.91,148.39,149.01,146.86,-1.38,setting_up,0.014245014245009388,,,53.47,1.96%,2.28%,0.52,-4.40%,146.91,0.76%,3.96%,3.41
2026-09-03,pre_close,2026-09-03T19:33:27Z,EPD,Oil & Gas Midstream,rs_new_high,39.53,38.99,0.6,39.31,39.33,39.57,39.31,-0.14,failed_breakout,0.0,,,60.38,1.07%,1.41%,0.55,-2.14%,39.31,1.98%,3.20%,0.57
2026-09-03,pre_close,2026-09-03T19:33:27Z,EXEL,Biotechnology,leaders,59.11,56.69,1.67,59.12,58.75,59.65,58.31,1.0,triggered,0.4850299401197576,,,65.02,3.13%,3.05%,0.48,0.01%,59.12,9.02%,7.62%,1.64
2026-09-03,pre_close,2026-09-03T19:33:27Z,FANG,Oil & Gas E&P,rs_new_high,204.85,200.71,5.81,202.82,203.67,204.24,201.32,-0.29,setting_up,0.25817555938037867,,,53.21,2.59%,2.65%,0.39,-6.49%,202.82,0.12%,4.11%,5.60
2026-09-03,pre_close,2026-09-03T19:33:27Z,FROG,Software - Application,emerging,92.72,88.0,6.0,91.5,93.14,94.83,90.15,-0.25,gapped_through,0.22499999999999906,,,50.62,7.22%,6.47%,0.75,-13.48%,91.50,-1.12%,2.82%,5.90
2026-09-03,pre_close,2026-09-03T19:33:27Z,GH,Diagnostics & Research,leaders,168.97,157.35,8.0,160.56,162.54,166.15,159.59,-1.53,reclaim,0.12124999999999986,sma50,158.6649800525445,49.37,5.26%,4.47%,0.31,-9.07%,160.56,-2.17%,0.89%,7.90
2026-09-03,pre_close,2026-09-03T19:33:27Z,GLNG,Oil & Gas Midstream,rs_new_high,53.24,51.71,1.41,51.86,53.06,53.26,51.71,-2.38,failed_breakout,0.10638297872340326,,,53.29,2.60%,2.75%,0.55,-10.25%,51.86,0.41%,2.60%,1.42
2026-09-03,pre_close,2026-09-03T19:33:27Z,HESM,Oil & Gas Midstream,rs_new_high,40.53,39.91,0.8,40.02,40.26,40.39,39.99,-0.02,setting_up,0.03750000000000142,,,52.28,1.73%,1.95%,1.29,-3.57%,40.02,0.41%,1.03%,0.77
2026-09-03,pre_close,2026-09-03T19:33:27Z,HNGE,Health Information Services,leaders,93.3,89.96,4.57,90.45,92.61,92.85,88.82,-1.53,reclaim,0.3566739606126936,prior_low,89.96,55.97,5.28%,5.85%,0.42,-5.36%,90.45,1.27%,6.37%,4.53
2026-09-03,pre_close,2026-09-03T19:33:27Z,HSBC,Banks - Diversified,leaders,104.96,103.88,1.52,106.41,105.96,106.43,105.61,1.4,gapped_through,0.5263157894736823,,,63.79,1.06%,1.08%,0.78,-1.40%,106.41,2.60%,4.62%,1.52
2026-09-03,pre_close,2026-09-03T19:33:27Z,HSIC,Medical Distribution,accel,91.36,88.61,1.91,90.64,90.68,91.69,89.56,0.28,failed_breakout,0.5654450261780096,,,60.67,2.29%,2.08%,0.36,-1.67%,90.64,1.30%,3.82%,1.92
2026-09-03,pre_close,2026-09-03T19:33:27Z,HUBS,Software - Application,emerging,254.79,243.67,14.49,258.19,252.33,262.0,253.19,5.16,triggered,0.3450655624568668,,,58.88,4.48%,6.09%,0.38,-50.87%,258.19,9.03%,16.15%,14.63
2026-09-03,pre_close,2026-09-03T19:33:27Z,HUM,Healthcare Plans,accel,408.3,395.0,13.02,405.71,402.86,413.49,397.87,1.18,failed_breakout,0.6021505376344067,,,62.96,2.80%,3.34%,0.39,-5.40%,405.71,4.83%,4.61%,13.21
2026-09-03,pre_close,2026-09-03T19:33:27Z,IBRX,Biotechnology,leaders,8.28,7.76,0.41,8.12,8.01,8.13,7.88,2.2,reclaim,0.585365853658535,sma50,7.870507870507871,55.40,4.85%,4.49%,0.35,-34.63%,8.12,3.20%,3.14%,0.40
2026-09-03,pre_close,2026-09-03T19:33:27Z,ILMN,Diagnostics & Research,leaders,214.98,207.13,8.81,219.2,214.4,219.4,211.09,2.79,triggered,0.9205448354143002,,,60.33,3.63%,4.16%,0.54,-5.44%,219.20,5.96%,11.09%,8.77
2026-09-03,pre_close,2026-09-03T19:33:27Z,IMO,Oil & Gas Integrated,all_green,134.57,132.36,3.13,131.65,133.59,134.51,131.53,-1.34,invalidated,0.03833865814696631,,,51.55,2.25%,2.08%,0.68,-5.59%,131.65,-0.83%,4.39%,3.12
2026-09-03,pre_close,2026-09-03T19:33:27Z,INCY,Biotechnology,leaders,129.56,125.89,3.47,127.64,128.63,130.0,126.2,-0.93,failed_breakout,0.4149855907780973,,,58.48,2.50%,2.59%,0.28,-3.74%,127.64,2.20%,6.00%,3.49
2026-09-03,pre_close,2026-09-03T19:33:27Z,INSW,Oil & Gas Midstream,rs_new_high,101.55,99.12,3.49,101.39,101.98,102.96,100.1,0.2,gapped_through,0.36962750716332554,,,62.57,3.76%,3.57%,0.70,-0.95%,101.39,4.32%,10.67%,3.44
2026-09-03,pre_close,2026-09-03T19:33:27Z,INTU,Software - Application,emerging,348.4,339.32,14.96,346.97,350.0,363.7,346.23,1.18,gapped_through,0.04946524064171184,,,53.67,3.95%,3.87%,0.53,-50.79%,346.97,-0.66%,10.44%,15.37
2026-09-03,pre_close,2026-09-03T19:33:27Z,JNJ,Drug Manufacturers - General,leaders,281.07,273.53,5.66,278.3,278.48,278.85,273.15,1.12,reclaim,0.9098939929328682,prior_low,273.53,65.21,1.77%,1.85%,0.45,-0.99%,278.30,4.05%,6.56%,5.66
2026-09-03,pre_close,2026-09-03T19:33:27Z,JPM,Banks - Diversified,leaders,361.47,353.79,5.77,362.62,358.67,362.72,356.39,1.8,triggered,1.079722703639518,,,60.86,1.49%,1.46%,0.40,-1.06%,362.62,1.20%,3.81%,5.82
2026-09-03,pre_close,2026-09-03T19:33:27Z,KEX,Marine Shipping,all_green,142.33,139.33,3.59,142.92,142.22,143.36,141.88,0.92,triggered,0.289693593314761,,,59.70,2.35%,2.50%,0.39,-9.37%,142.92,3.23%,2.93%,3.46
2026-09-03,pre_close,2026-09-03T19:33:27Z,KNTK,Oil & Gas Midstream,rs_new_high,54.99,54.1,1.48,54.37,54.15,54.74,53.53,0.46,reclaim,0.5675675675675651,prior_low,54.1,58.31,2.46%,2.73%,0.37,-3.08%,54.37,1.66%,6.43%,1.46
2026-09-03,pre_close,2026-09-03T19:33:27Z,KRYS,Biotechnology,leaders,373.19,360.86,12.27,368.23,371.76,373.31,365.55,-0.27,failed_breakout,0.21841890790546103,,,61.95,2.98%,3.08%,0.36,-3.74%,368.23,6.71%,5.29%,11.95
2026-09-03,pre_close,2026-09-03T19:33:27Z,KYMR,Biotechnology,leaders,123.54,117.42,4.97,116.01,118.65,119.17,115.64,-2.21,invalidated,0.07444668008048382,,,49.59,3.94%,4.04%,0.46,-10.80%,116.01,-1.98%,1.76%,4.87
2026-09-03,pre_close,2026-09-03T19:33:27Z,MATX,Marine Shipping,all_green,221.03,217.65,5.82,222.75,219.63,221.0,217.65,2.08,triggered,0.8762886597938134,,,59.23,1.96%,2.62%,0.63,-3.46%,222.75,2.18%,5.46%,5.64
2026-09-03,pre_close,2026-09-03T19:33:27Z,MDGL,Biotechnology,leaders,551.45,537.09,20.32,542.57,548.64,552.08,541.27,-0.8,failed_breakout,0.06397637795275926,,,55.65,2.88%,3.58%,0.25,-11.78%,542.57,2.90%,2.56%,19.65
2026-09-03,pre_close,2026-09-03T19:33:27Z,MEDP,Diagnostics & Research,leaders,593.72,581.78,18.08,592.04,601.78,599.08,586.72,-0.16,gapped_through,0.294247787610616,,,50.96,2.35%,2.69%,0.35,-12.67%,592.04,-1.43%,3.39%,17.67
2026-09-03,pre_close,2026-09-03T19:33:27Z,MGY,Oil & Gas E&P,rs_new_high,27.81,27.37,0.82,27.17,27.4,27.43,26.91,-0.79,invalidated,0.31707317073170926,,,54.64,2.60%,2.71%,0.51,-17.08%,27.17,1.52%,4.29%,0.80
2026-09-03,pre_close,2026-09-03T19:33:27Z,MPLX,Oil & Gas Midstream,rs_new_high,59.65,58.78,0.95,59.42,59.33,60.03,59.04,0.72,failed_breakout,0.4000000000000027,,,55.51,1.35%,1.56%,0.64,-2.52%,59.42,0.64%,2.22%,0.96
2026-09-03,pre_close,2026-09-03T19:33:27Z,MTD,Diagnostics & Research,leaders,1398.13,1357.19,35.59,1361.49,1376.16,1387.32,1334.73,-0.46,reclaim,0.7518966001685864,prior_low,1357.19,42.63,2.49%,2.32%,0.56,-10.73%,1361.49,-3.20%,0.21%,36.80
2026-09-03,pre_close,2026-09-03T19:33:27Z,MUFG,Banks - Diversified,leaders,23.46,23.07,0.46,24.13,24.05,24.26,24.04,3.02,gapped_through,0.19565217391304315,,,69.07,1.39%,1.25%,0.98,2.84%,24.13,6.81%,9.38%,0.48
2026-09-03,pre_close,2026-09-03T19:33:27Z,MUR,Oil & Gas E&P,rs_new_high,38.03,36.55,1.44,37.1,37.66,37.94,37.06,-1.57,setting_up,0.027777777777777186,,,53.68,3.65%,3.84%,0.49,-14.40%,37.10,3.42%,3.70%,1.40
2026-09-03,pre_close,2026-09-03T19:33:27Z,NOV,Oil & Gas Equipment & Services,emerging,21.83,21.16,0.69,21.48,21.74,21.83,21.32,-1.08,failed_breakout,0.23188405797101472,,,60.23,3.64%,3.19%,0.38,-1.63%,21.48,3.36%,8.12%,0.68
2026-09-03,pre_close,2026-09-03T19:33:27Z,NTRA,Diagnostics & Research,leaders,330.92,318.0,11.67,326.12,325.62,332.0,323.23,0.29,failed_breakout,0.24764353041987885,,,61.01,3.20%,3.41%,0.36,-4.97%,326.12,0.97%,12.11%,11.46
2026-09-03,pre_close,2026-09-03T19:33:27Z,NVS,Drug Manufacturers - General,leaders,163.18,160.38,3.44,162.65,164.39,164.35,161.42,0.11,gapped_through,0.357558139534889,,,60.37,1.34%,1.43%,0.79,-4.58%,162.65,4.03%,4.58%,3.40
2026-09-03,pre_close,2026-09-03T19:33:27Z,OII,Oil & Gas Equipment & Services,emerging,52.38,50.52,2.07,51.34,51.81,52.42,51.32,-0.56,failed_breakout,0.009661835748793781,,,55.37,3.64%,3.86%,0.43,-5.36%,51.34,-0.08%,9.03%,2.00
2026-09-03,pre_close,2026-09-03T19:33:27Z,OKE,Oil & Gas Midstream,rs_new_high,96.71,94.41,2.54,96.09,96.46,96.9,95.45,0.08,failed_breakout,0.2519685039370081,,,60.27,2.90%,2.55%,0.40,-3.76%,96.09,2.35%,4.93%,2.46
2026-09-03,pre_close,2026-09-03T19:33:27Z,OSCR,Healthcare Plans,accel,30.74,29.38,1.73,31.84,30.47,32.06,30.46,4.98,triggered,0.7976878612716757,,,56.66,4.94%,6.03%,0.45,-5.09%,31.84,4.07%,5.00%,1.73
2026-09-03,pre_close,2026-09-03T19:33:27Z,PAYX,Software - Application,emerging,125.03,122.8,3.02,124.48,124.26,126.42,123.5,0.39,failed_breakout,0.32450331125827947,,,57.83,1.95%,2.24%,0.68,-9.92%,124.48,0.81%,7.44%,3.02
2026-09-03,pre_close,2026-09-03T19:33:27Z,PBF,Oil & Gas Refining & Marketing,all_green,77.94,74.71,4.13,74.81,75.0,76.22,72.81,-0.89,reclaim,0.48426150121065376,prior_low,74.71,59.91,5.21%,6.04%,0.50,-4.02%,74.81,4.99%,18.27%,4.08
2026-09-03,pre_close,2026-09-03T19:33:27Z,PCVX,Biotechnology,leaders,62.9,60.82,2.35,60.89,61.51,62.14,59.89,-1.12,reclaim,0.425531914893617,prior_low,60.82,55.32,3.97%,3.84%,0.38,-6.33%,60.89,0.77%,4.92%,2.34
2026-09-03,pre_close,2026-09-03T19:33:27Z,PRAX,Biotechnology,leaders,365.71,347.01,19.08,352.32,359.0,360.83,351.76,-1.45,setting_up,0.029350104821803058,,,49.77,4.53%,5.43%,0.26,-10.28%,352.32,-3.90%,4.06%,18.36
2026-09-03,pre_close,2026-09-03T19:33:27Z,PTGX,Biotechnology,leaders,149.42,144.61,5.79,147.53,146.58,149.28,144.88,0.99,setting_up,0.45768566493955193,,,52.11,3.87%,3.64%,0.26,-8.26%,147.53,-2.20%,5.00%,5.69
2026-09-03,pre_close,2026-09-03T19:33:27Z,QGEN,Diagnostics & Research,leaders,44.92,43.63,1.25,43.83,44.41,44.46,43.21,-0.83,reclaim,0.49599999999999794,prior_low,43.63,55.83,2.31%,2.63%,0.34,-24.18%,43.83,1.15%,4.85%,1.25
2026-09-03,pre_close,2026-09-03T19:33:27Z,RDNT,Diagnostics & Research,leaders,76.97,75.31,2.66,73.5,76.22,76.27,73.26,-2.91,invalidated,0.0902255639097725,,,52.08,2.58%,3.81%,0.50,-14.38%,73.50,-2.93%,7.23%,2.68
2026-09-03,pre_close,2026-09-03T19:33:27Z,RNR,Insurance - Reinsurance,leaders,333.86,330.27,6.27,338.12,333.41,340.07,332.64,2.09,triggered,0.8740031897926664,,,66.23,1.41%,1.70%,0.50,0.64%,338.12,4.07%,4.86%,6.46
2026-09-03,pre_close,2026-09-03T19:33:27Z,RVMD,Biotechnology,leaders,211.91,205.22,8.4,210.69,209.16,212.06,209.0,0.7,failed_breakout,0.20119047619047592,,,56.59,4.34%,3.92%,0.34,-6.07%,210.69,0.44%,7.42%,8.02
2026-09-03,pre_close,2026-09-03T19:33:27Z,SAN,Banks - Diversified,leaders,14.76,14.65,0.28,15.02,14.92,15.02,14.85,1.83,gapped_through,0.6071428571428569,,,62.46,1.33%,1.46%,0.59,0.13%,15.02,2.79%,6.15%,0.28
2026-09-03,pre_close,2026-09-03T19:33:27Z,SBRA,REIT - Healthcare Facilities,rs_new_high,21.03,20.6,0.45,20.86,20.95,20.95,20.67,0.02,setting_up,0.42222222222221717,,,53.81,1.76%,2.02%,0.31,-8.37%,20.86,1.54%,1.47%,0.44
2026-09-03,pre_close,2026-09-03T19:33:27Z,SHC,Diagnostics & Research,leaders,19.03,18.72,0.46,19.03,19.19,19.21,18.66,0.4,gapped_through,0.8043478260869587,,,54.58,1.78%,2.44%,0.57,-4.11%,19.03,-0.18%,3.99%,0.47
2026-09-03,pre_close,2026-09-03T19:33:27Z,SHOP,Software - Application,emerging,142.05,138.9,5.96,145.54,143.07,146.37,142.26,2.58,gapped_through,0.5503355704697989,,,52.54,3.51%,3.71%,0.42,-20.12%,145.54,-2.87%,9.04%,5.86
2026-09-03,pre_close,2026-09-03T19:33:27Z,SMFG,Banks - Diversified,leaders,26.72,26.3,0.51,27.5,27.15,27.61,27.18,2.9,gapped_through,0.6274509803921574,,,68.62,1.31%,1.16%,0.72,2.90%,27.50,6.96%,7.98%,0.54
2026-09-03,pre_close,2026-09-03T19:33:27Z,SMMT,Biotechnology,leaders,14.72,14.06,0.87,17.07,15.52,17.28,15.52,16.89,gapped_through,1.7816091954022997,,,69.09,5.28%,5.64%,2.28,-41.61%,17.07,22.55%,20.64%,1.00
2026-09-03,pre_close,2026-09-03T19:33:27Z,SU,Oil & Gas Integrated,all_green,69.06,68.35,1.7,68.25,68.64,68.94,67.8,-0.21,invalidated,0.26470588235294285,,,59.66,2.28%,2.52%,2.65,-2.90%,68.25,3.24%,8.47%,1.66
2026-09-03,pre_close,2026-09-03T19:33:27Z,SUN,Oil & Gas Refining & Marketing,all_green,76.9,75.65,1.88,75.16,76.39,76.48,74.72,-1.64,invalidated,0.23404255319148817,,,51.18,2.23%,2.49%,0.91,-3.78%,75.16,0.08%,2.59%,1.87
2026-09-03,pre_close,2026-09-03T19:33:27Z,TD,Banks - Diversified,leaders,121.53,119.97,2.18,123.34,121.86,123.71,121.67,1.54,gapped_through,0.7660550458715604,,,58.96,1.90%,1.71%,0.23,-1.69%,123.34,2.11%,2.16%,2.19
2026-09-03,pre_close,2026-09-03T19:33:27Z,TEM,Health Information Services,leaders,67.1,60.06,4.88,64.65,63.02,64.74,61.19,4.38,setting_up,0.7090163934426246,,,57.68,8.59%,7.73%,0.65,-38.03%,64.65,6.38%,16.50%,4.78
2026-09-03,pre_close,2026-09-03T19:33:27Z,TGTX,Biotechnology,leaders,57.87,54.7,2.56,56.56,57.4,58.36,56.19,-0.59,failed_breakout,0.14453125000000178,,,61.06,4.70%,4.43%,0.50,-4.61%,56.56,7.64%,5.64%,2.54
2026-09-03,pre_close,2026-09-03T19:33:27Z,TMO,Diagnostics & Research,leaders,614.6,600.7,15.93,617.91,614.03,622.91,603.52,1.54,triggered,0.903327055869428,,,59.97,2.24%,2.44%,0.56,-4.50%,617.91,1.14%,8.68%,16.17
2026-09-03,pre_close,2026-09-03T19:33:27Z,TRGP,Oil & Gas Midstream,rs_new_high,296.37,291.08,8.19,293.21,293.97,296.56,291.21,-0.08,failed_breakout,0.24420024420024422,,,57.49,2.22%,2.73%,0.44,-4.78%,293.21,2.84%,5.69%,7.99
2026-09-03,pre_close,2026-09-03T19:33:27Z,TS,Oil & Gas Equipment & Services,emerging,56.16,54.93,1.33,56.39,56.55,56.73,56.0,0.73,gapped_through,0.29323308270676735,,,57.59,2.05%,2.20%,0.47,-12.70%,56.39,4.43%,2.06%,1.29
2026-09-03,pre_close,2026-09-03T19:33:27Z,TXG,Health Information Services,leaders,63.49,59.41,3.64,63.12,62.24,63.19,60.44,2.39,setting_up,0.7362637362637362,,,62.25,5.82%,6.90%,0.42,-5.70%,63.12,4.15%,25.41%,3.58
2026-09-03,pre_close,2026-09-03T19:33:27Z,UBS,Banks - Diversified,leaders,55.22,54.32,0.92,55.6,55.03,55.61,54.85,1.28,triggered,0.8152173913043478,,,62.83,1.69%,1.31%,0.83,-0.68%,55.60,2.89%,5.30%,0.90
2026-09-03,pre_close,2026-09-03T19:33:27Z,VG,Oil & Gas Midstream,rs_new_high,14.97,14.27,0.7,14.41,14.68,14.85,14.4,-2.15,setting_up,0.014285714285713982,,,54.10,4.36%,4.52%,0.35,-18.20%,14.41,2.03%,8.61%,0.68
2026-09-03,pre_close,2026-09-03T19:33:27Z,VNOM,Oil & Gas Midstream,rs_new_high,45.41,44.85,0.98,44.81,45.18,45.3,44.83,-0.69,invalidated,-0.02040816326530206,,,56.22,1.84%,2.07%,0.31,-11.20%,44.81,2.60%,4.00%,0.94
2026-09-03,pre_close,2026-09-03T19:33:27Z,VOYA,Financial Conglomerates,accel,103.72,101.4,2.16,104.39,103.11,105.64,103.39,1.95,triggered,0.4629629629629629,,,65.45,1.87%,2.27%,0.43,0.52%,104.39,3.89%,5.90%,2.23
2026-09-03,pre_close,2026-09-03T19:33:27Z,WAT,Diagnostics & Research,leaders,416.58,404.51,12.44,414.24,414.98,418.55,404.55,0.49,failed_breakout,0.7789389067524114,,,57.42,3.01%,2.86%,0.31,-2.81%,414.24,0.57%,5.93%,12.55
2026-09-03,pre_close,2026-09-03T19:33:27Z,WELL,REIT - Healthcare Facilities,rs_new_high,240.98,236.65,4.79,241.16,239.11,242.56,238.34,1.08,triggered,0.588726513569936,,,56.67,1.78%,1.88%,0.42,-5.50%,241.16,1.80%,1.82%,4.75
2026-09-03,pre_close,2026-09-03T19:33:27Z,WES,Oil & Gas Midstream,rs_new_high,49.1,48.12,0.96,49.08,49.17,49.75,48.9,0.25,gapped_through,0.18749999999999972,,,59.53,1.83%,1.89%,0.53,-1.98%,49.08,1.39%,4.99%,0.95
2026-09-03,pre_close,2026-09-03T19:33:27Z,WFC,Banks - Diversified,leaders,90.09,87.58,1.82,89.11,89.72,90.34,88.68,-0.18,failed_breakout,0.2362637362637322,,,60.89,2.04%,1.89%,0.54,-8.85%,89.11,2.74%,2.97%,1.81
2026-09-03,pre_close,2026-09-03T19:33:27Z,WMB,Oil & Gas Midstream,rs_new_high,75.3,73.63,2.08,74.46,75.23,75.43,74.31,-0.92,failed_breakout,0.07211538461538052,,,54.33,2.41%,2.73%,0.48,-7.01%,74.46,1.67%,1.38%,2.01
2026-09-03,pre_close,2026-09-03T19:33:27Z,YPF,Oil & Gas Integrated,all_green,54.14,52.03,1.74,52.49,53.85,55.13,52.2,-2.63,failed_breakout,0.16666666666666619,,,56.55,2.71%,3.40%,0.71,-8.70%,52.49,3.34%,5.71%,1.83
2026-09-03,pre_close,2026-09-03T19:33:27Z,ZM,Software - Application,emerging,97.21,95.07,3.85,98.04,97.59,99.12,96.63,2.28,gapped_through,0.366233766233769,,,48.03,3.54%,3.52%,0.47,-14.55%,98.04,-4.53%,2.67%,3.81
2026-09-04,pre_close,2026-09-04T19:33:06Z,A,Diagnostics & Research,leaders,154.29,147.81,4.56,150.71,148.97,151.59,148.51,0.49,setting_up,0.48245614035088097,,,53.77,3.05%,2.76%,0.50,-7.96%,150.71,-0.92%,5.89%,4.45
2026-09-04,pre_close,2026-09-04T19:33:06Z,AAPL,Consumer Electronics,all_green,330.81,324.11,7.38,321.61,328.3,328.93,317.86,-2.01,invalidated,0.508130081300813,,,55.54,2.49%,2.00%,0.53,-6.66%,321.61,2.68%,2.04%,7.64
2026-09-04,pre_close,2026-09-04T19:33:06Z,ABBV,Drug Manufacturers - General,leaders,264.25,257.14,5.78,256.39,259.19,258.85,255.72,-1.47,invalidated,0.11591695501729887,,,50.11,2.09%,2.04%,0.39,-4.14%,256.39,-0.44%,0.75%,5.69
2026-09-04,pre_close,2026-09-04T19:33:06Z,AHR,REIT - Healthcare Facilities,all_green,56.26,55.25,1.25,55.11,55.7,55.99,55.04,-1.17,invalidated,0.05600000000000023,,,48.13,1.98%,2.03%,0.39,-6.12%,55.11,-0.34%,-0.29%,1.22
2026-09-04,pre_close,2026-09-04T19:33:06Z,ALNY,Biotechnology,leaders,271.19,261.54,11.97,266.52,258.73,266.76,258.02,0.76,reclaim,0.7101086048454469,prior_low,261.54,62.36,5.71%,4.37%,0.56,-46.22%,266.52,12.14%,2.97%,11.74
2026-09-04,pre_close,2026-09-04T19:33:06Z,AM,Oil & Gas Midstream,all_green,22.7,22.44,0.49,22.55,22.21,22.58,22.22,0.4,reclaim,0.6734693877551058,prior_low,22.44,54.82,1.52%,2.19%,0.48,-5.39%,22.55,1.02%,1.05%,0.49
2026-09-04,pre_close,2026-09-04T19:33:06Z,ARWR,Biotechnology,leaders,86.79,83.46,3.3,86.18,85.73,86.96,84.2,-0.36,reclaim,0.6000000000000012,sma50,83.86502472607387,51.15,3.95%,3.24%,0.24,-9.75%,86.18,-0.89%,2.59%,3.26
2026-09-04,pre_close,2026-09-04T19:33:06Z,ASND,Biotechnology,leaders,272.44,265.8,8.38,270.51,267.96,270.82,266.5,-0.22,setting_up,0.47852028639618027,,,64.92,4.22%,3.15%,0.78,-4.13%,270.51,5.89%,5.02%,8.11
2026-09-04,pre_close,2026-09-04T19:33:06Z,BAC,Banks - Diversified,leaders,63.27,62.32,1.08,62.64,62.56,62.92,61.96,-0.64,reclaim,0.6296296296296293,prior_low,62.32,52.59,1.76%,1.67%,0.60,-3.96%,62.64,-0.48%,1.66%,1.08
2026-09-04,pre_close,2026-09-04T19:33:06Z,BIIB,Drug Manufacturers - General,leaders,225.8,221.23,5.97,220.46,220.73,223.78,219.99,-1.8,invalidated,0.07872696817420417,,,57.48,2.72%,2.44%,0.24,-2.37%,220.46,2.18%,5.22%,5.87
2026-09-04,pre_close,2026-09-04T19:33:06Z,BKR,Oil & Gas Equipment & Services,emerging,64.95,63.59,1.64,63.17,63.24,63.63,62.72,-0.75,invalidated,0.27439024390244077,,,54.17,2.32%,2.37%,0.39,-10.29%,63.17,-0.47%,5.36%,1.59
2026-09-04,pre_close,2026-09-04T19:33:06Z,BMRN,Biotechnology,leaders,67.69,66.32,1.81,66.39,65.81,66.55,65.52,-0.06,reclaim,0.48066298342541686,prior_low,66.32,55.82,2.49%,3.02%,0.34,-6.47%,66.39,-0.80%,6.10%,1.75
2026-09-04,pre_close,2026-09-04T19:33:06Z,BNTX,Biotechnology,leaders,105.15,102.25,4.33,103.91,102.78,104.82,102.43,1.0,setting_up,0.3418013856812909,,,54.17,3.24%,3.37%,0.36,-16.20%,103.91,1.10%,7.67%,4.19
2026-09-04,pre_close,2026-09-04T19:33:06Z,BNY,Banks - Diversified,leaders,164.63,162.17,2.88,165.23,163.55,165.79,163.62,0.55,triggered,0.5590277777777727,,,62.35,1.52%,1.63%,0.36,-0.28%,165.23,2.03%,4.98%,2.83
2026-09-04,pre_close,2026-09-04T19:33:06Z,BP,Oil & Gas Integrated,all_green,44.05,43.56,0.98,43.92,43.76,44.01,42.94,0.77,reclaim,1.000000000000004,prior_low,43.56,55.01,1.64%,1.65%,0.69,-9.02%,43.92,1.36%,4.80%,0.99
2026-09-04,pre_close,2026-09-04T19:33:06Z,C,Banks - Diversified,leaders,138.55,134.83,2.98,137.71,137.75,138.1,135.4,-0.31,reclaim,0.7751677852349,sma50,135.43137254901958,57.84,2.13%,1.98%,0.30,-6.93%,137.71,2.18%,1.79%,2.97
2026-09-04,pre_close,2026-09-04T19:33:06Z,CAH,Medical Distribution,accel,249.26,245.82,5.41,247.16,246.34,249.29,246.45,-0.58,failed_breakout,0.13123844731977966,,,64.95,1.80%,2.52%,0.41,-4.31%,247.16,4.40%,5.52%,5.23
2026-09-04,pre_close,2026-09-04T19:33:06Z,CM,Banks - Diversified,leaders,118.25,115.69,2.68,117.68,118.21,118.6,117.33,-0.41,reclaim,0.13059701492537631,sma50,117.51367478866234,51.33,2.46%,2.15%,0.34,-5.75%,117.68,-0.21%,0.09%,2.58
2026-09-04,pre_close,2026-09-04T19:33:06Z,CNC,Healthcare Plans,all_green,68.83,66.85,2.19,67.11,66.77,68.22,66.77,-1.34,reclaim,0.155251141552513,prior_low,66.85,55.93,2.98%,3.18%,0.36,-3.24%,67.11,2.16%,2.40%,2.14
2026-09-04,pre_close,2026-09-04T19:33:06Z,CORT,Biotechnology,leaders,114.61,109.43,4.7,111.57,110.59,112.03,109.26,-1.09,reclaim,0.4914893617021251,prior_low,109.43,49.92,4.69%,3.63%,0.40,-11.72%,111.57,-3.81%,7.20%,4.62
2026-09-04,pre_close,2026-09-04T19:33:06Z,CRWD,Software - Infrastructure,leaders,215.1,203.76,12.81,212.55,212.6,218.31,211.32,-1.13,failed_breakout,0.09601873536299907,,,52.87,7.18%,5.40%,0.54,-9.12%,212.55,0.96%,5.85%,12.39
2026-09-04,pre_close,2026-09-04T19:33:06Z,CTVA,Agricultural Inputs,all_green,90.87,87.96,2.36,87.93,87.37,88.21,86.64,-0.78,invalidated,0.5466101694915281,,,64.55,2.77%,2.46%,0.59,-3.34%,87.93,8.00%,5.49%,2.33
2026-09-04,pre_close,2026-09-04T19:33:06Z,DGX,Diagnostics & Research,leaders,242.0,236.35,5.13,237.31,235.3,238.91,236.45,-0.87,setting_up,0.16764132553606503,,,51.97,2.24%,1.93%,0.43,-4.00%,237.31,-1.07%,4.29%,4.97
2026-09-04,pre_close,2026-09-04T19:33:06Z,DHR,Diagnostics & Research,leaders,213.13,206.05,6.33,207.39,207.19,208.7,205.23,-1.73,reclaim,0.34123222748815113,prior_low,206.05,50.13,2.85%,2.80%,0.47,-14.59%,207.39,-1.35%,2.86%,6.29
2026-09-04,pre_close,2026-09-04T19:33:06Z,DT,Software - Application,leaders,53.2,51.96,1.98,52.02,52.67,53.02,52.01,-1.4,setting_up,0.005050505050507634,,,57.58,2.84%,3.54%,0.53,-5.13%,52.02,2.45%,10.46%,1.91
2026-09-04,pre_close,2026-09-04T19:33:06Z,EG,Insurance - Reinsurance,rs_new_high,388.02,382.3,7.57,380.97,381.06,384.29,380.47,-1.37,invalidated,0.06605019815059444,,,56.52,1.49%,1.77%,0.35,-5.01%,380.97,2.19%,2.02%,7.44
2026-09-04,pre_close,2026-09-04T19:33:06Z,EOG,Oil & Gas E&P,emerging,149.04,145.84,3.49,145.44,145.02,145.96,142.82,-0.36,invalidated,0.7507163323782248,,,50.88,1.99%,2.04%,0.55,-5.36%,145.44,-0.58%,2.76%,3.46
2026-09-04,pre_close,2026-09-04T19:33:06Z,EPD,Oil & Gas Midstream,all_green,39.58,39.17,0.58,38.96,39.0,39.15,38.79,-0.55,invalidated,0.29310344827586504,,,55.18,1.05%,1.37%,0.45,-3.01%,38.96,0.93%,2.18%,0.57
2026-09-04,pre_close,2026-09-04T19:33:06Z,EXEL,Biotechnology,leaders,59.72,58.19,1.66,59.15,58.69,59.26,58.49,0.04,setting_up,0.3975903614457811,,,65.12,3.20%,3.05%,0.37,-0.95%,59.15,8.59%,7.46%,1.59
2026-09-04,pre_close,2026-09-04T19:33:06Z,FANG,Oil & Gas E&P,emerging,204.24,201.32,5.6,199.31,201.15,201.58,197.86,-1.79,invalidated,0.2589285714285694,,,48.35,2.48%,2.52%,0.38,-8.11%,199.31,-1.89%,2.13%,5.57
2026-09-04,pre_close,2026-09-04T19:33:06Z,FROG,Software - Application,leaders,94.83,90.15,5.9,87.07,89.87,92.12,86.95,-3.91,invalidated,0.02033898305084582,,,45.55,6.51%,6.45%,0.44,-17.67%,87.07,-5.74%,-2.32%,5.85
2026-09-04,pre_close,2026-09-04T19:33:06Z,GH,Diagnostics & Research,leaders,166.42,159.59,7.92,154.19,160.24,160.24,154.22,-4.25,invalidated,-0.0037878787878789315,,,43.64,5.53%,4.50%,0.51,-12.68%,154.19,-5.65%,-3.25%,7.84
2026-09-04,pre_close,2026-09-04T19:33:06Z,GLNG,Oil & Gas Midstream,all_green,53.26,51.71,1.42,52.05,51.67,52.56,51.79,0.12,setting_up,0.1830985915492944,,,54.38,2.70%,2.74%,0.38,-9.93%,52.05,0.60%,2.88%,1.37
2026-09-04,pre_close,2026-09-04T19:33:06Z,GPN,Software - Infrastructure,leaders,95.18,91.24,2.85,93.15,90.79,94.08,90.21,1.5,reclaim,1.0315789473684251,prior_low,91.24,60.00,3.14%,3.09%,0.51,-2.85%,93.15,1.74%,10.04%,2.92
2026-09-04,pre_close,2026-09-04T19:33:06Z,HESM,Oil & Gas Midstream,all_green,40.39,39.82,0.79,39.96,39.79,39.99,39.39,0.28,reclaim,0.7215189873417724,prior_low,39.82,51.64,1.68%,1.94%,0.86,-3.71%,39.96,0.26%,0.78%,0.77
2026-09-04,pre_close,2026-09-04T19:33:06Z,HNGE,Health Information Services,leaders,92.99,88.82,4.54,92.17,90.45,93.14,89.41,1.55,failed_breakout,0.6079295154185034,,,58.66,5.24%,5.15%,0.39,-3.56%,92.17,3.02%,7.95%,4.49
2026-09-04,pre_close,2026-09-04T19:33:06Z,HSIC,Medical Distribution,accel,91.69,89.56,1.92,89.93,89.87,90.54,89.89,-1.02,setting_up,0.02083333333333659,,,55.97,2.36%,2.00%,0.36,-2.44%,89.93,0.38%,2.85%,1.86
2026-09-04,pre_close,2026-09-04T19:33:06Z,IBKR,Capital Markets,rs_new_high,93.27,89.77,3.46,92.7,91.55,92.81,91.55,-0.26,reclaim,0.33236994219653343,sma50,91.99326999208235,50.40,3.71%,3.24%,0.33,-6.12%,92.70,-0.20%,0.76%,3.32
2026-09-04,pre_close,2026-09-04T19:33:06Z,IBRX,Biotechnology,leaders,8.21,7.88,0.41,8.1,8.08,8.24,8.01,-1.16,failed_breakout,0.2195121951219509,,,54.49,4.27%,4.37%,0.34,-34.88%,8.10,2.48%,2.67%,0.39
2026-09-04,pre_close,2026-09-04T19:33:06Z,IMO,Oil & Gas Integrated,all_green,134.51,131.51,3.13,129.17,130.25,130.62,127.87,-2.1,invalidated,0.4153354632587805,,,46.08,2.28%,2.07%,0.83,-7.37%,129.17,-2.86%,2.16%,3.19
2026-09-04,pre_close,2026-09-04T19:33:06Z,INCY,Biotechnology,leaders,130.0,126.2,3.49,127.43,126.39,128.04,126.04,-0.45,reclaim,0.39828080229226376,prior_low,126.2,57.89,2.77%,2.54%,0.21,-3.90%,127.43,1.74%,5.47%,3.39
2026-09-04,pre_close,2026-09-04T19:33:06Z,INSM,Biotechnology,leaders,127.09,124.05,4.79,125.88,126.0,128.21,125.62,-0.63,failed_breakout,0.054279749478077434,,,57.02,3.36%,3.86%,0.30,-40.83%,125.88,-0.20%,8.81%,4.63
2026-09-04,pre_close,2026-09-04T19:33:06Z,JEF,Capital Markets,rs_new_high,54.72,53.17,1.64,55.49,54.11,56.14,54.12,2.26,triggered,0.8353658536585394,,,57.88,2.65%,2.59%,0.51,-21.90%,55.49,3.43%,2.73%,1.66
2026-09-04,pre_close,2026-09-04T19:33:06Z,JPM,Banks - Diversified,leaders,362.85,356.39,5.83,358.14,361.61,362.7,355.23,-1.08,reclaim,0.4991423670668899,prior_low,356.39,54.27,1.55%,1.49%,0.37,-2.28%,358.14,-0.05%,2.40%,5.95
2026-09-04,pre_close,2026-09-04T19:33:06Z,KEX,Marine Shipping,all_green,143.57,141.88,3.47,140.09,142.58,143.09,139.26,-2.22,invalidated,0.23919308357349062,,,51.85,2.24%,2.41%,0.44,-11.16%,140.09,0.85%,0.86%,3.51
2026-09-04,pre_close,2026-09-04T19:33:06Z,KNTK,Oil & Gas Midstream,all_green,54.74,53.53,1.46,54.49,53.66,54.51,53.3,0.29,reclaim,0.8150684931506883,prior_low,53.53,58.88,2.06%,2.72%,0.42,-2.88%,54.49,1.38%,6.39%,1.44
2026-09-04,pre_close,2026-09-04T19:33:06Z,KRYS,Biotechnology,leaders,373.31,365.55,11.95,356.56,366.75,373.5,353.74,-4.01,invalidated,0.2359832635983258,,,53.93,2.99%,2.96%,0.58,-6.79%,356.56,2.83%,1.96%,12.51
2026-09-04,pre_close,2026-09-04T19:33:06Z,KYMR,Biotechnology,leaders,119.26,115.55,4.88,117.74,117.08,118.28,112.77,0.39,reclaim,1.0184426229508194,prior_low,115.55,52.35,3.74%,4.01%,0.29,-9.46%,117.74,-1.00%,3.23%,4.93
2026-09-04,pre_close,2026-09-04T19:33:06Z,LNC,Insurance - Life,accel,45.69,44.43,1.31,45.26,45.27,45.9,45.22,-0.88,failed_breakout,0.030534351145037514,,,59.45,2.79%,2.70%,0.47,-5.05%,45.26,3.12%,6.77%,1.26
2026-09-04,pre_close,2026-09-04T19:33:06Z,MATX,Marine Shipping,all_green,223.53,217.65,5.82,226.68,222.61,226.97,224.62,1.98,triggered,0.3539518900343646,,,63.52,2.10%,2.51%,0.50,-1.76%,226.68,3.52%,7.01%,5.74
2026-09-04,pre_close,2026-09-04T19:33:06Z,MC,Capital Markets,rs_new_high,70.19,67.32,2.49,68.96,68.7,69.25,67.82,-0.26,setting_up,0.457831325301205,,,53.87,3.36%,3.72%,0.29,-11.83%,68.96,1.90%,2.46%,2.41
2026-09-04,pre_close,2026-09-04T19:33:06Z,MDB,Software - Infrastructure,leaders,391.61,375.5,24.01,372.09,379.81,381.25,365.9,-3.21,invalidated,0.25780924614743844,,,42.87,4.65%,5.03%,0.92,-21.35%,372.09,-12.57%,-0.38%,23.62
2026-09-04,pre_close,2026-09-04T19:33:06Z,MDGL,Biotechnology,leaders,552.08,540.44,19.7,539.66,535.85,547.02,536.43,-0.54,invalidated,0.1639593908629451,,,54.37,2.81%,3.55%,0.36,-12.25%,539.66,2.06%,1.91%,19.05
2026-09-04,pre_close,2026-09-04T19:33:06Z,MEDP,Diagnostics & Research,leaders,599.25,586.52,17.7,591.78,584.94,595.21,585.0,-0.27,reclaim,0.3830508474576256,prior_low,586.52,50.79,2.16%,2.71%,0.28,-12.70%,591.78,-1.49%,3.09%,17.16
2026-09-04,pre_close,2026-09-04T19:33:06Z,MET,Insurance - Life,accel,99.25,97.15,1.89,97.88,97.87,99.11,97.7,-1.36,setting_up,0.09523809523809133,,,57.27,1.93%,1.73%,0.39,-3.02%,97.88,1.62%,3.75%,1.86
2026-09-04,pre_close,2026-09-04T19:33:06Z,MFC,Insurance - Life,accel,44.65,43.56,0.8,44.26,44.42,44.55,44.15,-0.74,setting_up,0.1374999999999993,,,58.54,2.08%,1.70%,0.27,-2.36%,44.26,1.91%,2.89%,0.78
2026-09-04,pre_close,2026-09-04T19:33:06Z,MGY,Oil & Gas E&P,emerging,27.46,26.91,0.8,26.81,27.04,27.16,26.52,-1.46,invalidated,0.36249999999999893,,,51.69,2.36%,2.60%,0.29,-18.15%,26.81,-0.12%,2.97%,0.79
2026-09-04,pre_close,2026-09-04T19:33:06Z,MPLX,Oil & Gas Midstream,all_green,60.04,59.04,0.96,59.29,59.28,59.76,58.94,-0.08,reclaim,0.3645833333333348,prior_low,59.04,54.44,1.30%,1.51%,0.49,-2.72%,59.29,0.39%,1.89%,0.95
2026-09-04,pre_close,2026-09-04T19:33:06Z,MS,Capital Markets,rs_new_high,217.81,213.2,5.05,217.2,215.64,217.99,214.35,0.02,reclaim,0.5643564356435633,sma50,215.6619326646142,54.02,2.07%,2.02%,0.31,-6.48%,217.20,1.01%,0.75%,4.94
2026-09-04,pre_close,2026-09-04T19:33:06Z,MUR,Oil & Gas E&P,emerging,37.94,37.06,1.4,36.36,37.09,37.2,36.15,-2.56,invalidated,0.1500000000000006,,,50.26,3.05%,3.61%,0.52,-16.10%,36.36,0.92%,1.57%,1.38
2026-09-04,pre_close,2026-09-04T19:33:06Z,NET,Software - Infrastructure,leaders,286.85,275.66,16.32,278.77,284.35,284.65,278.66,-2.02,setting_up,0.006740196078428726,,,46.63,5.01%,5.52%,0.35,-16.09%,278.77,-5.91%,-0.52%,15.58
2026-09-04,pre_close,2026-09-04T19:33:06Z,NOV,Oil & Gas Equipment & Services,emerging,21.86,21.31,0.68,21.25,21.37,21.35,21.1,-1.09,invalidated,0.22058823529411553,,,57.33,2.86%,3.16%,0.19,-2.77%,21.25,1.90%,6.76%,0.66
2026-09-04,pre_close,2026-09-04T19:33:06Z,NVS,Drug Manufacturers - General,leaders,164.48,161.42,3.41,159.76,159.98,160.93,159.63,-2.04,invalidated,0.03812316715542388,,,54.79,1.52%,1.47%,0.49,-6.28%,159.76,2.06%,2.66%,3.42
2026-09-04,pre_close,2026-09-04T19:33:06Z,OII,Oil & Gas Equipment & Services,emerging,52.45,51.25,2.01,51.34,51.33,51.96,50.99,-0.86,reclaim,0.17412935323383158,prior_low,51.25,55.09,3.08%,3.73%,0.18,-5.37%,51.34,-0.46%,8.45%,1.94
2026-09-04,pre_close,2026-09-04T19:33:06Z,OKE,Oil & Gas Midstream,all_green,96.9,95.45,2.46,95.36,94.82,95.59,94.08,-0.4,invalidated,0.520325203252033,,,57.29,2.66%,2.47%,0.60,-4.49%,95.36,1.12%,4.02%,2.41
2026-09-04,pre_close,2026-09-04T19:33:06Z,PAYX,Software - Application,leaders,126.45,123.5,3.02,122.0,123.47,123.58,121.87,-2.46,invalidated,0.04304635761589253,,,50.91,1.93%,2.20%,0.37,-11.71%,122.00,-1.29%,4.83%,3.03
2026-09-04,pre_close,2026-09-04T19:33:06Z,PBF,Oil & Gas Refining & Marketing,all_green,76.22,72.81,4.08,74.12,74.05,75.21,72.33,-1.61,reclaim,0.43872549019608,prior_low,72.81,58.43,5.37%,5.79%,0.46,-4.91%,74.12,3.08%,15.99%,4.01
2026-09-04,pre_close,2026-09-04T19:33:06Z,PCVX,Biotechnology,leaders,62.14,59.85,2.34,61.16,59.73,61.78,59.73,-0.02,reclaim,0.611111111111111,prior_low,59.85,56.41,4.17%,3.86%,0.36,-5.91%,61.16,0.94%,5.11%,2.32
2026-09-04,pre_close,2026-09-04T19:33:06Z,PRAX,Biotechnology,leaders,363.14,351.15,18.57,351.86,352.48,357.49,351.55,-0.93,setting_up,0.016693591814755104,,,49.50,4.63%,5.40%,0.20,-10.40%,351.86,-3.95%,3.76%,17.67
2026-09-04,pre_close,2026-09-04T19:33:06Z,PRU,Insurance - Life,accel,123.35,121.01,2.53,122.33,122.11,123.49,121.5,-0.71,failed_breakout,0.3280632411067187,,,55.42,2.04%,1.77%,0.53,-4.22%,122.33,0.54%,2.71%,2.49
2026-09-04,pre_close,2026-09-04T19:33:06Z,PTGX,Biotechnology,leaders,149.49,144.0,5.77,145.16,146.47,147.99,145.15,-2.45,setting_up,0.0017331022530313529,,,48.63,4.01%,3.73%,0.37,-9.73%,145.16,-3.79%,2.96%,5.62
2026-09-04,pre_close,2026-09-04T19:33:06Z,QGEN,Diagnostics & Research,leaders,44.46,43.16,1.25,43.4,43.1,43.66,42.81,-1.05,reclaim,0.47199999999999703,prior_low,43.16,53.11,2.66%,2.67%,0.50,-24.93%,43.40,0.02%,3.59%,1.24
2026-09-04,pre_close,2026-09-04T19:33:06Z,QLYS,Software - Infrastructure,leaders,174.89,168.71,8.9,173.25,172.51,175.0,170.66,-0.63,failed_breakout,0.29101123595505657,,,49.50,4.97%,4.50%,0.37,-14.04%,173.25,-5.16%,5.95%,8.57
2026-09-04,pre_close,2026-09-04T19:33:06Z,RBRK,Software - Infrastructure,leaders,93.0,88.9,5.97,93.44,92.14,94.59,91.77,1.41,triggered,0.2797319932998328,,,51.94,7.39%,6.18%,0.35,-13.41%,93.44,-3.62%,7.96%,5.75
2026-09-04,pre_close,2026-09-04T19:33:06Z,RNR,Insurance - Reinsurance,rs_new_high,340.24,331.78,6.47,331.72,337.01,335.96,331.13,-1.85,invalidated,0.09119010819165871,,,56.99,1.62%,1.74%,0.65,-2.51%,331.72,1.95%,2.72%,6.50
2026-09-04,pre_close,2026-09-04T19:33:06Z,RVMD,Biotechnology,leaders,212.06,207.04,8.16,208.81,209.15,213.85,207.48,-0.98,failed_breakout,0.1629901960784329,,,54.37,4.07%,3.89%,0.25,-6.91%,208.81,-0.55%,6.12%,8.03
2026-09-04,pre_close,2026-09-04T19:33:06Z,RY,Banks - Diversified,leaders,212.37,208.71,3.63,210.34,211.46,211.98,210.21,-0.82,reclaim,0.035812672176307285,sma50,209.34846989141167,54.15,1.63%,1.69%,0.22,-3.76%,210.34,0.68%,0.41%,3.51
2026-09-04,pre_close,2026-09-04T19:33:06Z,S,Software - Infrastructure,leaders,20.18,19.35,1.15,19.83,20.08,20.21,19.74,0.13,reclaim,0.07826086956521727,sma50,19.72504482964734,45.36,6.21%,4.97%,0.66,-17.22%,19.83,-7.71%,0.01%,1.10
2026-09-04,pre_close,2026-09-04T19:33:06Z,SBRA,REIT - Healthcare Facilities,all_green,20.96,20.67,0.44,20.86,20.81,21.18,20.75,-0.31,failed_breakout,0.2499999999999987,,,53.57,1.71%,1.99%,0.39,-8.37%,20.86,1.56%,1.31%,0.44
2026-09-04,pre_close,2026-09-04T19:33:06Z,SCHW,Capital Markets,rs_new_high,110.72,108.78,2.21,109.43,109.58,110.37,108.52,-0.86,reclaim,0.41176470588235786,prior_low,108.78,53.68,1.78%,1.81%,0.43,-4.45%,109.43,-0.57%,4.14%,2.19
2026-09-04,pre_close,2026-09-04T19:33:06Z,SF,Capital Markets,rs_new_high,82.31,80.74,1.85,81.44,81.79,82.1,80.83,-1.02,setting_up,0.3297297297297294,,,51.17,2.07%,2.04%,0.35,-9.33%,81.44,-0.81%,2.25%,1.82
2026-09-04,pre_close,2026-09-04T19:33:06Z,SHC,Diagnostics & Research,leaders,19.21,18.6,0.47,18.93,18.88,19.03,18.81,-0.53,setting_up,0.25531914893617236,,,52.75,2.16%,2.50%,0.22,-4.63%,18.93,-0.75%,3.21%,0.45
2026-09-04,pre_close,2026-09-04T19:33:06Z,TD,Banks - Diversified,leaders,123.71,121.47,2.19,121.52,122.68,122.87,121.46,-1.45,reclaim,0.027397260273973642,prior_low,121.47,52.93,1.86%,1.69%,0.31,-3.14%,121.52,0.60%,0.63%,2.16
2026-09-04,pre_close,2026-09-04T19:33:06Z,TGTX,Biotechnology,leaders,58.47,56.19,2.54,56.26,56.33,56.7,55.56,-0.78,reclaim,0.2755905511811007,prior_low,56.19,59.79,4.84%,4.44%,0.25,-5.12%,56.26,6.39%,4.97%,2.44
2026-09-04,pre_close,2026-09-04T19:33:06Z,TRGP,Oil & Gas Midstream,all_green,296.69,291.21,8.0,290.47,291.05,292.36,287.75,-1.05,invalidated,0.3400000000000034,,,54.84,1.91%,2.70%,0.27,-5.67%,290.47,1.27%,4.57%,7.84
2026-09-04,pre_close,2026-09-04T19:33:06Z,TS,Oil & Gas Equipment & Services,emerging,56.74,55.99,1.29,56.35,56.23,56.49,55.69,0.07,reclaim,0.511627906976747,prior_low,55.99,57.44,1.92%,2.14%,0.37,-12.76%,56.35,4.05%,2.03%,1.26
2026-09-04,pre_close,2026-09-04T19:33:06Z,TTE,Oil & Gas Integrated,all_green,91.04,89.15,1.67,88.92,88.59,88.99,87.51,-0.37,invalidated,0.844311377245507,,,55.09,1.48%,1.39%,1.22,-5.58%,88.92,0.32%,5.09%,1.68
2026-09-04,pre_close,2026-09-04T19:33:06Z,TWLO,Software - Infrastructure,leaders,241.01,229.2,11.15,232.39,239.86,239.29,231.21,-3.36,setting_up,0.10582959641255411,,,54.06,3.82%,4.91%,0.47,-10.05%,232.39,-0.82%,7.82%,11.01
2026-09-04,pre_close,2026-09-04T19:33:06Z,VG,Oil & Gas Midstream,all_green,14.85,14.39,0.68,14.27,14.33,14.67,14.27,-1.45,invalidated,0.0,,,52.61,3.80%,4.44%,0.33,-19.01%,14.27,0.63%,6.96%,0.66
2026-09-04,pre_close,2026-09-04T19:33:06Z,VIRT,Capital Markets,rs_new_high,65.04,63.3,2.93,64.77,64.0,64.87,63.59,0.9,setting_up,0.4027303754266186,,,56.84,4.24%,4.84%,0.44,-5.80%,64.77,3.80%,6.38%,2.81
2026-09-04,pre_close,2026-09-04T19:33:06Z,VNOM,Oil & Gas Midstream,all_green,45.33,44.77,0.95,44.42,44.46,44.79,44.05,-1.05,invalidated,0.38947368421053113,,,53.38,1.63%,1.96%,0.26,-11.98%,44.42,1.25%,3.04%,0.94
2026-09-04,pre_close,2026-09-04T19:33:06Z,VRSN,Software - Infrastructure,leaders,295.39,289.16,7.94,292.09,292.28,292.78,286.9,-0.43,reclaim,0.653652392947103,prior_low,289.16,56.26,2.71%,2.57%,0.35,-6.53%,292.09,1.90%,4.68%,7.83
2026-09-04,pre_close,2026-09-04T19:33:06Z,WAT,Diagnostics & Research,leaders,418.55,404.51,12.55,409.75,414.73,411.8,402.83,-0.92,reclaim,0.5513944223107582,prior_low,404.51,53.88,3.27%,2.88%,0.28,-3.86%,409.75,-0.55%,4.60%,12.42
2026-09-04,pre_close,2026-09-04T19:33:06Z,WELL,REIT - Healthcare Facilities,all_green,242.57,237.46,4.82,236.85,239.34,241.29,236.1,-1.77,invalidated,0.15560165975103735,,,49.29,1.93%,1.83%,0.27,-7.19%,236.85,-0.02%,-0.11%,4.84
2026-09-04,pre_close,2026-09-04T19:33:06Z,WFC,Banks - Diversified,leaders,90.34,88.68,1.81,89.89,89.2,90.13,88.73,0.78,setting_up,0.6408839779005506,,,63.53,2.03%,1.94%,0.35,-8.05%,89.89,3.47%,3.74%,1.78
2026-09-04,pre_close,2026-09-04T19:33:06Z,WFRD,Oil & Gas Equipment & Services,emerging,98.05,96.01,3.68,95.29,95.55,96.04,94.13,-1.18,invalidated,0.3152173913043507,,,56.74,4.29%,3.75%,0.28,-15.78%,95.29,2.55%,8.79%,3.59
2026-09-04,pre_close,2026-09-04T19:33:06Z,WMB,Oil & Gas Midstream,all_green,75.52,74.0,2.04,73.89,73.5,74.43,73.36,-0.22,invalidated,0.259803921568628,,,52.07,2.26%,2.75%,0.50,-7.72%,73.89,0.68%,0.71%,1.97
2026-09-04,pre_close,2026-09-04T19:33:06Z,XOM,Oil & Gas Integrated,all_green,165.65,162.09,3.43,159.74,160.93,161.46,159.18,-1.53,invalidated,0.16326530612244963,,,51.48,1.65%,1.79%,0.49,-9.45%,159.74,-1.05%,4.43%,3.40
2026-09-04,pre_close,2026-09-04T19:33:06Z,XYZ,Software - Infrastructure,leaders,84.56,81.85,3.03,83.15,82.57,83.56,81.88,-0.26,setting_up,0.41914191419142255,,,54.33,4.14%,3.42%,0.33,-4.33%,83.15,2.05%,3.50%,2.93
2026-09-04,pre_close,2026-09-04T19:33:06Z,ZM,Software - Application,leaders,99.12,96.61,3.81,101.79,98.08,102.24,96.86,3.72,triggered,1.2939632545931776,,,53.53,2.85%,3.48%,0.73,-11.28%,101.79,-0.75%,6.17%,3.92
2026-09-08,pre_close,2026-09-08T19:32:33Z,A,Diagnostics & Research,leaders,151.59,147.78,4.51,147.33,148.02,149.21,145.99,-2.34,invalidated,0.29711751662971253,,,47.29,3.13%,2.80%,0.42,-10.03%,147.33,-3.10%,3.35%,4.53
2026-09-08,pre_close,2026-09-08T19:32:33Z,ADP,Software - Application,leaders,280.67,276.45,6.12,268.15,274.46,274.56,267.7,-3.41,invalidated,0.07352941176470403,,,44.02,1.63%,1.85%,0.47,-11.41%,268.15,-3.57%,2.00%,6.39
2026-09-08,pre_close,2026-09-08T19:32:33Z,ANET,Computer Hardware,all_green,197.1,190.56,8.28,195.49,197.25,200.59,195.0,0.88,gapped_through,0.05917874396135376,,,54.52,3.76%,3.82%,0.44,-9.03%,195.49,0.40%,6.43%,8.17
2026-09-08,pre_close,2026-09-08T19:32:33Z,ARWR,Biotechnology,all_green,86.96,84.2,3.26,85.56,84.22,86.96,83.54,-0.9,reclaim,0.6196319018404897,prior_low,84.2,49.58,3.64%,3.25%,0.44,-10.40%,85.56,-1.45%,1.68%,3.27
2026-09-08,pre_close,2026-09-08T19:32:33Z,ASND,Biotechnology,all_green,271.14,265.22,8.2,269.02,263.8,272.15,261.66,-0.57,reclaim,0.8975609756097509,prior_low,265.22,62.96,4.35%,3.06%,0.47,-4.65%,269.02,5.04%,4.38%,8.37
2026-09-08,pre_close,2026-09-08T19:32:33Z,BAC,Banks - Diversified,leaders,62.92,61.96,1.08,62.56,62.47,62.82,62.11,-0.18,setting_up,0.4166666666666693,,,52.01,1.68%,1.65%,0.52,-4.08%,62.56,-0.50%,1.38%,1.06
2026-09-08,pre_close,2026-09-08T19:32:33Z,BKR,Oil & Gas Equipment & Services,emerging,63.74,62.72,1.6,64.25,64.01,64.84,63.36,1.18,gapped_through,0.5562500000000004,,,59.62,2.33%,2.35%,0.43,-8.75%,64.25,1.19%,6.88%,1.59
2026-09-08,pre_close,2026-09-08T19:32:33Z,BMRN,Biotechnology,all_green,66.64,65.52,1.76,65.03,65.24,66.18,64.25,-2.25,invalidated,0.44318181818181884,,,50.25,2.52%,2.88%,0.45,-8.38%,65.03,-2.56%,3.72%,1.80
2026-09-08,pre_close,2026-09-08T19:32:33Z,BNS,Banks - Diversified,leaders,95.04,93.53,1.87,93.0,93.53,94.17,92.83,-0.88,invalidated,0.09090909090909181,,,57.62,1.74%,1.87%,0.27,-2.46%,93.00,2.12%,4.54%,1.83
2026-09-08,pre_close,2026-09-08T19:32:33Z,BNTX,Biotechnology,all_green,104.82,102.32,4.2,99.16,100.25,101.29,98.27,-4.43,invalidated,0.21190476190476204,,,46.79,2.43%,3.33%,0.76,-20.03%,99.16,-3.81%,2.58%,4.29
2026-09-08,pre_close,2026-09-08T19:32:33Z,BNY,Banks - Diversified,leaders,165.84,163.58,2.83,163.76,164.39,164.67,162.48,-0.66,reclaim,0.45229681978798625,prior_low,163.58,58.27,1.58%,1.65%,0.35,-1.25%,163.76,1.00%,3.79%,2.80
2026-09-08,pre_close,2026-09-08T19:32:33Z,C,Banks - Diversified,leaders,138.1,135.4,2.97,137.21,137.44,137.95,135.75,-0.37,setting_up,0.49158249158249423,,,56.45,2.33%,1.87%,0.37,-7.27%,137.21,1.73%,1.49%,2.91
2026-09-08,pre_close,2026-09-08T19:32:33Z,CAH,Medical Distribution,all_green,249.29,246.29,5.24,240.05,242.31,245.77,239.82,-2.88,invalidated,0.04389312977099583,,,54.23,1.78%,2.36%,0.41,-7.06%,240.05,1.33%,2.47%,5.39
2026-09-08,pre_close,2026-09-08T19:32:33Z,CF,Agricultural Inputs,emerging,135.96,131.64,5.33,135.72,134.0,136.68,133.36,1.78,failed_breakout,0.4427767354596595,,,63.16,4.48%,3.92%,0.69,-4.40%,135.72,7.27%,11.44%,5.19
2026-09-08,pre_close,2026-09-08T19:32:33Z,CHRD,Oil & Gas E&P,all_green,147.66,144.6,4.52,147.83,147.92,150.41,146.07,0.98,gapped_through,0.38938053097345565,,,58.93,2.31%,2.95%,0.60,-3.38%,147.83,2.42%,10.15%,4.51
2026-09-08,pre_close,2026-09-08T19:32:33Z,CNC,Healthcare Plans,rs_new_high,68.22,66.77,2.14,64.86,66.0,66.49,64.75,-3.25,invalidated,0.05140186915887823,,,48.06,2.96%,2.98%,0.52,-6.48%,64.86,-1.13%,-1.00%,2.15
2026-09-08,pre_close,2026-09-08T19:32:33Z,COR,Medical Distribution,all_green,336.01,330.2,7.51,325.96,328.31,330.0,323.08,-1.51,invalidated,0.3834886817576559,,,54.21,1.85%,2.19%,0.61,-13.66%,325.96,0.94%,4.18%,7.53
2026-09-08,pre_close,2026-09-08T19:32:33Z,CORT,Biotechnology,all_green,112.13,109.26,4.62,114.21,108.9,115.28,108.5,2.32,triggered,1.2359307359307345,,,54.17,4.21%,3.59%,0.52,-9.63%,114.21,-1.53%,9.18%,4.77
2026-09-08,pre_close,2026-09-08T19:32:33Z,CTVA,Agricultural Inputs,emerging,88.21,86.64,2.33,85.93,87.78,88.71,85.03,-2.19,invalidated,0.3862660944206033,,,57.53,2.63%,2.42%,0.60,-5.53%,85.93,4.94%,3.02%,2.42
2026-09-08,pre_close,2026-09-08T19:32:33Z,DGX,Diagnostics & Research,leaders,238.91,235.38,5.05,236.88,233.01,237.51,232.71,-0.11,reclaim,0.8257425742574233,prior_low,235.38,51.18,2.29%,1.93%,0.49,-4.17%,236.88,-1.23%,3.86%,5.03
2026-09-08,pre_close,2026-09-08T19:32:33Z,DHR,Diagnostics & Research,leaders,208.7,205.23,6.29,206.73,205.0,207.79,202.12,-0.45,reclaim,0.7329093799682012,prior_low,205.23,49.25,2.79%,2.77%,0.50,-14.86%,206.73,-1.61%,2.42%,6.25
2026-09-08,pre_close,2026-09-08T19:32:33Z,DT,Software - Application,leaders,53.06,51.84,1.93,50.62,51.17,51.17,50.12,-2.47,invalidated,0.2590673575129534,,,52.56,2.82%,3.48%,0.48,-7.69%,50.62,-0.30%,7.16%,1.92
2026-09-08,pre_close,2026-09-08T19:32:33Z,DVN,Oil & Gas E&P,all_green,48.44,47.45,1.23,48.7,48.9,49.08,48.12,1.32,gapped_through,0.47154471544715887,,,60.21,2.09%,2.26%,0.50,-7.61%,48.70,2.40%,8.35%,1.21
2026-09-08,pre_close,2026-09-08T19:32:33Z,EG,Insurance - Reinsurance,all_green,384.93,380.2,7.46,372.88,376.02,376.32,370.64,-2.1,invalidated,0.3002680965147465,,,48.66,1.44%,1.73%,0.93,-7.03%,372.88,-0.02%,-0.24%,7.66
2026-09-08,pre_close,2026-09-08T19:32:33Z,ELV,Healthcare Plans,rs_new_high,414.46,406.33,9.75,403.51,401.02,405.17,399.73,-0.98,invalidated,0.3876923076923049,,,53.54,2.18%,2.23%,0.57,-7.50%,403.51,0.92%,1.78%,9.61
2026-09-08,pre_close,2026-09-08T19:32:33Z,EOG,Oil & Gas E&P,all_green,145.99,142.82,3.47,145.93,147.32,147.8,144.96,0.51,gapped_through,0.2795389048991351,,,51.76,2.10%,2.07%,0.48,-5.04%,145.93,-0.36%,2.91%,3.42
2026-09-08,pre_close,2026-09-08T19:32:33Z,EXEL,Biotechnology,all_green,59.26,58.46,1.6,58.52,58.88,59.41,57.6,-0.83,reclaim,0.5750000000000011,prior_low,58.46,62.11,3.06%,2.78%,0.49,-2.01%,58.52,6.89%,6.17%,1.61
2026-09-08,pre_close,2026-09-08T19:32:33Z,FANG,Oil & Gas E&P,all_green,201.58,197.73,5.58,200.63,201.91,204.86,198.5,0.71,gapped_through,0.38172043010752604,,,50.20,2.33%,2.53%,0.51,-7.50%,200.63,-1.27%,2.59%,5.63
2026-09-08,pre_close,2026-09-08T19:32:33Z,FCX,Copper,leaders,73.29,71.45,2.86,76.95,75.98,78.64,75.62,5.8,gapped_through,0.46503496503496444,,,61.02,3.88%,3.55%,0.91,-4.10%,76.95,5.48%,15.35%,3.08
2026-09-08,pre_close,2026-09-08T19:32:33Z,FIGR,Capital Markets,leaders,36.29,34.7,2.55,38.04,36.12,38.2,35.45,5.79,triggered,1.0156862745098025,,,59.01,8.00%,7.78%,0.85,-51.23%,38.04,7.18%,19.22%,2.56
2026-09-08,pre_close,2026-09-08T19:32:33Z,FTI,Oil & Gas Equipment & Services,emerging,79.9,78.69,2.27,78.39,80.28,80.52,77.88,-1.82,invalidated,0.22466960352423132,,,57.78,2.38%,3.04%,0.54,-2.86%,78.39,1.19%,6.48%,2.30
2026-09-08,pre_close,2026-09-08T19:32:33Z,GGB,Steel,all_green,5.03,4.95,0.17,5.05,5.04,5.11,5.03,1.71,gapped_through,0.1176470588235269,,,64.13,3.55%,3.44%,0.54,-2.41%,5.05,8.32%,8.42%,0.17
2026-09-08,pre_close,2026-09-08T19:32:33Z,HNGE,Health Information Services,leaders,93.14,89.41,4.49,91.4,92.65,93.45,90.15,-1.05,failed_breakout,0.27839643652561247,,,56.92,4.80%,5.17%,0.48,-4.36%,91.40,2.16%,6.74%,4.40
2026-09-08,pre_close,2026-09-08T19:32:33Z,HSIC,Medical Distribution,all_green,90.54,89.64,1.87,89.26,89.64,89.99,88.71,-0.61,invalidated,0.2941176470588296,,,52.36,2.20%,1.91%,0.30,-3.17%,89.26,-0.42%,1.99%,1.83
2026-09-08,pre_close,2026-09-08T19:32:33Z,HUM,Healthcare Plans,rs_new_high,409.06,398.59,13.01,406.35,395.55,408.89,393.67,1.2,reclaim,0.974634896233667,prior_low,398.59,61.86,2.94%,3.27%,0.25,-5.25%,406.35,4.48%,4.51%,13.17
2026-09-08,pre_close,2026-09-08T19:32:33Z,IBKR,Capital Markets,leaders,92.85,91.14,3.34,91.24,91.76,93.29,90.95,-1.49,reclaim,0.08682634730538684,prior_low,91.14,47.75,3.61%,3.13%,0.33,-7.61%,91.24,-1.80%,-0.86%,3.27
2026-09-08,pre_close,2026-09-08T19:32:33Z,IBRX,Biotechnology,all_green,8.24,8.01,0.39,8.18,8.0,8.36,7.94,1.23,reclaim,0.6153846153846136,prior_low,8.01,55.87,3.90%,4.30%,0.60,-34.20%,8.18,3.11%,3.88%,0.40
2026-09-08,pre_close,2026-09-08T19:32:33Z,ILMN,Diagnostics & Research,leaders,219.57,213.95,8.87,212.76,218.51,219.45,211.68,-2.5,invalidated,0.12175873731679641,,,53.95,3.51%,4.12%,0.61,-8.22%,212.76,1.52%,6.97%,8.79
2026-09-08,pre_close,2026-09-08T19:32:33Z,IMO,Oil & Gas Integrated,leaders,130.62,127.87,3.19,131.95,130.13,132.66,129.98,2.59,triggered,0.617554858934169,,,52.14,2.28%,2.07%,0.84,-5.37%,131.95,-0.87%,4.06%,3.25
2026-09-08,pre_close,2026-09-08T19:32:33Z,INCY,Biotechnology,all_green,128.08,126.04,3.39,126.03,123.81,126.4,122.22,-0.57,invalidated,1.1238938053097351,,,54.47,2.33%,2.43%,0.34,-4.96%,126.03,0.47%,4.11%,3.47
2026-09-08,pre_close,2026-09-08T19:32:33Z,INSM,Biotechnology,all_green,128.24,125.62,4.63,125.29,124.74,127.42,121.38,-0.79,invalidated,0.8444924406047539,,,55.93,3.18%,3.53%,0.30,-41.11%,125.29,-0.31%,7.89%,4.73
2026-09-08,pre_close,2026-09-08T19:32:33Z,KEX,Marine Shipping,all_green,143.13,139.26,3.51,139.65,141.0,141.18,138.89,-0.8,reclaim,0.21652421652422205,prior_low,139.26,50.66,2.45%,2.44%,0.44,-11.44%,139.65,0.25%,0.49%,3.42
2026-09-08,pre_close,2026-09-08T19:32:33Z,KYMR,Biotechnology,all_green,118.28,112.77,4.93,117.18,114.41,120.22,113.97,-0.18,reclaim,0.6511156186612592,sma50,114.04838239580296,51.38,3.95%,4.07%,0.52,-9.90%,117.18,-1.81%,2.58%,5.02
2026-09-08,pre_close,2026-09-08T19:32:33Z,LH,Diagnostics & Research,leaders,330.55,326.16,7.31,326.82,321.84,328.07,318.67,-0.02,reclaim,1.1149110807113514,prior_low,326.16,55.02,2.13%,2.09%,0.59,-4.38%,326.82,-0.86%,6.23%,7.46
2026-09-08,pre_close,2026-09-08T19:32:33Z,LNC,Insurance - Life,accel,45.9,45.15,1.27,43.46,45.19,45.26,43.22,-4.42,invalidated,0.18897637795275746,,,49.61,2.71%,2.69%,0.60,-8.82%,43.46,-0.75%,2.19%,1.34
2026-09-08,pre_close,2026-09-08T19:32:33Z,LOGI,Computer Hardware,all_green,102.54,101.31,2.73,98.74,100.09,101.0,97.48,-3.24,invalidated,0.46153846153845823,,,46.00,2.16%,2.24%,0.49,-23.85%,98.74,-1.08%,-2.39%,2.86
2026-09-08,pre_close,2026-09-08T19:32:33Z,LPLA,Capital Markets,leaders,359.34,353.49,10.38,350.55,355.78,355.26,347.85,-2.44,invalidated,0.26011560693641506,,,45.69,2.96%,2.76%,0.44,-12.40%,350.55,-3.65%,2.54%,10.46
2026-09-08,pre_close,2026-09-08T19:32:33Z,MATX,Marine Shipping,all_green,227.12,222.61,5.76,225.25,225.31,226.2,221.38,-0.15,reclaim,0.6718750000000008,prior_low,222.61,61.81,2.22%,2.44%,0.37,-2.38%,225.25,2.50%,6.04%,5.69
2026-09-08,pre_close,2026-09-08T19:32:33Z,MC,Capital Markets,leaders,69.26,67.82,2.41,68.97,68.55,69.94,67.97,-0.07,failed_breakout,0.41493775933609955,,,53.89,3.43%,3.60%,0.28,-11.82%,68.97,1.51%,2.34%,2.38
2026-09-08,pre_close,2026-09-08T19:32:33Z,MCK,Medical Distribution,all_green,921.09,905.1,22.8,896.83,895.45,904.51,877.53,-1.23,invalidated,0.8464912280701784,,,55.11,2.04%,2.41%,0.49,-10.23%,896.83,1.40%,5.52%,23.34
2026-09-08,pre_close,2026-09-08T19:32:33Z,MDGL,Biotechnology,all_green,547.92,535.6,19.18,534.81,535.0,540.0,526.67,-1.16,invalidated,0.42440041710114634,,,52.16,2.74%,3.52%,0.34,-13.04%,534.81,0.94%,0.90%,18.84
2026-09-08,pre_close,2026-09-08T19:32:33Z,MEDP,Diagnostics & Research,leaders,596.0,585.0,17.22,593.04,590.95,596.03,587.21,0.3,failed_breakout,0.33855981416956604,,,51.41,2.21%,2.69%,0.40,-12.52%,593.04,-1.20%,3.07%,16.62
2026-09-08,pre_close,2026-09-08T19:32:33Z,MET,Insurance - Life,accel,99.13,97.47,1.88,95.79,96.51,97.09,95.41,-1.87,invalidated,0.20212765957447323,,,50.03,2.06%,1.67%,0.44,-5.09%,95.79,-0.47%,1.33%,1.90
2026-09-08,pre_close,2026-09-08T19:32:33Z,MFC,Insurance - Life,accel,44.55,44.13,0.78,43.54,44.19,44.25,43.5,-1.8,invalidated,0.051282051282050184,,,51.80,1.89%,1.65%,0.34,-3.95%,43.54,0.31%,1.06%,0.78
2026-09-08,pre_close,2026-09-08T19:32:33Z,MS,Capital Markets,leaders,218.22,214.3,4.96,217.31,217.01,218.51,215.22,-0.19,reclaim,0.42137096774193616,sma50,215.58570155460936,54.02,2.21%,1.97%,0.34,-6.43%,217.31,1.00%,0.75%,4.84
2026-09-08,pre_close,2026-09-08T19:32:33Z,MUR,Oil & Gas E&P,all_green,37.2,36.15,1.38,37.71,36.67,38.31,37.24,3.49,triggered,0.3405797101449267,,,55.75,3.08%,3.45%,0.53,-12.99%,37.71,4.32%,5.14%,1.42
2026-09-08,pre_close,2026-09-08T19:32:33Z,NOV,Oil & Gas Equipment & Services,emerging,21.41,21.1,0.66,21.54,21.69,21.84,21.4,0.71,gapped_through,0.21212121212121296,,,60.51,2.60%,3.09%,0.45,-1.45%,21.54,3.04%,7.88%,0.65
2026-09-08,pre_close,2026-09-08T19:32:33Z,NTRA,Diagnostics & Research,leaders,329.05,323.42,11.26,324.68,326.29,330.9,321.21,-1.07,reclaim,0.3081705150976934,prior_low,323.42,58.97,2.94%,3.37%,0.60,-5.39%,324.68,0.31%,10.61%,11.15
2026-09-08,pre_close,2026-09-08T19:32:33Z,NUE,Steel,all_green,264.6,258.95,8.43,256.84,260.02,262.0,254.76,-1.62,invalidated,0.246737841043889,,,51.26,2.88%,3.29%,0.59,-8.31%,256.84,-0.23%,3.19%,8.35
2026-09-08,pre_close,2026-09-08T19:32:33Z,NVDA,Semiconductors,accel,234.76,229.63,7.38,225.72,233.21,233.71,225.25,-2.01,invalidated,0.06368563685636841,,,56.14,2.78%,2.61%,0.70,-4.57%,225.72,2.37%,6.86%,7.46
2026-09-08,pre_close,2026-09-08T19:32:33Z,OII,Oil & Gas Equipment & Services,emerging,51.97,50.99,1.94,51.01,52.02,52.01,50.61,-0.76,gapped_through,0.20618556701030855,,,53.56,2.75%,3.70%,0.26,-5.97%,51.01,-1.09%,7.27%,1.90
2026-09-08,pre_close,2026-09-08T19:32:33Z,ONC,Biotechnology,all_green,362.67,357.58,9.08,350.02,350.48,350.49,344.01,-2.3,invalidated,0.6618942731277523,,,47.17,2.18%,2.15%,0.77,-9.14%,350.02,-3.95%,4.49%,9.45
2026-09-08,pre_close,2026-09-08T19:32:33Z,OSCR,Healthcare Plans,rs_new_high,32.49,31.53,1.7,32.58,32.0,33.24,31.46,1.02,triggered,0.6588235294117633,,,59.54,4.34%,5.80%,0.59,-2.89%,32.58,4.83%,6.96%,1.70
2026-09-08,pre_close,2026-09-08T19:32:33Z,OVV,Oil & Gas E&P,all_green,65.55,64.25,1.74,64.15,65.48,65.67,63.04,-0.94,invalidated,0.6379310344827623,,,51.53,2.15%,2.36%,1.35,-4.98%,64.15,-1.19%,5.59%,1.80
2026-09-08,pre_close,2026-09-08T19:32:33Z,OXY,Oil & Gas E&P,all_green,60.38,59.35,1.41,60.92,60.95,62.03,60.35,1.47,gapped_through,0.4042553191489364,,,60.43,1.88%,1.99%,0.55,-9.67%,60.92,2.01%,8.14%,1.45
2026-09-08,pre_close,2026-09-08T19:32:33Z,P,Computer Hardware,all_green,99.61,96.67,5.85,101.61,100.59,102.32,97.66,2.11,gapped_through,0.6752136752136757,,,55.22,4.84%,6.07%,0.86,-14.69%,101.61,-3.42%,14.94%,5.77
2026-09-08,pre_close,2026-09-08T19:32:33Z,PAYX,Software - Application,leaders,123.58,121.65,3.05,116.91,119.95,120.31,116.47,-3.94,invalidated,0.14426229508196647,,,40.90,1.98%,2.18%,0.69,-15.40%,116.91,-5.24%,0.17%,3.20
2026-09-08,pre_close,2026-09-08T19:32:33Z,PBF,Oil & Gas Refining & Marketing,all_green,75.21,72.24,4.01,76.39,76.9,77.6,75.73,2.75,gapped_through,0.1645885286783034,,,61.74,5.22%,5.77%,0.54,-1.99%,76.39,5.48%,18.30%,3.96
2026-09-08,pre_close,2026-09-08T19:32:33Z,PCVX,Biotechnology,all_green,61.78,59.65,2.33,60.51,60.11,61.03,59.22,-1.07,reclaim,0.5536480686695275,prior_low,59.65,53.45,3.92%,3.66%,0.52,-6.92%,60.51,-0.33%,3.84%,2.30
2026-09-08,pre_close,2026-09-08T19:32:33Z,PRAX,Biotechnology,all_green,357.5,349.82,17.79,353.61,342.25,356.21,341.0,0.51,reclaim,0.7088251826869035,prior_low,349.82,50.26,3.73%,4.96%,0.42,-9.95%,353.61,-3.29%,4.12%,17.61
2026-09-08,pre_close,2026-09-08T19:32:33Z,PTGX,Biotechnology,all_green,147.99,144.01,5.7,146.1,144.84,147.24,143.61,0.26,reclaim,0.4368421052631545,prior_low,144.01,49.89,3.79%,3.59%,0.42,-9.15%,146.10,-3.07%,3.26%,5.55
2026-09-08,pre_close,2026-09-08T19:32:33Z,QGEN,Diagnostics & Research,leaders,43.66,42.79,1.24,42.49,42.4,42.74,42.22,-2.25,invalidated,0.2177419354838735,,,47.85,2.60%,2.57%,0.35,-26.51%,42.49,-1.93%,1.27%,1.24
2026-09-08,pre_close,2026-09-08T19:32:33Z,RDNT,Diagnostics & Research,leaders,74.7,73.36,2.59,72.42,73.55,73.53,72.25,-1.76,invalidated,0.0656370656370663,,,48.44,2.87%,3.78%,0.25,-15.64%,72.42,-4.21%,4.84%,2.51
2026-09-08,pre_close,2026-09-08T19:32:33Z,RGA,Insurance - Reinsurance,all_green,254.67,252.25,4.66,248.52,250.51,252.27,247.8,-1.88,invalidated,0.1545064377682401,,,55.97,1.56%,1.87%,0.42,-3.60%,248.52,0.61%,3.97%,4.72
2026-09-08,pre_close,2026-09-08T19:32:33Z,RNR,Insurance - Reinsurance,all_green,336.14,329.89,6.58,324.8,326.95,328.05,324.0,-1.69,invalidated,0.12158054711246373,,,49.05,1.76%,1.74%,0.49,-4.54%,324.80,-0.25%,0.55%,6.57
2026-09-08,pre_close,2026-09-08T19:32:33Z,RS,Steel,all_green,404.36,394.3,11.7,399.65,400.33,401.53,398.76,-0.22,reclaim,0.07606837606837491,sma50,397.21313101259545,50.43,2.59%,2.91%,0.40,-7.71%,399.65,-0.44%,0.54%,11.06
2026-09-08,pre_close,2026-09-08T19:32:33Z,RVMD,Biotechnology,all_green,211.75,207.48,7.88,208.26,208.07,212.87,206.65,-0.84,reclaim,0.20431472081218086,prior_low,207.48,53.62,2.96%,3.80%,0.52,-7.16%,208.26,-0.87%,5.55%,7.76
2026-09-08,pre_close,2026-09-08T19:32:33Z,RY,Banks - Diversified,leaders,211.98,210.11,3.51,209.4,210.44,210.76,208.8,-0.57,invalidated,0.17094017094016933,,,52.15,1.53%,1.67%,0.32,-4.19%,209.40,0.26%,-0.10%,3.40
2026-09-08,pre_close,2026-09-08T19:32:33Z,SAN,Banks - Diversified,leaders,14.97,14.86,0.28,14.89,14.94,14.99,14.87,-0.27,failed_breakout,0.07142857142857624,,,58.80,1.31%,1.41%,0.44,-1.06%,14.89,1.74%,4.77%,0.27
2026-09-08,pre_close,2026-09-08T19:32:33Z,SCCO,Copper,leaders,201.1,196.1,8.34,209.74,206.61,213.02,205.17,5.53,gapped_through,0.5479616306954462,,,57.84,3.98%,3.80%,0.79,-5.00%,209.74,3.64%,11.49%,8.77
2026-09-08,pre_close,2026-09-08T19:32:33Z,SCHW,Capital Markets,leaders,110.4,108.52,2.19,107.62,109.11,109.32,107.57,-1.52,invalidated,0.022831050228315695,,,48.20,1.53%,1.79%,0.32,-6.03%,107.62,-2.18%,2.10%,2.16
2026-09-08,pre_close,2026-09-08T19:32:33Z,SF,Capital Markets,leaders,82.1,80.78,1.83,81.38,79.86,82.04,79.86,-0.14,reclaim,0.8306010928961727,prior_low,80.78,50.91,2.18%,2.00%,0.43,-9.40%,81.38,-0.75%,1.86%,1.85
2026-09-08,pre_close,2026-09-08T19:32:33Z,SHC,Diagnostics & Research,leaders,19.05,18.8,0.45,18.77,18.85,19.09,18.66,-0.69,invalidated,0.2444444444444432,,,49.99,2.24%,2.34%,0.51,-5.44%,18.77,-1.53%,2.18%,0.45
2026-09-08,pre_close,2026-09-08T19:32:33Z,STLD,Steel,all_green,246.67,240.52,8.96,240.3,241.99,244.43,238.14,-0.73,invalidated,0.24107142857143135,,,48.10,3.29%,3.67%,0.77,-16.78%,240.30,-0.69%,-0.65%,8.77
2026-09-08,pre_close,2026-09-08T19:32:33Z,SU,Oil & Gas Integrated,leaders,68.07,66.51,1.67,68.18,68.49,69.2,67.28,1.26,gapped_through,0.5389221556886262,,,58.44,2.07%,2.24%,0.53,-3.00%,68.18,2.16%,7.43%,1.69
2026-09-08,pre_close,2026-09-08T19:32:33Z,TD,Banks - Diversified,leaders,122.87,121.44,2.17,120.59,121.43,122.01,120.31,-0.86,invalidated,0.12903225806451665,,,50.07,1.70%,1.70%,0.29,-3.89%,120.59,-0.16%,-0.16%,2.13
2026-09-08,pre_close,2026-09-08T19:32:33Z,TGTX,Biotechnology,all_green,56.7,55.56,2.44,55.8,55.21,55.89,54.29,-0.33,reclaim,0.6188524590163926,prior_low,55.56,57.93,4.62%,4.43%,0.30,-5.90%,55.80,4.88%,4.12%,2.39
2026-09-08,pre_close,2026-09-08T19:32:33Z,TMO,Diagnostics & Research,leaders,615.74,605.53,15.94,606.75,604.99,607.76,595.82,-1.15,reclaim,0.6856963613550784,prior_low,605.53,53.46,2.47%,2.47%,0.54,-6.22%,606.75,-0.90%,5.96%,16.08
2026-09-08,pre_close,2026-09-08T19:32:33Z,TS,Oil & Gas Equipment & Services,emerging,56.5,55.64,1.26,57.28,56.91,57.98,56.91,1.46,gapped_through,0.29365079365079727,,,61.49,1.92%,1.93%,0.88,-11.33%,57.28,5.46%,3.66%,1.28
2026-09-08,pre_close,2026-09-08T19:32:33Z,TSM,Semiconductors,accel,429.82,419.42,11.52,438.58,438.02,444.29,433.72,2.26,gapped_through,0.4218749999999963,,,61.55,1.98%,2.05%,0.83,-8.44%,438.58,4.19%,4.29%,11.80
2026-09-08,pre_close,2026-09-08T19:32:33Z,UBS,Banks - Diversified,leaders,55.54,55.07,0.89,55.24,55.33,55.7,55.17,-0.26,failed_breakout,0.07865168539325874,,,59.49,1.77%,1.25%,0.52,-1.33%,55.24,1.94%,4.15%,0.87
2026-09-08,pre_close,2026-09-08T19:32:33Z,UNM,Insurance - Life,accel,96.77,95.31,2.25,94.68,94.84,95.28,94.47,-1.22,invalidated,0.09333333333333688,,,59.45,2.52%,2.31%,0.44,-2.16%,94.68,3.34%,5.34%,2.19
2026-09-08,pre_close,2026-09-08T19:32:33Z,VIRT,Capital Markets,leaders,64.87,63.5,2.82,63.52,63.71,64.79,63.04,-1.41,reclaim,0.17021276595744822,prior_low,63.5,53.18,3.80%,4.64%,0.28,-7.62%,63.52,1.19%,4.25%,2.74
2026-09-08,pre_close,2026-09-08T19:32:33Z,VIST,Oil & Gas E&P,all_green,74.55,73.03,3.05,75.54,75.0,76.36,74.75,2.45,gapped_through,0.259016393442625,,,61.30,4.44%,3.85%,1.10,-7.25%,75.54,6.95%,11.96%,3.02
2026-09-08,pre_close,2026-09-08T19:32:33Z,VRTX,Biotechnology,all_green,556.99,544.48,13.04,529.76,530.25,534.99,522.42,-3.0,invalidated,0.5628834355828246,,,50.32,1.89%,2.40%,0.42,-5.44%,529.76,-1.73%,3.97%,13.80
2026-09-08,pre_close,2026-09-08T19:32:33Z,WAT,Diagnostics & Research,leaders,412.1,402.83,12.42,405.81,403.82,407.42,399.73,-0.87,reclaim,0.48953301127214044,prior_low,402.83,50.79,3.24%,2.85%,0.28,-4.79%,405.81,-1.43%,3.43%,12.22
2026-09-08,pre_close,2026-09-08T19:32:33Z,WFC,Banks - Diversified,leaders,90.13,88.73,1.78,88.25,89.64,89.64,88.19,-1.91,invalidated,0.0337078651685406,,,55.34,1.99%,1.85%,0.44,-9.73%,88.25,1.54%,1.75%,1.78
2026-09-08,pre_close,2026-09-08T19:32:33Z,WFRD,Oil & Gas Equipment & Services,emerging,96.46,94.13,3.59,94.8,96.21,97.88,94.18,-1.13,failed_breakout,0.17270194986072154,,,55.57,4.12%,3.68%,0.62,-16.22%,94.80,1.88%,7.92%,3.60
2026-09-08,pre_close,2026-09-08T19:32:33Z,XOM,Oil & Gas Integrated,leaders,161.48,159.16,3.4,161.01,160.61,163.11,158.75,0.97,reclaim,0.6647058823529385,prior_low,159.16,53.74,1.67%,1.76%,0.48,-8.73%,161.01,-0.29%,4.93%,3.47
2026-09-08,pre_close,2026-09-08T19:32:33Z,YPF,Oil & Gas Integrated,leaders,53.04,51.35,1.82,53.09,53.6,53.99,52.19,0.89,gapped_through,0.49450549450549763,,,58.60,3.54%,3.50%,0.53,-7.66%,53.09,3.95%,6.28%,1.82
2026-09-09,pre_close,2026-09-09T19:32:26Z,A,Diagnostics & Research,leaders,149.21,145.97,4.53,145.26,145.23,146.4,143.75,-1.08,invalidated,0.3333333333333313,,,43.89,3.26%,2.72%,0.50,-11.29%,145.26,-4.32%,1.73%,4.43
2026-09-09,pre_close,2026-09-09T19:32:26Z,AMD,Semiconductors,accel,512.36,486.57,23.39,519.59,508.11,526.79,506.36,2.74,triggered,0.565626336041044,,,60.12,3.69%,3.47%,0.78,-11.14%,519.59,8.41%,4.22%,23.22
2026-09-09,pre_close,2026-09-09T19:32:26Z,ANET,Computer Hardware,all_green,200.68,194.72,8.18,192.68,194.85,196.96,192.06,-1.17,invalidated,0.07579462102689542,,,52.08,3.96%,3.70%,0.32,-10.34%,192.68,-0.90%,4.57%,7.95
2026-09-09,pre_close,2026-09-09T19:32:26Z,APH,Electronic Components,accel,84.0,81.57,2.84,81.32,80.98,82.28,80.87,-0.54,invalidated,0.15845070422534813,,,51.67,3.53%,3.02%,0.38,-8.90%,81.32,0.65%,1.05%,2.73
2026-09-09,pre_close,2026-09-09T19:32:26Z,ARGX,Biotechnology,leaders,1015.79,995.0,31.5,1004.22,991.68,1007.56,988.8,-0.28,reclaim,0.48952380952381186,prior_low,995.0,54.56,2.02%,2.70%,0.53,-6.39%,1004.22,0.18%,8.02%,30.59
2026-09-09,pre_close,2026-09-09T19:32:26Z,ARW,Electronics & Computer Distribution,all_green,218.0,214.62,7.21,215.67,216.19,217.74,214.02,-0.8,reclaim,0.22884882108182764,prior_low,214.62,55.47,3.16%,3.05%,0.42,-9.13%,215.67,2.87%,2.96%,6.97
2026-09-09,pre_close,2026-09-09T19:32:26Z,ARWR,Biotechnology,leaders,86.96,83.54,3.27,83.01,85.76,87.2,82.44,-2.47,invalidated,0.17431192660550685,,,43.81,3.72%,3.32%,0.33,-13.07%,83.01,-4.02%,-1.39%,3.38
2026-09-09,pre_close,2026-09-09T19:32:26Z,ASND,Biotechnology,leaders,272.47,262.32,8.34,263.23,268.52,268.72,262.11,-2.54,reclaim,0.13429256594724276,prior_low,262.32,55.79,3.40%,3.13%,0.50,-6.71%,263.23,2.58%,2.13%,8.32
2026-09-09,pre_close,2026-09-09T19:32:26Z,ASX,Semiconductors,accel,40.43,39.1,1.75,41.01,40.46,41.37,40.1,3.07,gapped_through,0.519999999999998,,,62.09,3.30%,3.33%,0.34,-9.90%,41.01,8.22%,6.54%,1.74
2026-09-09,pre_close,2026-09-09T19:32:26Z,AVT,Electronics & Computer Distribution,all_green,93.49,91.81,3.31,92.14,91.86,92.4,90.71,-0.3,reclaim,0.4320241691842921,prior_low,91.81,53.55,3.02%,3.56%,0.37,-7.86%,92.14,0.95%,2.94%,3.20
2026-09-09,pre_close,2026-09-09T19:32:26Z,BAC,Banks - Diversified,leaders,62.82,62.11,1.06,62.81,61.97,63.19,61.42,0.67,reclaim,1.3113207547169816,prior_low,62.11,53.65,1.72%,1.65%,0.69,-3.70%,62.81,0.00%,1.62%,1.11
2026-09-09,pre_close,2026-09-09T19:32:26Z,BHP,Other Industrial Metals & Mining,leaders,93.61,91.91,2.47,92.39,92.67,93.56,91.69,0.43,reclaim,0.2834008097166003,prior_low,91.91,52.86,1.95%,2.09%,0.47,-6.40%,92.39,-0.44%,5.53%,2.43
2026-09-09,pre_close,2026-09-09T19:32:26Z,BMRN,Biotechnology,leaders,66.26,64.01,1.81,64.72,64.63,65.27,63.64,0.15,reclaim,0.5966850828729272,prior_low,64.01,49.20,2.61%,2.84%,0.47,-8.81%,64.72,-2.64%,3.02%,1.80
2026-09-09,pre_close,2026-09-09T19:32:26Z,BNS,Banks - Diversified,leaders,94.18,92.77,1.83,92.35,92.17,92.85,91.6,-0.53,invalidated,0.4098360655737705,,,55.30,1.70%,1.89%,0.22,-3.14%,92.35,1.22%,3.68%,1.79
2026-09-09,pre_close,2026-09-09T19:32:26Z,BNTX,Biotechnology,leaders,101.33,98.18,4.3,98.14,98.48,98.64,96.87,-0.53,invalidated,0.2953488372093014,,,45.39,2.64%,3.34%,0.43,-20.86%,98.14,-5.03%,1.45%,4.12
2026-09-09,pre_close,2026-09-09T19:32:26Z,BNY,Banks - Diversified,leaders,164.8,161.47,2.87,163.41,162.02,163.46,161.11,0.34,reclaim,0.8013937282229906,prior_low,161.47,56.97,1.78%,1.68%,0.51,-1.47%,163.41,0.72%,3.32%,2.83
2026-09-09,pre_close,2026-09-09T19:32:26Z,BP,Oil & Gas Integrated,rs_new_high,45.4,44.5,1.03,45.57,45.8,45.88,44.91,1.54,gapped_through,0.6407766990291298,,,62.68,1.89%,1.71%,1.07,-5.59%,45.57,4.65%,7.92%,1.03
2026-09-09,pre_close,2026-09-09T19:32:26Z,C,Banks - Diversified,leaders,137.98,135.75,2.91,138.15,136.08,138.54,133.87,1.03,triggered,1.4707903780068732,,,58.19,2.49%,1.85%,0.38,-6.63%,138.15,2.35%,2.25%,3.04
2026-09-09,pre_close,2026-09-09T19:32:26Z,CF,Agricultural Inputs,emerging,136.68,133.19,5.2,137.76,137.88,139.5,135.71,2.56,gapped_through,0.39423076923076594,,,65.37,4.14%,3.88%,0.83,-2.96%,137.76,8.09%,12.55%,5.20
2026-09-09,pre_close,2026-09-09T19:32:26Z,CNX,Oil & Gas E&P,all_green,37.95,37.0,0.84,36.59,37.22,37.27,36.3,-1.18,invalidated,0.34523809523810267,,,54.74,2.23%,2.19%,0.50,-16.11%,36.59,0.61%,4.60%,0.85
2026-09-09,pre_close,2026-09-09T19:32:26Z,CRL,Diagnostics & Research,leaders,285.94,280.16,9.5,277.71,278.54,280.23,275.0,-1.09,invalidated,0.28526315789473466,,,50.66,2.96%,3.23%,0.47,-8.44%,277.71,-3.74%,8.07%,9.23
2026-09-09,pre_close,2026-09-09T19:32:26Z,DGX,Diagnostics & Research,leaders,237.55,231.52,5.12,235.01,233.58,233.03,232.47,-0.21,setting_up,0.49609374999999845,,,47.82,2.54%,2.00%,0.46,-4.93%,235.01,-1.92%,2.85%,4.97
2026-09-09,pre_close,2026-09-09T19:32:26Z,DHR,Diagnostics & Research,leaders,207.84,202.12,6.25,204.91,205.65,205.99,201.95,-0.16,reclaim,0.4736000000000013,prior_low,202.12,47.04,3.06%,2.74%,0.37,-15.61%,204.91,-2.38%,1.42%,6.09
2026-09-09,pre_close,2026-09-09T19:32:26Z,DVN,Oil & Gas E&P,all_green,49.08,48.12,1.21,49.19,49.2,49.45,48.62,1.62,gapped_through,0.4710743801652895,,,62.47,1.91%,2.22%,0.60,-6.69%,49.19,3.05%,9.10%,1.20
2026-09-09,pre_close,2026-09-09T19:32:26Z,EC,Oil & Gas Integrated,rs_new_high,17.84,17.54,0.56,17.81,18.0,18.07,17.73,0.18,gapped_through,0.1428571428571398,,,61.62,3.27%,2.78%,0.47,-2.08%,17.81,3.22%,7.99%,0.55
2026-09-09,pre_close,2026-09-09T19:32:26Z,EOG,Oil & Gas E&P,all_green,148.98,144.96,3.51,147.73,147.54,148.14,146.48,1.63,setting_up,0.3561253561253562,,,54.96,2.16%,2.09%,0.46,-3.87%,147.73,0.74%,3.96%,3.45
2026-09-09,pre_close,2026-09-09T19:32:26Z,EPD,Oil & Gas Midstream,rs_new_high,39.15,38.72,0.56,39.24,39.0,39.38,39.0,1.04,triggered,0.4285714285714321,,,58.19,1.06%,1.36%,0.51,-2.32%,39.24,1.37%,2.65%,0.56
2026-09-09,pre_close,2026-09-09T19:32:26Z,EXEL,Biotechnology,leaders,59.41,57.55,1.62,57.88,57.54,58.1,56.95,0.37,reclaim,0.5740740740740738,prior_low,57.55,59.03,3.11%,2.75%,0.32,-3.07%,57.88,5.18%,4.91%,1.58
2026-09-09,pre_close,2026-09-09T19:32:26Z,FANG,Oil & Gas E&P,all_green,204.97,198.41,5.65,202.37,202.17,204.58,200.22,1.36,setting_up,0.3805309734513284,,,52.67,2.35%,2.58%,0.51,-6.70%,202.37,-0.41%,3.26%,5.60
2026-09-09,pre_close,2026-09-09T19:32:26Z,FUTU,Capital Markets,leaders,120.53,117.32,4.74,117.4,118.0,119.07,117.0,-0.08,reclaim,0.08438818565400963,prior_low,117.32,53.16,3.01%,3.88%,0.35,-42.03%,117.40,0.58%,9.37%,4.55
2026-09-09,pre_close,2026-09-09T19:32:26Z,GH,Diagnostics & Research,leaders,166.69,160.25,8.0,162.94,161.01,167.98,159.93,1.22,reclaim,0.37624999999999886,prior_low,160.25,51.95,5.74%,4.59%,0.31,-7.73%,162.94,-0.27%,1.88%,8.01
2026-09-09,pre_close,2026-09-09T19:32:26Z,GLNG,Oil & Gas Midstream,rs_new_high,52.69,51.07,1.4,51.75,51.67,52.01,51.11,0.56,setting_up,0.4571428571428576,,,52.24,2.58%,2.80%,0.46,-10.45%,51.75,-0.14%,2.13%,1.36
2026-09-09,pre_close,2026-09-09T19:32:26Z,HBM,Copper,all_green,29.59,28.5,1.36,28.81,29.48,29.72,28.26,-0.67,reclaim,0.40441176470588025,prior_low,28.5,56.62,3.75%,3.95%,0.49,-10.40%,28.81,1.69%,14.47%,1.37
2026-09-09,pre_close,2026-09-09T19:32:26Z,HNGE,Health Information Services,leaders,93.5,90.07,4.41,90.69,93.76,93.33,89.16,-2.15,gapped_through,0.34693877551020436,,,55.11,3.94%,4.75%,0.60,-5.10%,90.69,1.20%,5.66%,4.39
2026-09-09,pre_close,2026-09-09T19:32:26Z,HPQ,Computer Hardware,all_green,32.34,30.89,1.44,32.81,31.16,32.92,31.2,5.25,triggered,1.1180555555555576,,,63.35,4.42%,4.55%,0.68,0.08%,32.81,7.59%,18.96%,1.46
2026-09-09,pre_close,2026-09-09T19:32:26Z,ILMN,Diagnostics & Research,leaders,219.45,210.15,8.9,205.1,210.0,211.09,203.6,-2.82,invalidated,0.16853932584269662,,,48.25,3.83%,4.12%,0.62,-11.52%,205.10,-2.38%,2.89%,8.80
2026-09-09,pre_close,2026-09-09T19:32:26Z,IMO,Oil & Gas Integrated,rs_new_high,132.66,129.94,3.25,131.5,132.34,133.3,131.15,0.09,failed_breakout,0.10769230769230595,,,51.31,2.09%,2.07%,0.55,-5.69%,131.50,-1.26%,3.42%,3.18
2026-09-09,pre_close,2026-09-09T19:32:26Z,INCY,Biotechnology,leaders,126.4,122.22,3.47,126.6,124.21,127.71,124.4,1.76,triggered,0.6340057636887575,,,55.17,2.62%,2.45%,0.36,-4.53%,126.60,0.77%,4.40%,3.46
2026-09-09,pre_close,2026-09-09T19:32:26Z,JEF,Capital Markets,leaders,55.91,54.58,1.64,55.4,55.82,55.85,54.28,-0.58,reclaim,0.6829268292682912,prior_low,54.58,56.99,3.14%,2.71%,0.32,-22.02%,55.40,3.22%,2.08%,1.63
2026-09-09,pre_close,2026-09-09T19:32:26Z,JPM,Banks - Diversified,leaders,358.55,353.23,5.92,355.33,351.02,356.3,348.69,0.51,reclaim,1.1216216216216193,prior_low,353.23,50.46,1.86%,1.49%,0.42,-3.05%,355.33,-0.66%,1.29%,6.04
2026-09-09,pre_close,2026-09-09T19:32:26Z,KMI,Oil & Gas Midstream,rs_new_high,32.12,31.09,0.76,31.55,32.21,32.33,31.28,-1.35,gapped_through,0.3552631578947363,,,47.69,2.20%,2.37%,0.71,-9.36%,31.55,-0.86%,-1.18%,0.78
2026-09-09,pre_close,2026-09-09T19:32:26Z,KNTK,Oil & Gas Midstream,rs_new_high,55.56,54.63,1.43,54.53,55.79,55.85,54.01,-0.83,invalidated,0.3636363636363658,,,57.97,2.03%,2.62%,0.44,-2.81%,54.53,0.79%,6.04%,1.46
2026-09-09,pre_close,2026-09-09T19:32:26Z,KRYS,Biotechnology,leaders,354.69,343.46,12.57,348.3,348.94,352.77,340.98,-0.84,reclaim,0.5823389021479708,prior_low,343.46,49.28,3.13%,3.10%,0.39,-8.95%,348.30,-0.16%,-0.13%,12.51
2026-09-09,pre_close,2026-09-09T19:32:26Z,KYMR,Biotechnology,leaders,120.22,113.97,5.02,114.99,115.34,120.67,113.44,-1.27,reclaim,0.3087649402390433,prior_low,113.97,47.39,4.36%,4.18%,0.68,-11.58%,114.99,-3.83%,0.57%,5.18
2026-09-09,pre_close,2026-09-09T19:32:26Z,LH,Diagnostics & Research,leaders,328.07,318.67,7.46,321.99,323.11,325.5,318.69,-0.88,setting_up,0.44235924932976023,,,48.96,2.34%,2.13%,0.97,-5.79%,321.99,-2.29%,4.39%,7.41
2026-09-09,pre_close,2026-09-09T19:32:26Z,LNG,Oil & Gas Midstream,rs_new_high,281.84,274.48,8.31,275.61,278.99,280.4,274.72,-0.15,setting_up,0.10709987966305491,,,48.93,2.91%,2.46%,1.07,-8.40%,275.61,-1.58%,3.10%,8.12
2026-09-09,pre_close,2026-09-09T19:32:26Z,LPLA,Capital Markets,leaders,357.1,347.84,10.46,351.3,346.55,352.04,345.25,0.31,reclaim,0.578393881453156,prior_low,347.84,46.39,3.26%,2.78%,0.38,-12.21%,351.30,-3.17%,2.27%,10.20
2026-09-09,pre_close,2026-09-09T19:32:26Z,MATX,Marine Shipping,all_green,226.2,221.38,5.69,225.95,224.21,226.66,221.91,1.19,failed_breakout,0.7100175746924414,,,61.51,2.31%,2.45%,0.50,-2.08%,225.95,2.37%,6.08%,5.62
2026-09-09,pre_close,2026-09-09T19:32:26Z,MC,Capital Markets,leaders,69.94,67.97,2.38,65.58,69.35,69.31,65.49,-4.64,invalidated,0.0378151260504216,,,43.59,3.73%,3.61%,1.01,-16.16%,65.58,-3.39%,-2.77%,2.48
2026-09-09,pre_close,2026-09-09T19:32:26Z,MDGL,Biotechnology,leaders,540.0,526.67,18.84,546.69,529.5,547.21,528.01,2.35,triggered,0.9915074309978802,,,56.66,2.53%,3.50%,0.57,-11.11%,546.69,3.08%,3.07%,18.86
2026-09-09,pre_close,2026-09-09T19:32:26Z,MEDP,Diagnostics & Research,leaders,596.98,587.09,16.7,583.07,590.0,590.0,578.16,-1.32,invalidated,0.29401197604790913,,,46.46,2.05%,2.66%,0.39,-13.99%,583.07,-2.67%,1.17%,16.41
2026-09-09,pre_close,2026-09-09T19:32:26Z,MGY,Oil & Gas E&P,all_green,27.74,27.17,0.8,27.73,27.82,28.15,27.5,1.13,gapped_through,0.28750000000000053,,,58.12,2.17%,2.36%,0.57,-15.35%,27.73,2.69%,6.28%,0.80
2026-09-09,pre_close,2026-09-09T19:32:26Z,MPLX,Oil & Gas Midstream,rs_new_high,60.29,59.13,0.96,59.95,60.12,60.39,59.91,0.2,failed_breakout,0.04166666666667318,,,59.65,1.60%,1.49%,0.55,-1.64%,59.95,1.33%,2.76%,0.94
2026-09-09,pre_close,2026-09-09T19:32:26Z,MS,Capital Markets,leaders,218.51,215.22,4.84,215.69,215.3,217.54,212.34,-0.25,reclaim,0.6921487603305774,prior_low,215.22,51.30,2.33%,1.93%,0.32,-7.13%,215.69,0.26%,-0.03%,4.87
2026-09-09,pre_close,2026-09-09T19:32:26Z,MTRN,Other Industrial Metals & Mining,leaders,259.86,246.13,13.57,255.04,255.61,260.7,253.35,-0.25,reclaim,0.12453942520265274,sma50,251.0456553755523,54.16,4.05%,4.50%,0.41,-16.26%,255.04,2.09%,1.88%,13.12
2026-09-09,pre_close,2026-09-09T19:32:26Z,MUR,Oil & Gas E&P,all_green,38.31,37.24,1.42,38.36,38.45,38.69,38.03,2.08,gapped_through,0.2323943661971819,,,58.20,2.93%,3.32%,0.54,-11.49%,38.36,5.75%,6.70%,1.40
2026-09-09,pre_close,2026-09-09T19:32:26Z,NTRA,Diagnostics & Research,leaders,331.4,321.21,11.18,328.58,323.72,330.67,322.5,1.37,setting_up,0.5438282647584959,,,61.15,2.96%,3.26%,0.34,-4.25%,328.58,1.28%,11.52%,10.97
2026-09-09,pre_close,2026-09-09T19:32:26Z,NVDA,Semiconductors,accel,233.71,224.85,7.49,224.18,225.27,226.18,223.47,-0.69,invalidated,0.0947930574098809,,,54.76,3.10%,2.71%,0.47,-5.23%,224.18,1.52%,5.84%,7.15
2026-09-09,pre_close,2026-09-09T19:32:26Z,NVT,Electrical Equipment & Parts,accel,163.75,157.91,7.27,159.04,161.4,162.34,159.0,-2.17,setting_up,0.005502063273726553,,,52.39,3.75%,4.01%,0.43,-13.86%,159.04,0.73%,1.17%,7.01
2026-09-09,pre_close,2026-09-09T19:32:26Z,OKE,Oil & Gas Midstream,rs_new_high,97.83,95.0,2.44,95.86,98.95,99.29,95.19,-1.69,gapped_through,0.2745901639344269,,,56.72,2.67%,2.45%,0.52,-3.99%,95.86,1.02%,4.20%,2.55
2026-09-09,pre_close,2026-09-09T19:32:26Z,ONC,Biotechnology,leaders,352.0,344.01,9.45,350.13,347.82,351.73,346.17,-0.38,setting_up,0.4190476190476169,,,47.18,2.18%,2.15%,1.30,-9.11%,350.13,-3.82%,4.14%,9.17
2026-09-09,pre_close,2026-09-09T19:32:26Z,OSK,Farm & Heavy Construction Machinery,accel,157.71,153.46,5.11,151.53,154.07,155.74,149.61,-1.46,invalidated,0.3757338551859075,,,48.21,3.75%,3.16%,0.28,-16.05%,151.53,-1.46%,0.80%,5.18
2026-09-09,pre_close,2026-09-09T19:32:26Z,PBA,Oil & Gas Midstream,rs_new_high,49.52,48.46,0.86,49.27,49.41,49.47,48.98,0.22,reclaim,0.33720930232558866,sma50,48.8279698053238,54.45,1.52%,1.62%,0.62,-4.48%,49.27,1.05%,0.80%,0.83
2026-09-09,pre_close,2026-09-09T19:32:26Z,PBF,Oil & Gas Refining & Marketing,all_green,77.6,75.73,3.96,76.22,77.92,77.98,75.39,-0.72,gapped_through,0.20959595959595917,,,61.02,4.21%,5.52%,0.46,-2.21%,76.22,4.73%,16.95%,3.86
2026-09-09,pre_close,2026-09-09T19:32:26Z,PCVX,Biotechnology,leaders,61.03,59.22,2.3,59.87,59.99,60.33,59.04,-0.81,reclaim,0.3608695652173906,prior_low,59.22,50.71,3.47%,3.52%,0.59,-7.89%,59.87,-1.41%,2.68%,2.23
2026-09-09,pre_close,2026-09-09T19:32:26Z,PI,Semiconductors,accel,176.25,171.48,8.4,162.13,168.02,174.17,162.04,-5.64,invalidated,0.01071428571428612,,,47.43,4.23%,4.58%,0.52,-34.38%,162.13,-4.20%,3.78%,8.67
2026-09-09,pre_close,2026-09-09T19:32:26Z,PRAX,Biotechnology,leaders,356.29,339.5,17.72,346.62,352.1,359.48,345.92,-1.66,reclaim,0.039503386004514036,sma50,339.6088255130552,47.21,3.63%,4.73%,0.72,-11.73%,346.62,-4.88%,2.09%,17.42
2026-09-09,pre_close,2026-09-09T19:32:26Z,PTGX,Biotechnology,leaders,147.29,142.0,5.67,144.88,145.76,151.18,144.51,-0.73,failed_breakout,0.06525573192239939,,,48.11,3.50%,3.67%,0.55,-9.91%,144.88,-3.76%,2.07%,5.74
2026-09-09,pre_close,2026-09-09T19:32:26Z,QGEN,Diagnostics & Research,leaders,42.74,42.22,1.24,42.42,42.03,42.71,41.91,0.11,reclaim,0.4112903225806493,prior_low,42.22,47.56,2.42%,2.57%,0.26,-26.62%,42.42,-2.05%,0.99%,1.21
2026-09-09,pre_close,2026-09-09T19:32:26Z,RDNT,Diagnostics & Research,leaders,73.53,71.82,2.54,70.89,71.96,71.31,70.08,-1.49,invalidated,0.31889763779527647,,,44.21,2.59%,3.58%,0.40,-17.41%,70.89,-5.85%,2.31%,2.49
2026-09-09,pre_close,2026-09-09T19:32:26Z,RPRX,Biotechnology,leaders,60.86,58.63,1.6,60.55,60.6,60.8,59.31,-0.07,reclaim,0.7749999999999968,sma50,59.031566640685895,49.66,2.24%,2.22%,0.96,-5.95%,60.55,-0.98%,2.45%,1.59
2026-09-09,pre_close,2026-09-09T19:32:26Z,RRC,Oil & Gas E&P,all_green,42.67,41.84,1.02,41.6,41.99,42.16,41.38,-0.68,invalidated,0.2156862745098028,,,57.40,2.05%,2.42%,0.36,-13.88%,41.60,1.15%,5.93%,1.01
2026-09-09,pre_close,2026-09-09T19:32:26Z,RVMD,Biotechnology,leaders,213.0,206.3,7.8,208.15,206.1,213.0,204.9,0.4,reclaim,0.4166666666666667,prior_low,206.3,53.44,2.96%,3.73%,0.28,-7.20%,208.15,-0.96%,5.34%,7.82
2026-09-09,pre_close,2026-09-09T19:32:26Z,RVTY,Diagnostics & Research,leaders,129.54,126.89,3.77,124.44,126.34,125.6,121.2,-2.08,invalidated,0.8594164456233409,,,53.72,2.92%,2.89%,0.76,-6.44%,124.44,0.28%,6.41%,3.92
2026-09-09,pre_close,2026-09-09T19:32:26Z,SAN,Banks - Diversified,leaders,14.99,14.85,0.27,14.68,14.57,14.71,14.54,-1.21,invalidated,0.5185185185185206,,,53.65,1.16%,1.37%,0.41,-2.45%,14.68,0.33%,3.15%,0.27
2026-09-09,pre_close,2026-09-09T19:32:26Z,SCCO,Copper,all_green,213.02,205.0,8.77,210.3,210.96,213.83,207.5,0.83,failed_breakout,0.3192702394526809,,,58.25,3.97%,3.84%,0.85,-4.75%,210.30,3.54%,11.28%,8.59
2026-09-09,pre_close,2026-09-09T19:32:26Z,SCHW,Capital Markets,leaders,109.32,106.82,2.21,106.76,107.38,107.81,106.19,-0.1,invalidated,0.25791855203620245,,,45.92,1.83%,1.84%,0.53,-6.78%,106.76,-2.90%,0.98%,2.17
2026-09-09,pre_close,2026-09-09T19:32:26Z,SHC,Diagnostics & Research,leaders,19.1,18.56,0.46,18.21,18.48,18.55,18.15,-2.03,invalidated,0.1304347826087006,,,41.88,2.35%,2.20%,0.30,-8.25%,18.21,-4.18%,-0.90%,0.46
2026-09-09,pre_close,2026-09-09T19:32:26Z,SMFG,Banks - Diversified,leaders,27.24,26.78,0.52,26.35,26.53,26.59,26.33,-1.62,invalidated,0.03846153846154447,,,54.37,1.46%,1.20%,0.55,-4.56%,26.35,1.67%,2.75%,0.52
2026-09-09,pre_close,2026-09-09T19:32:26Z,SNX,Electronics & Computer Distribution,all_green,267.3,258.49,7.74,258.3,258.95,259.42,256.32,-0.12,invalidated,0.25581395348837443,,,53.07,3.13%,2.75%,0.33,-12.88%,258.30,1.12%,2.30%,7.41
2026-09-09,pre_close,2026-09-09T19:32:26Z,SU,Oil & Gas Integrated,rs_new_high,69.22,67.28,1.69,68.91,68.9,69.08,68.24,1.5,setting_up,0.39644970414201286,,,60.78,2.06%,2.28%,0.50,-1.96%,68.91,2.84%,8.07%,1.65
2026-09-09,pre_close,2026-09-09T19:32:26Z,TEM,Health Information Services,leaders,65.79,63.21,4.52,61.42,63.42,64.91,61.08,-4.47,invalidated,0.07522123893805385,,,52.04,6.85%,7.50%,0.79,-41.13%,61.42,-1.18%,9.84%,4.47
2026-09-09,pre_close,2026-09-09T19:32:26Z,TGTX,Biotechnology,leaders,55.92,54.09,2.4,54.65,55.44,57.14,54.24,-1.96,failed_breakout,0.17083333333333192,,,53.30,4.66%,4.49%,0.37,-7.85%,54.65,2.26%,2.01%,2.44
2026-09-09,pre_close,2026-09-09T19:32:26Z,TMO,Diagnostics & Research,leaders,608.1,595.82,16.08,608.35,608.82,608.58,597.31,0.88,gapped_through,0.6865671641791093,,,54.07,2.55%,2.41%,0.69,-5.97%,608.35,-0.64%,5.88%,15.74
2026-09-09,pre_close,2026-09-09T19:32:26Z,TRGP,Oil & Gas Midstream,rs_new_high,296.73,290.1,7.76,293.01,298.36,298.18,290.95,-0.43,gapped_through,0.2654639175257735,,,56.36,2.06%,2.52%,0.42,-4.85%,293.01,1.19%,5.16%,7.72
2026-09-09,pre_close,2026-09-09T19:32:26Z,TSM,Semiconductors,accel,444.29,433.72,11.8,433.89,435.82,439.4,431.96,-1.16,reclaim,0.16355932203389886,prior_low,433.72,58.09,2.02%,2.03%,0.42,-9.42%,433.89,2.93%,3.28%,11.49
2026-09-09,pre_close,2026-09-09T19:32:26Z,TTE,Oil & Gas Integrated,rs_new_high,90.76,89.8,1.71,91.53,91.59,91.71,90.75,1.59,gapped_through,0.4561403508771937,,,62.91,1.53%,1.42%,0.53,-2.80%,91.53,2.95%,7.50%,1.71
2026-09-09,pre_close,2026-09-09T19:32:26Z,UBS,Banks - Diversified,leaders,55.7,55.07,0.87,54.98,55.18,55.37,54.85,-0.17,invalidated,0.1494252873563166,,,57.32,1.50%,1.26%,0.62,-1.80%,54.98,1.35%,3.44%,0.85
2026-09-09,pre_close,2026-09-09T19:32:26Z,UMC,Semiconductors,accel,22.2,21.58,1.03,22.49,21.91,22.5,21.97,3.05,triggered,0.5048543689320384,,,65.86,3.09%,3.09%,0.41,-22.36%,22.49,14.69%,8.33%,1.01
2026-09-09,pre_close,2026-09-09T19:32:26Z,USAR,Other Industrial Metals & Mining,leaders,18.32,17.41,1.29,17.15,17.47,17.62,17.01,-2.92,invalidated,0.10852713178294342,,,44.98,5.78%,6.80%,0.74,-61.02%,17.15,-6.36%,-2.24%,1.25
2026-09-09,pre_close,2026-09-09T19:32:26Z,VALE,Other Industrial Metals & Mining,leaders,15.91,15.52,0.46,15.34,15.45,15.67,15.31,-1.45,invalidated,0.06521739130434644,,,57.57,3.43%,2.74%,2.04,-12.67%,15.34,3.97%,5.76%,0.46
2026-09-09,pre_close,2026-09-09T19:32:26Z,VG,Oil & Gas Midstream,rs_new_high,15.1,14.53,0.66,15.18,15.01,15.45,14.89,3.02,triggered,0.43939393939393806,,,60.51,3.76%,4.21%,1.09,-13.88%,15.18,6.05%,12.40%,0.67
2026-09-09,pre_close,2026-09-09T19:32:26Z,VIRT,Capital Markets,leaders,64.79,62.76,2.76,63.0,63.41,64.0,62.2,-0.03,reclaim,0.2898550724637671,prior_low,62.76,51.68,3.81%,4.73%,0.27,-8.38%,63.00,-0.23%,3.25%,2.69
2026-09-09,pre_close,2026-09-09T19:32:26Z,VIST,Oil & Gas E&P,all_green,76.36,74.61,3.02,75.35,77.0,77.34,74.69,-0.67,gapped_through,0.21854304635761476,,,60.45,4.29%,3.86%,0.99,-7.47%,75.35,5.97%,11.31%,3.00
2026-09-09,pre_close,2026-09-09T19:32:26Z,VNOM,Oil & Gas Midstream,rs_new_high,45.38,44.63,0.94,45.28,45.25,45.47,44.91,0.87,failed_breakout,0.3936170212766006,,,58.42,1.39%,1.92%,0.31,-10.27%,45.28,2.57%,4.76%,0.92
2026-09-09,pre_close,2026-09-09T19:32:26Z,VRTX,Biotechnology,leaders,535.0,520.2,13.96,521.66,524.0,528.16,520.08,-1.37,reclaim,0.1131805157593071,prior_low,520.2,46.57,1.91%,2.38%,0.32,-6.89%,521.66,-3.15%,2.29%,13.59
2026-09-09,pre_close,2026-09-09T19:32:26Z,WAT,Diagnostics & Research,leaders,407.42,399.72,12.22,408.45,403.83,411.73,401.89,1.37,triggered,0.5368248772504093,,,52.69,3.14%,2.81%,0.56,-4.17%,408.45,-0.67%,3.91%,12.05
2026-09-09,pre_close,2026-09-09T19:32:26Z,WFC,Banks - Diversified,leaders,89.73,87.96,1.79,89.79,87.56,89.92,87.2,2.08,triggered,1.446927374301678,,,60.05,2.11%,1.88%,0.70,-8.15%,89.79,3.19%,3.38%,1.86
2026-09-09,pre_close,2026-09-09T19:32:26Z,XOM,Oil & Gas Integrated,rs_new_high,163.11,158.75,3.47,164.39,162.88,165.18,162.55,2.32,triggered,0.5302593659942291,,,59.18,1.86%,1.83%,0.57,-6.81%,164.39,1.67%,6.74%,3.54
2026-09-09,pre_close,2026-09-09T19:32:26Z,YPF,Oil & Gas Integrated,rs_new_high,53.99,52.19,1.82,54.89,53.71,54.92,52.79,3.4,triggered,1.1538461538461546,,,64.32,3.73%,3.55%,1.52,-4.51%,54.89,6.89%,9.48%,1.84
2026-09-10,pre_close,2026-09-10T19:32:59Z,A,Diagnostics & Research,leaders,146.46,143.75,4.43,142.88,142.58,144.15,142.16,-1.3,invalidated,0.16252821670428869,,,40.30,2.91%,2.70%,0.44,-12.75%,142.88,-5.71%,-0.08%,4.30
2026-09-10,pre_close,2026-09-10T19:32:59Z,ADM,Farm Products,accel,87.08,84.74,2.64,86.93,88.15,88.75,86.38,0.43,gapped_through,0.20833333333333762,,,65.42,3.10%,3.10%,0.64,-1.73%,86.93,5.79%,6.62%,2.62
2026-09-10,pre_close,2026-09-10T19:32:59Z,ALNY,Biotechnology,leaders,261.98,253.27,11.95,248.1,256.93,256.68,246.42,-3.84,invalidated,0.14058577405857797,,,49.92,5.44%,4.18%,0.59,-49.94%,248.10,2.16%,-3.25%,11.92
2026-09-10,pre_close,2026-09-10T19:32:59Z,AMD,Semiconductors,accel,526.79,506.36,23.22,505.47,508.7,516.29,503.24,-3.0,invalidated,0.09603789836348055,,,55.61,4.09%,3.52%,0.49,-13.55%,505.47,5.20%,1.69%,22.84
2026-09-10,pre_close,2026-09-10T19:32:59Z,ANET,Computer Hardware,all_green,196.96,192.05,7.95,189.66,189.25,193.0,187.0,-1.69,invalidated,0.334591194968553,,,49.40,3.62%,3.60%,0.25,-11.74%,189.66,-1.93%,2.71%,7.81
2026-09-10,pre_close,2026-09-10T19:32:59Z,ARGX,Biotechnology,leaders,1008.93,988.69,30.7,985.43,991.05,1000.18,982.31,-1.68,invalidated,0.10162866449511415,,,50.49,2.09%,2.64%,0.59,-8.14%,985.43,-2.22%,5.87%,29.93
2026-09-10,pre_close,2026-09-10T19:32:59Z,ARW,Electronics & Computer Distribution,all_green,217.99,213.93,6.99,215.34,213.53,216.32,212.01,0.28,reclaim,0.4763948497854095,prior_low,213.93,55.02,3.02%,2.97%,0.66,-9.27%,215.34,2.61%,2.79%,6.80
2026-09-10,pre_close,2026-09-10T19:32:59Z,ASND,Biotechnology,leaders,272.37,260.75,8.58,259.66,259.61,261.92,259.78,-0.44,invalidated,-0.01398601398600789,,,52.10,3.48%,3.22%,0.46,-7.97%,259.66,1.15%,0.82%,8.12
2026-09-10,pre_close,2026-09-10T19:32:59Z,ASX,Semiconductors,accel,41.37,40.1,1.74,40.04,40.3,40.3,39.44,-2.82,invalidated,0.34482758620689735,,,57.42,3.11%,3.24%,0.34,-12.03%,40.04,5.53%,4.29%,1.74
2026-09-10,pre_close,2026-09-10T19:32:59Z,AVT,Electronics & Computer Distribution,all_green,92.4,90.71,3.2,93.84,91.41,93.8,90.68,2.29,triggered,0.9874999999999989,,,57.12,2.82%,3.46%,0.49,-6.16%,93.84,3.03%,4.72%,3.19
2026-09-10,pre_close,2026-09-10T19:32:59Z,BAC,Banks - Diversified,leaders,63.19,61.42,1.11,62.47,62.61,63.01,62.22,-0.31,reclaim,0.2252252252252252,sma50,61.80473372781065,51.19,1.94%,1.71%,0.60,-4.22%,62.47,-0.33%,0.90%,1.08
2026-09-10,pre_close,2026-09-10T19:32:59Z,BHP,Other Industrial Metals & Mining,leaders,93.56,91.69,2.43,87.31,87.69,88.05,86.59,-5.36,invalidated,0.29629629629629584,,,40.70,2.02%,2.09%,1.22,-11.55%,87.31,-5.77%,-0.37%,2.66
2026-09-10,pre_close,2026-09-10T19:32:59Z,BMRN,Biotechnology,leaders,65.32,63.64,1.8,65.25,64.31,65.57,63.7,1.31,failed_breakout,0.8611111111111095,,,51.32,2.67%,2.52%,0.57,-8.07%,65.25,-1.45%,3.60%,1.81
2026-09-10,pre_close,2026-09-10T19:32:59Z,BNS,Banks - Diversified,leaders,92.86,91.6,1.79,92.65,92.02,92.82,91.72,0.59,setting_up,0.5195530726257022,,,56.07,1.69%,1.91%,0.35,-2.82%,92.65,1.44%,3.89%,1.74
2026-09-10,pre_close,2026-09-10T19:32:59Z,BNTX,Biotechnology,leaders,98.64,96.87,4.12,95.99,97.4,97.5,95.85,-2.18,invalidated,0.03398058252427198,,,42.43,2.64%,3.34%,0.34,-22.59%,95.99,-7.24%,-0.83%,3.99
2026-09-10,pre_close,2026-09-10T19:32:59Z,BNY,Banks - Diversified,leaders,163.56,161.11,2.84,162.38,162.46,163.51,162.03,-0.08,setting_up,0.12323943661971631,,,54.35,1.77%,1.68%,0.53,-2.09%,162.38,0.12%,2.45%,2.74
2026-09-10,pre_close,2026-09-10T19:32:59Z,C,Banks - Diversified,leaders,138.54,133.87,3.04,138.08,137.31,138.8,136.6,0.2,reclaim,0.48684210526316385,sma50,135.09803921568627,58.10,2.51%,1.96%,0.42,-6.68%,138.08,2.30%,2.24%,2.98
2026-09-10,pre_close,2026-09-10T19:32:59Z,CF,Agricultural Inputs,leaders,139.5,135.71,5.2,135.35,140.04,141.66,134.6,-2.0,invalidated,0.14423076923076922,,,60.70,3.75%,3.76%,0.74,-4.66%,135.35,5.54%,10.08%,5.33
2026-09-10,pre_close,2026-09-10T19:32:59Z,CORT,Biotechnology,leaders,117.5,113.77,4.71,114.25,113.96,116.97,113.96,-1.25,setting_up,0.06157112526539411,,,53.68,4.72%,3.74%,0.31,-9.60%,114.25,-1.74%,8.08%,4.59
2026-09-10,pre_close,2026-09-10T19:32:59Z,CRL,Diagnostics & Research,leaders,280.74,275.0,9.23,272.66,275.38,275.39,272.06,-2.05,invalidated,0.06500541711809564,,,46.74,2.70%,3.12%,0.38,-10.11%,272.66,-5.31%,5.72%,9.02
2026-09-10,pre_close,2026-09-10T19:32:59Z,CTVA,Agricultural Inputs,leaders,86.51,84.64,2.42,84.65,85.04,86.12,84.74,-0.12,setting_up,-0.03719008264462364,,,53.47,3.07%,2.57%,0.49,-6.95%,84.65,2.27%,1.44%,2.34
2026-09-10,pre_close,2026-09-10T19:32:59Z,DGX,Diagnostics & Research,leaders,236.24,232.43,5.03,230.11,236.32,236.48,228.87,-2.27,invalidated,0.24652087475149284,,,39.94,2.18%,2.00%,0.85,-6.91%,230.11,-3.83%,0.54%,5.21
2026-09-10,pre_close,2026-09-10T19:32:59Z,DHR,Diagnostics & Research,leaders,206.05,201.95,6.1,201.16,202.33,207.51,200.76,-1.8,invalidated,0.06557377049180421,,,42.51,2.65%,2.63%,0.45,-17.15%,201.16,-4.06%,-0.55%,6.14
2026-09-10,pre_close,2026-09-10T19:32:59Z,EC,Oil & Gas Integrated,leaders,18.07,17.73,0.55,18.1,17.99,18.14,17.69,1.54,triggered,0.7454545454545457,,,64.73,2.68%,2.75%,0.53,-0.47%,18.10,4.56%,9.25%,0.54
2026-09-10,pre_close,2026-09-10T19:32:59Z,EXEL,Biotechnology,leaders,58.36,56.95,1.6,57.58,58.25,58.33,57.44,-1.29,setting_up,0.08750000000000036,,,57.01,2.79%,2.73%,0.30,-3.58%,57.58,3.91%,4.22%,1.55
2026-09-10,pre_close,2026-09-10T19:32:59Z,FCX,Copper,all_green,78.13,75.82,3.02,71.53,70.34,71.6,68.85,-6.17,invalidated,0.8874172185430486,,,49.03,3.89%,3.60%,1.34,-10.85%,71.53,-2.57%,6.49%,3.33
2026-09-10,pre_close,2026-09-10T19:32:59Z,FTI,Oil & Gas Equipment & Services,accel,79.99,77.75,2.29,75.76,78.48,79.01,75.15,-2.63,invalidated,0.2663755458515281,,,47.98,2.74%,2.84%,0.44,-6.12%,75.76,-2.38%,2.30%,2.41
2026-09-10,pre_close,2026-09-10T19:32:59Z,FUTU,Capital Markets,leaders,119.27,116.73,4.59,113.46,115.79,115.54,112.8,-2.81,invalidated,0.14379084967320188,,,47.97,2.90%,3.80%,0.46,-43.98%,113.46,-3.12%,5.32%,4.54
2026-09-10,pre_close,2026-09-10T19:32:59Z,GH,Diagnostics & Research,leaders,167.98,159.93,8.01,158.17,159.53,164.17,156.32,-2.83,invalidated,0.230961298377028,,,46.55,5.55%,4.64%,0.27,-10.42%,158.17,-2.97%,-1.20%,8.00
2026-09-10,pre_close,2026-09-10T19:32:59Z,GMAB,Biotechnology,leaders,33.75,32.98,0.81,32.31,32.46,32.68,32.21,-2.22,invalidated,0.12345679012345853,,,49.16,1.93%,2.00%,0.37,-8.82%,32.31,-3.00%,4.87%,0.81
2026-09-10,pre_close,2026-09-10T19:32:59Z,HBM,Copper,all_green,29.72,28.25,1.37,26.65,26.33,27.0,26.11,-7.53,invalidated,0.3941605839416052,,,46.54,3.93%,4.06%,0.75,-17.11%,26.65,-5.72%,5.65%,1.46
2026-09-10,pre_close,2026-09-10T19:32:59Z,HCC,Coking Coal,leaders,107.29,104.03,4.39,102.43,102.46,104.19,101.9,-1.84,invalidated,0.1207289293849661,,,53.92,4.40%,4.42%,0.26,-8.07%,102.43,-1.50%,12.29%,4.26
2026-09-10,pre_close,2026-09-10T19:32:59Z,HMY,Gold,emerging,21.08,20.57,0.9,20.22,20.2,20.53,20.2,-2.79,invalidated,0.022222222222221748,,,52.47,2.33%,2.98%,0.61,-22.41%,20.22,-2.49%,12.18%,0.87
2026-09-10,pre_close,2026-09-10T19:32:59Z,HNGE,Health Information Services,leaders,93.76,89.07,4.43,88.6,89.01,91.76,86.78,-2.97,invalidated,0.4108352144469511,,,50.84,4.33%,4.80%,0.57,-7.29%,88.60,-1.29%,3.07%,4.47
2026-09-10,pre_close,2026-09-10T19:32:59Z,HUT,Capital Markets,leaders,101.83,94.15,8.04,90.67,91.71,93.45,88.63,-5.47,invalidated,0.2537313432835829,,,50.74,9.06%,8.55%,0.62,-35.60%,90.67,6.05%,-3.94%,7.99
2026-09-10,pre_close,2026-09-10T19:32:59Z,IBRX,Biotechnology,leaders,8.36,7.88,0.4,7.73,7.87,7.89,7.64,-4.09,invalidated,0.22500000000000187,,,47.10,5.11%,4.42%,0.67,-37.81%,7.73,-2.90%,-1.42%,0.41
2026-09-10,pre_close,2026-09-10T19:32:59Z,ILMN,Diagnostics & Research,leaders,212.18,203.6,8.87,202.81,203.69,206.07,201.0,-1.07,invalidated,0.20405862457722687,,,46.64,4.04%,4.14%,0.42,-12.51%,202.81,-3.69%,1.46%,8.60
2026-09-10,pre_close,2026-09-10T19:32:59Z,IMO,Oil & Gas Integrated,leaders,133.3,131.11,3.18,131.13,131.69,133.39,130.07,-0.36,reclaim,0.33333333333333404,prior_low,131.11,50.44,1.97%,2.00%,0.76,-5.96%,131.13,-1.56%,2.82%,3.19
2026-09-10,pre_close,2026-09-10T19:32:59Z,INCY,Biotechnology,leaders,127.72,123.57,3.52,123.47,125.09,126.3,122.63,-2.01,invalidated,0.23863636363636462,,,48.64,2.86%,2.52%,0.61,-6.88%,123.47,-1.80%,1.67%,3.53
2026-09-10,pre_close,2026-09-10T19:32:59Z,INTC,Semiconductors,accel,106.69,102.7,5.38,101.04,102.45,103.23,99.34,-4.9,invalidated,0.3159851301115247,,,55.71,4.54%,4.38%,0.70,-29.02%,101.04,6.66%,2.21%,5.49
2026-09-10,pre_close,2026-09-10T19:32:59Z,IQV,Diagnostics & Research,leaders,258.14,254.21,7.54,257.08,257.48,258.57,254.57,0.04,failed_breakout,0.33289124668434894,,,56.89,2.78%,2.81%,0.67,-5.41%,257.08,0.31%,9.85%,7.28
2026-09-10,pre_close,2026-09-10T19:32:59Z,JEF,Capital Markets,leaders,55.85,54.28,1.63,53.66,54.97,55.08,53.46,-2.88,invalidated,0.12269938650306488,,,47.95,2.97%,2.73%,0.38,-24.47%,53.66,0.10%,-1.25%,1.65
2026-09-10,pre_close,2026-09-10T19:32:59Z,JPM,Banks - Diversified,leaders,356.33,348.69,6.05,352.72,355.0,354.22,351.12,-0.56,reclaim,0.26446280991735915,sma50,350.78124999999994,47.13,1.97%,1.54%,0.34,-3.76%,352.72,-1.21%,0.41%,5.87
2026-09-10,pre_close,2026-09-10T19:32:59Z,KGS,Oil & Gas Equipment & Services,accel,65.17,62.75,2.74,62.99,64.01,64.3,62.5,-1.65,reclaim,0.1788321167883219,prior_low,62.75,53.78,3.98%,4.35%,0.49,-18.90%,62.99,2.39%,0.63%,2.67
2026-09-10,pre_close,2026-09-10T19:32:59Z,KYMR,Biotechnology,leaders,120.67,113.18,5.2,117.81,117.07,119.59,114.35,2.06,reclaim,0.6653846153846169,sma50,114.34373452204062,52.63,5.08%,4.36%,0.48,-9.41%,117.81,-1.65%,2.98%,5.20
2026-09-10,pre_close,2026-09-10T19:32:59Z,LH,Diagnostics & Research,leaders,325.34,318.57,7.41,306.32,320.58,320.38,306.04,-4.6,invalidated,0.03778677462887621,,,35.09,2.14%,2.16%,1.36,-10.38%,306.32,-6.79%,-0.85%,7.96
2026-09-10,pre_close,2026-09-10T19:32:59Z,LPLA,Capital Markets,leaders,352.26,344.65,10.26,347.68,350.97,351.28,347.66,-0.55,setting_up,0.0019493177387896502,,,43.59,2.82%,2.76%,0.34,-13.11%,347.68,-3.76%,0.84%,9.78
2026-09-10,pre_close,2026-09-10T19:32:59Z,MATX,Marine Shipping,all_green,227.37,221.91,5.67,227.2,226.46,227.23,223.83,0.15,setting_up,0.5943562610229235,,,62.81,2.18%,2.49%,0.47,-1.54%,227.20,2.61%,6.30%,5.51
2026-09-10,pre_close,2026-09-10T19:32:59Z,MDGL,Biotechnology,leaders,549.97,526.88,19.14,526.24,543.12,543.12,520.0,-3.73,invalidated,0.32601880877742995,,,48.25,2.81%,3.56%,0.44,-14.43%,526.24,-0.68%,-0.75%,19.68
2026-09-10,pre_close,2026-09-10T19:32:59Z,MEDP,Diagnostics & Research,leaders,590.0,577.68,16.45,582.64,582.68,587.67,577.68,-0.62,setting_up,0.301519756838908,,,46.14,1.98%,2.65%,0.42,-14.05%,582.64,-2.65%,0.90%,15.99
2026-09-10,pre_close,2026-09-10T19:32:59Z,MP,Other Industrial Metals & Mining,leaders,56.33,54.21,3.17,51.43,53.28,53.28,51.15,-5.29,invalidated,0.08832807570977955,,,43.48,4.91%,5.63%,1.01,-48.70%,51.43,-8.65%,0.24%,3.17
2026-09-10,pre_close,2026-09-10T19:32:59Z,MRX,Capital Markets,leaders,77.76,74.0,3.37,74.0,75.0,76.2,73.85,-2.26,invalidated,0.04451038575667824,,,56.77,5.22%,4.96%,0.50,-6.45%,74.00,1.77%,9.12%,3.30
2026-09-10,pre_close,2026-09-10T19:32:59Z,MTRN,Other Industrial Metals & Mining,leaders,261.24,252.49,13.22,249.86,245.37,252.32,245.4,-1.27,invalidated,0.33736762481089316,,,51.31,3.87%,4.38%,0.42,-17.97%,249.86,0.73%,0.20%,12.83
2026-09-10,pre_close,2026-09-10T19:32:59Z,MTSI,Semiconductors,accel,287.83,274.39,15.16,273.58,279.92,281.28,271.49,-4.38,invalidated,0.13786279683377142,,,48.31,4.41%,4.62%,0.50,-34.69%,273.58,-1.10%,-3.26%,15.12
2026-09-10,pre_close,2026-09-10T19:32:59Z,MU,Semiconductors,accel,1042.4,992.29,53.75,983.69,996.89,999.0,973.75,-4.29,invalidated,0.18493023255814056,,,54.10,4.44%,4.50%,0.54,-21.62%,983.69,2.27%,5.79%,53.77
2026-09-10,pre_close,2026-09-10T19:32:59Z,MUFG,Banks - Diversified,leaders,23.4,23.14,0.46,23.29,23.53,23.55,23.26,0.65,gapped_through,0.06521739130434256,,,56.39,1.22%,1.28%,0.76,-4.00%,23.29,2.09%,4.25%,0.46
2026-09-10,pre_close,2026-09-10T19:32:59Z,NOV,Oil & Gas Equipment & Services,accel,21.93,21.27,0.65,21.41,21.67,21.67,20.88,-0.53,reclaim,0.8153846153846172,prior_low,21.27,58.58,2.53%,3.00%,0.45,-2.39%,21.41,2.18%,6.57%,0.66
2026-09-10,pre_close,2026-09-10T19:32:59Z,NTRA,Diagnostics & Research,leaders,331.88,321.19,11.15,325.49,324.92,331.18,322.0,-1.46,setting_up,0.31300448430493355,,,57.90,3.21%,3.19%,0.41,-5.16%,325.49,0.15%,10.05%,11.01
2026-09-10,pre_close,2026-09-10T19:32:59Z,NVDA,Semiconductors,accel,226.18,223.46,7.15,218.28,220.49,220.99,217.27,-2.41,invalidated,0.14125874125873997,,,49.75,2.85%,2.61%,0.60,-7.72%,218.28,-1.01%,2.88%,7.09
2026-09-10,pre_close,2026-09-10T19:32:59Z,NVT,Electrical Equipment & Parts,accel,162.43,158.36,7.05,155.42,155.93,159.83,154.14,-1.97,invalidated,0.18156028368794344,,,48.88,3.53%,3.98%,0.54,-15.83%,155.42,-1.05%,-0.94%,6.95
2026-09-10,pre_close,2026-09-10T19:32:59Z,ONC,Biotechnology,leaders,351.94,346.17,9.19,345.11,341.56,345.6,341.56,-1.68,invalidated,0.3862894450489675,,,43.43,2.02%,2.08%,1.63,-10.41%,345.11,-5.03%,2.27%,9.21
2026-09-10,pre_close,2026-09-10T19:32:59Z,OSK,Farm & Heavy Construction Machinery,rs_new_high,155.74,149.6,5.18,147.54,150.0,151.01,146.84,-2.96,invalidated,0.13513513513513295,,,43.10,3.51%,3.26%,0.41,-18.25%,147.54,-3.81%,-1.78%,5.18
2026-09-10,pre_close,2026-09-10T19:32:59Z,PAAS,Gold,emerging,53.31,52.01,2.14,50.87,50.9,51.57,50.47,-3.84,invalidated,0.18691588785046662,,,50.94,2.85%,3.43%,0.56,-27.32%,50.87,-0.75%,6.95%,2.16
2026-09-10,pre_close,2026-09-10T19:32:59Z,PBF,Oil & Gas Refining & Marketing,all_green,77.98,75.39,3.86,77.29,78.44,78.94,75.9,1.02,gapped_through,0.36010362694300535,,,62.78,3.80%,5.39%,0.93,-0.88%,77.29,5.67%,17.44%,3.80
2026-09-10,pre_close,2026-09-10T19:32:59Z,PCVX,Biotechnology,leaders,60.33,59.04,2.23,59.07,59.19,60.02,58.56,-0.75,reclaim,0.22869955156950583,prior_low,59.04,47.45,3.21%,3.50%,0.57,-9.13%,59.07,-2.66%,1.28%,2.18
2026-09-10,pre_close,2026-09-10T19:32:59Z,PRAX,Biotechnology,leaders,360.61,344.03,17.64,338.92,340.1,347.4,337.66,-1.85,invalidated,0.07142857142857091,,,44.04,4.15%,4.78%,0.35,-13.69%,338.92,-6.36%,-0.19%,17.08
2026-09-10,pre_close,2026-09-10T19:32:59Z,PTGX,Biotechnology,leaders,151.18,144.46,5.75,143.91,143.39,146.4,143.29,-0.81,invalidated,0.10782608695652253,,,46.65,3.66%,3.76%,0.45,-10.51%,143.91,-4.15%,1.08%,5.56
2026-09-10,pre_close,2026-09-10T19:32:59Z,QGEN,Diagnostics & Research,leaders,42.73,41.91,1.21,42.1,42.0,42.62,41.9,-0.95,reclaim,0.16528925619834947,prior_low,41.91,45.74,2.24%,2.52%,0.25,-27.19%,42.10,-2.71%,0.06%,1.17
2026-09-10,pre_close,2026-09-10T19:32:59Z,RDNT,Diagnostics & Research,leaders,72.56,70.08,2.53,74.75,70.45,75.1,70.45,5.47,triggered,1.699604743083003,,,55.13,2.81%,3.13%,0.50,-12.92%,74.75,-0.58%,7.47%,2.68
2026-09-10,pre_close,2026-09-10T19:32:59Z,REGN,Biotechnology,leaders,808.63,796.72,20.48,796.95,801.8,806.14,793.44,-1.32,reclaim,0.17138671874999956,prior_low,796.72,50.20,2.44%,2.29%,0.33,-7.26%,796.95,-2.61%,6.49%,20.03
2026-09-10,pre_close,2026-09-10T19:32:59Z,RIO,Other Industrial Metals & Mining,leaders,104.8,102.91,2.17,99.46,99.82,99.99,98.9,-4.13,invalidated,0.25806451612902676,,,45.16,1.77%,1.81%,0.88,-11.65%,99.46,-2.51%,2.19%,2.36
2026-09-10,pre_close,2026-09-10T19:32:59Z,RIOT,Capital Markets,leaders,22.7,21.61,1.69,21.04,21.21,21.81,20.78,-4.67,invalidated,0.15384615384615266,,,51.67,7.96%,8.52%,0.47,-30.61%,21.04,4.45%,1.62%,1.66
2026-09-10,pre_close,2026-09-10T19:32:59Z,RPRX,Biotechnology,leaders,60.8,59.31,1.59,59.1,60.5,60.7,59.1,-2.46,invalidated,0.0,,,43.50,2.43%,2.21%,0.61,-8.20%,59.10,-3.34%,-0.10%,1.59
2026-09-10,pre_close,2026-09-10T19:32:59Z,RVMD,Biotechnology,leaders,213.0,204.46,7.85,202.77,205.94,207.55,202.59,-2.36,invalidated,0.022929936305733353,,,47.30,3.03%,3.81%,0.23,-9.60%,202.77,-3.45%,2.46%,7.65
2026-09-10,pre_close,2026-09-10T19:32:59Z,SAN,Banks - Diversified,leaders,14.72,14.54,0.27,14.6,14.58,14.7,14.56,-0.58,setting_up,0.14814814814814498,,,51.62,1.00%,1.37%,0.43,-3.02%,14.60,-0.18%,2.44%,0.26
2026-09-10,pre_close,2026-09-10T19:32:59Z,SCCO,Copper,all_green,213.83,207.5,8.59,195.25,198.75,198.18,192.4,-6.7,invalidated,0.33178114086146615,,,46.75,3.72%,3.80%,1.09,-11.56%,195.25,-3.85%,3.08%,9.18
2026-09-10,pre_close,2026-09-10T19:32:59Z,SCHW,Capital Markets,leaders,107.83,106.19,2.17,106.98,107.28,107.64,106.54,0.41,setting_up,0.2027649769585243,,,46.79,1.80%,1.82%,0.37,-6.59%,106.98,-2.58%,0.91%,2.09
2026-09-10,pre_close,2026-09-10T19:32:59Z,SIMO,Semiconductors,accel,280.0,271.04,18.44,266.01,269.59,273.46,261.57,-4.21,invalidated,0.24078091106290658,,,53.21,6.21%,6.17%,0.38,-25.07%,266.01,4.80%,0.36%,18.28
2026-09-10,pre_close,2026-09-10T19:32:59Z,SMCI,Computer Hardware,all_green,40.18,38.83,2.27,37.96,37.89,39.26,37.76,-2.49,invalidated,0.08810572687224795,,,55.67,5.85%,6.03%,0.38,-35.42%,37.96,0.27%,17.58%,2.21
2026-09-10,pre_close,2026-09-10T19:32:59Z,SMFG,Banks - Diversified,leaders,26.59,26.31,0.52,26.56,26.61,26.76,26.52,0.96,gapped_through,0.07692307692307528,,,56.13,1.37%,1.22%,0.45,-3.81%,26.56,2.38%,3.32%,0.51
2026-09-10,pre_close,2026-09-10T19:32:59Z,SNDK,Computer Hardware,all_green,1807.22,1728.02,122.55,1712.61,1725.25,1733.95,1674.0,-2.92,invalidated,0.31505507955936274,,,58.63,5.69%,6.79%,0.59,-27.26%,1712.61,7.18%,12.21%,120.23
2026-09-10,pre_close,2026-09-10T19:32:59Z,SNX,Electronics & Computer Distribution,all_green,260.04,256.05,7.47,257.58,255.25,259.74,255.24,-0.25,reclaim,0.31325301204818945,prior_low,256.05,52.27,3.12%,2.65%,0.30,-13.12%,257.58,0.80%,2.10%,7.26
2026-09-10,pre_close,2026-09-10T19:32:59Z,STX,Computer Hardware,all_green,917.39,885.39,55.35,869.71,860.89,880.97,849.0,-1.83,invalidated,0.37416440831075043,,,52.30,5.84%,5.52%,0.50,-24.04%,869.71,0.97%,2.31%,54.03
2026-09-10,pre_close,2026-09-10T19:32:59Z,SU,Oil & Gas Integrated,leaders,69.08,68.24,1.65,68.89,69.95,70.25,68.17,-0.19,gapped_through,0.4363636363636357,,,60.47,1.84%,2.16%,0.46,-1.99%,68.89,2.42%,7.52%,1.68
2026-09-10,pre_close,2026-09-10T19:32:59Z,SUN,Oil & Gas Refining & Marketing,all_green,77.95,76.58,1.92,76.37,77.5,77.97,76.36,-1.83,invalidated,0.0052083333333359984,,,53.69,2.56%,2.52%,0.95,-2.23%,76.37,0.74%,3.16%,1.90
2026-09-10,pre_close,2026-09-10T19:32:59Z,TGTX,Biotechnology,leaders,57.14,54.24,2.44,54.89,54.36,55.19,54.01,0.44,reclaim,0.3606557377049191,prior_low,54.24,54.14,4.13%,4.60%,0.29,-7.44%,54.89,2.21%,2.47%,2.35
2026-09-10,pre_close,2026-09-10T19:32:59Z,TMO,Diagnostics & Research,leaders,609.51,597.31,15.81,603.13,596.47,606.63,594.82,-0.42,reclaim,0.5256166982922167,prior_low,597.31,51.45,2.26%,2.41%,0.52,-6.78%,603.13,-1.47%,4.61%,15.52
2026-09-10,pre_close,2026-09-10T19:32:59Z,TS,Oil & Gas Equipment & Services,accel,58.16,57.13,1.28,56.95,57.85,57.81,56.44,-1.11,invalidated,0.398437500000004,,,58.55,1.78%,1.92%,0.36,-11.84%,56.95,4.13%,2.97%,1.28
2026-09-10,pre_close,2026-09-10T19:32:59Z,TSM,Semiconductors,accel,439.4,431.87,11.49,429.45,426.63,432.53,424.05,-1.36,invalidated,0.4699738903394236,,,55.00,2.05%,2.00%,0.50,-10.34%,429.45,1.85%,2.45%,11.48
2026-09-10,pre_close,2026-09-10T19:32:59Z,UBS,Banks - Diversified,leaders,55.37,54.84,0.85,53.82,54.39,54.62,53.74,-1.86,invalidated,0.09411764705882153,,,48.64,1.24%,1.24%,0.45,-3.87%,53.82,-0.76%,1.11%,0.87
2026-09-10,pre_close,2026-09-10T19:32:59Z,UMC,Semiconductors,accel,22.7,21.93,1.02,22.12,21.9,22.28,21.84,-2.49,reclaim,0.27450980392156976,prior_low,21.93,62.18,3.15%,3.11%,0.39,-23.60%,22.12,11.99%,7.10%,1.01
2026-09-10,pre_close,2026-09-10T19:32:59Z,VALE,Other Industrial Metals & Mining,leaders,15.67,15.31,0.46,15.23,15.03,15.4,14.96,-1.39,invalidated,0.5869565217391295,,,55.45,3.40%,2.76%,1.40,-13.30%,15.23,2.80%,4.92%,0.46
2026-09-10,pre_close,2026-09-10T19:32:59Z,VEEV,Health Information Services,leaders,266.21,259.5,10.6,262.8,262.0,264.58,258.19,0.77,reclaim,0.4349056603773598,prior_low,259.5,57.06,2.78%,3.54%,0.29,-15.36%,262.80,0.70%,16.66%,10.30
2026-09-10,pre_close,2026-09-10T19:32:59Z,VIRT,Capital Markets,leaders,64.0,62.2,2.69,61.92,62.91,63.01,61.5,-1.53,invalidated,0.15613382899628317,,,48.42,3.50%,4.74%,0.31,-9.94%,61.92,-2.30%,1.41%,2.61
2026-09-10,pre_close,2026-09-10T19:32:59Z,VRTX,Biotechnology,leaders,528.16,520.08,13.59,516.65,518.12,520.96,516.0,-0.86,invalidated,0.04782928623988059,,,44.36,1.99%,2.21%,0.24,-7.78%,516.65,-3.99%,1.24%,12.99
2026-09-10,pre_close,2026-09-10T19:32:59Z,WAT,Diagnostics & Research,leaders,411.86,400.95,12.13,401.61,401.8,403.08,392.95,-0.79,reclaim,0.7139323990107193,prior_low,400.95,47.73,2.68%,2.81%,0.39,-5.78%,401.61,-2.12%,2.05%,12.11
2026-09-10,pre_close,2026-09-10T19:32:59Z,WFC,Banks - Diversified,leaders,89.94,87.2,1.86,89.01,89.55,89.97,88.64,-0.74,failed_breakout,0.19892473118279813,,,56.83,2.29%,1.96%,0.67,-8.95%,89.01,2.30%,2.33%,1.82
2026-09-10,pre_close,2026-09-10T19:32:59Z,WFRD,Oil & Gas Equipment & Services,accel,96.79,92.66,3.7,90.12,92.92,93.7,88.89,-3.15,invalidated,0.3324324324324335,,,46.26,4.01%,3.67%,0.30,-20.35%,90.12,-2.88%,2.14%,3.78
2026-09-10,pre_close,2026-09-10T19:32:59Z,XOM,Oil & Gas Integrated,leaders,165.18,162.55,3.54,165.37,166.65,167.37,163.18,0.69,gapped_through,0.6186440677966095,,,60.63,1.88%,1.72%,0.62,-6.26%,165.37,2.10%,6.98%,3.59
2026-09-10,pre_close,2026-09-10T19:32:59Z,YPF,Oil & Gas Integrated,leaders,55.24,52.79,1.86,56.76,55.21,56.94,54.9,3.94,triggered,0.9999999999999997,,,69.11,4.24%,3.62%,2.02,-1.27%,56.76,9.71%,12.71%,1.90
2026-09-11,pre_close,2026-09-11T19:54:42Z,AAPL,Consumer Electronics,rs_new_high,326.74,316.51,7.9,332.49,327.63,336.22,326.35,1.81,gapped_through,0.777215189873416,,,62.92,2.72%,2.21%,0.76,-3.51%,332.49,5.01%,4.56%,8.04
2026-09-11,pre_close,2026-09-11T19:54:42Z,ADM,Farm Products,accel,88.75,86.38,2.62,86.31,87.08,88.0,86.21,-0.69,invalidated,0.038167938931300965,,,62.79,2.91%,3.13%,0.64,-2.75%,86.31,4.65%,5.61%,2.56
2026-09-11,pre_close,2026-09-11T19:54:42Z,AMD,Semiconductors,accel,516.33,502.81,22.87,515.23,510.39,521.06,501.35,2.31,reclaim,0.6069086139046784,prior_low,502.81,57.76,4.19%,3.52%,0.63,-11.89%,515.23,6.90%,3.77%,22.64
2026-09-11,pre_close,2026-09-11T19:54:42Z,ANET,Computer Hardware,all_green,193.04,187.89,7.75,199.38,193.34,200.22,192.1,5.5,gapped_through,0.9393548387096776,,,56.93,3.54%,3.52%,0.47,-7.22%,199.38,3.23%,7.60%,8.00
2026-09-11,pre_close,2026-09-11T19:54:42Z,AR,Oil & Gas E&P,accel,39.55,38.3,1.04,38.47,39.17,39.3,38.34,-1.77,setting_up,0.12499999999999563,,,54.91,2.46%,2.49%,0.47,-15.90%,38.47,0.24%,5.91%,1.03
2026-09-11,pre_close,2026-09-11T19:54:42Z,ARGX,Biotechnology,leaders,1000.24,981.74,29.97,985.37,1001.95,1002.95,984.5,0.14,gapped_through,0.029029029029029183,,,50.49,1.88%,2.62%,0.40,-8.15%,985.37,-2.84%,5.70%,29.18
2026-09-11,pre_close,2026-09-11T19:54:42Z,ARW,Electronics & Computer Distribution,all_green,216.33,212.55,6.76,227.02,216.6,230.44,216.64,6.36,gapped_through,1.5355029585798852,,,63.86,2.55%,2.94%,0.98,-4.34%,227.02,7.77%,8.21%,7.49
2026-09-11,pre_close,2026-09-11T19:54:42Z,ASND,Biotechnology,leaders,262.17,258.01,8.26,264.12,263.34,266.34,259.61,1.11,gapped_through,0.546004842615011,,,56.37,2.93%,3.18%,0.44,-6.39%,264.12,2.50%,2.57%,8.15
2026-09-11,pre_close,2026-09-11T19:54:42Z,ASX,Semiconductors,accel,40.3,39.44,1.74,39.42,39.41,39.86,39.07,-1.1,invalidated,0.20114942528735713,,,54.85,3.00%,3.20%,0.35,-13.39%,39.42,3.95%,2.88%,1.67
2026-09-11,pre_close,2026-09-11T19:54:42Z,AVT,Electronics & Computer Distribution,all_green,93.9,90.68,3.2,99.15,94.14,99.92,94.07,6.65,gapped_through,1.587500000000004,,,66.16,2.93%,3.45%,1.09,-0.85%,99.15,8.72%,10.38%,3.47
2026-09-11,pre_close,2026-09-11T19:54:42Z,BAC,Banks - Diversified,leaders,63.01,62.22,1.08,62.71,63.35,63.83,62.38,0.23,gapped_through,0.30555555555555397,,,52.96,1.67%,1.72%,0.52,-3.86%,62.71,0.14%,1.13%,1.11
2026-09-11,pre_close,2026-09-11T19:54:42Z,BG,Farm Products,accel,127.47,124.3,4.34,122.08,124.34,124.65,121.8,-2.02,invalidated,0.06451612903225833,,,58.76,3.38%,3.47%,0.55,-9.48%,122.08,4.26%,6.26%,4.24
2026-09-11,pre_close,2026-09-11T19:54:42Z,BGC,Capital Markets,leaders,12.28,12.06,0.37,12.11,12.46,12.51,12.07,-0.86,gapped_through,0.10810810810810581,,,59.05,2.51%,3.26%,0.45,-5.98%,12.11,2.89%,6.38%,0.38
2026-09-11,pre_close,2026-09-11T19:54:42Z,BLTE,Biotechnology,leaders,181.23,173.0,8.59,173.6,179.73,179.99,171.8,-0.84,reclaim,0.20954598370197705,prior_low,173.0,54.77,7.11%,4.95%,0.62,-13.20%,173.60,4.31%,8.01%,8.56
2026-09-11,pre_close,2026-09-11T19:54:42Z,BMRN,Biotechnology,leaders,65.59,63.57,1.82,65.47,64.71,66.0,65.29,-0.06,failed_breakout,0.09890109890109484,,,52.07,2.62%,2.54%,0.44,-7.76%,65.47,-0.91%,3.69%,1.74
2026-09-11,pre_close,2026-09-11T19:54:42Z,BNS,Banks - Diversified,leaders,92.86,91.72,1.75,93.54,93.78,93.83,92.52,0.76,gapped_through,0.5828571428571487,,,58.62,1.51%,1.93%,0.37,-1.88%,93.54,2.24%,4.74%,1.72
2026-09-11,pre_close,2026-09-11T19:54:42Z,BNY,Banks - Diversified,leaders,163.51,162.0,2.75,162.87,164.71,165.23,161.85,0.17,gapped_through,0.37090909090909463,,,55.68,1.48%,1.67%,0.35,-1.79%,162.87,0.40%,2.54%,2.79
2026-09-11,pre_close,2026-09-11T19:54:42Z,C,Banks - Diversified,leaders,138.85,136.57,2.99,138.99,140.21,141.27,137.37,0.36,gapped_through,0.5418060200668912,,,60.05,2.31%,1.98%,0.50,-6.06%,138.99,2.95%,2.93%,3.05
2026-09-11,pre_close,2026-09-11T19:54:42Z,CNO,Insurance - Life,accel,55.18,54.44,1.05,55.12,55.78,55.74,54.6,0.15,gapped_through,0.4952380952380914,,,53.04,1.94%,1.77%,0.45,-4.30%,55.12,0.53%,1.87%,1.06
2026-09-11,pre_close,2026-09-11T19:54:42Z,CNX,Oil & Gas E&P,accel,37.15,36.2,0.87,36.16,37.11,36.75,35.87,-1.39,invalidated,0.33333333333333237,,,49.53,2.30%,2.25%,0.50,-17.10%,36.16,-0.84%,3.03%,0.87
2026-09-11,pre_close,2026-09-11T19:54:42Z,CORT,Biotechnology,leaders,116.99,113.2,4.65,112.11,115.31,117.84,109.32,-2.45,invalidated,0.6000000000000013,,,49.72,4.10%,3.77%,0.84,-11.30%,112.11,-3.68%,5.56%,4.92
2026-09-11,pre_close,2026-09-11T19:54:42Z,CRCL,Capital Markets,leaders,92.96,89.5,6.44,90.86,91.87,95.8,90.17,0.6,failed_breakout,0.10714285714285679,,,55.16,6.82%,7.11%,0.68,-43.02%,90.86,2.75%,22.12%,6.38
2026-09-11,pre_close,2026-09-11T19:54:42Z,DE,Farm & Heavy Construction Machinery,leaders,682.0,671.4,18.6,675.93,684.51,692.11,675.43,-0.3,gapped_through,0.026881720430107524,,,60.91,2.03%,2.91%,0.69,-4.24%,675.93,4.45%,8.49%,18.46
2026-09-11,pre_close,2026-09-11T19:54:42Z,DELL,Computer Hardware,all_green,530.51,506.25,31.21,563.75,516.49,567.75,517.52,11.28,triggered,1.4812560076898436,,,66.15,6.16%,6.00%,1.75,0.14%,563.75,17.64%,25.61%,33.35
2026-09-11,pre_close,2026-09-11T19:54:42Z,EC,Oil & Gas Integrated,all_green,18.14,17.69,0.54,17.73,17.89,18.07,17.54,-1.88,reclaim,0.3518518518518542,prior_low,17.69,58.39,2.72%,2.73%,0.33,-2.53%,17.73,2.26%,6.58%,0.54
2026-09-11,pre_close,2026-09-11T19:54:42Z,EOG,Oil & Gas E&P,accel,148.99,144.34,3.54,147.01,146.49,148.04,145.51,-0.3,setting_up,0.423728813559322,,,53.57,2.31%,2.00%,0.45,-4.33%,147.01,-0.07%,2.94%,3.47
2026-09-11,pre_close,2026-09-11T19:54:42Z,EXEL,Biotechnology,leaders,58.33,57.23,1.56,56.38,56.51,56.66,54.69,-1.83,invalidated,1.0833333333333364,,,52.08,2.32%,2.60%,0.81,-5.59%,56.38,1.23%,1.97%,1.65
2026-09-11,pre_close,2026-09-11T19:54:42Z,FANG,Oil & Gas E&P,accel,207.57,200.98,5.67,204.53,204.68,204.73,201.0,-0.42,setting_up,0.6225749559082895,,,55.14,2.44%,2.45%,0.54,-5.70%,204.53,0.41%,3.70%,5.58
2026-09-11,pre_close,2026-09-11T19:54:42Z,FIGR,Capital Markets,leaders,37.7,36.13,2.55,34.97,37.11,38.96,34.86,-4.38,invalidated,0.04313725490196056,,,50.44,7.33%,7.87%,0.74,-55.17%,34.97,-4.10%,8.27%,2.66
2026-09-11,pre_close,2026-09-11T19:54:42Z,FUTU,Capital Markets,leaders,115.54,112.7,4.55,112.38,114.38,115.24,112.29,-1.0,invalidated,0.019780219780217406,,,46.60,2.86%,3.82%,0.36,-44.51%,112.38,-4.36%,4.07%,4.43
2026-09-11,pre_close,2026-09-11T19:54:42Z,GLXY,Capital Markets,leaders,24.93,23.82,1.79,24.49,24.71,25.94,24.0,1.49,failed_breakout,0.27374301675977564,,,51.86,6.73%,6.89%,0.47,-46.67%,24.49,2.15%,6.03%,1.81
2026-09-11,pre_close,2026-09-11T19:54:42Z,GMAB,Biotechnology,leaders,32.68,32.21,0.81,32.44,32.43,32.7,32.28,0.64,failed_breakout,0.19753086419752663,,,50.20,1.77%,2.00%,0.37,-8.45%,32.44,-2.76%,4.97%,0.79
2026-09-11,pre_close,2026-09-11T19:54:42Z,HCC,Coking Coal,leaders,104.5,101.41,4.3,98.23,101.69,103.45,96.0,-3.37,invalidated,0.5186046511627916,,,46.46,4.03%,4.42%,0.66,-11.84%,98.23,-5.67%,7.24%,4.53
2026-09-11,pre_close,2026-09-11T19:54:42Z,HNGE,Health Information Services,leaders,91.76,86.78,4.47,88.17,89.38,90.81,86.5,-0.1,reclaim,0.3736017897091727,prior_low,86.78,50.05,4.74%,4.86%,0.58,-7.74%,88.17,-1.79%,2.51%,4.46
2026-09-11,pre_close,2026-09-11T19:54:42Z,HOOD,Capital Markets,leaders,116.3,111.95,6.51,112.66,113.63,116.33,111.1,-0.59,reclaim,0.2396313364055303,prior_low,111.95,55.89,6.18%,5.69%,0.74,-26.78%,112.66,5.23%,8.92%,6.42
2026-09-11,pre_close,2026-09-11T19:54:42Z,HUM,Healthcare Plans,rs_new_high,413.34,400.09,14.53,408.23,404.76,410.98,401.17,1.87,setting_up,0.4858912594631798,,,62.53,4.48%,3.40%,0.34,-4.82%,408.23,4.17%,4.94%,14.23
2026-09-11,pre_close,2026-09-11T19:54:42Z,IMO,Oil & Gas Integrated,all_green,133.39,129.99,3.19,129.51,130.45,130.41,128.17,-0.99,invalidated,0.42006269592476597,,,46.84,2.16%,2.05%,0.73,-7.12%,129.51,-2.66%,1.26%,3.15
2026-09-11,pre_close,2026-09-11T19:54:42Z,INCY,Biotechnology,leaders,126.31,122.58,3.53,121.89,124.44,124.35,121.61,-1.12,invalidated,0.07932011331444792,,,45.59,2.89%,2.58%,0.52,-8.07%,121.89,-3.10%,0.24%,3.48
2026-09-11,pre_close,2026-09-11T19:54:42Z,INSM,Biotechnology,leaders,128.85,124.29,5.05,129.11,127.95,130.25,126.52,1.44,triggered,0.5128712871287163,,,59.95,4.25%,3.63%,0.40,-39.31%,129.11,2.99%,9.92%,4.96
2026-09-11,pre_close,2026-09-11T19:54:42Z,INTC,Semiconductors,accel,103.23,99.34,5.49,102.99,102.47,104.9,101.09,2.66,failed_breakout,0.34608378870673795,,,57.58,4.65%,4.41%,0.66,-27.65%,102.99,8.86%,4.71%,5.42
2026-09-11,pre_close,2026-09-11T19:54:42Z,IREN,Capital Markets,leaders,45.85,43.45,3.38,43.68,44.63,45.09,43.28,0.09,reclaim,0.11834319526627177,prior_low,43.45,53.82,6.77%,7.24%,0.60,-43.18%,43.68,4.58%,8.73%,3.27
2026-09-11,pre_close,2026-09-11T19:54:42Z,JPM,Banks - Diversified,leaders,354.22,351.12,5.87,356.66,358.31,360.04,354.8,0.88,gapped_through,0.31686541737649293,,,52.39,1.71%,1.53%,0.40,-2.68%,356.66,-0.03%,1.40%,5.91
2026-09-11,pre_close,2026-09-11T19:54:42Z,JXN,Insurance - Life,accel,138.78,136.86,3.43,138.46,140.63,140.9,137.13,0.07,gapped_through,0.38775510204082,,,62.11,2.28%,2.35%,0.57,-1.72%,138.46,2.82%,8.71%,3.46
2026-09-11,pre_close,2026-09-11T19:54:42Z,KB,Banks - Regional,rs_new_high,127.99,126.19,3.2,132.07,132.81,132.9,131.52,4.36,gapped_through,0.17187499999999467,,,65.03,2.04%,1.67%,0.51,-0.76%,132.07,7.26%,9.68%,3.43
2026-09-11,pre_close,2026-09-11T19:54:42Z,KYMR,Biotechnology,leaders,119.63,114.35,5.2,115.92,118.49,118.51,113.74,-0.93,reclaim,0.4192307692307705,prior_low,114.35,49.06,4.96%,4.40%,0.40,-10.87%,115.92,-3.26%,1.30%,5.17
2026-09-11,pre_close,2026-09-11T19:54:42Z,LNC,Insurance - Life,accel,43.99,43.29,1.27,43.8,44.01,44.5,42.92,0.56,gapped_through,0.6929133858267681,,,51.45,2.62%,2.73%,0.62,-8.10%,43.80,0.38%,1.92%,1.29
2026-09-11,pre_close,2026-09-11T19:54:42Z,LPLA,Capital Markets,leaders,353.06,347.12,9.95,354.26,349.58,354.46,345.33,2.02,triggered,0.8974874371859304,,,49.53,2.25%,2.76%,0.38,-11.47%,354.26,-1.65%,2.39%,9.89
2026-09-11,pre_close,2026-09-11T19:54:42Z,MATX,Marine Shipping,all_green,228.45,223.83,5.6,230.03,229.61,232.42,228.72,0.89,gapped_through,0.23392857142857185,,,65.75,2.29%,2.42%,0.57,-0.31%,230.03,3.50%,7.36%,5.51
2026-09-11,pre_close,2026-09-11T19:54:42Z,MDGL,Biotechnology,leaders,543.12,519.09,19.74,534.67,536.66,546.56,531.36,0.29,reclaim,0.1676798378926011,sma50,530.3093603899333,51.41,3.20%,3.57%,0.45,-13.06%,534.67,0.59%,0.74%,19.42
2026-09-11,pre_close,2026-09-11T19:54:42Z,MET,Insurance - Life,accel,96.91,96.01,1.82,96.93,98.0,98.25,96.22,0.15,gapped_through,0.39010989010989444,,,53.75,1.62%,1.65%,0.41,-3.96%,96.93,0.81%,1.86%,1.84
2026-09-11,pre_close,2026-09-11T19:54:42Z,MFC,Insurance - Life,accel,43.61,42.8,0.78,43.41,44.01,43.99,43.01,-0.16,gapped_through,0.512820512820511,,,50.86,1.77%,1.65%,0.33,-4.24%,43.41,0.23%,0.40%,0.80
2026-09-11,pre_close,2026-09-11T19:54:42Z,MFG,Banks - Regional,rs_new_high,11.11,11.02,0.22,11.44,11.36,11.49,11.35,3.39,gapped_through,0.40909090909090845,,,65.70,1.11%,1.31%,1.00,0.93%,11.44,6.55%,8.57%,0.24
2026-09-11,pre_close,2026-09-11T19:54:42Z,MGY,Oil & Gas E&P,accel,28.27,27.05,0.83,27.68,27.7,28.08,27.37,-0.05,setting_up,0.37349397590361294,,,57.50,2.70%,2.44%,0.59,-15.49%,27.68,1.92%,5.71%,0.82
2026-09-11,pre_close,2026-09-11T19:54:42Z,MRVL,Semiconductors,accel,234.49,226.15,14.98,235.94,234.65,240.2,229.28,3.96,gapped_through,0.4445927903871827,,,55.41,5.59%,5.45%,0.45,-28.48%,235.94,3.60%,8.81%,14.86
2026-09-11,pre_close,2026-09-11T19:54:42Z,MRX,Capital Markets,leaders,76.2,73.58,3.32,73.12,74.97,75.71,72.73,-1.31,invalidated,0.11746987951807246,,,54.42,4.70%,4.99%,0.36,-7.57%,73.12,0.49%,7.56%,3.29
2026-09-11,pre_close,2026-09-11T19:54:42Z,MU,Semiconductors,accel,999.0,973.5,53.78,975.14,993.01,993.99,967.38,-0.23,reclaim,0.1442915582000742,prior_low,973.5,52.98,4.30%,4.43%,0.44,-22.30%,975.14,1.28%,5.01%,51.84
2026-09-11,pre_close,2026-09-11T19:54:42Z,MUFG,Banks - Diversified,leaders,23.55,23.26,0.46,23.89,23.9,23.98,23.74,2.55,gapped_through,0.32608695652174374,,,61.90,1.13%,1.28%,0.96,-1.55%,23.89,4.51%,6.57%,0.48
2026-09-11,pre_close,2026-09-11T19:54:42Z,MUR,Oil & Gas E&P,accel,39.37,37.75,1.41,38.49,38.35,38.64,38.03,-0.89,setting_up,0.3262411347517737,,,58.01,2.84%,3.16%,0.60,-11.20%,38.49,5.03%,6.26%,1.37
2026-09-11,pre_close,2026-09-11T19:54:42Z,NU,Banks - Regional,rs_new_high,15.44,14.74,0.59,14.58,15.16,15.16,14.44,-2.95,invalidated,0.23728813559322132,,,48.53,3.26%,4.24%,0.76,-23.20%,14.58,-1.95%,1.54%,0.60
2026-09-11,pre_close,2026-09-11T19:54:42Z,NVDA,Semiconductors,accel,220.99,217.2,7.1,218.66,221.25,221.99,218.23,0.14,gapped_through,0.06056338028169111,,,50.06,2.33%,2.56%,0.54,-7.56%,218.66,-0.69%,2.85%,6.86
2026-09-11,pre_close,2026-09-11T19:54:42Z,ONC,Biotechnology,leaders,345.6,336.95,9.54,346.7,345.11,348.99,342.55,1.43,triggered,0.43501048218029115,,,45.56,1.98%,2.09%,0.60,-10.00%,346.70,-4.42%,2.42%,9.37
2026-09-11,pre_close,2026-09-11T19:54:42Z,OSCR,Healthcare Plans,rs_new_high,33.47,31.38,1.8,32.75,33.04,34.23,32.58,0.52,failed_breakout,0.09444444444444539,,,58.36,6.11%,5.82%,0.81,-2.38%,32.75,3.85%,6.98%,1.79
2026-09-11,pre_close,2026-09-11T19:54:42Z,OVV,Oil & Gas E&P,accel,65.77,63.29,1.82,63.56,63.78,64.02,62.78,-0.7,reclaim,0.42857142857142916,prior_low,63.29,48.73,2.81%,2.37%,0.63,-5.86%,63.56,-2.33%,3.45%,1.78
2026-09-11,pre_close,2026-09-11T19:54:42Z,OXY,Oil & Gas E&P,accel,62.24,60.19,1.5,61.26,60.82,61.42,60.5,0.17,setting_up,0.5066666666666654,,,61.51,2.18%,1.97%,0.67,-9.17%,61.26,1.89%,7.30%,1.46
2026-09-11,pre_close,2026-09-11T19:54:42Z,P,Computer Hardware,all_green,97.12,94.06,5.64,97.84,95.79,98.51,95.28,3.97,triggered,0.4539007092198586,,,51.05,5.13%,5.63%,0.44,-17.85%,97.84,-4.76%,9.18%,5.55
2026-09-11,pre_close,2026-09-11T19:54:42Z,PBF,Oil & Gas Refining & Marketing,all_green,78.97,75.9,3.8,78.08,77.55,82.61,77.17,1.29,failed_breakout,0.23947368421052542,,,63.95,3.75%,5.34%,0.77,-1.13%,78.08,6.49%,17.57%,3.93
2026-09-11,pre_close,2026-09-11T19:54:42Z,PCVX,Biotechnology,leaders,60.13,58.56,2.18,59.24,59.65,60.2,58.24,0.59,reclaim,0.4587155963302752,prior_low,58.56,48.37,3.07%,3.48%,1.10,-8.85%,59.24,-2.39%,1.48%,2.17
2026-09-11,pre_close,2026-09-11T19:54:42Z,PTGX,Biotechnology,leaders,146.51,142.0,5.66,148.42,147.26,147.18,145.82,2.25,gapped_through,0.45936395759717213,,,53.72,3.63%,3.76%,0.48,-7.70%,148.42,-1.09%,3.89%,5.40
2026-09-11,pre_close,2026-09-11T19:54:42Z,REGN,Biotechnology,leaders,806.14,792.0,20.14,782.23,800.48,800.22,781.05,-1.39,invalidated,0.05858987090367744,,,45.90,2.10%,2.27%,0.30,-8.97%,782.23,-4.25%,4.09%,20.07
2026-09-11,pre_close,2026-09-11T19:54:42Z,RGA,Insurance - Reinsurance,leaders,248.32,244.75,4.6,248.58,249.75,250.28,245.35,0.46,gapped_through,0.7021739130434823,,,55.53,1.49%,1.75%,0.55,-3.58%,248.58,0.66%,3.16%,4.62
2026-09-11,pre_close,2026-09-11T19:54:42Z,RIOT,Capital Markets,leaders,21.81,20.78,1.66,21.48,21.03,22.05,20.95,2.53,failed_breakout,0.31927710843373563,,,53.39,7.23%,7.69%,0.48,-29.16%,21.48,6.06%,4.01%,1.62
2026-09-11,pre_close,2026-09-11T19:54:42Z,RNR,Insurance - Reinsurance,leaders,326.92,322.49,6.47,325.38,327.69,330.12,322.97,-0.35,gapped_through,0.3724884080370894,,,49.96,1.89%,1.70%,0.43,-4.37%,325.38,-0.37%,0.63%,6.52
2026-09-11,pre_close,2026-09-11T19:54:42Z,RRC,Oil & Gas E&P,accel,42.31,40.9,1.04,41.21,41.51,41.85,40.99,-1.6,setting_up,0.21153846153846043,,,52.77,2.20%,2.37%,0.43,-14.70%,41.21,-0.19%,4.45%,1.02
2026-09-11,pre_close,2026-09-11T19:54:42Z,RVMD,Biotechnology,leaders,207.84,202.59,7.67,203.66,204.8,206.36,197.88,0.15,reclaim,0.7535853976531944,prior_low,202.59,48.28,2.90%,3.79%,0.51,-9.21%,203.66,-3.08%,2.73%,7.72
2026-09-11,pre_close,2026-09-11T19:54:42Z,SAN,Banks - Diversified,leaders,14.7,14.56,0.26,14.92,14.9,14.94,14.78,1.96,gapped_through,0.5384615384615407,,,58.19,1.04%,1.36%,0.42,-0.88%,14.92,1.97%,4.53%,0.27
2026-09-11,pre_close,2026-09-11T19:54:42Z,SBRA,REIT - Healthcare Facilities,leaders,21.11,20.64,0.43,20.51,21.04,21.04,20.51,-1.53,invalidated,0.0,,,46.61,1.78%,1.82%,0.41,-9.92%,20.51,-0.64%,-0.86%,0.43
2026-09-11,pre_close,2026-09-11T19:54:42Z,SCHW,Capital Markets,leaders,107.64,106.53,2.09,107.07,108.1,108.36,106.08,-0.24,gapped_through,0.4736842105263134,,,47.11,1.69%,1.82%,0.36,-6.51%,107.07,-2.38%,0.78%,2.11
2026-09-11,pre_close,2026-09-11T19:54:42Z,SIMO,Semiconductors,accel,274.01,261.57,18.28,282.04,272.22,289.49,272.01,6.33,triggered,0.5486870897155377,,,57.67,6.31%,6.16%,0.68,-20.55%,282.04,10.41%,6.69%,18.70
2026-09-11,pre_close,2026-09-11T19:54:42Z,SKHY,Semiconductors,accel,193.55,187.17,10.68,190.17,192.86,192.94,187.01,0.99,reclaim,0.29588014981273375,prior_low,187.17,61.85,5.10%,4.59%,0.41,-4.85%,190.17,13.02%,18.95%,10.34
2026-09-11,pre_close,2026-09-11T19:54:42Z,SMFG,Banks - Diversified,leaders,26.76,26.52,0.51,27.27,27.15,27.35,27.09,2.71,gapped_through,0.35294117647058765,,,61.70,1.23%,1.20%,0.61,-1.25%,27.27,4.91%,5.81%,0.54
2026-09-11,pre_close,2026-09-11T19:54:42Z,SMTC,Semiconductors,accel,161.61,154.4,10.85,166.43,163.21,170.33,160.15,4.58,gapped_through,0.5788018433179725,,,65.08,7.08%,7.45%,0.63,-6.16%,166.43,18.81%,24.58%,10.88
2026-09-11,pre_close,2026-09-11T19:54:42Z,SNDK,Computer Hardware,all_green,1733.95,1674.0,120.23,1634.72,1713.79,1720.33,1616.8,-3.42,invalidated,0.14904765865424663,,,53.66,5.36%,6.79%,0.62,-30.57%,1634.72,2.03%,7.70%,119.04
2026-09-11,pre_close,2026-09-11T19:54:42Z,SNX,Electronics & Computer Distribution,all_green,259.93,253.34,7.41,268.57,258.16,269.61,259.1,5.1,triggered,1.2780026990553266,,,61.21,3.22%,2.66%,0.49,-9.41%,268.57,4.85%,6.41%,7.88
2026-09-11,pre_close,2026-09-11T19:54:42Z,SONY,Consumer Electronics,rs_new_high,23.71,23.44,0.51,23.88,23.75,23.9,23.69,1.53,gapped_through,0.37254901960783865,,,52.13,1.13%,1.38%,0.38,-21.29%,23.88,-0.85%,4.71%,0.50
2026-09-11,pre_close,2026-09-11T19:54:42Z,SSB,Banks - Regional,rs_new_high,105.96,104.5,1.87,105.96,107.0,106.99,104.83,0.11,gapped_through,0.6042780748663077,,,48.53,1.60%,1.60%,0.37,-5.57%,105.96,-0.87%,0.53%,1.89
2026-09-11,pre_close,2026-09-11T19:54:42Z,STX,Computer Hardware,all_green,880.97,848.24,54.08,831.19,872.65,870.5,817.68,-3.61,invalidated,0.24981508875739838,,,47.40,5.35%,5.51%,0.63,-27.41%,831.19,-2.95%,-2.01%,53.99
2026-09-11,pre_close,2026-09-11T19:54:42Z,SU,Oil & Gas Integrated,all_green,70.25,68.15,1.68,68.59,68.23,68.87,67.8,-0.49,reclaim,0.47023809523809895,prior_low,68.15,58.94,2.25%,2.23%,0.53,-2.42%,68.59,1.73%,6.55%,1.64
2026-09-11,pre_close,2026-09-11T19:54:42Z,SUN,Oil & Gas Refining & Marketing,all_green,77.97,76.0,1.92,77.41,76.0,77.92,75.76,1.4,reclaim,0.8593749999999956,prior_low,76.0,56.66,2.75%,2.51%,0.73,-0.90%,77.41,1.91%,4.30%,1.94
2026-09-11,pre_close,2026-09-11T19:54:42Z,TEM,Health Information Services,leaders,61.11,58.02,4.4,59.08,58.85,60.38,58.48,0.59,setting_up,0.1363636363636367,,,48.43,5.38%,7.29%,0.50,-43.36%,59.08,-5.60%,5.74%,4.22
2026-09-11,pre_close,2026-09-11T19:54:42Z,TGTX,Biotechnology,leaders,55.41,54.01,2.37,54.03,55.76,56.26,53.48,-2.46,gapped_through,0.232067510548525,,,50.52,3.49%,4.59%,0.41,-8.89%,54.03,-0.01%,0.82%,2.40
2026-09-11,pre_close,2026-09-11T19:54:42Z,TSM,Semiconductors,accel,432.53,424.05,11.48,432.68,432.64,435.37,428.9,1.09,gapped_through,0.3292682926829294,,,56.60,2.20%,2.02%,0.57,-9.67%,432.68,2.61%,3.28%,11.18
2026-09-11,pre_close,2026-09-11T19:54:42Z,TTE,Oil & Gas Integrated,all_green,91.79,90.82,1.66,91.68,91.1,91.82,90.91,0.49,failed_breakout,0.4638554216867532,,,62.62,1.42%,1.38%,0.67,-2.64%,91.68,2.64%,6.91%,1.60
2026-09-11,pre_close,2026-09-11T19:54:42Z,UBS,Banks - Diversified,leaders,54.63,53.74,0.87,54.6,55.04,55.11,54.44,1.1,gapped_through,0.18390804597701574,,,53.90,1.24%,1.27%,0.55,-2.46%,54.60,0.59%,2.39%,0.88
2026-09-11,pre_close,2026-09-11T19:54:42Z,UMC,Semiconductors,accel,22.28,21.84,1.01,22.51,22.41,22.72,22.33,1.75,gapped_through,0.17821782178218146,,,63.94,2.88%,3.07%,0.30,-22.28%,22.51,13.03%,9.28%,0.98
2026-09-11,pre_close,2026-09-11T19:54:42Z,UNM,Insurance - Life,accel,94.65,93.1,2.17,94.26,95.15,95.15,93.15,-0.05,gapped_through,0.5115207373271887,,,57.35,2.14%,2.30%,1.02,-2.59%,94.26,2.52%,4.64%,2.16
2026-09-11,pre_close,2026-09-11T19:54:42Z,VEEV,Health Information Services,leaders,264.58,258.19,10.3,263.14,261.81,263.66,259.54,0.83,setting_up,0.3495145631067928,,,57.31,2.81%,3.51%,0.31,-15.25%,263.14,0.66%,16.02%,9.86
2026-09-11,pre_close,2026-09-11T19:54:42Z,VIRT,Capital Markets,leaders,63.01,61.28,2.63,60.95,61.57,62.58,60.83,-1.01,invalidated,0.04562737642585724,,,45.66,2.77%,4.73%,0.34,-11.36%,60.95,-4.09%,-0.15%,2.56
2026-09-11,pre_close,2026-09-11T19:54:42Z,VRTX,Biotechnology,leaders,522.6,514.32,13.21,515.11,521.2,522.1,511.81,0.11,reclaim,0.24981074943224915,prior_low,514.32,43.81,1.97%,2.20%,0.34,-8.06%,515.11,-4.25%,0.87%,13.00
2026-09-11,pre_close,2026-09-11T19:54:42Z,WFC,Banks - Diversified,leaders,89.99,88.64,1.82,90.38,90.7,91.15,89.75,1.04,gapped_through,0.34615384615384365,,,61.61,2.02%,1.96%,0.66,-7.55%,90.38,3.71%,3.79%,1.82
2026-09-11,pre_close,2026-09-11T19:54:42Z,XOM,Oil & Gas Integrated,all_green,167.37,163.18,3.59,165.27,164.7,167.05,164.08,0.03,setting_up,0.33147632311977654,,,60.50,2.12%,1.77%,0.49,-6.31%,165.27,1.84%,6.52%,3.55
